aspect,elevation,grid_id,lat,lon,ndvi,rainfall,slope,temperature,u_component_of_wind_10m,v_component_of_wind_10m
225,1,GRID_000000,8.382893244804443,76.9780825181501,,0.875,1,26.566888427734398,7.565216064453125,-2.188494920730591
270,0,GRID_000001,8.392893244804442,76.9680825181501,,0.875,0,26.566888427734398,7.565216064453125,-2.188494920730591
155,44,GRID_000002,8.392893244804442,76.9780825181501,,0.875,4,26.566888427734398,7.565216064453125,-2.188494920730591
268,55,GRID_000003,8.402893244804442,76.9780825181501,0.7220000000000001,0.875,3,26.566888427734398,7.565216064453125,-2.188494920730591
33,90,GRID_000004,8.54289324480444,77.1580825181502,0.5389,0.125,2,22.466912841796898,2.1652162075042725,-0.988494873046875
112,94,GRID_000005,8.552893244804439,77.1580825181502,0.6764,0.125,1,22.466912841796898,2.1652162075042725,-0.988494873046875
18,104,GRID_000006,8.552893244804439,77.1680825181502,0.8493,0.125,4,22.466912841796898,2.1652162075042725,-0.988494873046875
275,87,GRID_000007,8.562893244804439,77.14808251815019,0.7816000000000001,0.125,2,22.466912841796898,2.1652162075042725,-0.988494873046875
69,146,GRID_000008,8.562893244804439,77.1580825181502,0.8836,0.125,8,22.466912841796898,2.1652162075042725,-0.988494873046875
5,81,GRID_000009,8.572893244804439,77.10808251815017,0.7359,0.5,1,24.666894531250023,2.565216064453125,-1.988494873046875
220,104,GRID_000010,8.572893244804439,77.13808251815018,0.8629,0.125,4,22.466912841796898,2.1652162075042725,-0.988494873046875
127,104,GRID_000011,8.572893244804439,77.14808251815019,0.8675,0.125,2,22.466912841796898,2.1652162075042725,-0.988494873046875
278,353,GRID_000012,8.572893244804439,77.1580825181502,0.8755000000000001,0.125,8,22.466912841796898,2.1652162075042725,-0.988494873046875
201,365,GRID_000013,8.572893244804439,77.1680825181502,0.8339000000000001,0.125,20,22.466912841796898,2.1652162075042725,-0.988494873046875
214,65,GRID_000014,8.582893244804438,77.07808251815015,0.6359,0.5,0,24.666894531250023,2.565216064453125,-1.988494873046875
78,113,GRID_000015,8.582893244804438,77.10808251815017,0.5553,0.5,3,24.666894531250023,2.565216064453125,-1.988494873046875
24,108,GRID_000016,8.582893244804438,77.11808251815017,0.6832,0.5,1,24.666894531250023,2.565216064453125,-1.988494873046875
90,127,GRID_000017,8.582893244804438,77.12808251815018,0.7511,0.125,3,22.466912841796898,2.1652162075042725,-0.988494873046875
53,205,GRID_000018,8.582893244804438,77.13808251815018,0.9072,0.125,6,22.466912841796898,2.1652162075042725,-0.988494873046875
81,146,GRID_000019,8.582893244804438,77.14808251815019,0.8777,0.125,11,22.466912841796898,2.1652162075042725,-0.988494873046875
336,181,GRID_000020,8.582893244804438,77.1580825181502,0.87,0.125,12,22.466912841796898,2.1652162075042725,-0.988494873046875
13,206,GRID_000021,8.582893244804438,77.1680825181502,0.8685,0.125,14,22.466912841796898,2.1652162075042725,-0.988494873046875
246,405,GRID_000022,8.582893244804438,77.1780825181502,0.7922,0.125,27,22.466912841796898,2.1652162075042725,-0.988494873046875
157,77,GRID_000023,8.592893244804438,77.06808251815015,0.8761,0.5,1,24.666894531250023,2.565216064453125,-1.988494873046875
270,82,GRID_000024,8.592893244804438,77.07808251815015,0.6697000000000001,0.5,2,24.666894531250023,2.565216064453125,-1.988494873046875
13,72,GRID_000025,8.592893244804438,77.08808251815016,0.6284000000000001,0.5,2,24.666894531250023,2.565216064453125,-1.988494873046875
59,76,GRID_000026,8.592893244804438,77.09808251815016,0.8522000000000001,0.5,2,24.666894531250023,2.565216064453125,-1.988494873046875
121,92,GRID_000027,8.592893244804438,77.10808251815017,0.6974,0.5,1,24.666894531250023,2.565216064453125,-1.988494873046875
201,121,GRID_000028,8.592893244804438,77.11808251815017,0.9168000000000001,0.5,3,24.666894531250023,2.565216064453125,-1.988494873046875
161,123,GRID_000029,8.592893244804438,77.12808251815018,0.8340000000000001,0.125,2,22.466912841796898,2.1652162075042725,-0.988494873046875
201,148,GRID_000030,8.592893244804438,77.13808251815018,0.8585,0.125,4,22.466912841796898,2.1652162075042725,-0.988494873046875
100,159,GRID_000031,8.592893244804438,77.14808251815019,0.8724000000000001,0.125,3,22.466912841796898,2.1652162075042725,-0.988494873046875
237,120,GRID_000032,8.592893244804438,77.1580825181502,0.8609,0.125,4,22.466912841796898,2.1652162075042725,-0.988494873046875
172,264,GRID_000033,8.592893244804438,77.1680825181502,0.8835000000000001,0.125,5,22.466912841796898,2.1652162075042725,-0.988494873046875
355,318,GRID_000034,8.592893244804438,77.1780825181502,0.8250000000000001,0.125,6,22.466912841796898,2.1652162075042725,-0.988494873046875
205,99,GRID_000035,8.602893244804438,77.08808251815016,0.8481000000000001,0.5,2,24.666894531250023,2.565216064453125,-1.988494873046875
101,127,GRID_000036,8.602893244804438,77.09808251815016,0.8594,0.5,2,24.666894531250023,2.565216064453125,-1.988494873046875
169,118,GRID_000037,8.602893244804438,77.10808251815017,0.6374000000000001,0.5,4,24.666894531250023,2.565216064453125,-1.988494873046875
321,143,GRID_000038,8.602893244804438,77.11808251815017,0.7844,0.5,1,24.666894531250023,2.565216064453125,-1.988494873046875
279,157,GRID_000039,8.602893244804438,77.12808251815018,0.8174,0.125,2,22.466912841796898,2.1652162075042725,-0.988494873046875
15,144,GRID_000040,8.602893244804438,77.13808251815018,0.8586,0.125,8,22.466912841796898,2.1652162075042725,-0.988494873046875
223,129,GRID_000041,8.602893244804438,77.14808251815019,0.8921,0.125,3,22.466912841796898,2.1652162075042725,-0.988494873046875
296,112,GRID_000042,8.602893244804438,77.1580825181502,0.8741,0.125,1,22.466912841796898,2.1652162075042725,-0.988494873046875
217,302,GRID_000043,8.602893244804438,77.1680825181502,0.8616,0.125,9,22.466912841796898,2.1652162075042725,-0.988494873046875
276,314,GRID_000044,8.602893244804438,77.1780825181502,0.8761,0.125,8,22.466912841796898,2.1652162075042725,-0.988494873046875
301,100,GRID_000045,8.612893244804438,77.08808251815016,0.7936000000000001,0.5,1,24.666894531250023,2.565216064453125,-1.988494873046875
225,132,GRID_000046,8.612893244804438,77.09808251815016,0.6723,0.5,2,24.666894531250023,2.565216064453125,-1.988494873046875
282,90,GRID_000047,8.612893244804438,77.10808251815017,0.8470000000000001,0.5,2,24.666894531250023,2.565216064453125,-1.988494873046875
15,109,GRID_000048,8.612893244804438,77.12808251815018,0.8103,0.125,5,22.466912841796898,2.1652162075042725,-0.988494873046875
247,97,GRID_000049,8.612893244804438,77.13808251815018,0.8892,0.125,1,22.466912841796898,2.1652162075042725,-0.988494873046875
189,122,GRID_000050,8.612893244804438,77.14808251815019,0.8931,0.125,6,22.466912841796898,2.1652162075042725,-0.988494873046875
24,141,GRID_000051,8.612893244804438,77.1580825181502,0.8350000000000001,0.125,7,22.466912841796898,2.1652162075042725,-0.988494873046875
265,250,GRID_000052,8.622893244804438,77.06808251815015,0.7789,0.5,13,24.666894531250023,2.565216064453125,-1.988494873046875
89,206,GRID_000053,8.622893244804438,77.07808251815015,0.8584,0.5,16,24.666894531250023,2.565216064453125,-1.988494873046875
167,97,GRID_000054,8.622893244804438,77.12808251815018,0.8492000000000001,0.125,2,22.466912841796898,2.1652162075042725,-0.988494873046875
268,110,GRID_000055,8.622893244804438,77.13808251815018,0.8479,0.125,3,22.466912841796898,2.1652162075042725,-0.988494873046875
351,114,GRID_000056,8.622893244804438,77.14808251815019,0.6233000000000001,0.125,3,22.466912841796898,2.1652162075042725,-0.988494873046875
151,111,GRID_000057,8.632893244804437,77.04808251815014,0.8165,0.5,2,24.666894531250023,2.565216064453125,-1.988494873046875
32,126,GRID_000058,8.632893244804437,77.05808251815014,0.8408,0.5,4,24.666894531250023,2.565216064453125,-1.988494873046875
341,121,GRID_000059,8.632893244804437,77.06808251815015,0.54,0.5,3,24.666894531250023,2.565216064453125,-1.988494873046875
59,112,GRID_000060,8.632893244804437,77.07808251815015,0.8639,0.5,3,24.666894531250023,2.565216064453125,-1.988494873046875
238,111,GRID_000061,8.632893244804437,77.08808251815016,0.782,0.5,4,24.666894531250023,2.565216064453125,-1.988494873046875
64,124,GRID_000062,8.632893244804437,77.09808251815016,0.8107000000000001,0.5,9,24.666894531250023,2.565216064453125,-1.988494873046875
344,129,GRID_000063,8.632893244804437,77.10808251815017,0.8877,0.5,1,24.666894531250023,2.565216064453125,-1.988494873046875
177,126,GRID_000064,8.632893244804437,77.13808251815018,0.8677,0.125,2,22.466912841796898,2.1652162075042725,-0.988494873046875
203,125,GRID_000065,8.642893244804437,77.04808251815014,0.6625,0.5,4,24.666894531250023,2.565216064453125,-1.988494873046875
86,139,GRID_000066,8.642893244804437,77.05808251815014,0.7769,0.5,4,24.666894531250023,2.565216064453125,-1.988494873046875
114,159,GRID_000067,8.642893244804437,77.07808251815015,0.8477,0.5,12,24.666894531250023,2.565216064453125,-1.988494873046875
119,134,GRID_000068,8.642893244804437,77.08808251815016,0.7422000000000001,0.5,2,24.666894531250023,2.565216064453125,-1.988494873046875
90,127,GRID_000069,8.642893244804437,77.09808251815016,0.7120000000000001,0.5,2,24.666894531250023,2.565216064453125,-1.988494873046875
335,104,GRID_000070,8.642893244804437,77.10808251815017,0.8972,0.5,1,24.666894531250023,2.565216064453125,-1.988494873046875
339,198,GRID_000071,8.642893244804437,77.11808251815017,0.8737,0.5,8,24.666894531250023,2.565216064453125,-1.988494873046875
40,216,GRID_000072,8.642893244804437,77.12808251815018,0.8926000000000001,0.125,13,22.466912841796898,2.1652162075042725,-0.988494873046875
5,138,GRID_000073,8.642893244804437,77.13808251815018,0.8308000000000001,0.125,3,22.466912841796898,2.1652162075042725,-0.988494873046875
8,73,GRID_000074,8.652893244804437,77.02808251815013,0.8024,0.5,2,24.666894531250023,2.565216064453125,-1.988494873046875
303,171,GRID_000075,8.652893244804437,77.03808251815013,0.6771,0.5,2,24.666894531250023,2.565216064453125,-1.988494873046875
274,171,GRID_000076,8.652893244804437,77.04808251815014,0.6903,0.5,3,24.666894531250023,2.565216064453125,-1.988494873046875
58,123,GRID_000077,8.652893244804437,77.05808251815014,0.7006,0.5,3,24.666894531250023,2.565216064453125,-1.988494873046875
168,145,GRID_000078,8.652893244804437,77.06808251815015,0.8299000000000001,0.5,4,24.666894531250023,2.565216064453125,-1.988494873046875
50,154,GRID_000079,8.652893244804437,77.07808251815015,0.658,0.5,2,24.666894531250023,2.565216064453125,-1.988494873046875
35,127,GRID_000080,8.652893244804437,77.08808251815016,0.6752,0.5,5,24.666894531250023,2.565216064453125,-1.988494873046875
209,236,GRID_000081,8.652893244804437,77.11808251815017,0.8775000000000001,0.5,9,24.666894531250023,2.565216064453125,-1.988494873046875
96,159,GRID_000082,8.652893244804437,77.12808251815018,0.8746,0.125,11,22.466912841796898,2.1652162075042725,-0.988494873046875
219,216,GRID_000083,8.652893244804437,77.13808251815018,0.8153,0.125,6,22.466912841796898,2.1652162075042725,-0.988494873046875
238,120,GRID_000084,8.662893244804437,77.02808251815013,0.624,0.5,10,24.666894531250023,2.565216064453125,-1.988494873046875
218,166,GRID_000085,8.662893244804437,77.03808251815013,0.6506000000000001,0.5,6,24.666894531250023,2.565216064453125,-1.988494873046875
126,130,GRID_000086,8.662893244804437,77.04808251815014,0.7110000000000001,0.5,2,24.666894531250023,2.565216064453125,-1.988494873046875
315,176,GRID_000087,8.662893244804437,77.05808251815014,0.45170000000000005,0.5,2,24.666894531250023,2.565216064453125,-1.988494873046875
6,122,GRID_000088,8.662893244804437,77.07808251815015,0.7728,0.5,2,24.666894531250023,2.565216064453125,-1.988494873046875
10,126,GRID_000089,8.662893244804437,77.09808251815016,0.7822,0.5,3,24.666894531250023,2.565216064453125,-1.988494873046875
301,376,GRID_000090,8.662893244804437,77.11808251815017,0.8829,0.5,21,24.666894531250023,2.565216064453125,-1.988494873046875
47,234,GRID_000091,8.662893244804437,77.13808251815018,0.6916,0.125,11,22.466912841796898,2.1652162075042725,-0.988494873046875
60,148,GRID_000092,8.672893244804436,76.9680825181501,0.8160000000000001,0.5,5,24.666894531250023,2.565216064453125,-1.988494873046875
33,87,GRID_000093,8.672893244804436,76.98808251815011,0.6596000000000001,0.5,7,24.666894531250023,2.565216064453125,-1.988494873046875
47,119,GRID_000094,8.672893244804436,77.03808251815013,0.8278000000000001,0.5,5,24.666894531250023,2.565216064453125,-1.988494873046875
90,131,GRID_000095,8.672893244804436,77.06808251815015,0.6867000000000001,0.5,0,24.666894531250023,2.565216064453125,-1.988494873046875
279,115,GRID_000096,8.672893244804436,77.07808251815015,0.6437,0.5,2,24.666894531250023,2.565216064453125,-1.988494873046875
148,93,GRID_000097,8.672893244804436,77.08808251815016,0.6969000000000001,0.5,2,24.666894531250023,2.565216064453125,-1.988494873046875
35,113,GRID_000098,8.672893244804436,77.09808251815016,0.8467,0.5,3,24.666894531250023,2.565216064453125,-1.988494873046875
108,136,GRID_000099,8.682893244804436,77.05808251815014,0.7548,0.5625,1,22.966912841796898,0.565216064453125,-0.988494873046875
107,104,GRID_000100,8.682893244804436,77.06808251815015,0.7120000000000001,0.5625,1,22.966912841796898,0.565216064453125,-0.988494873046875
354,104,GRID_000101,8.682893244804436,77.07808251815015,0.7173,0.5625,1,22.966912841796898,0.565216064453125,-0.988494873046875
3,112,GRID_000102,8.682893244804436,77.09808251815016,0.8589,0.5625,5,22.966912841796898,0.565216064453125,-0.988494873046875
339,123,GRID_000103,8.682893244804436,77.11808251815017,0.8762000000000001,0.5625,2,22.966912841796898,0.565216064453125,-0.988494873046875
50,98,GRID_000104,8.692893244804436,77.02808251815013,0.7991,0.5625,4,22.966912841796898,0.565216064453125,-0.988494873046875
252,118,GRID_000105,8.692893244804436,77.03808251815013,0.6164000000000001,0.5625,4,22.966912841796898,0.565216064453125,-0.988494873046875
119,133,GRID_000106,8.692893244804436,77.04808251815014,0.7387,0.5625,2,22.966912841796898,0.565216064453125,-0.988494873046875
323,100,GRID_000107,8.692893244804436,77.05808251815014,0.7595000000000001,0.5625,1,22.966912841796898,0.565216064453125,-0.988494873046875
261,89,GRID_000108,8.692893244804436,77.06808251815015,0.7656000000000001,0.5625,1,22.966912841796898,0.565216064453125,-0.988494873046875
277,109,GRID_000109,8.692893244804436,77.07808251815015,0.8260000000000001,0.5625,3,22.966912841796898,0.565216064453125,-0.988494873046875
59,155,GRID_000110,8.692893244804436,77.08808251815016,0.8472000000000001,0.5625,8,22.966912841796898,0.565216064453125,-0.988494873046875
173,100,GRID_000111,8.692893244804436,77.09808251815016,0.8583000000000001,0.5625,1,22.966912841796898,0.565216064453125,-0.988494873046875
202,129,GRID_000112,8.692893244804436,77.11808251815017,0.8726,0.5625,10,22.966912841796898,0.565216064453125,-0.988494873046875
88,106,GRID_000113,8.702893244804436,77.02808251815013,0.7987000000000001,0.5625,3,22.966912841796898,0.565216064453125,-0.988494873046875
28,117,GRID_000114,8.702893244804436,77.03808251815013,0.7607,0.5625,4,22.966912841796898,0.565216064453125,-0.988494873046875
294,138,GRID_000115,8.702893244804436,77.04808251815014,0.6274000000000001,0.5625,1,22.966912841796898,0.565216064453125,-0.988494873046875
308,103,GRID_000116,8.702893244804436,77.05808251815014,0.7126,0.5625,3,22.966912841796898,0.565216064453125,-0.988494873046875
24,103,GRID_000117,8.702893244804436,77.06808251815015,0.7677,0.5625,2,22.966912841796898,0.565216064453125,-0.988494873046875
247,107,GRID_000118,8.702893244804436,77.07808251815015,0.8397,0.5625,4,22.966912841796898,0.565216064453125,-0.988494873046875
102,129,GRID_000119,8.702893244804436,77.08808251815016,0.8565,0.5625,1,22.966912841796898,0.565216064453125,-0.988494873046875
61,116,GRID_000120,8.702893244804436,77.09808251815016,0.8605,0.5625,5,22.966912841796898,0.565216064453125,-0.988494873046875
13,183,GRID_000121,8.702893244804436,77.10808251815017,0.8695,0.5625,5,22.966912841796898,0.565216064453125,-0.988494873046875
262,98,GRID_000122,8.712893244804436,77.01808251815012,0.764,0.5625,2,22.966912841796898,0.565216064453125,-0.988494873046875
93,86,GRID_000123,8.712893244804436,77.02808251815013,0.8426,0.5625,2,22.966912841796898,0.565216064453125,-0.988494873046875
45,79,GRID_000124,8.712893244804436,77.03808251815013,0.6791,0.5625,1,22.966912841796898,0.565216064453125,-0.988494873046875
96,98,GRID_000125,8.712893244804436,77.04808251815014,0.7822,0.5625,5,22.966912841796898,0.565216064453125,-0.988494873046875
160,97,GRID_000126,8.712893244804436,77.06808251815015,0.7628,0.5625,3,22.966912841796898,0.565216064453125,-0.988494873046875
288,102,GRID_000127,8.712893244804436,77.07808251815015,0.5903,0.5625,1,22.966912841796898,0.565216064453125,-0.988494873046875
72,139,GRID_000128,8.712893244804436,77.08808251815016,0.8813000000000001,0.5625,1,22.966912841796898,0.565216064453125,-0.988494873046875
198,188,GRID_000129,8.712893244804436,77.09808251815016,0.86,0.5625,12,22.966912841796898,0.565216064453125,-0.988494873046875
191,181,GRID_000130,8.712893244804436,77.10808251815017,0.8802000000000001,0.5625,11,22.966912841796898,0.565216064453125,-0.988494873046875
64,99,GRID_000131,8.722893244804435,76.92808251815008,0.8721,0.5625,6,22.966912841796898,0.565216064453125,-0.988494873046875
126,112,GRID_000132,8.722893244804435,77.06808251815015,0.7849,0.5625,2,22.966912841796898,0.565216064453125,-0.988494873046875
68,114,GRID_000133,8.722893244804435,77.07808251815015,0.8688,0.5625,3,22.966912841796898,0.565216064453125,-0.988494873046875
229,143,GRID_000134,8.722893244804435,77.08808251815016,0.8592000000000001,0.5625,11,22.966912841796898,0.565216064453125,-0.988494873046875
236,316,GRID_000135,8.722893244804435,77.09808251815016,0.8325,0.5625,18,22.966912841796898,0.565216064453125,-0.988494873046875
215,100,GRID_000136,8.732893244804435,76.92808251815008,0.8849,0.5625,6,22.966912841796898,0.565216064453125,-0.988494873046875
161,78,GRID_000137,8.732893244804435,76.9680825181501,0.3477,0.5625,6,22.966912841796898,0.565216064453125,-0.988494873046875
325,91,GRID_000138,8.732893244804435,77.00808251815012,0.8208000000000001,0.5625,4,22.966912841796898,0.565216064453125,-0.988494873046875
90,111,GRID_000139,8.732893244804435,77.05808251815014,0.7817000000000001,0.5625,2,22.966912841796898,0.565216064453125,-0.988494873046875
199,128,GRID_000140,8.732893244804435,77.06808251815015,0.8629,0.5625,2,22.966912841796898,0.565216064453125,-0.988494873046875
219,165,GRID_000141,8.732893244804435,77.07808251815015,0.8797,0.5625,3,22.966912841796898,0.565216064453125,-0.988494873046875
85,559,GRID_000142,8.732893244804435,77.10808251815017,0.8801,0.5625,25,22.966912841796898,0.565216064453125,-0.988494873046875
167,114,GRID_000143,8.742893244804435,76.91808251815007,0.8352,0.5625,3,22.966912841796898,0.565216064453125,-0.988494873046875
254,148,GRID_000144,8.742893244804435,76.95808251815009,0.8093,0.5625,6,22.966912841796898,0.565216064453125,-0.988494873046875
149,83,GRID_000145,8.742893244804435,76.99808251815011,0.8387,0.5625,3,22.966912841796898,0.565216064453125,-0.988494873046875
214,110,GRID_000146,8.742893244804435,77.03808251815013,0.8808,0.5625,1,22.966912841796898,0.565216064453125,-0.988494873046875
180,134,GRID_000147,8.742893244804435,77.04808251815014,0.7462000000000001,0.5625,2,22.966912841796898,0.565216064453125,-0.988494873046875
8,115,GRID_000148,8.742893244804435,77.05808251815014,0.8337,0.5625,2,22.966912841796898,0.565216064453125,-0.988494873046875
248,133,GRID_000149,8.742893244804435,77.06808251815015,0.8709,0.5625,3,22.966912841796898,0.565216064453125,-0.988494873046875
265,493,GRID_000150,8.742893244804435,77.08808251815016,0.8775000000000001,0.5625,21,22.966912841796898,0.565216064453125,-0.988494873046875
229,806,GRID_000151,8.742893244804435,77.09808251815016,0.8527,0.5625,31,22.966912841796898,0.565216064453125,-0.988494873046875
5,139,GRID_000152,8.752893244804435,76.95808251815009,0.8682000000000001,0.5625,3,22.966912841796898,0.565216064453125,-0.988494873046875
61,124,GRID_000153,8.752893244804435,76.9680825181501,0.8219000000000001,0.5625,3,22.966912841796898,0.565216064453125,-0.988494873046875
268,86,GRID_000154,8.752893244804435,77.00808251815012,0.8105,0.5625,3,22.966912841796898,0.565216064453125,-0.988494873046875
198,97,GRID_000155,8.752893244804435,77.02808251815013,0.7707,0.5625,5,22.966912841796898,0.565216064453125,-0.988494873046875
193,113,GRID_000156,8.752893244804435,77.03808251815013,0.7784000000000001,0.5625,2,22.966912841796898,0.565216064453125,-0.988494873046875
43,124,GRID_000157,8.752893244804435,77.04808251815014,0.8140000000000001,0.5625,2,22.966912841796898,0.565216064453125,-0.988494873046875
247,134,GRID_000158,8.752893244804435,77.05808251815014,0.8393,0.5625,1,22.966912841796898,0.565216064453125,-0.988494873046875
36,151,GRID_000159,8.752893244804435,77.06808251815015,0.8667,0.5625,6,22.966912841796898,0.565216064453125,-0.988494873046875
254,169,GRID_000160,8.752893244804435,77.07808251815015,0.8807,0.5625,11,22.966912841796898,0.565216064453125,-0.988494873046875
320,525,GRID_000161,8.752893244804435,77.08808251815016,0.5758,0.5625,22,22.966912841796898,0.565216064453125,-0.988494873046875
133,124,GRID_000162,8.762893244804435,77.00808251815012,0.8237,0.5625,3,22.966912841796898,0.565216064453125,-0.988494873046875
154,139,GRID_000163,8.762893244804435,77.01808251815012,0.8172,0.5625,4,22.966912841796898,0.565216064453125,-0.988494873046875
251,183,GRID_000164,8.762893244804435,77.02808251815013,0.8108000000000001,0.5625,11,22.966912841796898,0.565216064453125,-0.988494873046875
143,105,GRID_000165,8.762893244804435,77.03808251815013,0.8300000000000001,0.5625,1,22.966912841796898,0.565216064453125,-0.988494873046875
270,111,GRID_000166,8.762893244804435,77.04808251815014,0.8380000000000001,0.5625,1,22.966912841796898,0.565216064453125,-0.988494873046875
239,143,GRID_000167,8.762893244804435,77.05808251815014,0.8743000000000001,0.5625,1,22.966912841796898,0.565216064453125,-0.988494873046875
188,118,GRID_000168,8.762893244804435,77.06808251815015,0.8559,0.5625,1,22.966912841796898,0.565216064453125,-0.988494873046875
285,126,GRID_000169,8.762893244804435,77.07808251815015,0.8893000000000001,0.5625,7,22.966912841796898,0.565216064453125,-0.988494873046875
41,124,GRID_000170,8.772893244804434,76.99808251815011,0.8279000000000001,0.5625,6,22.966912841796898,0.565216064453125,-0.988494873046875
183,158,GRID_000171,8.772893244804434,77.00808251815012,0.8455,0.5625,10,22.966912841796898,0.565216064453125,-0.988494873046875
17,124,GRID_000172,8.772893244804434,77.01808251815012,0.8085,0.5625,4,22.966912841796898,0.565216064453125,-0.988494873046875
195,107,GRID_000173,8.772893244804434,77.02808251815013,0.8009000000000001,0.5625,2,22.966912841796898,0.565216064453125,-0.988494873046875
260,121,GRID_000174,8.772893244804434,77.03808251815013,0.8562000000000001,0.5625,5,22.966912841796898,0.565216064453125,-0.988494873046875
196,132,GRID_000175,8.772893244804434,77.04808251815014,0.8783000000000001,0.5625,3,22.966912841796898,0.565216064453125,-0.988494873046875
321,160,GRID_000176,8.772893244804434,77.05808251815014,0.8949,0.5625,1,22.966912841796898,0.565216064453125,-0.988494873046875
11,145,GRID_000177,8.772893244804434,77.06808251815015,0.8829,0.5625,1,22.966912841796898,0.565216064453125,-0.988494873046875
255,213,GRID_000178,8.772893244804434,77.07808251815015,0.8954000000000001,0.5625,9,22.966912841796898,0.565216064453125,-0.988494873046875
344,52,GRID_000179,8.782893244804434,76.90808251815007,0.8868,0.5625,3,22.966912841796898,0.565216064453125,-0.988494873046875
307,88,GRID_000180,8.782893244804434,76.91808251815007,0.8832000000000001,0.5625,1,22.966912841796898,0.565216064453125,-0.988494873046875
128,110,GRID_000181,8.782893244804434,76.93808251815008,0.5773,0.5625,1,22.966912841796898,0.565216064453125,-0.988494873046875
226,170,GRID_000182,8.782893244804434,76.99808251815011,0.8239000000000001,0.5625,6,22.966912841796898,0.565216064453125,-0.988494873046875
44,211,GRID_000183,8.782893244804434,77.00808251815012,0.8396,0.5625,19,22.966912841796898,0.565216064453125,-0.988494873046875
12,108,GRID_000184,8.782893244804434,77.02808251815013,0.8299000000000001,0.5625,2,22.966912841796898,0.565216064453125,-0.988494873046875
315,129,GRID_000185,8.782893244804434,77.03808251815013,0.8701000000000001,0.5625,1,22.966912841796898,0.565216064453125,-0.988494873046875
25,173,GRID_000186,8.782893244804434,77.04808251815014,0.8996000000000001,0.5625,2,22.966912841796898,0.565216064453125,-0.988494873046875
214,198,GRID_000187,8.782893244804434,77.05808251815014,0.7972,0.5625,12,22.966912841796898,0.565216064453125,-0.988494873046875
233,175,GRID_000188,8.782893244804434,77.06808251815015,0.6244000000000001,0.5625,1,22.966912841796898,0.565216064453125,-0.988494873046875
216,240,GRID_000189,8.782893244804434,77.07808251815015,0.3396,0.5625,9,22.966912841796898,0.565216064453125,-0.988494873046875
247,522,GRID_000190,8.782893244804434,77.08808251815016,0.7232000000000001,0.5625,17,22.966912841796898,0.565216064453125,-0.988494873046875
232,94,GRID_000191,8.792893244804434,76.90808251815007,0.8672000000000001,0.5625,5,22.966912841796898,0.565216064453125,-0.988494873046875
172,126,GRID_000192,8.792893244804434,76.91808251815007,0.8410000000000001,0.5625,2,22.966912841796898,0.565216064453125,-0.988494873046875
49,118,GRID_000193,8.792893244804434,76.92808251815008,0.38020000000000004,0.5625,1,22.966912841796898,0.565216064453125,-0.988494873046875
220,119,GRID_000194,8.792893244804434,76.93808251815008,0.7612,0.5625,2,22.966912841796898,0.565216064453125,-0.988494873046875
86,215,GRID_000195,8.792893244804434,76.9680825181501,0.8382000000000001,0.5625,2,22.966912841796898,0.565216064453125,-0.988494873046875
167,238,GRID_000196,8.792893244804434,76.9780825181501,0.8212,0.5625,8,22.966912841796898,0.565216064453125,-0.988494873046875
219,187,GRID_000197,8.792893244804434,76.98808251815011,0.8319000000000001,0.5625,3,22.966912841796898,0.565216064453125,-0.988494873046875
36,149,GRID_000198,8.792893244804434,76.99808251815011,0.8515,0.5625,9,22.966912841796898,0.565216064453125,-0.988494873046875
94,98,GRID_000199,8.792893244804434,77.01808251815012,0.8354,0.5625,2,22.966912841796898,0.565216064453125,-0.988494873046875
282,156,GRID_000200,8.792893244804434,77.02808251815013,0.8189000000000001,0.5625,3,22.966912841796898,0.565216064453125,-0.988494873046875
260,188,GRID_000201,8.792893244804434,77.03808251815013,0.5278,0.5625,4,22.966912841796898,0.565216064453125,-0.988494873046875
85,268,GRID_000202,8.792893244804434,77.06808251815015,0.1756,0.5625,11,22.966912841796898,0.565216064453125,-0.988494873046875
281,310,GRID_000203,8.792893244804434,77.07808251815015,0.23440000000000003,0.5625,12,22.966912841796898,0.565216064453125,-0.988494873046875
81,79,GRID_000204,8.802893244804434,76.89808251815006,0.8066,0.5625,4,22.966912841796898,0.565216064453125,-0.988494873046875
194,104,GRID_000205,8.802893244804434,76.91808251815007,0.5161,0.5625,3,22.966912841796898,0.565216064453125,-0.988494873046875
312,150,GRID_000206,8.802893244804434,76.95808251815009,0.636,0.5625,2,22.966912841796898,0.565216064453125,-0.988494873046875
189,153,GRID_000207,8.802893244804434,76.9680825181501,0.8218000000000001,0.5625,2,22.966912841796898,0.565216064453125,-0.988494873046875
33,175,GRID_000208,8.802893244804434,76.9780825181501,0.6321,0.5625,2,22.966912841796898,0.565216064453125,-0.988494873046875
153,130,GRID_000209,8.802893244804434,76.99808251815011,0.8926000000000001,0.5625,1,22.966912841796898,0.565216064453125,-0.988494873046875
180,130,GRID_000210,8.802893244804434,77.00808251815012,0.7562,0.5625,2,22.966912841796898,0.565216064453125,-0.988494873046875
203,132,GRID_000211,8.802893244804434,77.01808251815012,0.8209000000000001,0.5625,2,22.966912841796898,0.565216064453125,-0.988494873046875
101,198,GRID_000212,8.802893244804434,77.03808251815013,0.8365,0.5625,5,22.966912841796898,0.565216064453125,-0.988494873046875
297,207,GRID_000213,8.802893244804434,77.05808251815014,0.7948000000000001,0.5625,3,22.966912841796898,0.565216064453125,-0.988494873046875
327,181,GRID_000214,8.802893244804434,77.06808251815015,0.8032,0.5625,3,22.966912841796898,0.565216064453125,-0.988494873046875
356,198,GRID_000215,8.802893244804434,77.07808251815015,0.5935,0.5625,5,22.966912841796898,0.565216064453125,-0.988494873046875
10,268,GRID_000216,8.802893244804434,77.08808251815016,0.9333,0.5625,12,22.966912841796898,0.565216064453125,-0.988494873046875
270,194,GRID_000217,8.802893244804434,77.09808251815016,0.7571,0.5625,2,22.966912841796898,0.565216064453125,-0.988494873046875
349,157,GRID_000218,8.812893244804433,76.95808251815009,0.7027,0.5625,2,22.966912841796898,0.565216064453125,-0.988494873046875
108,163,GRID_000219,8.812893244804433,76.9780825181501,0.8031,0.5625,1,22.966912841796898,0.565216064453125,-0.988494873046875
77,139,GRID_000220,8.812893244804433,76.98808251815011,0.8280000000000001,0.5625,2,22.966912841796898,0.565216064453125,-0.988494873046875
243,140,GRID_000221,8.812893244804433,77.00808251815012,0.41000000000000003,0.5625,4,22.966912841796898,0.565216064453125,-0.988494873046875
110,182,GRID_000222,8.812893244804433,77.01808251815012,0.8027000000000001,0.5625,1,22.966912841796898,0.565216064453125,-0.988494873046875
330,183,GRID_000223,8.812893244804433,77.05808251815014,0.7987000000000001,0.5625,1,22.966912841796898,0.565216064453125,-0.988494873046875
192,172,GRID_000224,8.812893244804433,77.06808251815015,0.5652,0.5625,3,22.966912841796898,0.565216064453125,-0.988494873046875
43,187,GRID_000225,8.812893244804433,77.07808251815015,0.3047,0.5625,3,22.966912841796898,0.565216064453125,-0.988494873046875
251,200,GRID_000226,8.812893244804433,77.08808251815016,0.5523,0.5625,7,22.966912841796898,0.565216064453125,-0.988494873046875
198,295,GRID_000227,8.812893244804433,77.09808251815016,0.8637,0.5625,12,22.966912841796898,0.565216064453125,-0.988494873046875
169,211,GRID_000228,8.812893244804433,77.10808251815017,0.4433,0.5625,6,22.966912841796898,0.565216064453125,-0.988494873046875
116,146,GRID_000229,8.822893244804433,76.94808251815009,0.7598,0.5625,0,22.966912841796898,0.565216064453125,-0.988494873046875
176,160,GRID_000230,8.822893244804433,76.9680825181501,0.7608,0.5625,2,22.966912841796898,0.565216064453125,-0.988494873046875
11,155,GRID_000231,8.822893244804433,76.9780825181501,0.8865000000000001,0.5625,3,22.966912841796898,0.565216064453125,-0.988494873046875
59,143,GRID_000232,8.822893244804433,76.98808251815011,0.8057000000000001,0.5625,3,22.966912841796898,0.565216064453125,-0.988494873046875
211,171,GRID_000233,8.822893244804433,76.99808251815011,0.8152,0.5625,12,22.966912841796898,0.565216064453125,-0.988494873046875
136,188,GRID_000234,8.822893244804433,77.00808251815012,0.8114,0.5625,7,22.966912841796898,0.565216064453125,-0.988494873046875
21,204,GRID_000235,8.822893244804433,77.02808251815013,0.8396,0.5625,8,22.966912841796898,0.565216064453125,-0.988494873046875
351,206,GRID_000236,8.822893244804433,77.03808251815013,0.865,0.5625,5,22.966912841796898,0.565216064453125,-0.988494873046875
101,176,GRID_000237,8.822893244804433,77.04808251815014,0.4204,0.5625,2,22.966912841796898,0.565216064453125,-0.988494873046875
248,208,GRID_000238,8.822893244804433,77.06808251815015,0.49250000000000005,0.5625,7,22.966912841796898,0.565216064453125,-0.988494873046875
191,284,GRID_000239,8.822893244804433,77.07808251815015,0.3156,0.5625,16,22.966912841796898,0.565216064453125,-0.988494873046875
267,419,GRID_000240,8.822893244804433,77.08808251815016,0.3528,0.5625,5,22.966912841796898,0.565216064453125,-0.988494873046875
16,331,GRID_000241,8.822893244804433,77.09808251815016,0.8273,0.5625,25,22.966912841796898,0.565216064453125,-0.988494873046875
38,171,GRID_000242,8.822893244804433,77.10808251815017,0.8854000000000001,0.5625,6,22.966912841796898,0.565216064453125,-0.988494873046875
247,163,GRID_000243,8.822893244804433,77.11808251815017,0.8394,0.5625,3,22.966912841796898,0.565216064453125,-0.988494873046875
325,278,GRID_000244,8.822893244804433,77.12808251815018,0.8504,0.1875,10,21.266900634765648,3.265216112136841,0.11150512844324112
319,138,GRID_000245,8.832893244804433,76.94808251815009,0.8688,0.5625,1,22.966912841796898,0.565216064453125,-0.988494873046875
347,159,GRID_000246,8.832893244804433,76.95808251815009,0.7869,0.5625,5,22.966912841796898,0.565216064453125,-0.988494873046875
290,210,GRID_000247,8.832893244804433,76.9680825181501,0.6319,0.5625,4,22.966912841796898,0.565216064453125,-0.988494873046875
36,124,GRID_000248,8.832893244804433,76.9780825181501,0.9033,0.5625,2,22.966912841796898,0.565216064453125,-0.988494873046875
12,108,GRID_000249,8.832893244804433,76.98808251815011,0.7673,0.5625,5,22.966912841796898,0.565216064453125,-0.988494873046875
302,163,GRID_000250,8.832893244804433,76.99808251815011,0.8327,0.5625,3,22.966912841796898,0.565216064453125,-0.988494873046875
245,195,GRID_000251,8.832893244804433,77.00808251815012,0.8371000000000001,0.5625,2,22.966912841796898,0.565216064453125,-0.988494873046875
180,201,GRID_000252,8.832893244804433,77.01808251815012,0.8349000000000001,0.5625,2,22.966912841796898,0.565216064453125,-0.988494873046875
82,182,GRID_000253,8.832893244804433,77.02808251815013,0.7726000000000001,0.5625,2,22.966912841796898,0.565216064453125,-0.988494873046875
203,175,GRID_000254,8.832893244804433,77.03808251815013,0.8559,0.5625,3,22.966912841796898,0.565216064453125,-0.988494873046875
241,153,GRID_000255,8.832893244804433,77.04808251815014,0.8188000000000001,0.5625,3,22.966912841796898,0.565216064453125,-0.988494873046875
193,203,GRID_000256,8.832893244804433,77.05808251815014,0.7739,0.5625,11,22.966912841796898,0.565216064453125,-0.988494873046875
119,282,GRID_000257,8.832893244804433,77.06808251815015,0.3562,0.5625,2,22.966912841796898,0.565216064453125,-0.988494873046875
33,218,GRID_000258,8.832893244804433,77.07808251815015,0.5867,0.5625,15,22.966912841796898,0.565216064453125,-0.988494873046875
19,183,GRID_000259,8.832893244804433,77.08808251815016,0.249,0.5625,2,22.966912841796898,0.565216064453125,-0.988494873046875
19,155,GRID_000260,8.832893244804433,77.09808251815016,0.43970000000000004,0.5625,1,22.966912841796898,0.565216064453125,-0.988494873046875
208,179,GRID_000261,8.832893244804433,77.10808251815017,0.258,0.5625,2,22.966912841796898,0.565216064453125,-0.988494873046875
207,184,GRID_000262,8.832893244804433,77.11808251815017,0.6455000000000001,0.5625,6,22.966912841796898,0.565216064453125,-0.988494873046875
163,209,GRID_000263,8.832893244804433,77.12808251815018,0.37470000000000003,0.1875,7,21.266900634765648,3.265216112136841,0.11150512844324112
21,119,GRID_000264,8.842893244804433,76.94808251815009,0.8908,0.5625,4,22.966912841796898,0.565216064453125,-0.988494873046875
11,115,GRID_000265,8.842893244804433,76.95808251815009,0.8330000000000001,0.5625,2,22.966912841796898,0.565216064453125,-0.988494873046875
200,122,GRID_000266,8.842893244804433,76.9680825181501,0.7103,0.5625,2,22.966912841796898,0.565216064453125,-0.988494873046875
40,91,GRID_000267,8.842893244804433,76.9780825181501,0.6963,0.5625,7,22.966912841796898,0.565216064453125,-0.988494873046875
202,145,GRID_000268,8.842893244804433,76.98808251815011,0.8806,0.5625,10,22.966912841796898,0.565216064453125,-0.988494873046875
15,183,GRID_000269,8.842893244804433,76.99808251815011,0.8266,0.5625,3,22.966912841796898,0.565216064453125,-0.988494873046875
12,183,GRID_000270,8.842893244804433,77.00808251815012,0.8488,0.5625,10,22.966912841796898,0.565216064453125,-0.988494873046875
33,181,GRID_000271,8.842893244804433,77.01808251815012,0.8441000000000001,0.5625,3,22.966912841796898,0.565216064453125,-0.988494873046875
21,153,GRID_000272,8.842893244804433,77.02808251815013,0.8022,0.5625,2,22.966912841796898,0.565216064453125,-0.988494873046875
107,159,GRID_000273,8.842893244804433,77.03808251815013,0.6057,0.5625,1,22.966912841796898,0.565216064453125,-0.988494873046875
274,196,GRID_000274,8.842893244804433,77.04808251815014,0.509,0.5625,6,22.966912841796898,0.565216064453125,-0.988494873046875
6,173,GRID_000275,8.842893244804433,77.05808251815014,0.81,0.5625,11,22.966912841796898,0.565216064453125,-0.988494873046875
31,157,GRID_000276,8.842893244804433,77.06808251815015,0.6225,0.5625,4,22.966912841796898,0.565216064453125,-0.988494873046875
293,150,GRID_000277,8.842893244804433,77.07808251815015,0.8643000000000001,0.5625,1,22.966912841796898,0.565216064453125,-0.988494873046875
233,168,GRID_000278,8.842893244804433,77.08808251815016,0.302,0.5625,5,22.966912841796898,0.565216064453125,-0.988494873046875
246,185,GRID_000279,8.842893244804433,77.09808251815016,0.7023,0.5625,3,22.966912841796898,0.565216064453125,-0.988494873046875
232,271,GRID_000280,8.842893244804433,77.10808251815017,0.117,0.5625,8,22.966912841796898,0.565216064453125,-0.988494873046875
205,406,GRID_000281,8.842893244804433,77.11808251815017,0.36710000000000004,0.5625,15,22.966912841796898,0.565216064453125,-0.988494873046875
216,408,GRID_000282,8.842893244804433,77.12808251815018,0.30710000000000004,0.1875,15,21.266900634765648,3.265216112136841,0.11150512844324112
19,80,GRID_000283,8.852893244804433,76.93808251815008,0.8805000000000001,0.5625,2,22.966912841796898,0.565216064453125,-0.988494873046875
207,87,GRID_000284,8.852893244804433,76.94808251815009,0.6901,0.5625,3,22.966912841796898,0.565216064453125,-0.988494873046875
25,127,GRID_000285,8.852893244804433,76.95808251815009,0.6919000000000001,0.5625,2,22.966912841796898,0.565216064453125,-0.988494873046875
34,93,GRID_000286,8.852893244804433,76.9680825181501,0.7593000000000001,0.5625,8,22.966912841796898,0.565216064453125,-0.988494873046875
212,111,GRID_000287,8.852893244804433,76.9780825181501,0.8324,0.5625,4,22.966912841796898,0.565216064453125,-0.988494873046875
258,155,GRID_000288,8.852893244804433,76.98808251815011,0.5617,0.5625,3,22.966912841796898,0.565216064453125,-0.988494873046875
194,182,GRID_000289,8.852893244804433,76.99808251815011,0.8375,0.5625,1,22.966912841796898,0.565216064453125,-0.988494873046875
0,164,GRID_000290,8.852893244804433,77.00808251815012,0.7254,0.5625,1,22.966912841796898,0.565216064453125,-0.988494873046875
58,168,GRID_000291,8.852893244804433,77.01808251815012,0.7013,0.5625,6,22.966912841796898,0.565216064453125,-0.988494873046875
26,136,GRID_000292,8.852893244804433,77.02808251815013,0.6858000000000001,0.5625,5,22.966912841796898,0.565216064453125,-0.988494873046875
183,147,GRID_000293,8.852893244804433,77.03808251815013,0.43710000000000004,0.5625,3,22.966912841796898,0.565216064453125,-0.988494873046875
159,145,GRID_000294,8.852893244804433,77.04808251815014,0.46940000000000004,0.5625,1,22.966912841796898,0.565216064453125,-0.988494873046875
189,170,GRID_000295,8.852893244804433,77.05808251815014,0.5640000000000001,0.5625,6,22.966912841796898,0.565216064453125,-0.988494873046875
153,215,GRID_000296,8.852893244804433,77.06808251815015,0.6403,0.5625,0,22.966912841796898,0.565216064453125,-0.988494873046875
20,191,GRID_000297,8.852893244804433,77.07808251815015,0.6652,0.5625,5,22.966912841796898,0.565216064453125,-0.988494873046875
343,188,GRID_000298,8.852893244804433,77.08808251815016,0.5733,0.5625,4,22.966912841796898,0.565216064453125,-0.988494873046875
276,206,GRID_000299,8.852893244804433,77.09808251815016,0.6583,0.5625,10,22.966912841796898,0.565216064453125,-0.988494873046875
253,404,GRID_000300,8.852893244804433,77.10808251815017,0.196,0.5625,18,22.966912841796898,0.565216064453125,-0.988494873046875
214,678,GRID_000301,8.852893244804433,77.11808251815017,0.5792,0.5625,19,22.966912841796898,0.565216064453125,-0.988494873046875
178,795,GRID_000302,8.852893244804433,77.12808251815018,0.20040000000000002,0.1875,16,21.266900634765648,3.265216112136841,0.11150512844324112
16,96,GRID_000303,8.862893244804432,76.94808251815009,0.8711000000000001,0.5625,5,22.966912841796898,0.565216064453125,-0.988494873046875
51,92,GRID_000304,8.862893244804432,76.95808251815009,0.8932,0.5625,4,22.966912841796898,0.565216064453125,-0.988494873046875
340,105,GRID_000305,8.862893244804432,76.9780825181501,0.9077000000000001,0.5625,2,22.966912841796898,0.565216064453125,-0.988494873046875
0,113,GRID_000306,8.862893244804432,76.98808251815011,0.8294,0.5625,1,22.966912841796898,0.565216064453125,-0.988494873046875
275,134,GRID_000307,8.862893244804432,76.99808251815011,0.5718,0.5625,2,22.966912841796898,0.565216064453125,-0.988494873046875
325,166,GRID_000308,8.862893244804432,77.00808251815012,0.6781,0.5625,3,22.966912841796898,0.565216064453125,-0.988494873046875
353,120,GRID_000309,8.862893244804432,77.01808251815012,0.7776000000000001,0.5625,3,22.966912841796898,0.565216064453125,-0.988494873046875
341,141,GRID_000310,8.862893244804432,77.02808251815013,0.5947,0.5625,3,22.966912841796898,0.565216064453125,-0.988494873046875
45,150,GRID_000311,8.862893244804432,77.03808251815013,0.49200000000000005,0.5625,2,22.966912841796898,0.565216064453125,-0.988494873046875
153,139,GRID_000312,8.862893244804432,77.04808251815014,0.6733,0.5625,1,22.966912841796898,0.565216064453125,-0.988494873046875
84,178,GRID_000313,8.862893244804432,77.05808251815014,0.7365,0.5625,1,22.966912841796898,0.565216064453125,-0.988494873046875
165,175,GRID_000314,8.862893244804432,77.06808251815015,0.6146,0.5625,1,22.966912841796898,0.565216064453125,-0.988494873046875
32,195,GRID_000315,8.862893244804432,77.07808251815015,0.5764,0.5625,2,22.966912841796898,0.565216064453125,-0.988494873046875
72,184,GRID_000316,8.862893244804432,77.08808251815016,0.5869,0.5625,0,22.966912841796898,0.565216064453125,-0.988494873046875
305,178,GRID_000317,8.862893244804432,77.09808251815016,0.5411,0.5625,1,22.966912841796898,0.565216064453125,-0.988494873046875
290,411,GRID_000318,8.862893244804432,77.10808251815017,0.6619,0.5625,16,22.966912841796898,0.565216064453125,-0.988494873046875
330,797,GRID_000319,8.862893244804432,77.11808251815017,0.40440000000000004,0.5625,12,22.966912841796898,0.565216064453125,-0.988494873046875
212,884,GRID_000320,8.862893244804432,77.12808251815018,0.45170000000000005,0.1875,4,21.266900634765648,3.265216112136841,0.11150512844324112
174,859,GRID_000321,8.862893244804432,77.13808251815018,0.27540000000000003,0.1875,4,21.266900634765648,3.265216112136841,0.11150512844324112
200,929,GRID_000322,8.862893244804432,77.14808251815019,0.1075,0.1875,20,21.266900634765648,3.265216112136841,0.11150512844324112
203,84,GRID_000323,8.872893244804432,76.95808251815009,0.6566000000000001,0.5625,3,22.966912841796898,0.565216064453125,-0.988494873046875
8,121,GRID_000324,8.872893244804432,76.9680825181501,0.8779,0.5625,3,22.966912841796898,0.565216064453125,-0.988494873046875
336,99,GRID_000325,8.872893244804432,76.9780825181501,0.8581000000000001,0.5625,2,22.966912841796898,0.565216064453125,-0.988494873046875
110,125,GRID_000326,8.872893244804432,76.98808251815011,0.6801,0.5625,1,22.966912841796898,0.565216064453125,-0.988494873046875
220,181,GRID_000327,8.872893244804432,76.99808251815011,0.7839,0.5625,4,22.966912841796898,0.565216064453125,-0.988494873046875
72,154,GRID_000328,8.872893244804432,77.00808251815012,0.7637,0.5625,1,22.966912841796898,0.565216064453125,-0.988494873046875
306,134,GRID_000329,8.872893244804432,77.01808251815012,0.5579000000000001,0.5625,5,22.966912841796898,0.565216064453125,-0.988494873046875
174,174,GRID_000330,8.872893244804432,77.02808251815013,0.8838,0.5625,2,22.966912841796898,0.565216064453125,-0.988494873046875
196,144,GRID_000331,8.872893244804432,77.03808251815013,0.5054000000000001,0.5625,1,22.966912841796898,0.565216064453125,-0.988494873046875
189,140,GRID_000332,8.872893244804432,77.04808251815014,0.9232,0.5625,2,22.966912841796898,0.565216064453125,-0.988494873046875
295,165,GRID_000333,8.872893244804432,77.05808251815014,0.7312000000000001,0.5625,3,22.966912841796898,0.565216064453125,-0.988494873046875
339,178,GRID_000334,8.872893244804432,77.06808251815015,0.8240000000000001,0.5625,2,22.966912841796898,0.565216064453125,-0.988494873046875
67,156,GRID_000335,8.872893244804432,77.07808251815015,0.5069,0.5625,2,22.966912841796898,0.565216064453125,-0.988494873046875
209,163,GRID_000336,8.872893244804432,77.08808251815016,0.5680000000000001,0.5625,2,22.966912841796898,0.565216064453125,-0.988494873046875
280,193,GRID_000337,8.872893244804432,77.09808251815016,0.7991,0.5625,7,22.966912841796898,0.565216064453125,-0.988494873046875
304,532,GRID_000338,8.872893244804432,77.10808251815017,0.5991000000000001,0.5625,11,22.966912841796898,0.565216064453125,-0.988494873046875
263,641,GRID_000339,8.872893244804432,77.11808251815017,0.6172000000000001,0.5625,6,22.966912841796898,0.565216064453125,-0.988494873046875
333,850,GRID_000340,8.872893244804432,77.12808251815018,0.3393,0.1875,21,21.266900634765648,3.265216112136841,0.11150512844324112
348,889,GRID_000341,8.872893244804432,77.13808251815018,0.2235,0.1875,16,21.266900634765648,3.265216112136841,0.11150512844324112
67,888,GRID_000342,8.872893244804432,77.14808251815019,0.26230000000000003,0.1875,21,21.266900634765648,3.265216112136841,0.11150512844324112
20,686,GRID_000343,8.872893244804432,77.1580825181502,0.4691,0.1875,31,21.266900634765648,3.265216112136841,0.11150512844324112
112,17,GRID_000344,8.882893244804432,76.74808251814999,0.7954,1.0625,3,24.966912841796898,3.6652162075042725,-1.888494849205017
202,68,GRID_000345,8.882893244804432,76.90808251815007,0.6845,0.5625,4,22.966912841796898,0.565216064453125,-0.988494873046875
356,94,GRID_000346,8.882893244804432,76.92808251815008,0.8291000000000001,0.5625,2,22.966912841796898,0.565216064453125,-0.988494873046875
206,94,GRID_000347,8.882893244804432,76.9680825181501,0.8645,0.5625,3,22.966912841796898,0.565216064453125,-0.988494873046875
230,120,GRID_000348,8.882893244804432,76.9780825181501,0.7308,0.5625,2,22.966912841796898,0.565216064453125,-0.988494873046875
34,157,GRID_000349,8.882893244804432,76.98808251815011,0.8989,0.5625,2,22.966912841796898,0.565216064453125,-0.988494873046875
243,160,GRID_000350,8.882893244804432,76.99808251815011,0.8443,0.5625,4,22.966912841796898,0.565216064453125,-0.988494873046875
143,159,GRID_000351,8.882893244804432,77.00808251815012,0.7752,0.5625,5,22.966912841796898,0.565216064453125,-0.988494873046875
193,195,GRID_000352,8.882893244804432,77.01808251815012,0.23970000000000002,0.5625,11,22.966912841796898,0.565216064453125,-0.988494873046875
107,163,GRID_000353,8.882893244804432,77.02808251815013,0.5572,0.5625,2,22.966912841796898,0.565216064453125,-0.988494873046875
180,174,GRID_000354,8.882893244804432,77.03808251815013,0.8344,0.5625,1,22.966912841796898,0.565216064453125,-0.988494873046875
41,157,GRID_000355,8.882893244804432,77.04808251815014,0.7695000000000001,0.5625,3,22.966912841796898,0.565216064453125,-0.988494873046875
64,160,GRID_000356,8.882893244804432,77.05808251815014,0.8028000000000001,0.5625,1,22.966912841796898,0.565216064453125,-0.988494873046875
211,152,GRID_000357,8.882893244804432,77.06808251815015,0.5533,0.5625,3,22.966912841796898,0.565216064453125,-0.988494873046875
201,189,GRID_000358,8.882893244804432,77.07808251815015,0.4877,0.5625,6,22.966912841796898,0.565216064453125,-0.988494873046875
32,147,GRID_000359,8.882893244804432,77.08808251815016,0.7253000000000001,0.5625,2,22.966912841796898,0.565216064453125,-0.988494873046875
225,212,GRID_000360,8.882893244804432,77.09808251815016,0.5665,0.5625,14,22.966912841796898,0.565216064453125,-0.988494873046875
7,495,GRID_000361,8.882893244804432,77.10808251815017,0.8746,0.5625,14,22.966912841796898,0.565216064453125,-0.988494873046875
20,429,GRID_000362,8.882893244804432,77.11808251815017,0.8229000000000001,0.5625,16,22.966912841796898,0.565216064453125,-0.988494873046875
356,420,GRID_000363,8.882893244804432,77.12808251815018,0.9113,0.1875,22,21.266900634765648,3.265216112136841,0.11150512844324112
10,601,GRID_000364,8.882893244804432,77.13808251815018,0.5416000000000001,0.1875,27,21.266900634765648,3.265216112136841,0.11150512844324112
0,663,GRID_000365,8.882893244804432,77.14808251815019,0.7872,0.1875,21,21.266900634765648,3.265216112136841,0.11150512844324112
95,424,GRID_000366,8.882893244804432,77.1580825181502,0.9172,0.1875,14,21.266900634765648,3.265216112136841,0.11150512844324112
354,344,GRID_000367,8.882893244804432,77.1680825181502,0.8471000000000001,0.1875,16,21.266900634765648,3.265216112136841,0.11150512844324112
311,55,GRID_000368,8.892893244804432,76.89808251815006,0.6414000000000001,0.5625,1,22.966912841796898,0.565216064453125,-0.988494873046875
141,63,GRID_000369,8.892893244804432,76.90808251815007,0.6005,0.5625,1,22.966912841796898,0.565216064453125,-0.988494873046875
35,99,GRID_000370,8.892893244804432,76.91808251815007,0.7732,0.5625,4,22.966912841796898,0.565216064453125,-0.988494873046875
65,60,GRID_000371,8.892893244804432,76.92808251815008,0.8505,0.5625,2,22.966912841796898,0.565216064453125,-0.988494873046875
0,109,GRID_000372,8.892893244804432,76.9680825181501,0.8742000000000001,0.5625,2,22.966912841796898,0.565216064453125,-0.988494873046875
241,194,GRID_000373,8.892893244804432,76.9780825181501,0.8675,0.5625,17,22.966912841796898,0.565216064453125,-0.988494873046875
149,254,GRID_000374,8.892893244804432,76.98808251815011,0.8241,0.5625,8,22.966912841796898,0.565216064453125,-0.988494873046875
207,254,GRID_000375,8.892893244804432,76.99808251815011,0.7250000000000001,0.5625,11,22.966912841796898,0.565216064453125,-0.988494873046875
73,201,GRID_000376,8.892893244804432,77.00808251815012,0.797,0.5625,3,22.966912841796898,0.565216064453125,-0.988494873046875
322,172,GRID_000377,8.892893244804432,77.01808251815012,0.6777000000000001,0.5625,4,22.966912841796898,0.565216064453125,-0.988494873046875
59,166,GRID_000378,8.892893244804432,77.02808251815013,0.8932,0.5625,3,22.966912841796898,0.565216064453125,-0.988494873046875
114,165,GRID_000379,8.892893244804432,77.03808251815013,0.8268000000000001,0.5625,2,22.966912841796898,0.565216064453125,-0.988494873046875
160,149,GRID_000380,8.892893244804432,77.04808251815014,0.509,0.5625,2,22.966912841796898,0.565216064453125,-0.988494873046875
24,135,GRID_000381,8.892893244804432,77.05808251815014,0.7921,0.5625,1,22.966912841796898,0.565216064453125,-0.988494873046875
233,157,GRID_000382,8.892893244804432,77.06808251815015,0.5727,0.5625,5,22.966912841796898,0.565216064453125,-0.988494873046875
8,143,GRID_000383,8.892893244804432,77.07808251815015,0.5874,0.5625,1,22.966912841796898,0.565216064453125,-0.988494873046875
291,206,GRID_000384,8.892893244804432,77.08808251815016,0.9043,0.5625,4,22.966912841796898,0.565216064453125,-0.988494873046875
356,251,GRID_000385,8.892893244804432,77.09808251815016,0.8986000000000001,0.5625,15,22.966912841796898,0.565216064453125,-0.988494873046875
12,188,GRID_000386,8.892893244804432,77.10808251815017,0.7733,0.5625,3,22.966912841796898,0.565216064453125,-0.988494873046875
301,184,GRID_000387,8.892893244804432,77.11808251815017,0.7974,0.5625,1,22.966912841796898,0.565216064453125,-0.988494873046875
260,207,GRID_000388,8.892893244804432,77.12808251815018,0.8082,0.1875,3,21.266900634765648,3.265216112136841,0.11150512844324112
278,296,GRID_000389,8.892893244804432,77.13808251815018,0.8601000000000001,0.1875,10,21.266900634765648,3.265216112136841,0.11150512844324112
354,496,GRID_000390,8.892893244804432,77.14808251815019,0.7956000000000001,0.1875,5,21.266900634765648,3.265216112136841,0.11150512844324112
28,257,GRID_000391,8.892893244804432,77.1580825181502,0.8398,0.1875,18,21.266900634765648,3.265216112136841,0.11150512844324112
90,58,GRID_000392,8.902893244804432,76.88808251815006,0.6393,0.5625,1,22.966912841796898,0.565216064453125,-0.988494873046875
355,75,GRID_000393,8.902893244804432,76.89808251815006,0.8473,0.5625,1,22.966912841796898,0.565216064453125,-0.988494873046875
333,69,GRID_000394,8.902893244804432,76.90808251815007,0.8591000000000001,0.5625,1,22.966912841796898,0.565216064453125,-0.988494873046875
68,92,GRID_000395,8.902893244804432,76.91808251815007,0.8806,0.5625,2,22.966912841796898,0.565216064453125,-0.988494873046875
183,76,GRID_000396,8.902893244804432,76.92808251815008,0.8147000000000001,0.5625,2,22.966912841796898,0.565216064453125,-0.988494873046875
210,74,GRID_000397,8.902893244804432,76.93808251815008,0.8504,0.5625,2,22.966912841796898,0.565216064453125,-0.988494873046875
194,92,GRID_000398,8.902893244804432,76.94808251815009,0.8459,0.5625,5,22.966912841796898,0.565216064453125,-0.988494873046875
70,171,GRID_000399,8.902893244804432,76.9680825181501,0.8765000000000001,0.5625,5,22.966912841796898,0.565216064453125,-0.988494873046875
97,233,GRID_000400,8.902893244804432,76.9780825181501,0.8157000000000001,0.5625,6,22.966912841796898,0.565216064453125,-0.988494873046875
257,273,GRID_000401,8.902893244804432,76.98808251815011,0.8085,0.5625,13,22.966912841796898,0.565216064453125,-0.988494873046875
359,291,GRID_000402,8.902893244804432,76.99808251815011,0.8959,0.5625,13,22.966912841796898,0.565216064453125,-0.988494873046875
102,198,GRID_000403,8.902893244804432,77.00808251815012,0.7931,0.5625,9,22.966912841796898,0.565216064453125,-0.988494873046875
95,159,GRID_000404,8.902893244804432,77.01808251815012,0.8347,0.5625,3,22.966912841796898,0.565216064453125,-0.988494873046875
43,175,GRID_000405,8.902893244804432,77.02808251815013,0.8177000000000001,0.5625,2,22.966912841796898,0.565216064453125,-0.988494873046875
343,166,GRID_000406,8.902893244804432,77.03808251815013,0.7693,0.5625,1,22.966912841796898,0.565216064453125,-0.988494873046875
68,179,GRID_000407,8.902893244804432,77.04808251815014,0.8023,0.5625,6,22.966912841796898,0.565216064453125,-0.988494873046875
62,128,GRID_000408,8.902893244804432,77.05808251815014,0.3286,0.5625,2,22.966912841796898,0.565216064453125,-0.988494873046875
354,145,GRID_000409,8.902893244804432,77.06808251815015,0.7702,0.5625,2,22.966912841796898,0.565216064453125,-0.988494873046875
279,169,GRID_000410,8.902893244804432,77.07808251815015,0.8372,0.5625,4,22.966912841796898,0.565216064453125,-0.988494873046875
29,192,GRID_000411,8.902893244804432,77.08808251815016,0.5999,0.5625,4,22.966912841796898,0.565216064453125,-0.988494873046875
13,176,GRID_000412,8.902893244804432,77.09808251815016,0.879,0.5625,3,22.966912841796898,0.565216064453125,-0.988494873046875
321,183,GRID_000413,8.902893244804432,77.10808251815017,0.8755000000000001,0.5625,3,22.966912841796898,0.565216064453125,-0.988494873046875
308,209,GRID_000414,8.902893244804432,77.11808251815017,0.6682,0.5625,4,22.966912841796898,0.565216064453125,-0.988494873046875
221,248,GRID_000415,8.902893244804432,77.12808251815018,0.6438,0.1875,7,21.266900634765648,3.265216112136841,0.11150512844324112
11,291,GRID_000416,8.902893244804432,77.13808251815018,0.8571000000000001,0.1875,17,21.266900634765648,3.265216112136841,0.11150512844324112
8,263,GRID_000417,8.902893244804432,77.14808251815019,0.8457,0.1875,19,21.266900634765648,3.265216112136841,0.11150512844324112
0,105,GRID_000418,8.902893244804432,77.1580825181502,0.2147,0.1875,0,21.266900634765648,3.265216112136841,0.11150512844324112
289,63,GRID_000419,8.912893244804431,76.88808251815006,0.8343,0.5625,3,22.966912841796898,0.565216064453125,-0.988494873046875
174,63,GRID_000420,8.912893244804431,76.89808251815006,0.7928000000000001,0.5625,2,22.966912841796898,0.565216064453125,-0.988494873046875
35,73,GRID_000421,8.912893244804431,76.90808251815007,0.8383,0.5625,2,22.966912841796898,0.565216064453125,-0.988494873046875
313,68,GRID_000422,8.912893244804431,76.91808251815007,0.8516,0.5625,3,22.966912841796898,0.565216064453125,-0.988494873046875
84,68,GRID_000423,8.912893244804431,76.92808251815008,0.8596,0.5625,1,22.966912841796898,0.565216064453125,-0.988494873046875
357,227,GRID_000424,8.912893244804431,76.9680825181501,0.8801,0.5625,7,22.966912841796898,0.565216064453125,-0.988494873046875
9,143,GRID_000425,8.912893244804431,76.9780825181501,0.8813000000000001,0.5625,2,22.966912841796898,0.565216064453125,-0.988494873046875
262,196,GRID_000426,8.912893244804431,76.98808251815011,0.8913000000000001,0.5625,10,22.966912841796898,0.565216064453125,-0.988494873046875
23,217,GRID_000427,8.912893244804431,76.99808251815011,0.8046000000000001,0.5625,7,22.966912841796898,0.565216064453125,-0.988494873046875
73,176,GRID_000428,8.912893244804431,77.00808251815012,0.8320000000000001,0.5625,2,22.966912841796898,0.565216064453125,-0.988494873046875
55,172,GRID_000429,8.912893244804431,77.01808251815012,0.8018000000000001,0.5625,2,22.966912841796898,0.565216064453125,-0.988494873046875
6,136,GRID_000430,8.912893244804431,77.02808251815013,0.5012,0.5625,7,22.966912841796898,0.565216064453125,-0.988494873046875
65,149,GRID_000431,8.912893244804431,77.03808251815013,0.7734000000000001,0.5625,2,22.966912841796898,0.565216064453125,-0.988494873046875
232,139,GRID_000432,8.912893244804431,77.04808251815014,0.5482,0.5625,1,22.966912841796898,0.565216064453125,-0.988494873046875
243,159,GRID_000433,8.912893244804431,77.05808251815014,0.5333,0.5625,5,22.966912841796898,0.565216064453125,-0.988494873046875
45,137,GRID_000434,8.912893244804431,77.06808251815015,0.8757,0.5625,0,22.966912841796898,0.565216064453125,-0.988494873046875
224,166,GRID_000435,8.912893244804431,77.07808251815015,0.8187000000000001,0.5625,6,22.966912841796898,0.565216064453125,-0.988494873046875
178,195,GRID_000436,8.912893244804431,77.08808251815016,0.8829,0.5625,3,22.966912841796898,0.565216064453125,-0.988494873046875
24,173,GRID_000437,8.912893244804431,77.09808251815016,0.6952,0.5625,4,22.966912841796898,0.565216064453125,-0.988494873046875
270,177,GRID_000438,8.912893244804431,77.10808251815017,0.8609,0.5625,1,22.966912841796898,0.565216064453125,-0.988494873046875
247,310,GRID_000439,8.912893244804431,77.11808251815017,0.8607,0.5625,3,22.966912841796898,0.565216064453125,-0.988494873046875
34,123,GRID_000440,8.912893244804431,77.12808251815018,0.7523000000000001,0.1875,5,21.266900634765648,3.265216112136841,0.11150512844324112
0,105,GRID_000441,8.912893244804431,77.13808251815018,0.3038,0.1875,0,21.266900634765648,3.265216112136841,0.11150512844324112
210,109,GRID_000442,8.912893244804431,77.14808251815019,0.1837,0.1875,3,21.266900634765648,3.265216112136841,0.11150512844324112
7,112,GRID_000443,8.912893244804431,77.1580825181502,0.5029,0.1875,4,21.266900634765648,3.265216112136841,0.11150512844324112
137,75,GRID_000444,8.922893244804431,76.87808251815005,0.8433,0.5625,2,22.966912841796898,0.565216064453125,-0.988494873046875
101,78,GRID_000445,8.922893244804431,76.91808251815007,0.6851,0.5625,2,22.966912841796898,0.565216064453125,-0.988494873046875
329,88,GRID_000446,8.922893244804431,76.92808251815008,0.7924,0.5625,2,22.966912841796898,0.565216064453125,-0.988494873046875
14,115,GRID_000447,8.922893244804431,76.94808251815009,0.798,0.5625,3,22.966912841796898,0.565216064453125,-0.988494873046875
111,152,GRID_000448,8.922893244804431,76.95808251815009,0.8635,0.5625,9,22.966912841796898,0.565216064453125,-0.988494873046875
345,174,GRID_000449,8.922893244804431,76.9780825181501,0.8713000000000001,0.5625,4,22.966912841796898,0.565216064453125,-0.988494873046875
123,140,GRID_000450,8.922893244804431,76.98808251815011,0.8684000000000001,0.5625,1,22.966912841796898,0.565216064453125,-0.988494873046875
282,152,GRID_000451,8.922893244804431,76.99808251815011,0.8148000000000001,0.5625,5,22.966912841796898,0.565216064453125,-0.988494873046875
317,193,GRID_000452,8.922893244804431,77.00808251815012,0.8115,0.5625,4,22.966912841796898,0.565216064453125,-0.988494873046875
41,130,GRID_000453,8.922893244804431,77.01808251815012,0.6531,0.5625,4,22.966912841796898,0.565216064453125,-0.988494873046875
237,168,GRID_000454,8.922893244804431,77.03808251815013,0.8339000000000001,0.5625,3,22.966912841796898,0.565216064453125,-0.988494873046875
230,194,GRID_000455,8.922893244804431,77.04808251815014,0.5104000000000001,0.5625,1,22.966912841796898,0.565216064453125,-0.988494873046875
86,159,GRID_000456,8.922893244804431,77.05808251815014,0.8509,0.5625,2,22.966912841796898,0.565216064453125,-0.988494873046875
295,142,GRID_000457,8.922893244804431,77.06808251815015,0.5451,0.5625,3,22.966912841796898,0.565216064453125,-0.988494873046875
146,138,GRID_000458,8.922893244804431,77.07808251815015,0.8779,0.5625,1,22.966912841796898,0.565216064453125,-0.988494873046875
38,174,GRID_000459,8.922893244804431,77.08808251815016,0.8833000000000001,0.5625,4,22.966912841796898,0.565216064453125,-0.988494873046875
61,128,GRID_000460,8.922893244804431,77.09808251815016,0.8623000000000001,0.5625,2,22.966912841796898,0.565216064453125,-0.988494873046875
0,105,GRID_000461,8.922893244804431,77.11808251815017,0.22590000000000002,0.5625,0,22.966912841796898,0.565216064453125,-0.988494873046875
219,107,GRID_000462,8.922893244804431,77.12808251815018,0.25830000000000003,0.1875,3,21.266900634765648,3.265216112136841,0.11150512844324112
171,187,GRID_000463,8.922893244804431,77.13808251815018,0.8434,0.1875,6,21.266900634765648,3.265216112136841,0.11150512844324112
125,77,GRID_000464,8.932893244804431,76.89808251815006,0.7918000000000001,0.5625,1,22.966912841796898,0.565216064453125,-0.988494873046875
310,67,GRID_000465,8.932893244804431,76.90808251815007,0.7019000000000001,0.5625,2,22.966912841796898,0.565216064453125,-0.988494873046875
270,77,GRID_000466,8.932893244804431,76.91808251815007,0.7245,0.5625,1,22.966912841796898,0.565216064453125,-0.988494873046875
270,100,GRID_000467,8.932893244804431,76.92808251815008,0.7729,0.5625,0,22.966912841796898,0.565216064453125,-0.988494873046875
305,98,GRID_000468,8.932893244804431,76.93808251815008,0.7189,0.5625,1,22.966912841796898,0.565216064453125,-0.988494873046875
108,115,GRID_000469,8.932893244804431,76.94808251815009,0.8302,0.5625,1,22.966912841796898,0.565216064453125,-0.988494873046875
15,143,GRID_000470,8.932893244804431,76.95808251815009,0.8570000000000001,0.5625,5,22.966912841796898,0.565216064453125,-0.988494873046875
250,154,GRID_000471,8.932893244804431,76.9780825181501,0.875,0.5625,3,22.966912841796898,0.565216064453125,-0.988494873046875
277,149,GRID_000472,8.932893244804431,76.98808251815011,0.8717,0.5625,1,22.966912841796898,0.565216064453125,-0.988494873046875
221,144,GRID_000473,8.932893244804431,77.00808251815012,0.8295,0.5625,2,22.966912841796898,0.565216064453125,-0.988494873046875
273,137,GRID_000474,8.932893244804431,77.01808251815012,0.8884000000000001,0.5625,2,22.966912841796898,0.565216064453125,-0.988494873046875
225,123,GRID_000475,8.932893244804431,77.02808251815013,0.8708,0.5625,3,22.966912841796898,0.565216064453125,-0.988494873046875
39,161,GRID_000476,8.932893244804431,77.03808251815013,0.7462000000000001,0.5625,3,22.966912841796898,0.565216064453125,-0.988494873046875
30,164,GRID_000477,8.932893244804431,77.04808251815014,0.8524,0.5625,2,22.966912841796898,0.565216064453125,-0.988494873046875
204,141,GRID_000478,8.932893244804431,77.05808251815014,0.8998,0.5625,3,22.966912841796898,0.565216064453125,-0.988494873046875
289,125,GRID_000479,8.932893244804431,77.06808251815015,0.8179000000000001,0.5625,4,22.966912841796898,0.565216064453125,-0.988494873046875
43,129,GRID_000480,8.932893244804431,77.07808251815015,0.5129,0.5625,2,22.966912841796898,0.565216064453125,-0.988494873046875
64,138,GRID_000481,8.932893244804431,77.08808251815016,0.6302,0.5625,5,22.966912841796898,0.565216064453125,-0.988494873046875
198,134,GRID_000482,8.932893244804431,77.11808251815017,0.6608,0.5625,4,22.966912841796898,0.565216064453125,-0.988494873046875
230,164,GRID_000483,8.932893244804431,77.12808251815018,0.8765000000000001,0.1875,9,21.266900634765648,3.265216112136841,0.11150512844324112
218,367,GRID_000484,8.932893244804431,77.13808251815018,0.33990000000000004,0.1875,24,21.266900634765648,3.265216112136841,0.11150512844324112
78,87,GRID_000485,8.94289324480443,76.88808251815006,0.7858,0.5,4,22.966912841796898,0.9652161002159119,-0.788494884967804
235,80,GRID_000486,8.94289324480443,76.89808251815006,0.8255,0.5,2,22.966912841796898,0.9652161002159119,-0.788494884967804
144,79,GRID_000487,8.94289324480443,76.90808251815007,0.8367,0.5,2,22.966912841796898,0.9652161002159119,-0.788494884967804
202,69,GRID_000488,8.94289324480443,76.91808251815007,0.7789,0.5,2,22.966912841796898,0.9652161002159119,-0.788494884967804
246,123,GRID_000489,8.94289324480443,76.94808251815009,0.8277,0.5,1,22.966912841796898,0.9652161002159119,-0.788494884967804
20,89,GRID_000490,8.94289324480443,76.95808251815009,0.8697,0.5,5,22.966912841796898,0.9652161002159119,-0.788494884967804
0,115,GRID_000491,8.94289324480443,77.00808251815012,0.9012,0.5,3,22.966912841796898,0.9652161002159119,-0.788494884967804
177,122,GRID_000492,8.94289324480443,77.01808251815012,0.9009,0.5,2,22.966912841796898,0.9652161002159119,-0.788494884967804
142,130,GRID_000493,8.94289324480443,77.02808251815013,0.8815000000000001,0.5,3,22.966912841796898,0.9652161002159119,-0.788494884967804
19,169,GRID_000494,8.94289324480443,77.03808251815013,0.8806,0.5,3,22.966912841796898,0.9652161002159119,-0.788494884967804
175,222,GRID_000495,8.94289324480443,77.04808251815014,0.8882,0.5,13,22.966912841796898,0.9652161002159119,-0.788494884967804
352,174,GRID_000496,8.94289324480443,77.05808251815014,0.8926000000000001,0.5,10,22.966912841796898,0.9652161002159119,-0.788494884967804
80,113,GRID_000497,8.94289324480443,77.06808251815015,0.33590000000000003,0.5,4,22.966912841796898,0.9652161002159119,-0.788494884967804
166,106,GRID_000498,8.94289324480443,77.07808251815015,0.2926,0.5,0,22.966912841796898,0.9652161002159119,-0.788494884967804
184,218,GRID_000499,8.94289324480443,77.10808251815017,0.7047,0.5,13,22.966912841796898,0.9652161002159119,-0.788494884967804
203,347,GRID_000500,8.94289324480443,77.11808251815017,0.7279,0.5,19,22.966912841796898,0.9652161002159119,-0.788494884967804
136,419,GRID_000501,8.94289324480443,77.12808251815018,0.544,0.125,16,22.666894531250023,3.865216016769409,0.31150513887405396
285,455,GRID_000502,8.94289324480443,77.13808251815018,0.2564,0.125,16,22.666894531250023,3.865216016769409,0.31150513887405396
49,104,GRID_000503,8.95289324480443,76.86808251815005,0.8078000000000001,0.9375,1,23.266900634765648,0.6652160882949829,-1.1884949207305908
81,85,GRID_000504,8.95289324480443,76.87808251815005,0.8102,0.5,1,22.966912841796898,0.9652161002159119,-0.788494884967804
79,82,GRID_000505,8.95289324480443,76.88808251815006,0.5364,0.5,2,22.966912841796898,0.9652161002159119,-0.788494884967804
7,80,GRID_000506,8.95289324480443,76.89808251815006,0.8672000000000001,0.5,1,22.966912841796898,0.9652161002159119,-0.788494884967804
82,109,GRID_000507,8.95289324480443,76.90808251815007,0.8116,0.5,3,22.966912841796898,0.9652161002159119,-0.788494884967804
270,102,GRID_000508,8.95289324480443,76.91808251815007,0.8507,0.5,1,22.966912841796898,0.9652161002159119,-0.788494884967804
78,66,GRID_000509,8.95289324480443,76.92808251815008,0.8709,0.5,5,22.966912841796898,0.9652161002159119,-0.788494884967804
7,82,GRID_000510,8.95289324480443,76.93808251815008,0.8919,0.5,3,22.966912841796898,0.9652161002159119,-0.788494884967804
327,100,GRID_000511,8.95289324480443,76.94808251815009,0.903,0.5,4,22.966912841796898,0.9652161002159119,-0.788494884967804
135,90,GRID_000512,8.95289324480443,76.99808251815011,0.8411000000000001,0.5,2,22.966912841796898,0.9652161002159119,-0.788494884967804
276,88,GRID_000513,8.95289324480443,77.00808251815012,0.8904000000000001,0.5,1,22.966912841796898,0.9652161002159119,-0.788494884967804
328,153,GRID_000514,8.95289324480443,77.01808251815012,0.9001,0.5,3,22.966912841796898,0.9652161002159119,-0.788494884967804
23,153,GRID_000515,8.95289324480443,77.02808251815013,0.911,0.5,8,22.966912841796898,0.9652161002159119,-0.788494884967804
7,193,GRID_000516,8.95289324480443,77.04808251815014,0.9012,0.5,21,22.966912841796898,0.9652161002159119,-0.788494884967804
146,102,GRID_000517,8.95289324480443,77.05808251815014,0.8626,0.5,5,22.966912841796898,0.9652161002159119,-0.788494884967804
245,268,GRID_000518,8.95289324480443,77.08808251815016,0.8754000000000001,0.5,15,22.966912841796898,0.9652161002159119,-0.788494884967804
149,255,GRID_000519,8.95289324480443,77.09808251815016,0.8872,0.5,8,22.966912841796898,0.9652161002159119,-0.788494884967804
221,585,GRID_000520,8.95289324480443,77.10808251815017,0.8250000000000001,0.5,17,22.966912841796898,0.9652161002159119,-0.788494884967804
33,544,GRID_000521,8.95289324480443,77.11808251815017,0.4712,0.5,24,22.966912841796898,0.9652161002159119,-0.788494884967804
217,110,GRID_000522,8.96289324480443,76.87808251815005,0.8807,0.5,1,22.966912841796898,0.9652161002159119,-0.788494884967804
275,120,GRID_000523,8.96289324480443,76.88808251815006,0.8963000000000001,0.5,7,22.966912841796898,0.9652161002159119,-0.788494884967804
211,125,GRID_000524,8.96289324480443,76.89808251815006,0.8968,0.5,4,22.966912841796898,0.9652161002159119,-0.788494884967804
187,135,GRID_000525,8.96289324480443,76.90808251815007,0.8549,0.5,4,22.966912841796898,0.9652161002159119,-0.788494884967804
180,112,GRID_000526,8.96289324480443,76.91808251815007,0.8582000000000001,0.5,2,22.966912841796898,0.9652161002159119,-0.788494884967804
290,86,GRID_000527,8.96289324480443,76.92808251815008,0.7675000000000001,0.5,2,22.966912841796898,0.9652161002159119,-0.788494884967804
108,33,GRID_000528,8.96289324480443,76.93808251815008,0.8684000000000001,0.5,5,22.966912841796898,0.9652161002159119,-0.788494884967804
11,91,GRID_000529,8.96289324480443,76.99808251815011,0.8675,0.5,2,22.966912841796898,0.9652161002159119,-0.788494884967804
313,86,GRID_000530,8.96289324480443,77.00808251815012,0.5798,0.5,9,22.966912841796898,0.9652161002159119,-0.788494884967804
270,92,GRID_000531,8.96289324480443,77.01808251815012,0.9131,0.5,3,22.966912841796898,0.9652161002159119,-0.788494884967804
5,126,GRID_000532,8.96289324480443,77.02808251815013,0.9058,0.5,1,22.966912841796898,0.9652161002159119,-0.788494884967804
208,109,GRID_000533,8.96289324480443,77.03808251815013,0.8895000000000001,0.5,4,22.966912841796898,0.9652161002159119,-0.788494884967804
224,162,GRID_000534,8.96289324480443,77.06808251815015,0.4657,0.5,9,22.966912841796898,0.9652161002159119,-0.788494884967804
29,249,GRID_000535,8.96289324480443,77.10808251815017,0.8932,0.5,14,22.966912841796898,0.9652161002159119,-0.788494884967804
208,236,GRID_000536,8.96289324480443,77.11808251815017,0.8647,0.5,7,22.966912841796898,0.9652161002159119,-0.788494884967804
56,63,GRID_000537,8.97289324480443,76.91808251815007,0.7451,0.5,7,22.966912841796898,0.9652161002159119,-0.788494884967804
13,60,GRID_000538,8.97289324480443,76.92808251815008,0.8095,0.5,3,22.966912841796898,0.9652161002159119,-0.788494884967804
44,132,GRID_000539,8.97289324480443,76.98808251815011,0.8905000000000001,0.5,8,22.966912841796898,0.9652161002159119,-0.788494884967804
53,99,GRID_000540,8.97289324480443,76.99808251815011,0.874,0.5,8,22.966912841796898,0.9652161002159119,-0.788494884967804
47,48,GRID_000541,8.97289324480443,77.01808251815012,0.8152,0.5,3,22.966912841796898,0.9652161002159119,-0.788494884967804
156,160,GRID_000542,8.97289324480443,77.05808251815014,0.5957,0.5,8,22.966912841796898,0.9652161002159119,-0.788494884967804
254,201,GRID_000543,8.97289324480443,77.06808251815015,0.4158,0.5,18,22.966912841796898,0.9652161002159119,-0.788494884967804
245,397,GRID_000544,8.97289324480443,77.07808251815015,0.3522,0.5,22,22.966912841796898,0.9652161002159119,-0.788494884967804
21,70,GRID_000545,8.98289324480443,76.93808251815008,0.8607,0.5,5,22.966912841796898,0.9652161002159119,-0.788494884967804
182,203,GRID_000546,8.98289324480443,77.04808251815014,0.8925000000000001,0.5,4,22.966912841796898,0.9652161002159119,-0.788494884967804
208,390,GRID_000547,8.98289324480443,77.06808251815015,0.911,0.5,19,22.966912841796898,0.9652161002159119,-0.788494884967804
15,344,GRID_000548,8.98289324480443,77.07808251815015,0.8849,0.5,22,22.966912841796898,0.9652161002159119,-0.788494884967804
85,253,GRID_000549,8.98289324480443,77.08808251815016,0.8186,0.5,8,22.966912841796898,0.9652161002159119,-0.788494884967804
91,326,GRID_000550,8.98289324480443,77.09808251815016,0.8364,0.5,10,22.966912841796898,0.9652161002159119,-0.788494884967804
10,49,GRID_000551,8.99289324480443,76.95808251815009,0.8751,0.5,9,22.966912841796898,0.9652161002159119,-0.788494884967804
5,56,GRID_000552,8.99289324480443,76.9680825181501,0.8803000000000001,0.5,9,22.966912841796898,0.9652161002159119,-0.788494884967804
159,141,GRID_000553,8.99289324480443,77.01808251815012,0.8961,0.5,12,22.966912841796898,0.9652161002159119,-0.788494884967804
242,321,GRID_000554,8.99289324480443,77.03808251815013,0.8899,0.5,20,22.966912841796898,0.9652161002159119,-0.788494884967804
14,467,GRID_000555,8.99289324480443,77.05808251815014,0.8837,0.5,34,22.966912841796898,0.9652161002159119,-0.788494884967804
188,304,GRID_000556,8.99289324480443,77.06808251815015,0.8705,0.5,7,22.966912841796898,0.9652161002159119,-0.788494884967804
104,293,GRID_000557,8.99289324480443,77.07808251815015,0.8917,0.5,6,22.966912841796898,0.9652161002159119,-0.788494884967804
272,437,GRID_000558,8.99289324480443,77.09808251815016,0.8808,0.5,17,22.966912841796898,0.9652161002159119,-0.788494884967804
107,134,GRID_000559,9.00289324480443,76.91808251815007,0.8272,0.5,8,22.966912841796898,0.9652161002159119,-0.788494884967804
336,29,GRID_000560,9.00289324480443,76.92808251815008,0.6887,0.5,1,22.966912841796898,0.9652161002159119,-0.788494884967804
298,35,GRID_000561,9.00289324480443,76.93808251815008,0.8607,0.5,2,22.966912841796898,0.9652161002159119,-0.788494884967804
199,63,GRID_000562,9.00289324480443,76.99808251815011,0.8533000000000001,0.5,5,22.966912841796898,0.9652161002159119,-0.788494884967804
158,115,GRID_000563,9.00289324480443,77.00808251815012,0.8763000000000001,0.5,2,22.966912841796898,0.9652161002159119,-0.788494884967804
181,178,GRID_000564,9.00289324480443,77.01808251815012,0.9071,0.5,11,22.966912841796898,0.9652161002159119,-0.788494884967804
183,195,GRID_000565,9.00289324480443,77.02808251815013,0.5096,0.5,11,22.966912841796898,0.9652161002159119,-0.788494884967804
14,294,GRID_000566,9.00289324480443,77.03808251815013,0.9071,0.5,29,22.966912841796898,0.9652161002159119,-0.788494884967804
304,195,GRID_000567,9.00289324480443,77.05808251815014,0.8804000000000001,0.5,6,22.966912841796898,0.9652161002159119,-0.788494884967804
213,465,GRID_000568,9.00289324480443,77.06808251815015,0.8526,0.5,20,22.966912841796898,0.9652161002159119,-0.788494884967804
189,485,GRID_000569,9.00289324480443,77.07808251815015,0.7338,0.5,22,22.966912841796898,0.9652161002159119,-0.788494884967804
82,330,GRID_000570,9.00289324480443,77.08808251815016,0.8192,0.5,19,22.966912841796898,0.9652161002159119,-0.788494884967804
188,301,GRID_000571,9.00289324480443,77.09808251815016,0.7556,0.5,12,22.966912841796898,0.9652161002159119,-0.788494884967804
335,49,GRID_000572,9.01289324480443,76.91808251815007,0.6731,0.5,3,22.966912841796898,0.9652161002159119,-0.788494884967804
286,28,GRID_000573,9.01289324480443,76.92808251815008,0.7377,0.5,1,22.966912841796898,0.9652161002159119,-0.788494884967804
189,44,GRID_000574,9.01289324480443,76.93808251815008,0.7115,0.5,2,22.966912841796898,0.9652161002159119,-0.788494884967804
29,202,GRID_000575,9.01289324480443,77.01808251815012,0.8761,0.5,24,22.966912841796898,0.9652161002159119,-0.788494884967804
29,110,GRID_000576,9.01289324480443,77.02808251815013,0.8685,0.5,10,22.966912841796898,0.9652161002159119,-0.788494884967804
268,520,GRID_000577,9.01289324480443,77.06808251815015,0.8560000000000001,0.5,23,22.966912841796898,0.9652161002159119,-0.788494884967804
131,743,GRID_000578,9.01289324480443,77.07808251815015,0.8767,0.5,11,22.966912841796898,0.9652161002159119,-0.788494884967804
54,348,GRID_000579,9.01289324480443,77.08808251815016,0.7328,0.5,16,22.966912841796898,0.9652161002159119,-0.788494884967804
166,54,GRID_000580,9.022893244804427,76.90808251815007,0.7544000000000001,0.5,2,22.966912841796898,0.9652161002159119,-0.788494884967804
166,31,GRID_000581,9.022893244804427,76.91808251815007,0.6655,0.5,2,22.966912841796898,0.9652161002159119,-0.788494884967804
225,50,GRID_000582,9.022893244804427,76.92808251815008,0.6801,0.5,5,22.966912841796898,0.9652161002159119,-0.788494884967804
61,95,GRID_000583,9.022893244804427,76.93808251815008,0.8409000000000001,0.5,2,22.966912841796898,0.9652161002159119,-0.788494884967804
118,59,GRID_000584,9.022893244804427,76.94808251815009,0.8674000000000001,0.5,4,22.966912841796898,0.9652161002159119,-0.788494884967804
12,331,GRID_000585,9.022893244804427,76.99808251815011,0.8763000000000001,0.5,23,22.966912841796898,0.9652161002159119,-0.788494884967804
266,175,GRID_000586,9.022893244804427,77.03808251815013,0.9034000000000001,0.5,15,22.966912841796898,0.9652161002159119,-0.788494884967804
152,196,GRID_000587,9.022893244804427,77.04808251815014,0.8993,0.5,26,22.966912841796898,0.9652161002159119,-0.788494884967804
183,688,GRID_000588,9.022893244804427,77.07808251815015,0.29760000000000003,0.5,17,22.966912841796898,0.9652161002159119,-0.788494884967804
216,47,GRID_000589,9.032893244804429,76.91808251815007,0.7859,0.5,4,22.966912841796898,0.9652161002159119,-0.788494884967804
188,75,GRID_000590,9.032893244804429,76.92808251815008,0.8536,0.5,8,22.966912841796898,0.9652161002159119,-0.788494884967804
35,195,GRID_000591,9.032893244804429,76.9780825181501,0.8824000000000001,0.5,3,22.966912841796898,0.9652161002159119,-0.788494884967804
323,142,GRID_000592,9.032893244804429,76.98808251815011,0.8784000000000001,0.5,5,22.966912841796898,0.9652161002159119,-0.788494884967804
114,356,GRID_000593,9.032893244804429,77.04808251815014,0.9088,0.5,10,22.966912841796898,0.9652161002159119,-0.788494884967804
342,55,GRID_000594,9.042893244804429,76.94808251815009,0.8669,0.5,6,22.966912841796898,0.9652161002159119,-0.788494884967804
172,47,GRID_000595,9.042893244804429,76.95808251815009,0.8498,0.5,2,22.966912841796898,0.9652161002159119,-0.788494884967804
93,74,GRID_000596,9.042893244804429,76.9680825181501,0.8729,0.5,2,22.966912841796898,0.9652161002159119,-0.788494884967804
240,79,GRID_000597,9.042893244804429,76.9780825181501,0.877,0.5,3,22.966912841796898,0.9652161002159119,-0.788494884967804
216,102,GRID_000598,9.042893244804429,76.98808251815011,0.866,0.5,4,22.966912841796898,0.9652161002159119,-0.788494884967804
241,676,GRID_000599,9.042893244804429,77.03808251815013,0.8856,0.5,15,22.966912841796898,0.9652161002159119,-0.788494884967804
102,640,GRID_000600,9.042893244804429,77.04808251815014,0.7273000000000001,0.5,12,22.966912841796898,0.9652161002159119,-0.788494884967804
29,371,GRID_000601,9.042893244804429,77.05808251815014,0.8865000000000001,0.5,18,22.966912841796898,0.9652161002159119,-0.788494884967804
84,72,GRID_000602,9.052893244804428,76.93808251815008,0.8503000000000001,0.5,7,22.966912841796898,0.9652161002159119,-0.788494884967804
247,71,GRID_000603,9.052893244804428,76.94808251815009,0.8731,0.5,5,22.966912841796898,0.9652161002159119,-0.788494884967804
94,106,GRID_000604,9.052893244804428,76.95808251815009,0.8716,0.5,4,22.966912841796898,0.9652161002159119,-0.788494884967804
293,75,GRID_000605,9.052893244804428,76.9780825181501,0.8711000000000001,0.5,3,22.966912841796898,0.9652161002159119,-0.788494884967804
348,191,GRID_000606,9.052893244804428,76.98808251815011,0.8793000000000001,0.5,6,22.966912841796898,0.9652161002159119,-0.788494884967804
8,123,GRID_000607,9.052893244804428,76.99808251815011,0.8788,0.5,13,22.966912841796898,0.9652161002159119,-0.788494884967804
351,420,GRID_000608,9.052893244804428,77.03808251815013,0.9155000000000001,0.5,30,22.966912841796898,0.9652161002159119,-0.788494884967804
26,307,GRID_000609,9.052893244804428,77.04808251815014,0.8177000000000001,0.5,23,22.966912841796898,0.9652161002159119,-0.788494884967804
232,223,GRID_000610,9.052893244804428,77.05808251815014,0.8140000000000001,0.5,5,22.966912841796898,0.9652161002159119,-0.788494884967804
301,98,GRID_000611,9.062893244804428,76.91808251815007,0.8687,0.5,10,22.966912841796898,0.9652161002159119,-0.788494884967804
78,93,GRID_000612,9.062893244804428,76.92808251815008,0.8775000000000001,0.5,8,22.966912841796898,0.9652161002159119,-0.788494884967804
206,74,GRID_000613,9.062893244804428,76.9680825181501,0.8776,0.5,5,22.966912841796898,0.9652161002159119,-0.788494884967804
189,139,GRID_000614,9.062893244804428,76.9780825181501,0.8758,0.5,11,22.966912841796898,0.9652161002159119,-0.788494884967804
302,183,GRID_000615,9.062893244804428,76.99808251815011,0.8591000000000001,0.5,6,22.966912841796898,0.9652161002159119,-0.788494884967804
15,145,GRID_000616,9.062893244804428,77.02808251815013,0.6405000000000001,0.5,16,22.966912841796898,0.9652161002159119,-0.788494884967804
258,149,GRID_000617,9.062893244804428,77.03808251815013,0.6156,0.5,6,22.966912841796898,0.9652161002159119,-0.788494884967804
218,368,GRID_000618,9.062893244804428,77.04808251815014,0.5471,0.5,19,22.966912841796898,0.9652161002159119,-0.788494884967804
275,273,GRID_000619,9.062893244804428,77.05808251815014,0.47850000000000004,0.5,14,22.966912841796898,0.9652161002159119,-0.788494884967804
46,119,GRID_000620,9.072893244804428,76.90808251815007,0.9186000000000001,0.5,12,22.966912841796898,0.9652161002159119,-0.788494884967804
67,58,GRID_000621,9.072893244804428,76.91808251815007,0.443,0.5,4,22.966912841796898,0.9652161002159119,-0.788494884967804
218,60,GRID_000622,9.072893244804428,76.92808251815008,0.8982,0.5,7,22.966912841796898,0.9652161002159119,-0.788494884967804
137,82,GRID_000623,9.072893244804428,76.93808251815008,0.8748,0.5,8,22.966912841796898,0.9652161002159119,-0.788494884967804
182,79,GRID_000624,9.072893244804428,76.94808251815009,0.8744000000000001,0.5,3,22.966912841796898,0.9652161002159119,-0.788494884967804
215,69,GRID_000625,9.072893244804428,76.95808251815009,0.8774000000000001,0.5,2,22.966912841796898,0.9652161002159119,-0.788494884967804
9,115,GRID_000626,9.072893244804428,76.9680825181501,0.8952,0.5,5,22.966912841796898,0.9652161002159119,-0.788494884967804
323,151,GRID_000627,9.072893244804428,76.9780825181501,0.8818,0.5,6,22.966912841796898,0.9652161002159119,-0.788494884967804
67,144,GRID_000628,9.072893244804428,76.98808251815011,0.8688,0.5,6,22.966912841796898,0.9652161002159119,-0.788494884967804
219,117,GRID_000629,9.072893244804428,77.01808251815012,0.5408000000000001,0.5,5,22.966912841796898,0.9652161002159119,-0.788494884967804
217,260,GRID_000630,9.072893244804428,77.02808251815013,0.5587,0.5,21,22.966912841796898,0.9652161002159119,-0.788494884967804
183,246,GRID_000631,9.072893244804428,77.03808251815013,0.641,0.5,12,22.966912841796898,0.9652161002159119,-0.788494884967804
14,219,GRID_000632,9.072893244804428,77.04808251815014,0.6527000000000001,0.5,13,22.966912841796898,0.9652161002159119,-0.788494884967804
291,232,GRID_000633,9.072893244804428,77.05808251815014,0.5444,0.5,10,22.966912841796898,0.9652161002159119,-0.788494884967804
263,52,GRID_000634,9.082893244804428,76.87808251815005,0.788,0.5,2,22.966912841796898,0.9652161002159119,-0.788494884967804
24,44,GRID_000635,9.082893244804428,76.89808251815006,0.8499,0.5,8,22.966912841796898,0.9652161002159119,-0.788494884967804
64,32,GRID_000636,9.082893244804428,76.91808251815007,0.8499,0.5,0,22.966912841796898,0.9652161002159119,-0.788494884967804
227,174,GRID_000637,9.082893244804428,76.92808251815008,0.8947,0.5,9,22.966912841796898,0.9652161002159119,-0.788494884967804
71,251,GRID_000638,9.082893244804428,76.93808251815008,0.8933000000000001,0.5,9,22.966912841796898,0.9652161002159119,-0.788494884967804
16,222,GRID_000639,9.082893244804428,76.94808251815009,0.8636,0.5,3,22.966912841796898,0.9652161002159119,-0.788494884967804
244,82,GRID_000640,9.082893244804428,76.95808251815009,0.8765000000000001,0.5,4,22.966912841796898,0.9652161002159119,-0.788494884967804
252,110,GRID_000641,9.082893244804428,76.9680825181501,0.8874000000000001,0.5,4,22.966912841796898,0.9652161002159119,-0.788494884967804
255,202,GRID_000642,9.082893244804428,76.9780825181501,0.8736,0.5,8,22.966912841796898,0.9652161002159119,-0.788494884967804
79,259,GRID_000643,9.082893244804428,76.98808251815011,0.8844000000000001,0.5,7,22.966912841796898,0.9652161002159119,-0.788494884967804
63,219,GRID_000644,9.082893244804428,77.03808251815013,0.3014,0.5,7,22.966912841796898,0.9652161002159119,-0.788494884967804
311,185,GRID_000645,9.082893244804428,77.04808251815014,0.6625,0.5,4,22.966912841796898,0.9652161002159119,-0.788494884967804
304,190,GRID_000646,9.082893244804428,77.05808251815014,0.5993,0.5,6,22.966912841796898,0.9652161002159119,-0.788494884967804
243,238,GRID_000647,9.082893244804428,77.06808251815015,0.5714,0.5,13,22.966912841796898,0.9652161002159119,-0.788494884967804
213,47,GRID_000648,9.092893244804428,76.86808251815005,0.7875000000000001,0.9375,3,23.266900634765648,0.6652160882949829,-1.1884949207305908
242,46,GRID_000649,9.092893244804428,76.89808251815006,0.8447,0.5,2,22.966912841796898,0.9652161002159119,-0.788494884967804
64,62,GRID_000650,9.092893244804428,76.90808251815007,0.8307,0.5,1,22.966912841796898,0.9652161002159119,-0.788494884967804
173,135,GRID_000651,9.092893244804428,76.91808251815007,0.6208,0.5,12,22.966912841796898,0.9652161002159119,-0.788494884967804
357,241,GRID_000652,9.092893244804428,76.92808251815008,0.8742000000000001,0.5,12,22.966912841796898,0.9652161002159119,-0.788494884967804
40,155,GRID_000653,9.092893244804428,76.93808251815008,0.8826,0.5,5,22.966912841796898,0.9652161002159119,-0.788494884967804
191,141,GRID_000654,9.092893244804428,76.94808251815009,0.8897,0.5,3,22.966912841796898,0.9652161002159119,-0.788494884967804
156,94,GRID_000655,9.092893244804428,76.95808251815009,0.8977,0.5,1,22.966912841796898,0.9652161002159119,-0.788494884967804
161,148,GRID_000656,9.092893244804428,76.9680825181501,0.8487,0.5,4,22.966912841796898,0.9652161002159119,-0.788494884967804
342,150,GRID_000657,9.092893244804428,76.9780825181501,0.8621000000000001,0.5,14,22.966912841796898,0.9652161002159119,-0.788494884967804
14,216,GRID_000658,9.092893244804428,76.98808251815011,0.8848,0.5,18,22.966912841796898,0.9652161002159119,-0.788494884967804
13,148,GRID_000659,9.092893244804428,77.00808251815012,0.8798,0.5,9,22.966912841796898,0.9652161002159119,-0.788494884967804
327,196,GRID_000660,9.092893244804428,77.01808251815012,0.44070000000000004,0.5,3,22.966912841796898,0.9652161002159119,-0.788494884967804
53,189,GRID_000661,9.092893244804428,77.03808251815013,0.39680000000000004,0.5,2,22.966912841796898,0.9652161002159119,-0.788494884967804
126,180,GRID_000662,9.092893244804428,77.04808251815014,0.5843,0.5,6,22.966912841796898,0.9652161002159119,-0.788494884967804
234,244,GRID_000663,9.092893244804428,77.05808251815014,0.6319,0.5,7,22.966912841796898,0.9652161002159119,-0.788494884967804
0,221,GRID_000664,9.092893244804428,77.06808251815015,0.5740000000000001,0.5,2,22.966912841796898,0.9652161002159119,-0.788494884967804
233,141,GRID_000665,9.092893244804428,77.08808251815016,0.6728000000000001,0.5,13,22.966912841796898,0.9652161002159119,-0.788494884967804
65,125,GRID_000666,9.092893244804428,77.09808251815016,0.9653,0.5,4,22.966912841796898,0.9652161002159119,-0.788494884967804
44,40,GRID_000667,9.102893244804427,76.84808251815004,0.7696000000000001,0.9375,4,23.266900634765648,0.6652160882949829,-1.1884949207305908
222,105,GRID_000668,9.102893244804427,76.87808251815005,0.8532000000000001,0.5,12,22.966912841796898,0.9652161002159119,-0.788494884967804
54,133,GRID_000669,9.102893244804427,76.88808251815006,0.872,0.5,9,22.966912841796898,0.9652161002159119,-0.788494884967804
210,162,GRID_000670,9.102893244804427,76.89808251815006,0.8694000000000001,0.5,9,22.966912841796898,0.9652161002159119,-0.788494884967804
181,147,GRID_000671,9.102893244804427,76.90808251815007,0.8340000000000001,0.5,7,22.966912841796898,0.9652161002159119,-0.788494884967804
50,108,GRID_000672,9.102893244804427,76.91808251815007,0.7323000000000001,0.5,2,22.966912841796898,0.9652161002159119,-0.788494884967804
252,157,GRID_000673,9.102893244804427,76.92808251815008,0.8568,0.5,2,22.966912841796898,0.9652161002159119,-0.788494884967804
246,168,GRID_000674,9.102893244804427,76.93808251815008,0.6918000000000001,0.5,5,22.966912841796898,0.9652161002159119,-0.788494884967804
190,250,GRID_000675,9.102893244804427,76.94808251815009,0.8744000000000001,0.5,15,22.966912841796898,0.9652161002159119,-0.788494884967804
143,133,GRID_000676,9.102893244804427,76.95808251815009,0.9052,0.5,1,22.966912841796898,0.9652161002159119,-0.788494884967804
274,200,GRID_000677,9.102893244804427,76.9680825181501,0.8545,0.5,2,22.966912841796898,0.9652161002159119,-0.788494884967804
136,145,GRID_000678,9.102893244804427,76.9780825181501,0.7653000000000001,0.5,6,22.966912841796898,0.9652161002159119,-0.788494884967804
248,151,GRID_000679,9.102893244804427,76.98808251815011,0.8906000000000001,0.5,7,22.966912841796898,0.9652161002159119,-0.788494884967804
208,316,GRID_000680,9.102893244804427,76.99808251815011,0.8536,0.5,21,22.966912841796898,0.9652161002159119,-0.788494884967804
132,171,GRID_000681,9.102893244804427,77.00808251815012,0.888,0.5,17,22.966912841796898,0.9652161002159119,-0.788494884967804
157,210,GRID_000682,9.102893244804427,77.01808251815012,0.7016,0.5,3,22.966912841796898,0.9652161002159119,-0.788494884967804
103,182,GRID_000683,9.102893244804427,77.02808251815013,0.7443000000000001,0.5,3,22.966912841796898,0.9652161002159119,-0.788494884967804
296,192,GRID_000684,9.102893244804427,77.03808251815013,0.8390000000000001,0.5,4,22.966912841796898,0.9652161002159119,-0.788494884967804
98,146,GRID_000685,9.102893244804427,77.04808251815014,0.3608,0.5,9,22.966912841796898,0.9652161002159119,-0.788494884967804
255,168,GRID_000686,9.102893244804427,77.05808251815014,0.8042,0.5,9,22.966912841796898,0.9652161002159119,-0.788494884967804
202,277,GRID_000687,9.102893244804427,77.06808251815015,0.6194000000000001,0.5,3,22.966912841796898,0.9652161002159119,-0.788494884967804
63,165,GRID_000688,9.102893244804427,77.07808251815015,0.6563,0.5,11,22.966912841796898,0.9652161002159119,-0.788494884967804
84,75,GRID_000689,9.102893244804427,77.09808251815016,0.6924,0.5,4,22.966912841796898,0.9652161002159119,-0.788494884967804
263,107,GRID_000690,9.102893244804427,77.10808251815017,0.8875000000000001,0.5,6,22.966912841796898,0.9652161002159119,-0.788494884967804
74,62,GRID_000691,9.112893244804429,76.83808251815003,0.8213,0.9375,2,23.266900634765648,0.6652160882949829,-1.1884949207305908
266,35,GRID_000692,9.112893244804429,76.86808251815005,0.8591000000000001,0.9375,2,23.266900634765648,0.6652160882949829,-1.1884949207305908
230,138,GRID_000693,9.112893244804429,76.87808251815005,0.7853,0.5,11,22.966912841796898,0.9652161002159119,-0.788494884967804
97,169,GRID_000694,9.112893244804429,76.88808251815006,0.8217,0.5,8,22.966912841796898,0.9652161002159119,-0.788494884967804
49,174,GRID_000695,9.112893244804429,76.89808251815006,0.8513000000000001,0.5,3,22.966912841796898,0.9652161002159119,-0.788494884967804
354,126,GRID_000696,9.112893244804429,76.90808251815007,0.6899000000000001,0.5,5,22.966912841796898,0.9652161002159119,-0.788494884967804
81,128,GRID_000697,9.112893244804429,76.91808251815007,0.8504,0.5,2,22.966912841796898,0.9652161002159119,-0.788494884967804
298,140,GRID_000698,9.112893244804429,76.92808251815008,0.8411000000000001,0.5,12,22.966912841796898,0.9652161002159119,-0.788494884967804
15,307,GRID_000699,9.112893244804429,76.9680825181501,0.8881,0.5,17,22.966912841796898,0.9652161002159119,-0.788494884967804
322,324,GRID_000700,9.112893244804429,76.9780825181501,0.8665,0.5,10,22.966912841796898,0.9652161002159119,-0.788494884967804
35,206,GRID_000701,9.112893244804429,76.98808251815011,0.8572000000000001,0.5,17,22.966912841796898,0.9652161002159119,-0.788494884967804
4,199,GRID_000702,9.112893244804429,76.99808251815011,0.8577,0.5,8,22.966912841796898,0.9652161002159119,-0.788494884967804
2,191,GRID_000703,9.112893244804429,77.00808251815012,0.6385000000000001,0.5,4,22.966912841796898,0.9652161002159119,-0.788494884967804
72,190,GRID_000704,9.112893244804429,77.01808251815012,0.5854,0.5,5,22.966912841796898,0.9652161002159119,-0.788494884967804
299,182,GRID_000705,9.112893244804429,77.02808251815013,0.6512,0.5,6,22.966912841796898,0.9652161002159119,-0.788494884967804
32,170,GRID_000706,9.112893244804429,77.03808251815013,0.8536,0.5,1,22.966912841796898,0.9652161002159119,-0.788494884967804
48,85,GRID_000707,9.112893244804429,77.04808251815014,0.1143,0.5,8,22.966912841796898,0.9652161002159119,-0.788494884967804
325,166,GRID_000708,9.112893244804429,77.05808251815014,0.6548,0.5,6,22.966912841796898,0.9652161002159119,-0.788494884967804
6,95,GRID_000709,9.112893244804429,77.06808251815015,0.8314,0.5,13,22.966912841796898,0.9652161002159119,-0.788494884967804
199,93,GRID_000710,9.112893244804429,77.07808251815015,0.73,0.5,2,22.966912841796898,0.9652161002159119,-0.788494884967804
146,126,GRID_000711,9.112893244804429,77.08808251815016,0.9132,0.5,9,22.966912841796898,0.9652161002159119,-0.788494884967804
196,213,GRID_000712,9.112893244804429,77.09808251815016,0.7593000000000001,0.5,6,22.966912841796898,0.9652161002159119,-0.788494884967804
200,153,GRID_000713,9.112893244804429,77.10808251815017,0.43220000000000003,0.5,10,22.966912841796898,0.9652161002159119,-0.788494884967804
86,26,GRID_000714,9.122893244804429,76.81808251815002,0.8296,0.9375,5,23.266900634765648,0.6652160882949829,-1.1884949207305908
200,75,GRID_000715,9.122893244804429,76.85808251815004,0.8093,0.9375,5,23.266900634765648,0.6652160882949829,-1.1884949207305908
254,54,GRID_000716,9.122893244804429,76.86808251815005,0.8190000000000001,0.9375,3,23.266900634765648,0.6652160882949829,-1.1884949207305908
298,126,GRID_000717,9.122893244804429,76.87808251815005,0.6828000000000001,0.5,3,22.966912841796898,0.9652161002159119,-0.788494884967804
231,134,GRID_000718,9.122893244804429,76.88808251815006,0.8212,0.5,5,22.966912841796898,0.9652161002159119,-0.788494884967804
23,128,GRID_000719,9.122893244804429,76.89808251815006,0.7298,0.5,8,22.966912841796898,0.9652161002159119,-0.788494884967804
279,158,GRID_000720,9.122893244804429,76.90808251815007,0.8343,0.5,9,22.966912841796898,0.9652161002159119,-0.788494884967804
64,64,GRID_000721,9.122893244804429,76.91808251815007,0.7464000000000001,0.5,5,22.966912841796898,0.9652161002159119,-0.788494884967804
228,86,GRID_000722,9.122893244804429,76.92808251815008,0.8409000000000001,0.5,5,22.966912841796898,0.9652161002159119,-0.788494884967804
320,143,GRID_000723,9.122893244804429,76.94808251815009,0.8688,0.5,5,22.966912841796898,0.9652161002159119,-0.788494884967804
294,92,GRID_000724,9.122893244804429,76.95808251815009,0.8801,0.5,1,22.966912841796898,0.9652161002159119,-0.788494884967804
56,140,GRID_000725,9.122893244804429,76.9680825181501,0.8687,0.5,4,22.966912841796898,0.9652161002159119,-0.788494884967804
16,203,GRID_000726,9.122893244804429,76.9780825181501,0.8791,0.5,16,22.966912841796898,0.9652161002159119,-0.788494884967804
45,84,GRID_000727,9.122893244804429,76.98808251815011,0.8589,0.5,3,22.966912841796898,0.9652161002159119,-0.788494884967804
279,204,GRID_000728,9.122893244804429,76.99808251815011,0.8842000000000001,0.5,5,22.966912841796898,0.9652161002159119,-0.788494884967804
107,178,GRID_000729,9.122893244804429,77.00808251815012,0.7137,0.5,4,22.966912841796898,0.9652161002159119,-0.788494884967804
326,139,GRID_000730,9.122893244804429,77.01808251815012,0.6392,0.5,8,22.966912841796898,0.9652161002159119,-0.788494884967804
4,118,GRID_000731,9.122893244804429,77.02808251815013,0.6899000000000001,0.5,2,22.966912841796898,0.9652161002159119,-0.788494884967804
359,127,GRID_000732,9.122893244804429,77.03808251815013,0.5701,0.5,10,22.966912841796898,0.9652161002159119,-0.788494884967804
37,79,GRID_000733,9.122893244804429,77.04808251815014,0.633,0.5,4,22.966912841796898,0.9652161002159119,-0.788494884967804
226,108,GRID_000734,9.122893244804429,77.06808251815015,0.8211,0.5,14,22.966912841796898,0.9652161002159119,-0.788494884967804
104,222,GRID_000735,9.122893244804429,77.07808251815015,0.9326000000000001,0.5,1,22.966912841796898,0.9652161002159119,-0.788494884967804
213,386,GRID_000736,9.122893244804429,77.09808251815016,0.9602,0.5,15,22.966912841796898,0.9652161002159119,-0.788494884967804
209,478,GRID_000737,9.122893244804429,77.10808251815017,0.8858,0.5,19,22.966912841796898,0.9652161002159119,-0.788494884967804
39,50,GRID_000738,9.132893244804428,76.80808251815002,0.7411,0.9375,10,23.266900634765648,0.6652160882949829,-1.1884949207305908
93,62,GRID_000739,9.132893244804428,76.84808251815004,0.8374,0.9375,7,23.266900634765648,0.6652160882949829,-1.1884949207305908
272,45,GRID_000740,9.132893244804428,76.85808251815004,0.754,0.9375,6,23.266900634765648,0.6652160882949829,-1.1884949207305908
307,103,GRID_000741,9.132893244804428,76.86808251815005,0.8577,0.9375,1,23.266900634765648,0.6652160882949829,-1.1884949207305908
357,146,GRID_000742,9.132893244804428,76.88808251815006,0.8607,0.5,4,22.966912841796898,0.9652161002159119,-0.788494884967804
0,100,GRID_000743,9.132893244804428,76.89808251815006,0.8568,0.5,1,22.966912841796898,0.9652161002159119,-0.788494884967804
230,149,GRID_000744,9.132893244804428,76.90808251815007,0.8408,0.5,6,22.966912841796898,0.9652161002159119,-0.788494884967804
170,158,GRID_000745,9.132893244804428,76.91808251815007,0.8692000000000001,0.5,6,22.966912841796898,0.9652161002159119,-0.788494884967804
264,179,GRID_000746,9.132893244804428,76.92808251815008,0.8703000000000001,0.5,20,22.966912841796898,0.9652161002159119,-0.788494884967804
113,303,GRID_000747,9.132893244804428,76.93808251815008,0.8197,0.5,12,22.966912841796898,0.9652161002159119,-0.788494884967804
179,68,GRID_000748,9.132893244804428,76.94808251815009,0.8837,0.5,7,22.966912841796898,0.9652161002159119,-0.788494884967804
215,84,GRID_000749,9.132893244804428,76.95808251815009,0.8851,0.5,11,22.966912841796898,0.9652161002159119,-0.788494884967804
300,114,GRID_000750,9.132893244804428,76.9680825181501,0.8864000000000001,0.5,7,22.966912841796898,0.9652161002159119,-0.788494884967804
47,143,GRID_000751,9.132893244804428,76.9780825181501,0.876,0.5,4,22.966912841796898,0.9652161002159119,-0.788494884967804
10,139,GRID_000752,9.132893244804428,76.98808251815011,0.8332,0.5,10,22.966912841796898,0.9652161002159119,-0.788494884967804
347,173,GRID_000753,9.132893244804428,76.99808251815011,0.8846,0.5,3,22.966912841796898,0.9652161002159119,-0.788494884967804
333,80,GRID_000754,9.132893244804428,77.00808251815012,0.8372,0.5,6,22.966912841796898,0.9652161002159119,-0.788494884967804
262,64,GRID_000755,9.132893244804428,77.01808251815012,0.8218000000000001,0.5,3,22.966912841796898,0.9652161002159119,-0.788494884967804
186,107,GRID_000756,9.132893244804428,77.02808251815013,0.6742,0.5,10,22.966912841796898,0.9652161002159119,-0.788494884967804
42,61,GRID_000757,9.132893244804428,77.03808251815013,0.6361,0.5,3,22.966912841796898,0.9652161002159119,-0.788494884967804
332,130,GRID_000758,9.132893244804428,77.04808251815014,0.7151000000000001,0.5,11,22.966912841796898,0.9652161002159119,-0.788494884967804
352,162,GRID_000759,9.132893244804428,77.06808251815015,0.6417,0.5,10,22.966912841796898,0.9652161002159119,-0.788494884967804
356,109,GRID_000760,9.132893244804428,77.07808251815015,0.5201,0.5,2,22.966912841796898,0.9652161002159119,-0.788494884967804
259,292,GRID_000761,9.132893244804428,77.08808251815016,0.8426,0.5,11,22.966912841796898,0.9652161002159119,-0.788494884967804
8,282,GRID_000762,9.132893244804428,77.09808251815016,0.6811,0.5,26,22.966912841796898,0.9652161002159119,-0.788494884967804
155,71,GRID_000763,9.142893244804426,76.84808251815004,0.8106,0.9375,3,23.266900634765648,0.6652160882949829,-1.1884949207305908
227,50,GRID_000764,9.142893244804426,76.85808251815004,0.7226,0.9375,2,23.266900634765648,0.6652160882949829,-1.1884949207305908
297,100,GRID_000765,9.142893244804426,76.86808251815005,0.8489,0.9375,3,23.266900634765648,0.6652160882949829,-1.1884949207305908
279,116,GRID_000766,9.142893244804426,76.88808251815006,0.8420000000000001,0.5,2,22.966912841796898,0.9652161002159119,-0.788494884967804
193,186,GRID_000767,9.142893244804426,76.89808251815006,0.7049000000000001,0.5,12,22.966912841796898,0.9652161002159119,-0.788494884967804
254,134,GRID_000768,9.142893244804426,76.90808251815007,0.8745,0.5,2,22.966912841796898,0.9652161002159119,-0.788494884967804
236,155,GRID_000769,9.142893244804426,76.91808251815007,0.8698,0.5,8,22.966912841796898,0.9652161002159119,-0.788494884967804
13,178,GRID_000770,9.142893244804426,76.93808251815008,0.879,0.5,9,22.966912841796898,0.9652161002159119,-0.788494884967804
202,145,GRID_000771,9.142893244804426,76.94808251815009,0.8753000000000001,0.5,10,22.966912841796898,0.9652161002159119,-0.788494884967804
154,161,GRID_000772,9.142893244804426,76.95808251815009,0.8823000000000001,0.5,7,22.966912841796898,0.9652161002159119,-0.788494884967804
152,120,GRID_000773,9.142893244804426,76.9680825181501,0.8944000000000001,0.5,8,22.966912841796898,0.9652161002159119,-0.788494884967804
359,45,GRID_000774,9.142893244804426,76.9780825181501,0.8784000000000001,0.5,6,22.966912841796898,0.9652161002159119,-0.788494884967804
7,45,GRID_000775,9.142893244804426,76.98808251815011,0.8583000000000001,0.5,5,22.966912841796898,0.9652161002159119,-0.788494884967804
210,107,GRID_000776,9.142893244804426,76.99808251815011,0.8724000000000001,0.5,9,22.966912841796898,0.9652161002159119,-0.788494884967804
160,115,GRID_000777,9.142893244804426,77.00808251815012,0.5826,0.5,15,22.966912841796898,0.9652161002159119,-0.788494884967804
305,138,GRID_000778,9.142893244804426,77.02808251815013,0.5848,0.5,9,22.966912841796898,0.9652161002159119,-0.788494884967804
281,144,GRID_000779,9.142893244804426,77.05808251815014,0.6517000000000001,0.5,7,22.966912841796898,0.9652161002159119,-0.788494884967804
318,302,GRID_000780,9.142893244804426,77.06808251815015,0.7648,0.5,6,22.966912841796898,0.9652161002159119,-0.788494884967804
332,273,GRID_000781,9.142893244804426,77.07808251815015,0.6266,0.5,13,22.966912841796898,0.9652161002159119,-0.788494884967804
163,208,GRID_000782,9.142893244804426,77.08808251815016,0.7087,0.5,9,22.966912841796898,0.9652161002159119,-0.788494884967804
302,110,GRID_000783,9.142893244804426,77.09808251815016,0.5869,0.5,3,22.966912841796898,0.9652161002159119,-0.788494884967804
57,152,GRID_000784,9.152893244804426,76.82808251815003,0.8602000000000001,0.9375,5,23.266900634765648,0.6652160882949829,-1.1884949207305908
264,59,GRID_000785,9.152893244804426,76.83808251815003,0.8588,0.9375,1,23.266900634765648,0.6652160882949829,-1.1884949207305908
196,54,GRID_000786,9.152893244804426,76.84808251815004,0.8196,0.9375,2,23.266900634765648,0.6652160882949829,-1.1884949207305908
300,55,GRID_000787,9.152893244804426,76.85808251815004,0.8389000000000001,0.9375,2,23.266900634765648,0.6652160882949829,-1.1884949207305908
230,134,GRID_000788,9.152893244804426,76.86808251815005,0.7265,0.9375,11,23.266900634765648,0.6652160882949829,-1.1884949207305908
231,165,GRID_000789,9.152893244804426,76.89808251815006,0.8133,0.5,5,22.966912841796898,0.9652161002159119,-0.788494884967804
238,226,GRID_000790,9.152893244804426,76.90808251815007,0.6023000000000001,0.5,3,22.966912841796898,0.9652161002159119,-0.788494884967804
0,148,GRID_000791,9.152893244804426,76.91808251815007,0.8852000000000001,0.5,4,22.966912841796898,0.9652161002159119,-0.788494884967804
265,122,GRID_000792,9.152893244804426,76.92808251815008,0.8854000000000001,0.5,11,22.966912841796898,0.9652161002159119,-0.788494884967804
41,159,GRID_000793,9.152893244804426,76.93808251815008,0.8875000000000001,0.5,9,22.966912841796898,0.9652161002159119,-0.788494884967804
6,107,GRID_000794,9.152893244804426,76.94808251815009,0.8739,0.5,11,22.966912841796898,0.9652161002159119,-0.788494884967804
262,40,GRID_000795,9.152893244804426,76.95808251815009,0.8489,0.5,2,22.966912841796898,0.9652161002159119,-0.788494884967804
104,49,GRID_000796,9.152893244804426,76.9680825181501,0.8929,0.5,2,22.966912841796898,0.9652161002159119,-0.788494884967804
164,87,GRID_000797,9.152893244804426,76.9780825181501,0.8987,0.5,7,22.966912841796898,0.9652161002159119,-0.788494884967804
301,60,GRID_000798,9.152893244804426,76.98808251815011,0.8895000000000001,0.5,6,22.966912841796898,0.9652161002159119,-0.788494884967804
248,200,GRID_000799,9.152893244804426,76.99808251815011,0.8649,0.5,7,22.966912841796898,0.9652161002159119,-0.788494884967804
111,198,GRID_000800,9.152893244804426,77.00808251815012,0.7456,0.5,5,22.966912841796898,0.9652161002159119,-0.788494884967804
275,227,GRID_000801,9.152893244804426,77.01808251815012,0.7338,0.5,9,22.966912841796898,0.9652161002159119,-0.788494884967804
154,194,GRID_000802,9.152893244804426,77.02808251815013,0.6566000000000001,0.5,9,22.966912841796898,0.9652161002159119,-0.788494884967804
149,290,GRID_000803,9.152893244804426,77.03808251815013,0.7932,0.5,11,22.966912841796898,0.9652161002159119,-0.788494884967804
196,263,GRID_000804,9.152893244804426,77.04808251815014,0.8742000000000001,0.5,19,22.966912841796898,0.9652161002159119,-0.788494884967804
114,264,GRID_000805,9.152893244804426,77.05808251815014,0.8519,0.5,20,22.966912841796898,0.9652161002159119,-0.788494884967804
200,244,GRID_000806,9.152893244804426,77.06808251815015,0.6545000000000001,0.5,7,22.966912841796898,0.9652161002159119,-0.788494884967804
145,381,GRID_000807,9.152893244804426,77.07808251815015,0.5838,0.5,15,22.966912841796898,0.9652161002159119,-0.788494884967804
103,386,GRID_000808,9.152893244804426,77.08808251815016,0.5611,0.5,15,22.966912841796898,0.9652161002159119,-0.788494884967804
195,173,GRID_000809,9.152893244804426,77.09808251815016,0.5554,0.5,8,22.966912841796898,0.9652161002159119,-0.788494884967804
208,421,GRID_000810,9.152893244804426,77.10808251815017,0.5633,0.5,13,22.966912841796898,0.9652161002159119,-0.788494884967804
155,428,GRID_000811,9.152893244804426,77.11808251815017,0.9009,0.5,25,22.966912841796898,0.9652161002159119,-0.788494884967804
46,114,GRID_000812,9.162893244804426,76.82808251815003,0.8535,0.9375,8,23.266900634765648,0.6652160882949829,-1.1884949207305908
222,127,GRID_000813,9.162893244804426,76.83808251815003,0.8547,0.9375,11,23.266900634765648,0.6652160882949829,-1.1884949207305908
187,79,GRID_000814,9.162893244804426,76.84808251815004,0.8211,0.9375,8,23.266900634765648,0.6652160882949829,-1.1884949207305908
267,104,GRID_000815,9.162893244804426,76.85808251815004,0.7797000000000001,0.9375,7,23.266900634765648,0.6652160882949829,-1.1884949207305908
354,104,GRID_000816,9.162893244804426,76.86808251815005,0.8307,0.9375,2,23.266900634765648,0.6652160882949829,-1.1884949207305908
244,155,GRID_000817,9.162893244804426,76.87808251815005,0.8414,0.5,11,22.966912841796898,0.9652161002159119,-0.788494884967804
263,113,GRID_000818,9.162893244804426,76.88808251815006,0.866,0.5,3,22.966912841796898,0.9652161002159119,-0.788494884967804
300,168,GRID_000819,9.162893244804426,76.89808251815006,0.8698,0.5,3,22.966912841796898,0.9652161002159119,-0.788494884967804
125,149,GRID_000820,9.162893244804426,76.90808251815007,0.8888,0.5,3,22.966912841796898,0.9652161002159119,-0.788494884967804
222,145,GRID_000821,9.162893244804426,76.94808251815009,0.8841,0.5,7,22.966912841796898,0.9652161002159119,-0.788494884967804
153,151,GRID_000822,9.162893244804426,76.95808251815009,0.8723000000000001,0.5,3,22.966912841796898,0.9652161002159119,-0.788494884967804
241,104,GRID_000823,9.162893244804426,76.9680825181501,0.8993,0.5,12,22.966912841796898,0.9652161002159119,-0.788494884967804
243,158,GRID_000824,9.162893244804426,76.9780825181501,0.8685,0.5,8,22.966912841796898,0.9652161002159119,-0.788494884967804
127,158,GRID_000825,9.162893244804426,76.98808251815011,0.8845000000000001,0.5,18,22.966912841796898,0.9652161002159119,-0.788494884967804
147,142,GRID_000826,9.162893244804426,76.99808251815011,0.8968,0.5,6,22.966912841796898,0.9652161002159119,-0.788494884967804
356,186,GRID_000827,9.162893244804426,77.00808251815012,0.8077000000000001,0.5,9,22.966912841796898,0.9652161002159119,-0.788494884967804
202,179,GRID_000828,9.162893244804426,77.01808251815012,0.6852,0.5,8,22.966912841796898,0.9652161002159119,-0.788494884967804
207,244,GRID_000829,9.162893244804426,77.02808251815013,0.4963,0.5,15,22.966912841796898,0.9652161002159119,-0.788494884967804
148,401,GRID_000830,9.162893244804426,77.03808251815013,0.672,0.5,9,22.966912841796898,0.9652161002159119,-0.788494884967804
254,541,GRID_000831,9.162893244804426,77.04808251815014,0.6217,0.5,23,22.966912841796898,0.9652161002159119,-0.788494884967804
147,614,GRID_000832,9.162893244804426,77.05808251815014,0.7608,0.5,22,22.966912841796898,0.9652161002159119,-0.788494884967804
286,435,GRID_000833,9.162893244804426,77.06808251815015,0.6697000000000001,0.5,13,22.966912841796898,0.9652161002159119,-0.788494884967804
196,486,GRID_000834,9.162893244804426,77.07808251815015,0.5047,0.5,13,22.966912841796898,0.9652161002159119,-0.788494884967804
172,334,GRID_000835,9.162893244804426,77.08808251815016,0.5187,0.5,11,22.966912841796898,0.9652161002159119,-0.788494884967804
178,378,GRID_000836,9.162893244804426,77.09808251815016,0.6477,0.5,20,22.966912841796898,0.9652161002159119,-0.788494884967804
280,512,GRID_000837,9.162893244804426,77.10808251815017,0.7134,0.5,23,22.966912841796898,0.9652161002159119,-0.788494884967804
154,727,GRID_000838,9.162893244804426,77.11808251815017,0.6313000000000001,0.5,9,22.966912841796898,0.9652161002159119,-0.788494884967804
148,820,GRID_000839,9.162893244804426,77.12808251815018,0.9877,0.125,11,22.666894531250023,3.865216016769409,0.31150513887405396
93,696,GRID_000840,9.162893244804426,77.13808251815018,0.626,0.125,22,22.666894531250023,3.865216016769409,0.31150513887405396
170,54,GRID_000841,9.172893244804426,76.85808251815004,0.7891,0.9375,5,23.266900634765648,0.6652160882949829,-1.1884949207305908
14,98,GRID_000842,9.172893244804426,76.86808251815005,0.872,0.9375,10,23.266900634765648,0.6652160882949829,-1.1884949207305908
246,162,GRID_000843,9.172893244804426,76.87808251815005,0.8426,0.5,14,22.966912841796898,0.9652161002159119,-0.788494884967804
127,113,GRID_000844,9.172893244804426,76.88808251815006,0.8518,0.5,2,22.966912841796898,0.9652161002159119,-0.788494884967804
297,196,GRID_000845,9.172893244804426,76.89808251815006,0.8615,0.5,3,22.966912841796898,0.9652161002159119,-0.788494884967804
54,172,GRID_000846,9.172893244804426,76.90808251815007,0.8923000000000001,0.5,6,22.966912841796898,0.9652161002159119,-0.788494884967804
327,106,GRID_000847,9.172893244804426,76.91808251815007,0.8484,0.5,10,22.966912841796898,0.9652161002159119,-0.788494884967804
253,108,GRID_000848,9.172893244804426,76.93808251815008,0.8775000000000001,0.5,3,22.966912841796898,0.9652161002159119,-0.788494884967804
165,137,GRID_000849,9.172893244804426,76.94808251815009,0.8554,0.5,8,22.966912841796898,0.9652161002159119,-0.788494884967804
214,128,GRID_000850,9.172893244804426,76.95808251815009,0.8345,0.5,5,22.966912841796898,0.9652161002159119,-0.788494884967804
248,202,GRID_000851,9.172893244804426,76.9680825181501,0.8861,0.5,10,22.966912841796898,0.9652161002159119,-0.788494884967804
238,292,GRID_000852,9.172893244804426,76.9780825181501,0.8836,0.5,7,22.966912841796898,0.9652161002159119,-0.788494884967804
119,210,GRID_000853,9.172893244804426,76.98808251815011,0.8899,0.5,10,22.966912841796898,0.9652161002159119,-0.788494884967804
301,177,GRID_000854,9.172893244804426,76.99808251815011,0.8254,0.5,3,22.966912841796898,0.9652161002159119,-0.788494884967804
266,211,GRID_000855,9.172893244804426,77.00808251815012,0.8439000000000001,0.5,15,22.966912841796898,0.9652161002159119,-0.788494884967804
18,392,GRID_000856,9.172893244804426,77.01808251815012,0.6811,0.5,17,22.966912841796898,0.9652161002159119,-0.788494884967804
268,351,GRID_000857,9.172893244804426,77.02808251815013,0.8808,0.5,4,22.966912841796898,0.9652161002159119,-0.788494884967804
206,561,GRID_000858,9.172893244804426,77.03808251815013,0.3743,0.5,19,22.966912841796898,0.9652161002159119,-0.788494884967804
196,717,GRID_000859,9.172893244804426,77.04808251815014,0.47840000000000005,0.5,29,22.966912841796898,0.9652161002159119,-0.788494884967804
166,826,GRID_000860,9.172893244804426,77.05808251815014,0.5124000000000001,0.5,26,22.966912841796898,0.9652161002159119,-0.788494884967804
172,715,GRID_000861,9.172893244804426,77.06808251815015,0.5906,0.5,25,22.966912841796898,0.9652161002159119,-0.788494884967804
176,720,GRID_000862,9.172893244804426,77.07808251815015,0.6404000000000001,0.5,14,22.966912841796898,0.9652161002159119,-0.788494884967804
150,705,GRID_000863,9.172893244804426,77.08808251815016,0.6848000000000001,0.5,25,22.966912841796898,0.9652161002159119,-0.788494884967804
307,719,GRID_000864,9.172893244804426,77.09808251815016,0.6119,0.5,16,22.966912841796898,0.9652161002159119,-0.788494884967804
170,375,GRID_000865,9.172893244804426,77.10808251815017,0.4698,0.5,18,22.966912841796898,0.9652161002159119,-0.788494884967804
301,542,GRID_000866,9.172893244804426,77.11808251815017,0.47350000000000003,0.5,17,22.966912841796898,0.9652161002159119,-0.788494884967804
336,520,GRID_000867,9.172893244804426,77.12808251815018,0.6661,0.125,19,22.666894531250023,3.865216016769409,0.31150513887405396
349,668,GRID_000868,9.172893244804426,77.13808251815018,0.7567,0.125,20,22.666894531250023,3.865216016769409,0.31150513887405396
104,524,GRID_000869,9.172893244804426,77.14808251815019,0.46940000000000004,0.125,21,22.666894531250023,3.865216016769409,0.31150513887405396
26,164,GRID_000870,9.182893244804426,76.82808251815003,0.8756,0.9375,12,23.266900634765648,0.6652160882949829,-1.1884949207305908
39,101,GRID_000871,9.182893244804426,76.86808251815005,0.8583000000000001,0.9375,13,23.266900634765648,0.6652160882949829,-1.1884949207305908
222,90,GRID_000872,9.182893244804426,76.87808251815005,0.86,0.5,12,22.966912841796898,0.9652161002159119,-0.788494884967804
60,97,GRID_000873,9.182893244804426,76.88808251815006,0.8748,0.5,9,22.966912841796898,0.9652161002159119,-0.788494884967804
201,182,GRID_000874,9.182893244804426,76.89808251815006,0.8773000000000001,0.5,4,22.966912841796898,0.9652161002159119,-0.788494884967804
127,69,GRID_000875,9.182893244804426,76.90808251815007,0.8262,0.5,6,22.966912841796898,0.9652161002159119,-0.788494884967804
193,37,GRID_000876,9.182893244804426,76.91808251815007,0.8359000000000001,0.5,2,22.966912841796898,0.9652161002159119,-0.788494884967804
223,89,GRID_000877,9.182893244804426,76.92808251815008,0.874,0.5,11,22.966912841796898,0.9652161002159119,-0.788494884967804
187,141,GRID_000878,9.182893244804426,76.93808251815008,0.8349000000000001,0.5,3,22.966912841796898,0.9652161002159119,-0.788494884967804
137,164,GRID_000879,9.182893244804426,76.94808251815009,0.8427,0.5,11,22.966912841796898,0.9652161002159119,-0.788494884967804
291,93,GRID_000880,9.182893244804426,76.95808251815009,0.8265,0.5,9,22.966912841796898,0.9652161002159119,-0.788494884967804
17,193,GRID_000881,9.182893244804426,76.9680825181501,0.8904000000000001,0.5,14,22.966912841796898,0.9652161002159119,-0.788494884967804
74,153,GRID_000882,9.182893244804426,76.9780825181501,0.8877,0.5,6,22.966912841796898,0.9652161002159119,-0.788494884967804
210,199,GRID_000883,9.182893244804426,76.98808251815011,0.8894000000000001,0.5,13,22.966912841796898,0.9652161002159119,-0.788494884967804
77,284,GRID_000884,9.182893244804426,76.99808251815011,0.8979,0.5,7,22.966912841796898,0.9652161002159119,-0.788494884967804
126,197,GRID_000885,9.182893244804426,77.00808251815012,0.9092,0.5,2,22.966912841796898,0.9652161002159119,-0.788494884967804
207,347,GRID_000886,9.182893244804426,77.01808251815012,0.5967,0.5,20,22.966912841796898,0.9652161002159119,-0.788494884967804
248,415,GRID_000887,9.182893244804426,77.02808251815013,0.5288,0.5,17,22.966912841796898,0.9652161002159119,-0.788494884967804
347,502,GRID_000888,9.182893244804426,77.03808251815013,0.6739,0.5,10,22.966912841796898,0.9652161002159119,-0.788494884967804
302,685,GRID_000889,9.182893244804426,77.04808251815014,0.6786,0.5,14,22.966912841796898,0.9652161002159119,-0.788494884967804
20,661,GRID_000890,9.182893244804426,77.05808251815014,0.8178000000000001,0.5,27,22.966912841796898,0.9652161002159119,-0.788494884967804
12,598,GRID_000891,9.182893244804426,77.06808251815015,0.39640000000000003,0.5,25,22.966912841796898,0.9652161002159119,-0.788494884967804
306,475,GRID_000892,9.182893244804426,77.07808251815015,0.6945,0.5,14,22.966912841796898,0.9652161002159119,-0.788494884967804
321,516,GRID_000893,9.182893244804426,77.08808251815016,0.45980000000000004,0.5,14,22.966912841796898,0.9652161002159119,-0.788494884967804
338,797,GRID_000894,9.182893244804426,77.09808251815016,0.6116,0.5,14,22.966912841796898,0.9652161002159119,-0.788494884967804
155,503,GRID_000895,9.182893244804426,77.10808251815017,0.636,0.5,18,22.966912841796898,0.9652161002159119,-0.788494884967804
67,408,GRID_000896,9.182893244804426,77.11808251815017,0.6596000000000001,0.5,6,22.966912841796898,0.9652161002159119,-0.788494884967804
207,519,GRID_000897,9.182893244804426,77.12808251815018,0.8602000000000001,0.125,11,22.666894531250023,3.865216016769409,0.31150513887405396
244,508,GRID_000898,9.182893244804426,77.13808251815018,0.7491,0.125,10,22.666894531250023,3.865216016769409,0.31150513887405396
240,793,GRID_000899,9.182893244804426,77.14808251815019,0.8075,0.125,10,22.666894531250023,3.865216016769409,0.31150513887405396
156,685,GRID_000900,9.182893244804426,77.1580825181502,0.9097000000000001,0.125,16,22.666894531250023,3.865216016769409,0.31150513887405396
7,162,GRID_000901,9.192893244804424,76.82808251815003,0.8713000000000001,0.625,6,23.266900634765648,-0.03478393703699112,-0.788494884967804
288,59,GRID_000902,9.192893244804424,76.83808251815003,0.8694000000000001,0.625,3,23.266900634765648,-0.03478393703699112,-0.788494884967804
0,59,GRID_000903,9.192893244804424,76.84808251815004,0.7957000000000001,0.625,6,23.266900634765648,-0.03478393703699112,-0.788494884967804
256,39,GRID_000904,9.192893244804424,76.85808251815004,0.748,0.625,1,23.266900634765648,-0.03478393703699112,-0.788494884967804
305,61,GRID_000905,9.192893244804424,76.86808251815005,0.8214,0.625,7,23.266900634765648,-0.03478393703699112,-0.788494884967804
325,139,GRID_000906,9.192893244804424,76.87808251815005,0.8758,0.25,5,21.766900634765648,0.26521608233451843,-0.8884949088096619
135,52,GRID_000907,9.192893244804424,76.88808251815006,0.8615,0.25,1,21.766900634765648,0.26521608233451843,-0.8884949088096619
199,42,GRID_000908,9.192893244804424,76.90808251815007,0.8682000000000001,0.25,3,21.766900634765648,0.26521608233451843,-0.8884949088096619
3,44,GRID_000909,9.192893244804424,76.91808251815007,0.8876000000000001,0.25,2,21.766900634765648,0.26521608233451843,-0.8884949088096619
296,111,GRID_000910,9.192893244804424,76.92808251815008,0.8736,0.25,7,21.766900634765648,0.26521608233451843,-0.8884949088096619
296,219,GRID_000911,9.192893244804424,76.93808251815008,0.8405,0.25,17,21.766900634765648,0.26521608233451843,-0.8884949088096619
89,166,GRID_000912,9.192893244804424,76.94808251815009,0.8751,0.25,8,21.766900634765648,0.26521608233451843,-0.8884949088096619
238,91,GRID_000913,9.192893244804424,76.95808251815009,0.8657,0.25,4,21.766900634765648,0.26521608233451843,-0.8884949088096619
135,106,GRID_000914,9.192893244804424,76.9680825181501,0.8807,0.25,9,21.766900634765648,0.26521608233451843,-0.8884949088096619
199,226,GRID_000915,9.192893244804424,76.9780825181501,0.889,0.25,8,21.766900634765648,0.26521608233451843,-0.8884949088096619
304,267,GRID_000916,9.192893244804424,76.98808251815011,0.8924000000000001,0.25,9,21.766900634765648,0.26521608233451843,-0.8884949088096619
259,423,GRID_000917,9.192893244804424,76.99808251815011,0.8971,0.25,6,21.766900634765648,0.26521608233451843,-0.8884949088096619
147,373,GRID_000918,9.192893244804424,77.00808251815012,0.8905000000000001,0.25,15,21.766900634765648,0.26521608233451843,-0.8884949088096619
252,415,GRID_000919,9.192893244804424,77.01808251815012,0.8915000000000001,0.25,7,21.766900634765648,0.26521608233451843,-0.8884949088096619
50,464,GRID_000920,9.192893244804424,77.02808251815013,0.864,0.25,8,21.766900634765648,0.26521608233451843,-0.8884949088096619
224,486,GRID_000921,9.192893244804424,77.03808251815013,0.9181,0.25,4,21.766900634765648,0.26521608233451843,-0.8884949088096619
13,472,GRID_000922,9.192893244804424,77.04808251815014,0.918,0.25,6,21.766900634765648,0.26521608233451843,-0.8884949088096619
155,465,GRID_000923,9.192893244804424,77.05808251815014,0.924,0.25,15,21.766900634765648,0.26521608233451843,-0.8884949088096619
217,355,GRID_000924,9.192893244804424,77.06808251815015,0.9141,0.25,12,21.766900634765648,0.26521608233451843,-0.8884949088096619
169,342,GRID_000925,9.192893244804424,77.07808251815015,0.8754000000000001,0.25,7,21.766900634765648,0.26521608233451843,-0.8884949088096619
32,388,GRID_000926,9.192893244804424,77.08808251815016,0.49100000000000005,0.25,6,21.766900634765648,0.26521608233451843,-0.8884949088096619
272,482,GRID_000927,9.192893244804424,77.09808251815016,0.5038,0.25,20,21.766900634765648,0.26521608233451843,-0.8884949088096619
131,691,GRID_000928,9.192893244804424,77.10808251815017,0.5705,0.25,14,21.766900634765648,0.26521608233451843,-0.8884949088096619
125,626,GRID_000929,9.192893244804424,77.11808251815017,0.642,0.25,20,21.766900634765648,0.26521608233451843,-0.8884949088096619
269,659,GRID_000930,9.192893244804424,77.12808251815018,0.5791000000000001,0.0625,22,20.166894531250023,4.26521635055542,-0.688494861125946
224,668,GRID_000931,9.192893244804424,77.13808251815018,0.7356,0.0625,17,20.166894531250023,4.26521635055542,-0.688494861125946
241,1006,GRID_000932,9.192893244804424,77.14808251815019,0.9254,0.0625,18,20.166894531250023,4.26521635055542,-0.688494861125946
135,858,GRID_000933,9.192893244804424,77.1580825181502,0.8099000000000001,0.0625,12,20.166894531250023,4.26521635055542,-0.688494861125946
223,687,GRID_000934,9.192893244804424,77.1680825181502,0.49620000000000003,0.0625,11,20.166894531250023,4.26521635055542,-0.688494861125946
127,41,GRID_000935,9.202893244804423,76.84808251815004,0.6932,0.625,1,23.266900634765648,-0.03478393703699112,-0.788494884967804
240,91,GRID_000936,9.202893244804423,76.85808251815004,0.8568,0.625,7,23.266900634765648,-0.03478393703699112,-0.788494884967804
317,38,GRID_000937,9.202893244804423,76.86808251815005,0.8065,0.625,2,23.266900634765648,-0.03478393703699112,-0.788494884967804
16,62,GRID_000938,9.202893244804423,76.87808251815005,0.8023,0.25,4,21.766900634765648,0.26521608233451843,-0.8884949088096619
73,50,GRID_000939,9.202893244804423,76.88808251815006,0.8327,0.25,7,21.766900634765648,0.26521608233451843,-0.8884949088096619
232,85,GRID_000940,9.202893244804423,76.89808251815006,0.8540000000000001,0.25,10,21.766900634765648,0.26521608233451843,-0.8884949088096619
191,109,GRID_000941,9.202893244804423,76.90808251815007,0.8367,0.25,5,21.766900634765648,0.26521608233451843,-0.8884949088096619
111,93,GRID_000942,9.202893244804423,76.91808251815007,0.8525,0.25,8,21.766900634765648,0.26521608233451843,-0.8884949088096619
26,105,GRID_000943,9.202893244804423,76.92808251815008,0.8769,0.25,3,21.766900634765648,0.26521608233451843,-0.8884949088096619
250,174,GRID_000944,9.202893244804423,76.93808251815008,0.8613000000000001,0.25,11,21.766900634765648,0.26521608233451843,-0.8884949088096619
211,163,GRID_000945,9.202893244804423,76.94808251815009,0.8782000000000001,0.25,6,21.766900634765648,0.26521608233451843,-0.8884949088096619
216,251,GRID_000946,9.202893244804423,76.95808251815009,0.8835000000000001,0.25,12,21.766900634765648,0.26521608233451843,-0.8884949088096619
176,367,GRID_000947,9.202893244804423,76.9680825181501,0.8918,0.25,6,21.766900634765648,0.26521608233451843,-0.8884949088096619
133,189,GRID_000948,9.202893244804423,76.9780825181501,0.8899,0.25,15,21.766900634765648,0.26521608233451843,-0.8884949088096619
9,367,GRID_000949,9.202893244804423,76.98808251815011,0.8962,0.25,20,21.766900634765648,0.26521608233451843,-0.8884949088096619
339,403,GRID_000950,9.202893244804423,76.99808251815011,0.8676,0.25,9,21.766900634765648,0.26521608233451843,-0.8884949088096619
226,468,GRID_000951,9.202893244804423,77.00808251815012,0.8793000000000001,0.25,13,21.766900634765648,0.26521608233451843,-0.8884949088096619
23,488,GRID_000952,9.202893244804423,77.01808251815012,0.5750000000000001,0.25,8,21.766900634765648,0.26521608233451843,-0.8884949088096619
53,400,GRID_000953,9.202893244804423,77.02808251815013,0.7546,0.25,5,21.766900634765648,0.26521608233451843,-0.8884949088096619
32,415,GRID_000954,9.202893244804423,77.03808251815013,0.8305,0.25,16,21.766900634765648,0.26521608233451843,-0.8884949088096619
3,273,GRID_000955,9.202893244804423,77.04808251815014,0.9086000000000001,0.25,8,21.766900634765648,0.26521608233451843,-0.8884949088096619
197,421,GRID_000956,9.202893244804423,77.05808251815014,0.9123,0.25,18,21.766900634765648,0.26521608233451843,-0.8884949088096619
175,429,GRID_000957,9.202893244804423,77.06808251815015,0.906,0.25,9,21.766900634765648,0.26521608233451843,-0.8884949088096619
176,438,GRID_000958,9.202893244804423,77.07808251815015,0.9009,0.25,5,21.766900634765648,0.26521608233451843,-0.8884949088096619
149,555,GRID_000959,9.202893244804423,77.08808251815016,0.9089,0.25,1,21.766900634765648,0.26521608233451843,-0.8884949088096619
131,373,GRID_000960,9.202893244804423,77.09808251815016,0.461,0.25,4,21.766900634765648,0.26521608233451843,-0.8884949088096619
289,710,GRID_000961,9.202893244804423,77.10808251815017,0.6156,0.25,14,21.766900634765648,0.26521608233451843,-0.8884949088096619
294,880,GRID_000962,9.202893244804423,77.11808251815017,0.6281,0.25,5,21.766900634765648,0.26521608233451843,-0.8884949088096619
234,815,GRID_000963,9.202893244804423,77.12808251815018,0.555,0.0625,18,20.166894531250023,4.26521635055542,-0.688494861125946
214,968,GRID_000964,9.202893244804423,77.13808251815018,0.5055000000000001,0.0625,25,20.166894531250023,4.26521635055542,-0.688494861125946
193,1153,GRID_000965,9.202893244804423,77.14808251815019,0.4786,0.0625,13,20.166894531250023,4.26521635055542,-0.688494861125946
137,1054,GRID_000966,9.202893244804423,77.1580825181502,0.468,0.0625,23,20.166894531250023,4.26521635055542,-0.688494861125946
212,1018,GRID_000967,9.202893244804423,77.1680825181502,0.4318,0.0625,25,20.166894531250023,4.26521635055542,-0.688494861125946
27,84,GRID_000968,9.212893244804423,76.80808251815002,0.6418,0.625,17,23.266900634765648,-0.03478393703699112,-0.788494884967804
264,48,GRID_000969,9.212893244804423,76.81808251815002,0.7502000000000001,0.625,4,23.266900634765648,-0.03478393703699112,-0.788494884967804
174,148,GRID_000970,9.212893244804423,76.82808251815003,0.8092,0.625,8,23.266900634765648,-0.03478393703699112,-0.788494884967804
69,52,GRID_000971,9.212893244804423,76.83808251815003,0.8146,0.625,4,23.266900634765648,-0.03478393703699112,-0.788494884967804
157,32,GRID_000972,9.212893244804423,76.84808251815004,0.7334,0.625,2,23.266900634765648,-0.03478393703699112,-0.788494884967804
88,63,GRID_000973,9.212893244804423,76.85808251815004,0.8222,0.625,3,23.266900634765648,-0.03478393703699112,-0.788494884967804
356,51,GRID_000974,9.212893244804423,76.86808251815005,0.8417,0.625,3,23.266900634765648,-0.03478393703699112,-0.788494884967804
218,50,GRID_000975,9.212893244804423,76.87808251815005,0.8276,0.25,5,21.766900634765648,0.26521608233451843,-0.8884949088096619
273,39,GRID_000976,9.212893244804423,76.88808251815006,0.8583000000000001,0.25,4,21.766900634765648,0.26521608233451843,-0.8884949088096619
3,145,GRID_000977,9.212893244804423,76.89808251815006,0.8297,0.25,3,21.766900634765648,0.26521608233451843,-0.8884949088096619
93,156,GRID_000978,9.212893244804423,76.90808251815007,0.8337,0.25,2,21.766900634765648,0.26521608233451843,-0.8884949088096619
74,96,GRID_000979,9.212893244804423,76.91808251815007,0.8604,0.25,13,21.766900634765648,0.26521608233451843,-0.8884949088096619
252,152,GRID_000980,9.212893244804423,76.92808251815008,0.8631000000000001,0.25,8,21.766900634765648,0.26521608233451843,-0.8884949088096619
286,412,GRID_000981,9.212893244804423,76.93808251815008,0.8584,0.25,9,21.766900634765648,0.26521608233451843,-0.8884949088096619
195,425,GRID_000982,9.212893244804423,76.94808251815009,0.8737,0.25,14,21.766900634765648,0.26521608233451843,-0.8884949088096619
275,474,GRID_000983,9.212893244804423,76.95808251815009,0.8893000000000001,0.25,4,21.766900634765648,0.26521608233451843,-0.8884949088096619
118,386,GRID_000984,9.212893244804423,76.9680825181501,0.8964000000000001,0.25,8,21.766900634765648,0.26521608233451843,-0.8884949088096619
182,355,GRID_000985,9.212893244804423,76.9780825181501,0.8209000000000001,0.25,23,21.766900634765648,0.26521608233451843,-0.8884949088096619
161,351,GRID_000986,9.212893244804423,76.98808251815011,0.8488,0.25,11,21.766900634765648,0.26521608233451843,-0.8884949088096619
22,491,GRID_000987,9.212893244804423,76.99808251815011,0.8131,0.25,8,21.766900634765648,0.26521608233451843,-0.8884949088096619
351,511,GRID_000988,9.212893244804423,77.00808251815012,0.6622,0.25,5,21.766900634765648,0.26521608233451843,-0.8884949088096619
337,356,GRID_000989,9.212893244804423,77.01808251815012,0.9005000000000001,0.25,11,21.766900634765648,0.26521608233451843,-0.8884949088096619
243,366,GRID_000990,9.212893244804423,77.02808251815013,0.5991000000000001,0.25,13,21.766900634765648,0.26521608233451843,-0.8884949088096619
277,316,GRID_000991,9.212893244804423,77.03808251815013,0.9496,0.25,7,21.766900634765648,0.26521608233451843,-0.8884949088096619
267,470,GRID_000992,9.212893244804423,77.04808251815014,0.917,0.25,12,21.766900634765648,0.26521608233451843,-0.8884949088096619
32,444,GRID_000993,9.212893244804423,77.05808251815014,0.9133,0.25,8,21.766900634765648,0.26521608233451843,-0.8884949088096619
6,506,GRID_000994,9.212893244804423,77.06808251815015,0.9084000000000001,0.25,1,21.766900634765648,0.26521608233451843,-0.8884949088096619
25,510,GRID_000995,9.212893244804423,77.07808251815015,0.8948,0.25,4,21.766900634765648,0.26521608233451843,-0.8884949088096619
187,484,GRID_000996,9.212893244804423,77.08808251815016,0.6097,0.25,3,21.766900634765648,0.26521608233451843,-0.8884949088096619
186,584,GRID_000997,9.212893244804423,77.09808251815016,0.4994,0.25,6,21.766900634765648,0.26521608233451843,-0.8884949088096619
196,436,GRID_000998,9.212893244804423,77.10808251815017,0.366,0.25,5,21.766900634765648,0.26521608233451843,-0.8884949088096619
337,574,GRID_000999,9.212893244804423,77.11808251815017,0.5622,0.25,10,21.766900634765648,0.26521608233451843,-0.8884949088096619
263,991,GRID_001000,9.212893244804423,77.12808251815018,0.4172,0.0625,26,20.166894531250023,4.26521635055542,-0.688494861125946
310,1142,GRID_001001,9.212893244804423,77.13808251815018,0.465,0.0625,18,20.166894531250023,4.26521635055542,-0.688494861125946
274,1209,GRID_001002,9.212893244804423,77.14808251815019,0.6995,0.0625,5,20.166894531250023,4.26521635055542,-0.688494861125946
74,1270,GRID_001003,9.212893244804423,77.1580825181502,0.4975,0.0625,15,20.166894531250023,4.26521635055542,-0.688494861125946
48,1136,GRID_001004,9.212893244804423,77.1680825181502,0.31,0.0625,2,20.166894531250023,4.26521635055542,-0.688494861125946
215,53,GRID_001005,9.222893244804425,76.74808251814999,0.6814,0.625,2,23.266900634765648,-0.03478393703699112,-0.788494884967804
288,47,GRID_001006,9.222893244804425,76.83808251815003,0.7594000000000001,0.625,1,23.266900634765648,-0.03478393703699112,-0.788494884967804
0,30,GRID_001007,9.222893244804425,76.85808251815004,0.7447,0.625,2,23.266900634765648,-0.03478393703699112,-0.788494884967804
26,61,GRID_001008,9.222893244804425,76.86808251815005,0.8115,0.625,6,23.266900634765648,-0.03478393703699112,-0.788494884967804
216,58,GRID_001009,9.222893244804425,76.87808251815005,0.8355,0.25,7,21.766900634765648,0.26521608233451843,-0.8884949088096619
332,63,GRID_001010,9.222893244804425,76.88808251815006,0.8643000000000001,0.25,6,21.766900634765648,0.26521608233451843,-0.8884949088096619
27,166,GRID_001011,9.222893244804425,76.89808251815006,0.8653000000000001,0.25,6,21.766900634765648,0.26521608233451843,-0.8884949088096619
316,157,GRID_001012,9.222893244804425,76.90808251815007,0.7921,0.25,5,21.766900634765648,0.26521608233451843,-0.8884949088096619
134,195,GRID_001013,9.222893244804425,76.91808251815007,0.8621000000000001,0.25,13,21.766900634765648,0.26521608233451843,-0.8884949088096619
214,219,GRID_001014,9.222893244804425,76.92808251815008,0.8603000000000001,0.25,19,21.766900634765648,0.26521608233451843,-0.8884949088096619
202,298,GRID_001015,9.222893244804425,76.93808251815008,0.8826,0.25,17,21.766900634765648,0.26521608233451843,-0.8884949088096619
255,411,GRID_001016,9.222893244804425,76.94808251815009,0.8822000000000001,0.25,2,21.766900634765648,0.26521608233451843,-0.8884949088096619
286,454,GRID_001017,9.222893244804425,76.95808251815009,0.861,0.25,7,21.766900634765648,0.26521608233451843,-0.8884949088096619
281,390,GRID_001018,9.222893244804425,76.98808251815011,0.8550000000000001,0.25,5,21.766900634765648,0.26521608233451843,-0.8884949088096619
57,267,GRID_001019,9.222893244804425,76.99808251815011,0.7252000000000001,0.25,11,21.766900634765648,0.26521608233451843,-0.8884949088096619
96,272,GRID_001020,9.222893244804425,77.00808251815012,0.9868,0.25,8,21.766900634765648,0.26521608233451843,-0.8884949088096619
259,249,GRID_001021,9.222893244804425,77.01808251815012,0.45640000000000003,0.25,12,21.766900634765648,0.26521608233451843,-0.8884949088096619
37,264,GRID_001022,9.222893244804425,77.02808251815013,0.8055,0.25,18,21.766900634765648,0.26521608233451843,-0.8884949088096619
344,368,GRID_001023,9.222893244804425,77.03808251815013,0.9081,0.25,9,21.766900634765648,0.26521608233451843,-0.8884949088096619
16,377,GRID_001024,9.222893244804425,77.04808251815014,0.9329000000000001,0.25,9,21.766900634765648,0.26521608233451843,-0.8884949088096619
233,426,GRID_001025,9.222893244804425,77.05808251815014,0.91,0.25,15,21.766900634765648,0.26521608233451843,-0.8884949088096619
181,499,GRID_001026,9.222893244804425,77.06808251815015,0.9167000000000001,0.25,18,21.766900634765648,0.26521608233451843,-0.8884949088096619
182,512,GRID_001027,9.222893244804425,77.07808251815015,0.3755,0.25,3,21.766900634765648,0.26521608233451843,-0.8884949088096619
138,535,GRID_001028,9.222893244804425,77.08808251815016,0.42460000000000003,0.25,10,21.766900634765648,0.26521608233451843,-0.8884949088096619
182,563,GRID_001029,9.222893244804425,77.09808251815016,0.4747,0.25,16,21.766900634765648,0.26521608233451843,-0.8884949088096619
144,759,GRID_001030,9.222893244804425,77.10808251815017,0.4335,0.25,23,21.766900634765648,0.26521608233451843,-0.8884949088096619
146,558,GRID_001031,9.222893244804425,77.11808251815017,0.43310000000000004,0.25,14,21.766900634765648,0.26521608233451843,-0.8884949088096619
255,691,GRID_001032,9.222893244804425,77.12808251815018,0.4375,0.0625,11,20.166894531250023,4.26521635055542,-0.688494861125946
278,1013,GRID_001033,9.222893244804425,77.13808251815018,0.7166,0.0625,25,20.166894531250023,4.26521635055542,-0.688494861125946
38,1138,GRID_001034,9.222893244804425,77.14808251815019,0.4838,0.0625,10,20.166894531250023,4.26521635055542,-0.688494861125946
19,1183,GRID_001035,9.222893244804425,77.1580825181502,0.29550000000000004,0.0625,8,20.166894531250023,4.26521635055542,-0.688494861125946
341,1110,GRID_001036,9.222893244804425,77.1680825181502,0.39890000000000003,0.0625,1,20.166894531250023,4.26521635055542,-0.688494861125946
270,69,GRID_001037,9.232893244804425,76.80808251815002,0.7579,0.625,3,23.266900634765648,-0.03478393703699112,-0.788494884967804
124,49,GRID_001038,9.232893244804425,76.86808251815005,0.8434,0.625,4,23.266900634765648,-0.03478393703699112,-0.788494884967804
269,119,GRID_001039,9.232893244804425,76.87808251815005,0.7958000000000001,0.25,6,21.766900634765648,0.26521608233451843,-0.8884949088096619
220,111,GRID_001040,9.232893244804425,76.88808251815006,0.8312,0.25,8,21.766900634765648,0.26521608233451843,-0.8884949088096619
151,163,GRID_001041,9.232893244804425,76.89808251815006,0.8272,0.25,5,21.766900634765648,0.26521608233451843,-0.8884949088096619
187,194,GRID_001042,9.232893244804425,76.90808251815007,0.8979,0.25,12,21.766900634765648,0.26521608233451843,-0.8884949088096619
84,288,GRID_001043,9.232893244804425,76.91808251815007,0.8936000000000001,0.25,21,21.766900634765648,0.26521608233451843,-0.8884949088096619
20,200,GRID_001044,9.232893244804425,76.92808251815008,0.8744000000000001,0.25,12,21.766900634765648,0.26521608233451843,-0.8884949088096619
268,331,GRID_001045,9.232893244804425,76.93808251815008,0.8758,0.25,13,21.766900634765648,0.26521608233451843,-0.8884949088096619
0,449,GRID_001046,9.232893244804425,76.94808251815009,0.8843000000000001,0.25,3,21.766900634765648,0.26521608233451843,-0.8884949088096619
13,396,GRID_001047,9.232893244804425,76.95808251815009,0.9068,0.25,8,21.766900634765648,0.26521608233451843,-0.8884949088096619
87,153,GRID_001048,9.232893244804425,76.9680825181501,0.8472000000000001,0.25,15,21.766900634765648,0.26521608233451843,-0.8884949088096619
238,123,GRID_001049,9.232893244804425,76.9780825181501,0.8843000000000001,0.25,2,21.766900634765648,0.26521608233451843,-0.8884949088096619
338,239,GRID_001050,9.232893244804425,76.98808251815011,0.8456,0.25,16,21.766900634765648,0.26521608233451843,-0.8884949088096619
332,145,GRID_001051,9.232893244804425,76.99808251815011,0.8748,0.25,2,21.766900634765648,0.26521608233451843,-0.8884949088096619
151,279,GRID_001052,9.232893244804425,77.00808251815012,0.9065000000000001,0.25,17,21.766900634765648,0.26521608233451843,-0.8884949088096619
213,223,GRID_001053,9.232893244804425,77.01808251815012,0.6463,0.25,18,21.766900634765648,0.26521608233451843,-0.8884949088096619
256,315,GRID_001054,9.232893244804425,77.02808251815013,0.5929,0.25,21,21.766900634765648,0.26521608233451843,-0.8884949088096619
329,478,GRID_001055,9.232893244804425,77.03808251815013,0.8657,0.25,6,21.766900634765648,0.26521608233451843,-0.8884949088096619
4,502,GRID_001056,9.232893244804425,77.04808251815014,0.7818,0.25,12,21.766900634765648,0.26521608233451843,-0.8884949088096619
308,567,GRID_001057,9.232893244804425,77.05808251815014,0.8073,0.25,6,21.766900634765648,0.26521608233451843,-0.8884949088096619
348,583,GRID_001058,9.232893244804425,77.06808251815015,0.7363000000000001,0.25,5,21.766900634765648,0.26521608233451843,-0.8884949088096619
289,738,GRID_001059,9.232893244804425,77.07808251815015,0.5715,0.25,14,21.766900634765648,0.26521608233451843,-0.8884949088096619
216,784,GRID_001060,9.232893244804425,77.08808251815016,0.24080000000000001,0.25,11,21.766900634765648,0.26521608233451843,-0.8884949088096619
242,651,GRID_001061,9.232893244804425,77.09808251815016,0.6162000000000001,0.25,10,21.766900634765648,0.26521608233451843,-0.8884949088096619
247,816,GRID_001062,9.232893244804425,77.10808251815017,0.9088,0.25,10,21.766900634765648,0.26521608233451843,-0.8884949088096619
144,1006,GRID_001063,9.232893244804425,77.11808251815017,0.4325,0.25,26,21.766900634765648,0.26521608233451843,-0.8884949088096619
146,778,GRID_001064,9.232893244804425,77.12808251815018,0.6535000000000001,0.0625,15,20.166894531250023,4.26521635055542,-0.688494861125946
268,1098,GRID_001065,9.232893244804425,77.13808251815018,0.4204,0.0625,17,20.166894531250023,4.26521635055542,-0.688494861125946
57,1160,GRID_001066,9.232893244804425,77.14808251815019,0.383,0.0625,7,20.166894531250023,4.26521635055542,-0.688494861125946
359,1153,GRID_001067,9.232893244804425,77.1580825181502,0.38220000000000004,0.0625,8,20.166894531250023,4.26521635055542,-0.688494861125946
354,41,GRID_001068,9.242893244804424,76.81808251815002,0.787,0.625,1,23.266900634765648,-0.03478393703699112,-0.788494884967804
127,60,GRID_001069,9.242893244804424,76.82808251815003,0.7972,0.625,4,23.266900634765648,-0.03478393703699112,-0.788494884967804
0,51,GRID_001070,9.242893244804424,76.83808251815003,0.8127000000000001,0.625,4,23.266900634765648,-0.03478393703699112,-0.788494884967804
61,30,GRID_001071,9.242893244804424,76.84808251815004,0.8075,0.625,1,23.266900634765648,-0.03478393703699112,-0.788494884967804
231,41,GRID_001072,9.242893244804424,76.85808251815004,0.8084,0.625,1,23.266900634765648,-0.03478393703699112,-0.788494884967804
232,87,GRID_001073,9.242893244804424,76.86808251815005,0.8564,0.625,8,23.266900634765648,-0.03478393703699112,-0.788494884967804
259,152,GRID_001074,9.242893244804424,76.87808251815005,0.7693,0.25,6,21.766900634765648,0.26521608233451843,-0.8884949088096619
246,251,GRID_001075,9.242893244804424,76.88808251815006,0.8794000000000001,0.25,3,21.766900634765648,0.26521608233451843,-0.8884949088096619
224,340,GRID_001076,9.242893244804424,76.89808251815006,0.8537,0.25,6,21.766900634765648,0.26521608233451843,-0.8884949088096619
30,239,GRID_001077,9.242893244804424,76.90808251815007,0.8525,0.25,21,21.766900634765648,0.26521608233451843,-0.8884949088096619
79,185,GRID_001078,9.242893244804424,76.91808251815007,0.8898,0.25,16,21.766900634765648,0.26521608233451843,-0.8884949088096619
207,118,GRID_001079,9.242893244804424,76.92808251815008,0.8853000000000001,0.25,11,21.766900634765648,0.26521608233451843,-0.8884949088096619
232,287,GRID_001080,9.242893244804424,76.93808251815008,0.888,0.25,13,21.766900634765648,0.26521608233451843,-0.8884949088096619
31,316,GRID_001081,9.242893244804424,76.94808251815009,0.9007000000000001,0.25,27,21.766900634765648,0.26521608233451843,-0.8884949088096619
30,228,GRID_001082,9.242893244804424,76.95808251815009,0.8811,0.25,22,21.766900634765648,0.26521608233451843,-0.8884949088096619
203,128,GRID_001083,9.242893244804424,76.9680825181501,0.8692000000000001,0.25,17,21.766900634765648,0.26521608233451843,-0.8884949088096619
202,379,GRID_001084,9.242893244804424,76.9780825181501,0.8837,0.25,16,21.766900634765648,0.26521608233451843,-0.8884949088096619
163,286,GRID_001085,9.242893244804424,76.98808251815011,0.8943000000000001,0.25,13,21.766900634765648,0.26521608233451843,-0.8884949088096619
225,369,GRID_001086,9.242893244804424,76.99808251815011,0.8987,0.25,11,21.766900634765648,0.26521608233451843,-0.8884949088096619
222,499,GRID_001087,9.242893244804424,77.00808251815012,0.9171,0.25,8,21.766900634765648,0.26521608233451843,-0.8884949088096619
124,515,GRID_001088,9.242893244804424,77.01808251815012,0.9119,0.25,20,21.766900634765648,0.26521608233451843,-0.8884949088096619
289,317,GRID_001089,9.242893244804424,77.02808251815013,0.9036000000000001,0.25,8,21.766900634765648,0.26521608233451843,-0.8884949088096619
332,370,GRID_001090,9.242893244804424,77.03808251815013,0.8391000000000001,0.25,12,21.766900634765648,0.26521608233451843,-0.8884949088096619
337,413,GRID_001091,9.242893244804424,77.04808251815014,0.7186,0.25,11,21.766900634765648,0.26521608233451843,-0.8884949088096619
313,427,GRID_001092,9.242893244804424,77.05808251815014,0.4333,0.25,7,21.766900634765648,0.26521608233451843,-0.8884949088096619
284,574,GRID_001093,9.242893244804424,77.06808251815015,0.4672,0.25,11,21.766900634765648,0.26521608233451843,-0.8884949088096619
333,780,GRID_001094,9.242893244804424,77.07808251815015,0.8273,0.25,13,21.766900634765648,0.26521608233451843,-0.8884949088096619
4,893,GRID_001095,9.242893244804424,77.08808251815016,0.5942000000000001,0.25,11,21.766900634765648,0.26521608233451843,-0.8884949088096619
151,919,GRID_001096,9.242893244804424,77.09808251815016,0.3522,0.25,23,21.766900634765648,0.26521608233451843,-0.8884949088096619
255,1101,GRID_001097,9.242893244804424,77.10808251815017,0.9664,0.25,22,21.766900634765648,0.26521608233451843,-0.8884949088096619
118,1224,GRID_001098,9.242893244804424,77.11808251815017,0.3386,0.25,8,21.766900634765648,0.26521608233451843,-0.8884949088096619
180,1034,GRID_001099,9.242893244804424,77.12808251815018,0.2321,0.0625,20,20.166894531250023,4.26521635055542,-0.688494861125946
211,1133,GRID_001100,9.242893244804424,77.13808251815018,0.3466,0.0625,15,20.166894531250023,4.26521635055542,-0.688494861125946
351,1114,GRID_001101,9.242893244804424,77.14808251815019,0.5207,0.0625,8,20.166894531250023,4.26521635055542,-0.688494861125946
190,1134,GRID_001102,9.242893244804424,77.1580825181502,0.4607,0.0625,9,20.166894531250023,4.26521635055542,-0.688494861125946
313,1189,GRID_001103,9.242893244804424,77.1680825181502,0.1867,0.0625,20,20.166894531250023,4.26521635055542,-0.688494861125946
31,29,GRID_001104,9.252893244804424,76.82808251815003,0.8458,0.625,1,23.266900634765648,-0.03478393703699112,-0.788494884967804
224,53,GRID_001105,9.252893244804424,76.83808251815003,0.8495,0.625,4,23.266900634765648,-0.03478393703699112,-0.788494884967804
244,38,GRID_001106,9.252893244804424,76.84808251815004,0.7937000000000001,0.625,3,23.266900634765648,-0.03478393703699112,-0.788494884967804
217,91,GRID_001107,9.252893244804424,76.85808251815004,0.8353,0.625,11,23.266900634765648,-0.03478393703699112,-0.788494884967804
294,124,GRID_001108,9.252893244804424,76.86808251815005,0.6204000000000001,0.625,5,23.266900634765648,-0.03478393703699112,-0.788494884967804
253,134,GRID_001109,9.252893244804424,76.87808251815005,0.9068,0.25,7,21.766900634765648,0.26521608233451843,-0.8884949088096619
0,145,GRID_001110,9.252893244804424,76.89808251815006,0.8644000000000001,0.25,7,21.766900634765648,0.26521608233451843,-0.8884949088096619
82,110,GRID_001111,9.252893244804424,76.90808251815007,0.7862,0.25,2,21.766900634765648,0.26521608233451843,-0.8884949088096619
16,91,GRID_001112,9.252893244804424,76.92808251815008,0.8937,0.25,8,21.766900634765648,0.26521608233451843,-0.8884949088096619
208,124,GRID_001113,9.252893244804424,76.93808251815008,0.8926000000000001,0.25,13,21.766900634765648,0.26521608233451843,-0.8884949088096619
88,243,GRID_001114,9.252893244804424,76.94808251815009,0.7849,0.25,8,21.766900634765648,0.26521608233451843,-0.8884949088096619
196,134,GRID_001115,9.252893244804424,76.95808251815009,0.8462000000000001,0.25,10,21.766900634765648,0.26521608233451843,-0.8884949088096619
322,289,GRID_001116,9.252893244804424,76.9680825181501,0.9099,0.25,11,21.766900634765648,0.26521608233451843,-0.8884949088096619
328,363,GRID_001117,9.252893244804424,76.9780825181501,0.8901,0.25,7,21.766900634765648,0.26521608233451843,-0.8884949088096619
145,438,GRID_001118,9.252893244804424,76.98808251815011,0.9037000000000001,0.25,5,21.766900634765648,0.26521608233451843,-0.8884949088096619
151,365,GRID_001119,9.252893244804424,76.99808251815011,0.9045000000000001,0.25,17,21.766900634765648,0.26521608233451843,-0.8884949088096619
308,394,GRID_001120,9.252893244804424,77.00808251815012,0.9015000000000001,0.25,12,21.766900634765648,0.26521608233451843,-0.8884949088096619
0,494,GRID_001121,9.252893244804424,77.01808251815012,0.9192,0.25,1,21.766900634765648,0.26521608233451843,-0.8884949088096619
71,353,GRID_001122,9.252893244804424,77.02808251815013,0.9123,0.25,9,21.766900634765648,0.26521608233451843,-0.8884949088096619
285,504,GRID_001123,9.252893244804424,77.03808251815013,0.9213,0.25,8,21.766900634765648,0.26521608233451843,-0.8884949088096619
208,483,GRID_001124,9.252893244804424,77.04808251815014,0.9032,0.25,8,21.766900634765648,0.26521608233451843,-0.8884949088096619
143,580,GRID_001125,9.252893244804424,77.05808251815014,0.8768,0.25,12,21.766900634765648,0.26521608233451843,-0.8884949088096619
215,645,GRID_001126,9.252893244804424,77.06808251815015,0.16720000000000002,0.25,11,21.766900634765648,0.26521608233451843,-0.8884949088096619
297,613,GRID_001127,9.252893244804424,77.07808251815015,0.5389,0.25,18,21.766900634765648,0.26521608233451843,-0.8884949088096619
293,769,GRID_001128,9.252893244804424,77.08808251815016,0.3191,0.25,10,21.766900634765648,0.26521608233451843,-0.8884949088096619
266,1039,GRID_001129,9.252893244804424,77.09808251815016,0.9463,0.25,19,21.766900634765648,0.26521608233451843,-0.8884949088096619
328,1110,GRID_001130,9.252893244804424,77.10808251815017,0.2398,0.25,12,21.766900634765648,0.26521608233451843,-0.8884949088096619
20,1136,GRID_001131,9.252893244804424,77.11808251815017,0.2752,0.25,7,21.766900634765648,0.26521608233451843,-0.8884949088096619
41,1089,GRID_001132,9.252893244804424,77.12808251815018,0.4207,0.0625,4,20.166894531250023,4.26521635055542,-0.688494861125946
108,1070,GRID_001133,9.252893244804424,77.13808251815018,0.5660000000000001,0.0625,0,20.166894531250023,4.26521635055542,-0.688494861125946
284,1117,GRID_001134,9.252893244804424,77.14808251815019,0.45130000000000003,0.0625,8,20.166894531250023,4.26521635055542,-0.688494861125946
257,1171,GRID_001135,9.252893244804424,77.1580825181502,0.605,0.0625,13,20.166894531250023,4.26521635055542,-0.688494861125946
270,1197,GRID_001136,9.252893244804424,77.1680825181502,0.20140000000000002,0.0625,8,20.166894531250023,4.26521635055542,-0.688494861125946
37,1152,GRID_001137,9.252893244804424,77.1780825181502,0.1993,0.0625,13,20.166894531250023,4.26521635055542,-0.688494861125946
75,28,GRID_001138,9.262893244804424,76.80808251815002,0.6365000000000001,0.625,2,23.266900634765648,-0.03478393703699112,-0.788494884967804
60,41,GRID_001139,9.262893244804424,76.81808251815002,0.8264,0.625,2,23.266900634765648,-0.03478393703699112,-0.788494884967804
199,45,GRID_001140,9.262893244804424,76.82808251815003,0.8065,0.625,3,23.266900634765648,-0.03478393703699112,-0.788494884967804
78,76,GRID_001141,9.262893244804424,76.83808251815003,0.8521000000000001,0.625,8,23.266900634765648,-0.03478393703699112,-0.788494884967804
272,50,GRID_001142,9.262893244804424,76.84808251815004,0.8809,0.625,3,23.266900634765648,-0.03478393703699112,-0.788494884967804
115,99,GRID_001143,9.262893244804424,76.85808251815004,0.7181000000000001,0.625,8,23.266900634765648,-0.03478393703699112,-0.788494884967804
237,72,GRID_001144,9.262893244804424,76.86808251815005,0.8066,0.625,3,23.266900634765648,-0.03478393703699112,-0.788494884967804
113,110,GRID_001145,9.262893244804424,76.87808251815005,0.8462000000000001,0.25,7,21.766900634765648,0.26521608233451843,-0.8884949088096619
341,138,GRID_001146,9.262893244804424,76.88808251815006,0.8696,0.25,4,21.766900634765648,0.26521608233451843,-0.8884949088096619
5,104,GRID_001147,9.262893244804424,76.89808251815006,0.9064000000000001,0.25,13,21.766900634765648,0.26521608233451843,-0.8884949088096619
127,140,GRID_001148,9.262893244804424,76.91808251815007,0.887,0.25,12,21.766900634765648,0.26521608233451843,-0.8884949088096619
276,123,GRID_001149,9.262893244804424,76.92808251815008,0.7607,0.25,10,21.766900634765648,0.26521608233451843,-0.8884949088096619
321,201,GRID_001150,9.262893244804424,76.93808251815008,0.8888,0.25,10,21.766900634765648,0.26521608233451843,-0.8884949088096619
87,238,GRID_001151,9.262893244804424,76.94808251815009,0.8787,0.25,15,21.766900634765648,0.26521608233451843,-0.8884949088096619
154,190,GRID_001152,9.262893244804424,76.95808251815009,0.8061,0.25,19,21.766900634765648,0.26521608233451843,-0.8884949088096619
251,219,GRID_001153,9.262893244804424,76.9680825181501,0.6015,0.25,13,21.766900634765648,0.26521608233451843,-0.8884949088096619
268,466,GRID_001154,9.262893244804424,76.9780825181501,0.8496,0.25,3,21.766900634765648,0.26521608233451843,-0.8884949088096619
29,434,GRID_001155,9.262893244804424,76.98808251815011,0.7952,0.25,15,21.766900634765648,0.26521608233451843,-0.8884949088096619
213,512,GRID_001156,9.262893244804424,76.99808251815011,0.8521000000000001,0.25,4,21.766900634765648,0.26521608233451843,-0.8884949088096619
121,451,GRID_001157,9.262893244804424,77.00808251815012,0.9134,0.25,5,21.766900634765648,0.26521608233451843,-0.8884949088096619
181,410,GRID_001158,9.262893244804424,77.01808251815012,0.9161,0.25,6,21.766900634765648,0.26521608233451843,-0.8884949088096619
220,413,GRID_001159,9.262893244804424,77.02808251815013,0.9066000000000001,0.25,11,21.766900634765648,0.26521608233451843,-0.8884949088096619
288,524,GRID_001160,9.262893244804424,77.03808251815013,0.9137000000000001,0.25,16,21.766900634765648,0.26521608233451843,-0.8884949088096619
244,662,GRID_001161,9.262893244804424,77.04808251815014,0.9254,0.25,5,21.766900634765648,0.26521608233451843,-0.8884949088096619
199,745,GRID_001162,9.262893244804424,77.05808251815014,0.9063,0.25,16,21.766900634765648,0.26521608233451843,-0.8884949088096619
227,731,GRID_001163,9.262893244804424,77.06808251815015,0.9149,0.25,18,21.766900634765648,0.26521608233451843,-0.8884949088096619
186,775,GRID_001164,9.262893244804424,77.07808251815015,0.4434,0.25,22,21.766900634765648,0.26521608233451843,-0.8884949088096619
354,799,GRID_001165,9.262893244804424,77.08808251815016,0.36200000000000004,0.25,14,21.766900634765648,0.26521608233451843,-0.8884949088096619
251,835,GRID_001166,9.262893244804424,77.09808251815016,0.6923,0.25,7,21.766900634765648,0.26521608233451843,-0.8884949088096619
255,1023,GRID_001167,9.262893244804424,77.10808251815017,0.1071,0.25,5,21.766900634765648,0.26521608233451843,-0.8884949088096619
223,1114,GRID_001168,9.262893244804424,77.11808251815017,0.17700000000000002,0.25,4,21.766900634765648,0.26521608233451843,-0.8884949088096619
74,1077,GRID_001169,9.262893244804424,77.12808251815018,0.3289,0.0625,2,20.166894531250023,4.26521635055542,-0.688494861125946
269,1074,GRID_001170,9.262893244804424,77.13808251815018,0.431,0.0625,6,20.166894531250023,4.26521635055542,-0.688494861125946
212,1092,GRID_001171,9.262893244804424,77.14808251815019,0.2967,0.0625,2,20.166894531250023,4.26521635055542,-0.688494861125946
58,1188,GRID_001172,9.262893244804424,77.1580825181502,0.3317,0.0625,6,20.166894531250023,4.26521635055542,-0.688494861125946
27,1033,GRID_001173,9.262893244804424,77.1680825181502,0.40240000000000004,0.0625,1,20.166894531250023,4.26521635055542,-0.688494861125946
154,1072,GRID_001174,9.262893244804424,77.1780825181502,0.42250000000000004,0.0625,3,20.166894531250023,4.26521635055542,-0.688494861125946
214,81,GRID_001175,9.272893244804424,76.73808251814998,0.5919,0.625,7,23.266900634765648,-0.03478393703699112,-0.788494884967804
192,35,GRID_001176,9.272893244804424,76.80808251815002,0.7588,0.625,3,23.266900634765648,-0.03478393703699112,-0.788494884967804
162,84,GRID_001177,9.272893244804424,76.81808251815002,0.8555,0.625,5,23.266900634765648,-0.03478393703699112,-0.788494884967804
176,130,GRID_001178,9.272893244804424,76.82808251815003,0.8457,0.625,10,23.266900634765648,-0.03478393703699112,-0.788494884967804
98,79,GRID_001179,9.272893244804424,76.83808251815003,0.6457,0.625,8,23.266900634765648,-0.03478393703699112,-0.788494884967804
257,143,GRID_001180,9.272893244804424,76.84808251815004,0.48650000000000004,0.625,9,23.266900634765648,-0.03478393703699112,-0.788494884967804
223,158,GRID_001181,9.272893244804424,76.85808251815004,0.9055000000000001,0.625,4,23.266900634765648,-0.03478393703699112,-0.788494884967804
102,96,GRID_001182,9.272893244804424,76.86808251815005,0.6548,0.625,1,23.266900634765648,-0.03478393703699112,-0.788494884967804
331,47,GRID_001183,9.272893244804424,76.87808251815005,0.5615,0.25,6,21.766900634765648,0.26521608233451843,-0.8884949088096619
103,75,GRID_001184,9.272893244804424,76.88808251815006,0.7336,0.25,2,21.766900634765648,0.26521608233451843,-0.8884949088096619
316,82,GRID_001185,9.272893244804424,76.89808251815006,0.8833000000000001,0.25,4,21.766900634765648,0.26521608233451843,-0.8884949088096619
162,134,GRID_001186,9.272893244804424,76.90808251815007,0.8898,0.25,10,21.766900634765648,0.26521608233451843,-0.8884949088096619
54,271,GRID_001187,9.272893244804424,76.91808251815007,0.8547,0.25,16,21.766900634765648,0.26521608233451843,-0.8884949088096619
273,87,GRID_001188,9.272893244804424,76.92808251815008,0.8135,0.25,2,21.766900634765648,0.26521608233451843,-0.8884949088096619
227,224,GRID_001189,9.272893244804424,76.93808251815008,0.888,0.25,14,21.766900634765648,0.26521608233451843,-0.8884949088096619
344,371,GRID_001190,9.272893244804424,76.94808251815009,0.9088,0.25,6,21.766900634765648,0.26521608233451843,-0.8884949088096619
342,367,GRID_001191,9.272893244804424,76.95808251815009,0.8608,0.25,5,21.766900634765648,0.26521608233451843,-0.8884949088096619
143,334,GRID_001192,9.272893244804424,76.9680825181501,0.8951,0.25,25,21.766900634765648,0.26521608233451843,-0.8884949088096619
189,408,GRID_001193,9.272893244804424,76.9780825181501,0.7772,0.25,20,21.766900634765648,0.26521608233451843,-0.8884949088096619
188,490,GRID_001194,9.272893244804424,76.98808251815011,0.8749,0.25,15,21.766900634765648,0.26521608233451843,-0.8884949088096619
286,505,GRID_001195,9.272893244804424,76.99808251815011,0.8938,0.25,10,21.766900634765648,0.26521608233451843,-0.8884949088096619
212,542,GRID_001196,9.272893244804424,77.00808251815012,0.911,0.25,9,21.766900634765648,0.26521608233451843,-0.8884949088096619
101,535,GRID_001197,9.272893244804424,77.01808251815012,0.903,0.25,13,21.766900634765648,0.26521608233451843,-0.8884949088096619
219,577,GRID_001198,9.272893244804424,77.02808251815013,0.9041,0.25,9,21.766900634765648,0.26521608233451843,-0.8884949088096619
199,687,GRID_001199,9.272893244804424,77.03808251815013,0.7893,0.25,19,21.766900634765648,0.26521608233451843,-0.8884949088096619
216,861,GRID_001200,9.272893244804424,77.04808251815014,0.6617000000000001,0.25,17,21.766900634765648,0.26521608233451843,-0.8884949088096619
164,892,GRID_001201,9.272893244804424,77.05808251815014,0.6132000000000001,0.25,13,21.766900634765648,0.26521608233451843,-0.8884949088096619
202,940,GRID_001202,9.272893244804424,77.06808251815015,0.1573,0.25,17,21.766900634765648,0.26521608233451843,-0.8884949088096619
201,1064,GRID_001203,9.272893244804424,77.07808251815015,0.2258,0.25,14,21.766900634765648,0.26521608233451843,-0.8884949088096619
229,926,GRID_001204,9.272893244804424,77.08808251815016,0.45780000000000004,0.25,19,21.766900634765648,0.26521608233451843,-0.8884949088096619
286,1013,GRID_001205,9.272893244804424,77.09808251815016,0.2782,0.25,9,21.766900634765648,0.26521608233451843,-0.8884949088096619
20,1086,GRID_001206,9.272893244804424,77.10808251815017,0.29150000000000004,0.25,8,21.766900634765648,0.26521608233451843,-0.8884949088096619
74,1055,GRID_001207,9.272893244804424,77.11808251815017,0.36920000000000003,0.25,3,21.766900634765648,0.26521608233451843,-0.8884949088096619
21,1055,GRID_001208,9.272893244804424,77.12808251815018,0.3894,0.0625,8,20.166894531250023,4.26521635055542,-0.688494861125946
293,1070,GRID_001209,9.272893244804424,77.13808251815018,0.4431,0.0625,1,20.166894531250023,4.26521635055542,-0.688494861125946
234,1105,GRID_001210,9.272893244804424,77.14808251815019,0.2664,0.0625,4,20.166894531250023,4.26521635055542,-0.688494861125946
34,1075,GRID_001211,9.272893244804424,77.1580825181502,0.1391,0.0625,8,20.166894531250023,4.26521635055542,-0.688494861125946
108,1044,GRID_001212,9.272893244804424,77.1680825181502,0.5809000000000001,0.0625,15,20.166894531250023,4.26521635055542,-0.688494861125946
219,1068,GRID_001213,9.272893244804424,77.1780825181502,0.4208,0.0625,2,20.166894531250023,4.26521635055542,-0.688494861125946
178,89,GRID_001214,9.282893244804423,76.80808251815002,0.6822,0.625,4,23.266900634765648,-0.03478393703699112,-0.788494884967804
196,146,GRID_001215,9.282893244804423,76.81808251815002,0.8734000000000001,0.625,6,23.266900634765648,-0.03478393703699112,-0.788494884967804
90,153,GRID_001216,9.282893244804423,76.82808251815003,0.8094,0.625,5,23.266900634765648,-0.03478393703699112,-0.788494884967804
158,91,GRID_001217,9.282893244804423,76.83808251815003,0.7755000000000001,0.625,8,23.266900634765648,-0.03478393703699112,-0.788494884967804
267,139,GRID_001218,9.282893244804423,76.84808251815004,0.6552,0.625,5,23.266900634765648,-0.03478393703699112,-0.788494884967804
239,166,GRID_001219,9.282893244804423,76.85808251815004,0.5851000000000001,0.625,7,23.266900634765648,-0.03478393703699112,-0.788494884967804
48,41,GRID_001220,9.282893244804423,76.86808251815005,0.5627,0.625,5,23.266900634765648,-0.03478393703699112,-0.788494884967804
245,102,GRID_001221,9.282893244804423,76.87808251815005,0.6285000000000001,0.25,4,21.766900634765648,0.26521608233451843,-0.8884949088096619
335,118,GRID_001222,9.282893244804423,76.88808251815006,0.6863,0.25,3,21.766900634765648,0.26521608233451843,-0.8884949088096619
319,209,GRID_001223,9.282893244804423,76.89808251815006,0.8993,0.25,7,21.766900634765648,0.26521608233451843,-0.8884949088096619
321,247,GRID_001224,9.282893244804423,76.90808251815007,0.8858,0.25,11,21.766900634765648,0.26521608233451843,-0.8884949088096619
38,316,GRID_001225,9.282893244804423,76.91808251815007,0.894,0.25,15,21.766900634765648,0.26521608233451843,-0.8884949088096619
278,131,GRID_001226,9.282893244804423,76.92808251815008,0.8482000000000001,0.25,6,21.766900634765648,0.26521608233451843,-0.8884949088096619
213,143,GRID_001227,9.282893244804423,76.93808251815008,0.8895000000000001,0.25,4,21.766900634765648,0.26521608233451843,-0.8884949088096619
271,268,GRID_001228,9.282893244804423,76.94808251815009,0.8793000000000001,0.25,15,21.766900634765648,0.26521608233451843,-0.8884949088096619
275,424,GRID_001229,9.282893244804423,76.95808251815009,0.8811,0.25,6,21.766900634765648,0.26521608233451843,-0.8884949088096619
182,465,GRID_001230,9.282893244804423,76.9680825181501,0.8356,0.25,6,21.766900634765648,0.26521608233451843,-0.8884949088096619
214,528,GRID_001231,9.282893244804423,76.9780825181501,0.6883,0.25,8,21.766900634765648,0.26521608233451843,-0.8884949088096619
194,555,GRID_001232,9.282893244804423,76.98808251815011,0.8917,0.25,8,21.766900634765648,0.26521608233451843,-0.8884949088096619
130,557,GRID_001233,9.282893244804423,76.99808251815011,0.8916000000000001,0.25,15,21.766900634765648,0.26521608233451843,-0.8884949088096619
356,545,GRID_001234,9.282893244804423,77.00808251815012,0.9106000000000001,0.25,9,21.766900634765648,0.26521608233451843,-0.8884949088096619
323,615,GRID_001235,9.282893244804423,77.01808251815012,0.885,0.25,3,21.766900634765648,0.26521608233451843,-0.8884949088096619
253,699,GRID_001236,9.282893244804423,77.02808251815013,0.881,0.25,11,21.766900634765648,0.26521608233451843,-0.8884949088096619
52,908,GRID_001237,9.282893244804423,77.03808251815013,0.6217,0.25,6,21.766900634765648,0.26521608233451843,-0.8884949088096619
357,766,GRID_001238,9.282893244804423,77.04808251815014,0.8274,0.25,15,21.766900634765648,0.26521608233451843,-0.8884949088096619
282,858,GRID_001239,9.282893244804423,77.05808251815014,0.8859,0.25,24,21.766900634765648,0.26521608233451843,-0.8884949088096619
31,1045,GRID_001240,9.282893244804423,77.06808251815015,0.18430000000000002,0.25,26,21.766900634765648,0.26521608233451843,-0.8884949088096619
19,955,GRID_001241,9.282893244804423,77.07808251815015,0.4832,0.25,22,21.766900634765648,0.26521608233451843,-0.8884949088096619
313,860,GRID_001242,9.282893244804423,77.08808251815016,0.5341,0.25,11,21.766900634765648,0.26521608233451843,-0.8884949088096619
6,1056,GRID_001243,9.282893244804423,77.09808251815016,0.4913,0.25,5,21.766900634765648,0.26521608233451843,-0.8884949088096619
328,1095,GRID_001244,9.282893244804423,77.10808251815017,0.5091,0.25,4,21.766900634765648,0.26521608233451843,-0.8884949088096619
121,1028,GRID_001245,9.282893244804423,77.11808251815017,0.5144000000000001,0.25,4,21.766900634765648,0.26521608233451843,-0.8884949088096619
146,1025,GRID_001246,9.282893244804423,77.12808251815018,0.3723,0.0625,8,20.166894531250023,4.26521635055542,-0.688494861125946
174,1039,GRID_001247,9.282893244804423,77.13808251815018,0.3665,0.0625,10,20.166894531250023,4.26521635055542,-0.688494861125946
324,1004,GRID_001248,9.282893244804423,77.14808251815019,0.20670000000000002,0.0625,7,20.166894531250023,4.26521635055542,-0.688494861125946
162,993,GRID_001249,9.282893244804423,77.1580825181502,0.2021,0.0625,3,20.166894531250023,4.26521635055542,-0.688494861125946
112,998,GRID_001250,9.282893244804423,77.1680825181502,0.0949,0.0625,2,20.166894531250023,4.26521635055542,-0.688494861125946
225,1034,GRID_001251,9.282893244804423,77.1780825181502,0.17350000000000002,0.0625,1,20.166894531250023,4.26521635055542,-0.688494861125946
203,216,GRID_001252,9.292893244804423,76.80808251815002,0.6952,0.625,6,23.266900634765648,-0.03478393703699112,-0.788494884967804
36,165,GRID_001253,9.292893244804423,76.82808251815003,0.62,0.625,6,23.266900634765648,-0.03478393703699112,-0.788494884967804
41,84,GRID_001254,9.292893244804423,76.85808251815004,0.8213,0.625,8,23.266900634765648,-0.03478393703699112,-0.788494884967804
187,39,GRID_001255,9.292893244804423,76.86808251815005,0.5845,0.625,6,23.266900634765648,-0.03478393703699112,-0.788494884967804
207,70,GRID_001256,9.292893244804423,76.87808251815005,0.7321000000000001,0.25,0,21.766900634765648,0.26521608233451843,-0.8884949088096619
188,121,GRID_001257,9.292893244804423,76.89808251815006,0.8822000000000001,0.25,9,21.766900634765648,0.26521608233451843,-0.8884949088096619
213,202,GRID_001258,9.292893244804423,76.90808251815007,0.8542000000000001,0.25,10,21.766900634765648,0.26521608233451843,-0.8884949088096619
197,277,GRID_001259,9.292893244804423,76.91808251815007,0.8725,0.25,16,21.766900634765648,0.26521608233451843,-0.8884949088096619
240,258,GRID_001260,9.292893244804423,76.92808251815008,0.8682000000000001,0.25,5,21.766900634765648,0.26521608233451843,-0.8884949088096619
340,319,GRID_001261,9.292893244804423,76.93808251815008,0.8565,0.25,5,21.766900634765648,0.26521608233451843,-0.8884949088096619
54,359,GRID_001262,9.292893244804423,76.94808251815009,0.8373,0.25,12,21.766900634765648,0.26521608233451843,-0.8884949088096619
271,376,GRID_001263,9.292893244804423,76.95808251815009,0.5614,0.25,6,21.766900634765648,0.26521608233451843,-0.8884949088096619
14,346,GRID_001264,9.292893244804423,76.9680825181501,0.8108000000000001,0.25,23,21.766900634765648,0.26521608233451843,-0.8884949088096619
251,471,GRID_001265,9.292893244804423,76.9780825181501,0.7914,0.25,14,21.766900634765648,0.26521608233451843,-0.8884949088096619
316,619,GRID_001266,9.292893244804423,76.98808251815011,0.8782000000000001,0.25,4,21.766900634765648,0.26521608233451843,-0.8884949088096619
19,509,GRID_001267,9.292893244804423,76.99808251815011,0.7338,0.25,20,21.766900634765648,0.26521608233451843,-0.8884949088096619
266,454,GRID_001268,9.292893244804423,77.00808251815012,0.9047000000000001,0.25,3,21.766900634765648,0.26521608233451843,-0.8884949088096619
3,532,GRID_001269,9.292893244804423,77.01808251815012,0.9035000000000001,0.25,26,21.766900634765648,0.26521608233451843,-0.8884949088096619
351,615,GRID_001270,9.292893244804423,77.02808251815013,0.6578,0.25,22,21.766900634765648,0.26521608233451843,-0.8884949088096619
6,346,GRID_001271,9.292893244804423,77.03808251815013,0.2119,0.25,10,21.766900634765648,0.26521608233451843,-0.8884949088096619
265,504,GRID_001272,9.292893244804423,77.04808251815014,0.7908000000000001,0.25,14,21.766900634765648,0.26521608233451843,-0.8884949088096619
335,735,GRID_001273,9.292893244804423,77.05808251815014,0.5930000000000001,0.25,13,21.766900634765648,0.26521608233451843,-0.8884949088096619
74,762,GRID_001274,9.292893244804423,77.06808251815015,0.64,0.25,18,21.766900634765648,0.26521608233451843,-0.8884949088096619
304,496,GRID_001275,9.292893244804423,77.07808251815015,0.5868,0.25,17,21.766900634765648,0.26521608233451843,-0.8884949088096619
308,751,GRID_001276,9.292893244804423,77.08808251815016,0.5202,0.25,14,21.766900634765648,0.26521608233451843,-0.8884949088096619
1,642,GRID_001277,9.292893244804423,77.09808251815016,0.4748,0.25,16,21.766900634765648,0.26521608233451843,-0.8884949088096619
338,942,GRID_001278,9.292893244804423,77.10808251815017,0.3894,0.25,18,21.766900634765648,0.26521608233451843,-0.8884949088096619
162,1036,GRID_001279,9.292893244804423,77.11808251815017,0.5251,0.25,2,21.766900634765648,0.26521608233451843,-0.8884949088096619
303,1023,GRID_001280,9.292893244804423,77.12808251815018,0.44720000000000004,0.0625,2,20.166894531250023,4.26521635055542,-0.688494861125946
341,1096,GRID_001281,9.292893244804423,77.13808251815018,0.218,0.0625,14,20.166894531250023,4.26521635055542,-0.688494861125946
11,1080,GRID_001282,9.292893244804423,77.14808251815019,0.3834,0.0625,3,20.166894531250023,4.26521635055542,-0.688494861125946
98,983,GRID_001283,9.292893244804423,77.1580825181502,0.4026,0.0625,6,20.166894531250023,4.26521635055542,-0.688494861125946
344,978,GRID_001284,9.292893244804423,77.1680825181502,0.4388,0.0625,2,20.166894531250023,4.26521635055542,-0.688494861125946
241,1126,GRID_001285,9.292893244804423,77.1780825181502,0.43170000000000003,0.0625,12,20.166894531250023,4.26521635055542,-0.688494861125946
223,131,GRID_001286,9.302893244804425,76.82808251815003,0.8432000000000001,0.625,6,23.266900634765648,-0.03478393703699112,-0.788494884967804
97,132,GRID_001287,9.302893244804425,76.83808251815003,0.5661,0.625,4,23.266900634765648,-0.03478393703699112,-0.788494884967804
225,167,GRID_001288,9.302893244804425,76.84808251815004,0.7631,0.625,14,23.266900634765648,-0.03478393703699112,-0.788494884967804
328,182,GRID_001289,9.302893244804425,76.88808251815006,0.8673000000000001,0.25,4,21.766900634765648,0.26521608233451843,-0.8884949088096619
3,140,GRID_001290,9.302893244804425,76.89808251815006,0.8657,0.25,5,21.766900634765648,0.26521608233451843,-0.8884949088096619
277,132,GRID_001291,9.302893244804425,76.90808251815007,0.8682000000000001,0.25,5,21.766900634765648,0.26521608233451843,-0.8884949088096619
164,280,GRID_001292,9.302893244804425,76.91808251815007,0.8693000000000001,0.25,10,21.766900634765648,0.26521608233451843,-0.8884949088096619
280,145,GRID_001293,9.302893244804425,76.92808251815008,0.8195,0.25,11,21.766900634765648,0.26521608233451843,-0.8884949088096619
26,293,GRID_001294,9.302893244804425,76.93808251815008,0.675,0.25,15,21.766900634765648,0.26521608233451843,-0.8884949088096619
16,308,GRID_001295,9.302893244804425,76.94808251815009,0.6614,0.25,14,21.766900634765648,0.26521608233451843,-0.8884949088096619
60,150,GRID_001296,9.302893244804425,76.95808251815009,0.5957,0.25,14,21.766900634765648,0.26521608233451843,-0.8884949088096619
260,249,GRID_001297,9.302893244804425,76.9680825181501,0.7554000000000001,0.25,7,21.766900634765648,0.26521608233451843,-0.8884949088096619
230,270,GRID_001298,9.302893244804425,76.9780825181501,0.5135000000000001,0.25,18,21.766900634765648,0.26521608233451843,-0.8884949088096619
25,284,GRID_001299,9.302893244804425,76.98808251815011,0.8787,0.25,26,21.766900634765648,0.26521608233451843,-0.8884949088096619
153,517,GRID_001300,9.302893244804425,76.99808251815011,0.7552,0.25,3,21.766900634765648,0.26521608233451843,-0.8884949088096619
53,393,GRID_001301,9.302893244804425,77.00808251815012,0.9187000000000001,0.25,13,21.766900634765648,0.26521608233451843,-0.8884949088096619
80,282,GRID_001302,9.302893244804425,77.01808251815012,0.7368,0.25,10,21.766900634765648,0.26521608233451843,-0.8884949088096619
69,294,GRID_001303,9.302893244804425,77.02808251815013,0.6708000000000001,0.25,6,21.766900634765648,0.26521608233451843,-0.8884949088096619
23,209,GRID_001304,9.302893244804425,77.03808251815013,0.6043000000000001,0.25,3,21.766900634765648,0.26521608233451843,-0.8884949088096619
329,413,GRID_001305,9.302893244804425,77.04808251815014,0.8280000000000001,0.25,17,21.766900634765648,0.26521608233451843,-0.8884949088096619
307,325,GRID_001306,9.302893244804425,77.05808251815014,0.6112000000000001,0.25,19,21.766900634765648,0.26521608233451843,-0.8884949088096619
52,377,GRID_001307,9.302893244804425,77.06808251815015,0.9436,0.25,21,21.766900634765648,0.26521608233451843,-0.8884949088096619
21,337,GRID_001308,9.302893244804425,77.07808251815015,0.803,0.25,17,21.766900634765648,0.26521608233451843,-0.8884949088096619
249,622,GRID_001309,9.302893244804425,77.08808251815016,0.5378000000000001,0.25,7,21.766900634765648,0.26521608233451843,-0.8884949088096619
27,563,GRID_001310,9.302893244804425,77.09808251815016,0.4178,0.25,18,21.766900634765648,0.26521608233451843,-0.8884949088096619
202,775,GRID_001311,9.302893244804425,77.10808251815017,0.30010000000000003,0.25,29,21.766900634765648,0.26521608233451843,-0.8884949088096619
233,921,GRID_001312,9.302893244804425,77.11808251815017,0.1028,0.25,23,21.766900634765648,0.26521608233451843,-0.8884949088096619
273,1027,GRID_001313,9.302893244804425,77.12808251815018,0.1776,0.0625,5,20.166894531250023,4.26521635055542,-0.688494861125946
45,997,GRID_001314,9.302893244804425,77.13808251815018,0.47840000000000005,0.0625,2,20.166894531250023,4.26521635055542,-0.688494861125946
112,977,GRID_001315,9.302893244804425,77.14808251815019,0.3413,0.0625,1,20.166894531250023,4.26521635055542,-0.688494861125946
154,982,GRID_001316,9.302893244804425,77.1580825181502,0.2315,0.0625,7,20.166894531250023,4.26521635055542,-0.688494861125946
16,1033,GRID_001317,9.302893244804425,77.1680825181502,0.095,0.0625,5,20.166894531250023,4.26521635055542,-0.688494861125946
240,1058,GRID_001318,9.302893244804425,77.1780825181502,0.4385,0.0625,4,20.166894531250023,4.26521635055542,-0.688494861125946
290,100,GRID_001319,9.312893244804425,76.80808251815002,0.7742,0.625,7,23.266900634765648,-0.03478393703699112,-0.788494884967804
296,91,GRID_001320,9.312893244804425,76.81808251815002,0.8317,0.625,6,23.266900634765648,-0.03478393703699112,-0.788494884967804
203,121,GRID_001321,9.312893244804425,76.82808251815003,0.801,0.625,3,23.266900634765648,-0.03478393703699112,-0.788494884967804
97,229,GRID_001322,9.312893244804425,76.83808251815003,0.5940000000000001,0.625,15,23.266900634765648,-0.03478393703699112,-0.788494884967804
294,101,GRID_001323,9.312893244804425,76.84808251815004,0.8009000000000001,0.625,9,23.266900634765648,-0.03478393703699112,-0.788494884967804
261,93,GRID_001324,9.312893244804425,76.88808251815006,0.8807,0.25,3,21.766900634765648,0.26521608233451843,-0.8884949088096619
211,194,GRID_001325,9.312893244804425,76.89808251815006,0.8652000000000001,0.25,10,21.766900634765648,0.26521608233451843,-0.8884949088096619
220,314,GRID_001326,9.312893244804425,76.90808251815007,0.8696,0.25,10,21.766900634765648,0.26521608233451843,-0.8884949088096619
339,287,GRID_001327,9.312893244804425,76.91808251815007,0.8751,0.25,13,21.766900634765648,0.26521608233451843,-0.8884949088096619
83,144,GRID_001328,9.312893244804425,76.92808251815008,0.8754000000000001,0.25,8,21.766900634765648,0.26521608233451843,-0.8884949088096619
305,107,GRID_001329,9.312893244804425,76.93808251815008,0.7784000000000001,0.25,5,21.766900634765648,0.26521608233451843,-0.8884949088096619
182,150,GRID_001330,9.312893244804425,76.94808251815009,0.5258,0.25,8,21.766900634765648,0.26521608233451843,-0.8884949088096619
230,153,GRID_001331,9.312893244804425,76.95808251815009,0.35550000000000004,0.25,14,21.766900634765648,0.26521608233451843,-0.8884949088096619
47,311,GRID_001332,9.312893244804425,76.9680825181501,0.5850000000000001,0.25,8,21.766900634765648,0.26521608233451843,-0.8884949088096619
63,162,GRID_001333,9.312893244804425,76.9780825181501,0.6296,0.25,17,21.766900634765648,0.26521608233451843,-0.8884949088096619
278,352,GRID_001334,9.312893244804425,76.98808251815011,0.8867,0.25,11,21.766900634765648,0.26521608233451843,-0.8884949088096619
228,345,GRID_001335,9.312893244804425,76.99808251815011,0.6831,0.25,19,21.766900634765648,0.26521608233451843,-0.8884949088096619
26,346,GRID_001336,9.312893244804425,77.00808251815012,0.8187000000000001,0.25,17,21.766900634765648,0.26521608233451843,-0.8884949088096619
301,255,GRID_001337,9.312893244804425,77.01808251815012,0.8805000000000001,0.25,12,21.766900634765648,0.26521608233451843,-0.8884949088096619
9,183,GRID_001338,9.312893244804425,77.02808251815013,0.6142000000000001,0.25,5,21.766900634765648,0.26521608233451843,-0.8884949088096619
235,286,GRID_001339,9.312893244804425,77.03808251815013,0.5955,0.25,11,21.766900634765648,0.26521608233451843,-0.8884949088096619
318,172,GRID_001340,9.312893244804425,77.04808251815014,0.7516,0.25,2,21.766900634765648,0.26521608233451843,-0.8884949088096619
183,411,GRID_001341,9.312893244804425,77.05808251815014,0.646,0.25,15,21.766900634765648,0.26521608233451843,-0.8884949088096619
194,304,GRID_001342,9.312893244804425,77.06808251815015,0.8963000000000001,0.25,23,21.766900634765648,0.26521608233451843,-0.8884949088096619
219,395,GRID_001343,9.312893244804425,77.07808251815015,0.6001000000000001,0.25,23,21.766900634765648,0.26521608233451843,-0.8884949088096619
194,478,GRID_001344,9.312893244804425,77.08808251815016,0.536,0.25,27,21.766900634765648,0.26521608233451843,-0.8884949088096619
203,721,GRID_001345,9.312893244804425,77.09808251815016,0.7507,0.25,36,21.766900634765648,0.26521608233451843,-0.8884949088096619
279,828,GRID_001346,9.312893244804425,77.10808251815017,0.2326,0.25,25,21.766900634765648,0.26521608233451843,-0.8884949088096619
211,1056,GRID_001347,9.312893244804425,77.12808251815018,0.2808,0.0625,9,20.166894531250023,4.26521635055542,-0.688494861125946
103,1066,GRID_001348,9.312893244804425,77.13808251815018,0.1388,0.0625,9,20.166894531250023,4.26521635055542,-0.688494861125946
99,984,GRID_001349,9.312893244804425,77.14808251815019,0.3007,0.0625,6,20.166894531250023,4.26521635055542,-0.688494861125946
94,1037,GRID_001350,9.312893244804425,77.1580825181502,0.397,0.0625,8,20.166894531250023,4.26521635055542,-0.688494861125946
196,1058,GRID_001351,9.312893244804425,77.1680825181502,0.4772,0.0625,5,20.166894531250023,4.26521635055542,-0.688494861125946
233,1121,GRID_001352,9.312893244804425,77.1780825181502,0.47290000000000004,0.0625,6,20.166894531250023,4.26521635055542,-0.688494861125946
323,1168,GRID_001353,9.312893244804425,77.18808251815021,0.4329,0.0625,10,20.166894531250023,4.26521635055542,-0.688494861125946
0,0,GRID_001354,9.322893244804424,76.32808251814977,,1.1875,0,26.666894531250023,7.565216064453125,-2.188494920730591
206,61,GRID_001355,9.322893244804424,76.80808251815002,0.8532000000000001,0.625,6,23.266900634765648,-0.03478393703699112,-0.788494884967804
287,111,GRID_001356,9.322893244804424,76.81808251815002,0.8240000000000001,0.625,8,23.266900634765648,-0.03478393703699112,-0.788494884967804
323,153,GRID_001357,9.322893244804424,76.82808251815003,0.8132,0.625,8,23.266900634765648,-0.03478393703699112,-0.788494884967804
11,99,GRID_001358,9.322893244804424,76.83808251815003,0.7892,0.625,8,23.266900634765648,-0.03478393703699112,-0.788494884967804
16,112,GRID_001359,9.322893244804424,76.88808251815006,0.8637,0.25,5,21.766900634765648,0.26521608233451843,-0.8884949088096619
217,104,GRID_001360,9.322893244804424,76.89808251815006,0.8644000000000001,0.25,8,21.766900634765648,0.26521608233451843,-0.8884949088096619
195,112,GRID_001361,9.322893244804424,76.90808251815007,0.8836,0.25,7,21.766900634765648,0.26521608233451843,-0.8884949088096619
28,125,GRID_001362,9.322893244804424,76.91808251815007,0.8641000000000001,0.25,7,21.766900634765648,0.26521608233451843,-0.8884949088096619
169,96,GRID_001363,9.322893244804424,76.92808251815008,0.5837,0.25,2,21.766900634765648,0.26521608233451843,-0.8884949088096619
285,127,GRID_001364,9.322893244804424,76.93808251815008,0.6006,0.25,4,21.766900634765648,0.26521608233451843,-0.8884949088096619
239,221,GRID_001365,9.322893244804424,76.94808251815009,0.49560000000000004,0.25,18,21.766900634765648,0.26521608233451843,-0.8884949088096619
41,356,GRID_001366,9.322893244804424,76.95808251815009,0.4862,0.25,22,21.766900634765648,0.26521608233451843,-0.8884949088096619
66,97,GRID_001367,9.322893244804424,76.9680825181501,0.42750000000000005,0.25,7,21.766900634765648,0.26521608233451843,-0.8884949088096619
278,234,GRID_001368,9.322893244804424,76.9780825181501,0.9103,0.25,17,21.766900634765648,0.26521608233451843,-0.8884949088096619
38,182,GRID_001369,9.322893244804424,76.98808251815011,0.321,0.25,20,21.766900634765648,0.26521608233451843,-0.8884949088096619
269,260,GRID_001370,9.322893244804424,76.99808251815011,0.6216,0.25,15,21.766900634765648,0.26521608233451843,-0.8884949088096619
187,345,GRID_001371,9.322893244804424,77.00808251815012,0.5733,0.25,5,21.766900634765648,0.26521608233451843,-0.8884949088096619
114,276,GRID_001372,9.322893244804424,77.01808251815012,0.7544000000000001,0.25,21,21.766900634765648,0.26521608233451843,-0.8884949088096619
236,179,GRID_001373,9.322893244804424,77.02808251815013,0.6003000000000001,0.25,17,21.766900634765648,0.26521608233451843,-0.8884949088096619
246,243,GRID_001374,9.322893244804424,77.03808251815013,0.8625,0.25,21,21.766900634765648,0.26521608233451843,-0.8884949088096619
228,375,GRID_001375,9.322893244804424,77.04808251815014,0.8957,0.25,3,21.766900634765648,0.26521608233451843,-0.8884949088096619
294,441,GRID_001376,9.322893244804424,77.05808251815014,0.9174,0.25,3,21.766900634765648,0.26521608233451843,-0.8884949088096619
29,544,GRID_001377,9.322893244804424,77.06808251815015,0.9099,0.25,23,21.766900634765648,0.26521608233451843,-0.8884949088096619
351,445,GRID_001378,9.322893244804424,77.07808251815015,0.8713000000000001,0.25,25,21.766900634765648,0.26521608233451843,-0.8884949088096619
317,604,GRID_001379,9.322893244804424,77.08808251815016,0.7795000000000001,0.25,21,21.766900634765648,0.26521608233451843,-0.8884949088096619
304,847,GRID_001380,9.322893244804424,77.09808251815016,0.7525000000000001,0.25,30,21.766900634765648,0.26521608233451843,-0.8884949088096619
24,1002,GRID_001381,9.322893244804424,77.10808251815017,0.45740000000000003,0.25,5,21.766900634765648,0.26521608233451843,-0.8884949088096619
288,1137,GRID_001382,9.322893244804424,77.11808251815017,0.2011,0.25,15,21.766900634765648,0.26521608233451843,-0.8884949088096619
107,1033,GRID_001383,9.322893244804424,77.12808251815018,0.4339,0.0625,4,20.166894531250023,4.26521635055542,-0.688494861125946
313,1070,GRID_001384,9.322893244804424,77.13808251815018,0.19970000000000002,0.0625,7,20.166894531250023,4.26521635055542,-0.688494861125946
135,976,GRID_001385,9.322893244804424,77.14808251815019,0.156,0.0625,0,20.166894531250023,4.26521635055542,-0.688494861125946
306,988,GRID_001386,9.322893244804424,77.1580825181502,0.22260000000000002,0.0625,9,20.166894531250023,4.26521635055542,-0.688494861125946
43,999,GRID_001387,9.322893244804424,77.1680825181502,0.13390000000000002,0.0625,4,20.166894531250023,4.26521635055542,-0.688494861125946
204,1061,GRID_001388,9.322893244804424,77.1780825181502,0.4853,0.0625,10,20.166894531250023,4.26521635055542,-0.688494861125946
35,1030,GRID_001389,9.322893244804424,77.18808251815021,0.3649,0.0625,2,20.166894531250023,4.26521635055542,-0.688494861125946
35,121,GRID_001390,9.332893244804422,76.78808251815,0.8246,0.625,7,23.266900634765648,-0.03478393703699112,-0.788494884967804
235,117,GRID_001391,9.332893244804422,76.79808251815001,0.8344,0.625,12,23.266900634765648,-0.03478393703699112,-0.788494884967804
197,148,GRID_001392,9.332893244804422,76.80808251815002,0.8092,0.625,4,23.266900634765648,-0.03478393703699112,-0.788494884967804
136,55,GRID_001393,9.332893244804422,76.81808251815002,0.7892,0.625,9,23.266900634765648,-0.03478393703699112,-0.788494884967804
73,153,GRID_001394,9.332893244804422,76.82808251815003,0.8307,0.625,7,23.266900634765648,-0.03478393703699112,-0.788494884967804
16,92,GRID_001395,9.332893244804422,76.85808251815004,0.7739,0.625,9,23.266900634765648,-0.03478393703699112,-0.788494884967804
79,80,GRID_001396,9.332893244804422,76.87808251815005,0.8246,0.25,10,21.766900634765648,0.26521608233451843,-0.8884949088096619
162,66,GRID_001397,9.332893244804422,76.88808251815006,0.7969,0.25,6,21.766900634765648,0.26521608233451843,-0.8884949088096619
208,58,GRID_001398,9.332893244804422,76.89808251815006,0.8649,0.25,2,21.766900634765648,0.26521608233451843,-0.8884949088096619
108,145,GRID_001399,9.332893244804422,76.90808251815007,0.8244,0.25,1,21.766900634765648,0.26521608233451843,-0.8884949088096619
197,156,GRID_001400,9.332893244804422,76.91808251815007,0.6349,0.25,10,21.766900634765648,0.26521608233451843,-0.8884949088096619
30,139,GRID_001401,9.332893244804422,76.92808251815008,0.5324,0.25,6,21.766900634765648,0.26521608233451843,-0.8884949088096619
285,103,GRID_001402,9.332893244804422,76.93808251815008,0.552,0.25,7,21.766900634765648,0.26521608233451843,-0.8884949088096619
8,142,GRID_001403,9.332893244804422,76.94808251815009,0.6904,0.25,20,21.766900634765648,0.26521608233451843,-0.8884949088096619
65,137,GRID_001404,9.332893244804422,76.95808251815009,0.8647,0.25,3,21.766900634765648,0.26521608233451843,-0.8884949088096619
181,89,GRID_001405,9.332893244804422,76.9680825181501,0.8795000000000001,0.25,7,21.766900634765648,0.26521608233451843,-0.8884949088096619
331,162,GRID_001406,9.332893244804422,76.98808251815011,0.7545000000000001,0.25,17,21.766900634765648,0.26521608233451843,-0.8884949088096619
295,341,GRID_001407,9.332893244804422,76.99808251815011,0.8717,0.25,15,21.766900634765648,0.26521608233451843,-0.8884949088096619
261,446,GRID_001408,9.332893244804422,77.00808251815012,0.6158,0.25,6,21.766900634765648,0.26521608233451843,-0.8884949088096619
85,135,GRID_001409,9.332893244804422,77.01808251815012,0.8987,0.25,7,21.766900634765648,0.26521608233451843,-0.8884949088096619
186,192,GRID_001410,9.332893244804422,77.02808251815013,0.5385,0.25,15,21.766900634765648,0.26521608233451843,-0.8884949088096619
206,214,GRID_001411,9.332893244804422,77.03808251815013,0.7792,0.25,9,21.766900634765648,0.26521608233451843,-0.8884949088096619
172,188,GRID_001412,9.332893244804422,77.04808251815014,0.3156,0.25,12,21.766900634765648,0.26521608233451843,-0.8884949088096619
329,183,GRID_001413,9.332893244804422,77.05808251815014,0.906,0.25,1,21.766900634765648,0.26521608233451843,-0.8884949088096619
6,233,GRID_001414,9.332893244804422,77.06808251815015,0.9076000000000001,0.25,12,21.766900634765648,0.26521608233451843,-0.8884949088096619
195,407,GRID_001415,9.332893244804422,77.07808251815015,0.9175000000000001,0.25,14,21.766900634765648,0.26521608233451843,-0.8884949088096619
196,419,GRID_001416,9.332893244804422,77.08808251815016,0.9042,0.25,20,21.766900634765648,0.26521608233451843,-0.8884949088096619
286,518,GRID_001417,9.332893244804422,77.09808251815016,0.3527,0.25,17,21.766900634765648,0.26521608233451843,-0.8884949088096619
119,1033,GRID_001418,9.332893244804422,77.10808251815017,0.6994,0.25,1,21.766900634765648,0.26521608233451843,-0.8884949088096619
60,969,GRID_001419,9.332893244804422,77.11808251815017,0.5647,0.25,3,21.766900634765648,0.26521608233451843,-0.8884949088096619
44,670,GRID_001420,9.332893244804422,77.12808251815018,0.33940000000000003,0.0625,29,20.166894531250023,4.26521635055542,-0.688494861125946
274,779,GRID_001421,9.332893244804422,77.13808251815018,0.1468,0.0625,31,20.166894531250023,4.26521635055542,-0.688494861125946
188,1007,GRID_001422,9.332893244804422,77.14808251815019,0.39180000000000004,0.0625,5,20.166894531250023,4.26521635055542,-0.688494861125946
270,976,GRID_001423,9.332893244804422,77.1580825181502,0.0483,0.0625,1,20.166894531250023,4.26521635055542,-0.688494861125946
350,999,GRID_001424,9.332893244804422,77.1680825181502,0.2705,0.0625,4,20.166894531250023,4.26521635055542,-0.688494861125946
214,1042,GRID_001425,9.332893244804422,77.1780825181502,0.5622,0.0625,8,20.166894531250023,4.26521635055542,-0.688494861125946
86,975,GRID_001426,9.332893244804422,77.18808251815021,0.4199,0.0625,3,20.166894531250023,4.26521635055542,-0.688494861125946
199,141,GRID_001427,9.342893244804422,76.78808251815,0.8383,0.625,4,23.266900634765648,-0.03478393703699112,-0.788494884967804
231,119,GRID_001428,9.342893244804422,76.79808251815001,0.8268000000000001,0.625,14,23.266900634765648,-0.03478393703699112,-0.788494884967804
303,23,GRID_001429,9.342893244804422,76.82808251815003,0.6686000000000001,0.625,0,23.266900634765648,-0.03478393703699112,-0.788494884967804
50,57,GRID_001430,9.342893244804422,76.83808251815003,0.7976000000000001,0.625,3,23.266900634765648,-0.03478393703699112,-0.788494884967804
199,76,GRID_001431,9.342893244804422,76.84808251815004,0.8466,0.625,10,23.266900634765648,-0.03478393703699112,-0.788494884967804
239,165,GRID_001432,9.342893244804422,76.85808251815004,0.8415,0.625,9,23.266900634765648,-0.03478393703699112,-0.788494884967804
306,137,GRID_001433,9.342893244804422,76.88808251815006,0.8609,0.25,3,21.766900634765648,0.26521608233451843,-0.8884949088096619
100,133,GRID_001434,9.342893244804422,76.89808251815006,0.8274,0.25,9,21.766900634765648,0.26521608233451843,-0.8884949088096619
289,169,GRID_001435,9.342893244804422,76.90808251815007,0.8158000000000001,0.25,3,21.766900634765648,0.26521608233451843,-0.8884949088096619
34,129,GRID_001436,9.342893244804422,76.91808251815007,0.7621,0.25,11,21.766900634765648,0.26521608233451843,-0.8884949088096619
169,91,GRID_001437,9.342893244804422,76.92808251815008,0.6138,0.25,4,21.766900634765648,0.26521608233451843,-0.8884949088096619
159,95,GRID_001438,9.342893244804422,76.93808251815008,0.6516000000000001,0.25,14,21.766900634765648,0.26521608233451843,-0.8884949088096619
216,162,GRID_001439,9.342893244804422,76.94808251815009,0.6121,0.25,15,21.766900634765648,0.26521608233451843,-0.8884949088096619
189,210,GRID_001440,9.342893244804422,76.95808251815009,0.8138000000000001,0.25,20,21.766900634765648,0.26521608233451843,-0.8884949088096619
346,298,GRID_001441,9.342893244804422,76.9680825181501,0.9069,0.25,0,21.766900634765648,0.26521608233451843,-0.8884949088096619
354,218,GRID_001442,9.342893244804422,76.9780825181501,0.9047000000000001,0.25,7,21.766900634765648,0.26521608233451843,-0.8884949088096619
235,177,GRID_001443,9.342893244804422,76.98808251815011,0.892,0.25,10,21.766900634765648,0.26521608233451843,-0.8884949088096619
284,394,GRID_001444,9.342893244804422,76.99808251815011,0.9224,0.25,12,21.766900634765648,0.26521608233451843,-0.8884949088096619
40,267,GRID_001445,9.342893244804422,77.00808251815012,0.8821,0.25,28,21.766900634765648,0.26521608233451843,-0.8884949088096619
220,287,GRID_001446,9.342893244804422,77.01808251815012,0.8711000000000001,0.25,22,21.766900634765648,0.26521608233451843,-0.8884949088096619
94,420,GRID_001447,9.342893244804422,77.02808251815013,0.7305,0.25,21,21.766900634765648,0.26521608233451843,-0.8884949088096619
142,220,GRID_001448,9.342893244804422,77.03808251815013,0.8169000000000001,0.25,23,21.766900634765648,0.26521608233451843,-0.8884949088096619
319,162,GRID_001449,9.342893244804422,77.04808251815014,0.9125000000000001,0.25,11,21.766900634765648,0.26521608233451843,-0.8884949088096619
347,452,GRID_001450,9.342893244804422,77.05808251815014,0.5780000000000001,0.25,5,21.766900634765648,0.26521608233451843,-0.8884949088096619
178,432,GRID_001451,9.342893244804422,77.06808251815015,0.8736,0.25,12,21.766900634765648,0.26521608233451843,-0.8884949088096619
241,425,GRID_001452,9.342893244804422,77.07808251815015,0.9023,0.25,17,21.766900634765648,0.26521608233451843,-0.8884949088096619
292,430,GRID_001453,9.342893244804422,77.08808251815016,0.9161,0.25,21,21.766900634765648,0.26521608233451843,-0.8884949088096619
343,689,GRID_001454,9.342893244804422,77.09808251815016,0.7946000000000001,0.25,24,21.766900634765648,0.26521608233451843,-0.8884949088096619
346,875,GRID_001455,9.342893244804422,77.10808251815017,0.44530000000000003,0.25,29,21.766900634765648,0.26521608233451843,-0.8884949088096619
105,957,GRID_001456,9.342893244804422,77.11808251815017,0.1643,0.25,24,21.766900634765648,0.26521608233451843,-0.8884949088096619
292,834,GRID_001457,9.342893244804422,77.13808251815018,0.0961,0.0625,26,20.166894531250023,4.26521635055542,-0.688494861125946
347,988,GRID_001458,9.342893244804422,77.14808251815019,0.5109,0.0625,19,20.166894531250023,4.26521635055542,-0.688494861125946
202,1036,GRID_001459,9.342893244804422,77.1580825181502,0.5535,0.0625,10,20.166894531250023,4.26521635055542,-0.688494861125946
179,990,GRID_001460,9.342893244804422,77.1680825181502,0.19840000000000002,0.0625,6,20.166894531250023,4.26521635055542,-0.688494861125946
7,1058,GRID_001461,9.342893244804422,77.1780825181502,0.3158,0.0625,5,20.166894531250023,4.26521635055542,-0.688494861125946
38,1051,GRID_001462,9.342893244804422,77.18808251815021,0.4385,0.0625,7,20.166894531250023,4.26521635055542,-0.688494861125946
46,65,GRID_001463,9.352893244804422,76.78808251815,0.8345,0.625,5,23.266900634765648,-0.03478393703699112,-0.788494884967804
57,53,GRID_001464,9.352893244804422,76.82808251815003,0.8566,0.625,8,23.266900634765648,-0.03478393703699112,-0.788494884967804
19,51,GRID_001465,9.352893244804422,76.83808251815003,0.8310000000000001,0.625,3,23.266900634765648,-0.03478393703699112,-0.788494884967804
53,94,GRID_001466,9.352893244804422,76.84808251815004,0.8757,0.625,9,23.266900634765648,-0.03478393703699112,-0.788494884967804
171,123,GRID_001467,9.352893244804422,76.85808251815004,0.8152,0.625,6,23.266900634765648,-0.03478393703699112,-0.788494884967804
89,137,GRID_001468,9.352893244804422,76.89808251815006,0.8099000000000001,0.25,10,21.766900634765648,0.26521608233451843,-0.8884949088096619
222,100,GRID_001469,9.352893244804422,76.90808251815007,0.8646,0.25,5,21.766900634765648,0.26521608233451843,-0.8884949088096619
218,267,GRID_001470,9.352893244804422,76.91808251815007,0.8499,0.25,26,21.766900634765648,0.26521608233451843,-0.8884949088096619
213,379,GRID_001471,9.352893244804422,76.92808251815008,0.8206,0.25,12,21.766900634765648,0.26521608233451843,-0.8884949088096619
150,467,GRID_001472,9.352893244804422,76.93808251815008,0.7572,0.25,1,21.766900634765648,0.26521608233451843,-0.8884949088096619
55,367,GRID_001473,9.352893244804422,76.94808251815009,0.8058000000000001,0.25,14,21.766900634765648,0.26521608233451843,-0.8884949088096619
161,401,GRID_001474,9.352893244804422,76.95808251815009,0.6961,0.25,21,21.766900634765648,0.26521608233451843,-0.8884949088096619
27,175,GRID_001475,9.352893244804422,76.9680825181501,0.9001,0.25,10,21.766900634765648,0.26521608233451843,-0.8884949088096619
164,238,GRID_001476,9.352893244804422,76.9780825181501,0.9398000000000001,0.25,22,21.766900634765648,0.26521608233451843,-0.8884949088096619
276,188,GRID_001477,9.352893244804422,76.98808251815011,0.9013,0.25,16,21.766900634765648,0.26521608233451843,-0.8884949088096619
38,119,GRID_001478,9.352893244804422,76.99808251815011,0.8762000000000001,0.25,8,21.766900634765648,0.26521608233451843,-0.8884949088096619
227,224,GRID_001479,9.352893244804422,77.00808251815012,0.8904000000000001,0.25,11,21.766900634765648,0.26521608233451843,-0.8884949088096619
232,334,GRID_001480,9.352893244804422,77.01808251815012,0.8858,0.25,3,21.766900634765648,0.26521608233451843,-0.8884949088096619
215,472,GRID_001481,9.352893244804422,77.02808251815013,0.8809,0.25,15,21.766900634765648,0.26521608233451843,-0.8884949088096619
151,435,GRID_001482,9.352893244804422,77.03808251815013,0.5104000000000001,0.25,12,21.766900634765648,0.26521608233451843,-0.8884949088096619
106,197,GRID_001483,9.352893244804422,77.04808251815014,0.7230000000000001,0.25,8,21.766900634765648,0.26521608233451843,-0.8884949088096619
357,181,GRID_001484,9.352893244804422,77.05808251815014,0.8969,0.25,7,21.766900634765648,0.26521608233451843,-0.8884949088096619
185,215,GRID_001485,9.352893244804422,77.06808251815015,0.9043,0.25,13,21.766900634765648,0.26521608233451843,-0.8884949088096619
291,417,GRID_001486,9.352893244804422,77.08808251815016,0.9057000000000001,0.25,11,21.766900634765648,0.26521608233451843,-0.8884949088096619
268,778,GRID_001487,9.352893244804422,77.09808251815016,0.9499000000000001,0.25,19,21.766900634765648,0.26521608233451843,-0.8884949088096619
208,974,GRID_001488,9.352893244804422,77.10808251815017,0.5615,0.25,9,21.766900634765648,0.26521608233451843,-0.8884949088096619
46,855,GRID_001489,9.352893244804422,77.11808251815017,0.4788,0.25,27,21.766900634765648,0.26521608233451843,-0.8884949088096619
286,510,GRID_001490,9.352893244804422,77.12808251815018,0.1816,0.0625,15,20.166894531250023,4.26521635055542,-0.688494861125946
239,935,GRID_001491,9.352893244804422,77.13808251815018,0.5265000000000001,0.0625,18,20.166894531250023,4.26521635055542,-0.688494861125946
308,1098,GRID_001492,9.352893244804422,77.14808251815019,0.1852,0.0625,15,20.166894531250023,4.26521635055542,-0.688494861125946
55,1100,GRID_001493,9.352893244804422,77.1580825181502,0.6988000000000001,0.0625,11,20.166894531250023,4.26521635055542,-0.688494861125946
116,1022,GRID_001494,9.352893244804422,77.1680825181502,0.6281,0.0625,2,20.166894531250023,4.26521635055542,-0.688494861125946
199,1068,GRID_001495,9.352893244804422,77.1780825181502,0.5693,0.0625,13,20.166894531250023,4.26521635055542,-0.688494861125946
219,1138,GRID_001496,9.352893244804422,77.18808251815021,0.3205,0.0625,3,20.166894531250023,4.26521635055542,-0.688494861125946
7,1195,GRID_001497,9.352893244804422,77.19808251815022,0.0949,0.0625,10,20.166894531250023,4.26521635055542,-0.688494861125946
254,23,GRID_001498,9.362893244804422,76.77808251815,0.8054,0.625,6,23.266900634765648,-0.03478393703699112,-0.788494884967804
155,109,GRID_001499,9.362893244804422,76.80808251815002,0.8655,0.625,4,23.266900634765648,-0.03478393703699112,-0.788494884967804
137,104,GRID_001500,9.362893244804422,76.81808251815002,0.8733000000000001,0.625,2,23.266900634765648,-0.03478393703699112,-0.788494884967804
164,60,GRID_001501,9.362893244804422,76.82808251815003,0.8571000000000001,0.625,8,23.266900634765648,-0.03478393703699112,-0.788494884967804
262,35,GRID_001502,9.362893244804422,76.83808251815003,0.799,0.625,5,23.266900634765648,-0.03478393703699112,-0.788494884967804
293,122,GRID_001503,9.362893244804422,76.84808251815004,0.861,0.625,5,23.266900634765648,-0.03478393703699112,-0.788494884967804
310,107,GRID_001504,9.362893244804422,76.88808251815006,0.8550000000000001,0.25,4,21.766900634765648,0.26521608233451843,-0.8884949088096619
220,351,GRID_001505,9.362893244804422,76.90808251815007,0.8505,0.25,17,21.766900634765648,0.26521608233451843,-0.8884949088096619
213,434,GRID_001506,9.362893244804422,76.91808251815007,0.8474,0.25,18,21.766900634765648,0.26521608233451843,-0.8884949088096619
86,466,GRID_001507,9.362893244804422,76.92808251815008,0.879,0.25,2,21.766900634765648,0.26521608233451843,-0.8884949088096619
216,438,GRID_001508,9.362893244804422,76.93808251815008,0.8677,0.25,12,21.766900634765648,0.26521608233451843,-0.8884949088096619
175,555,GRID_001509,9.362893244804422,76.94808251815009,0.5192,0.25,10,21.766900634765648,0.26521608233451843,-0.8884949088096619
31,472,GRID_001510,9.362893244804422,76.95808251815009,0.5884,0.25,8,21.766900634765648,0.26521608233451843,-0.8884949088096619
163,454,GRID_001511,9.362893244804422,76.9680825181501,0.5478000000000001,0.25,17,21.766900634765648,0.26521608233451843,-0.8884949088096619
56,239,GRID_001512,9.362893244804422,76.9780825181501,0.4071,0.25,14,21.766900634765648,0.26521608233451843,-0.8884949088096619
254,105,GRID_001513,9.362893244804422,76.98808251815011,0.8743000000000001,0.25,3,21.766900634765648,0.26521608233451843,-0.8884949088096619
271,330,GRID_001514,9.362893244804422,76.99808251815011,0.8823000000000001,0.25,17,21.766900634765648,0.26521608233451843,-0.8884949088096619
212,525,GRID_001515,9.362893244804422,77.00808251815012,0.8973000000000001,0.25,17,21.766900634765648,0.26521608233451843,-0.8884949088096619
204,698,GRID_001516,9.362893244804422,77.01808251815012,0.8926000000000001,0.25,14,21.766900634765648,0.26521608233451843,-0.8884949088096619
94,751,GRID_001517,9.362893244804422,77.02808251815013,0.7904,0.25,15,21.766900634765648,0.26521608233451843,-0.8884949088096619
33,477,GRID_001518,9.362893244804422,77.03808251815013,0.7709,0.25,10,21.766900634765648,0.26521608233451843,-0.8884949088096619
67,361,GRID_001519,9.362893244804422,77.04808251815014,0.32930000000000004,0.25,18,21.766900634765648,0.26521608233451843,-0.8884949088096619
205,176,GRID_001520,9.362893244804422,77.05808251815014,0.749,0.25,7,21.766900634765648,0.26521608233451843,-0.8884949088096619
202,298,GRID_001521,9.362893244804422,77.06808251815015,0.7045,0.25,4,21.766900634765648,0.26521608233451843,-0.8884949088096619
234,485,GRID_001522,9.362893244804422,77.07808251815015,0.7804,0.25,15,21.766900634765648,0.26521608233451843,-0.8884949088096619
205,505,GRID_001523,9.362893244804422,77.08808251815016,0.7492000000000001,0.25,20,21.766900634765648,0.26521608233451843,-0.8884949088096619
305,601,GRID_001524,9.362893244804422,77.09808251815016,0.2854,0.25,24,21.766900634765648,0.26521608233451843,-0.8884949088096619
198,986,GRID_001525,9.362893244804422,77.10808251815017,0.6152000000000001,0.25,14,21.766900634765648,0.26521608233451843,-0.8884949088096619
105,876,GRID_001526,9.362893244804422,77.11808251815017,0.36300000000000004,0.25,16,21.766900634765648,0.26521608233451843,-0.8884949088096619
200,464,GRID_001527,9.362893244804422,77.12808251815018,0.40990000000000004,0.0625,5,20.166894531250023,4.26521635055542,-0.688494861125946
301,877,GRID_001528,9.362893244804422,77.13808251815018,0.9241,0.0625,19,20.166894531250023,4.26521635055542,-0.688494861125946
183,1057,GRID_001529,9.362893244804422,77.14808251815019,0.7518,0.0625,13,20.166894531250023,4.26521635055542,-0.688494861125946
36,1060,GRID_001530,9.362893244804422,77.1580825181502,0.8057000000000001,0.0625,2,20.166894531250023,4.26521635055542,-0.688494861125946
264,1145,GRID_001531,9.362893244804422,77.1680825181502,0.5575,0.0625,9,20.166894531250023,4.26521635055542,-0.688494861125946
257,1140,GRID_001532,9.362893244804422,77.1780825181502,0.3216,0.0625,4,20.166894531250023,4.26521635055542,-0.688494861125946
53,1131,GRID_001533,9.362893244804422,77.18808251815021,0.128,0.0625,10,20.166894531250023,4.26521635055542,-0.688494861125946
287,1092,GRID_001534,9.362893244804422,77.19808251815022,0.7986000000000001,0.0625,4,20.166894531250023,4.26521635055542,-0.688494861125946
189,1101,GRID_001535,9.362893244804422,77.20808251815022,0.7654000000000001,0.0625,2,20.166894531250023,4.26521635055542,-0.688494861125946
300,20,GRID_001536,9.372893244804422,76.78808251815,0.7264,0.625,2,23.266900634765648,-0.03478393703699112,-0.788494884967804
302,45,GRID_001537,9.372893244804422,76.79808251815001,0.81,0.625,2,23.266900634765648,-0.03478393703699112,-0.788494884967804
13,198,GRID_001538,9.372893244804422,76.82808251815003,0.887,0.625,4,23.266900634765648,-0.03478393703699112,-0.788494884967804
123,73,GRID_001539,9.372893244804422,76.83808251815003,0.8124,0.625,2,23.266900634765648,-0.03478393703699112,-0.788494884967804
226,407,GRID_001540,9.372893244804422,76.90808251815007,0.7933,0.25,10,21.766900634765648,0.26521608233451843,-0.8884949088096619
73,489,GRID_001541,9.372893244804422,76.91808251815007,0.875,0.25,3,21.766900634765648,0.26521608233451843,-0.8884949088096619
222,502,GRID_001542,9.372893244804422,76.92808251815008,0.6002000000000001,0.25,6,21.766900634765648,0.26521608233451843,-0.8884949088096619
79,547,GRID_001543,9.372893244804422,76.93808251815008,0.6919000000000001,0.25,5,21.766900634765648,0.26521608233451843,-0.8884949088096619
77,442,GRID_001544,9.372893244804422,76.94808251815009,0.5429,0.25,15,21.766900634765648,0.26521608233451843,-0.8884949088096619
26,233,GRID_001545,9.372893244804422,76.95808251815009,0.7739,0.25,9,21.766900634765648,0.26521608233451843,-0.8884949088096619
79,196,GRID_001546,9.372893244804422,76.9680825181501,0.4812,0.25,10,21.766900634765648,0.26521608233451843,-0.8884949088096619
203,199,GRID_001547,9.372893244804422,76.9780825181501,0.9033,0.25,18,21.766900634765648,0.26521608233451843,-0.8884949088096619
74,122,GRID_001548,9.372893244804422,76.98808251815011,0.8924000000000001,0.25,6,21.766900634765648,0.26521608233451843,-0.8884949088096619
327,243,GRID_001549,9.372893244804422,76.99808251815011,0.895,0.25,15,21.766900634765648,0.26521608233451843,-0.8884949088096619
349,322,GRID_001550,9.372893244804422,77.00808251815012,0.8815000000000001,0.25,17,21.766900634765648,0.26521608233451843,-0.8884949088096619
358,502,GRID_001551,9.372893244804422,77.01808251815012,0.8548,0.25,15,21.766900634765648,0.26521608233451843,-0.8884949088096619
66,686,GRID_001552,9.372893244804422,77.02808251815013,0.8922,0.25,20,21.766900634765648,0.26521608233451843,-0.8884949088096619
75,232,GRID_001553,9.372893244804422,77.03808251815013,0.8964000000000001,0.25,10,21.766900634765648,0.26521608233451843,-0.8884949088096619
263,522,GRID_001554,9.372893244804422,77.07808251815015,0.8034,0.25,16,21.766900634765648,0.26521608233451843,-0.8884949088096619
81,846,GRID_001555,9.372893244804422,77.08808251815016,0.8323,0.25,15,21.766900634765648,0.26521608233451843,-0.8884949088096619
12,884,GRID_001556,9.372893244804422,77.10808251815017,0.653,0.25,8,21.766900634765648,0.26521608233451843,-0.8884949088096619
99,688,GRID_001557,9.372893244804422,77.11808251815017,0.5448000000000001,0.25,15,21.766900634765648,0.26521608233451843,-0.8884949088096619
279,429,GRID_001558,9.372893244804422,77.12808251815018,0.8081,0.0625,13,20.166894531250023,4.26521635055542,-0.688494861125946
237,784,GRID_001559,9.372893244804422,77.13808251815018,0.7893,0.0625,25,20.166894531250023,4.26521635055542,-0.688494861125946
191,1112,GRID_001560,9.372893244804422,77.14808251815019,0.7403000000000001,0.0625,11,20.166894531250023,4.26521635055542,-0.688494861125946
120,1032,GRID_001561,9.372893244804422,77.1580825181502,0.7945,0.0625,5,20.166894531250023,4.26521635055542,-0.688494861125946
329,987,GRID_001562,9.372893244804422,77.1680825181502,0.6762,0.0625,1,20.166894531250023,4.26521635055542,-0.688494861125946
233,1039,GRID_001563,9.372893244804422,77.1780825181502,0.46240000000000003,0.0625,6,20.166894531250023,4.26521635055542,-0.688494861125946
242,1206,GRID_001564,9.372893244804422,77.18808251815021,0.22310000000000002,0.0625,9,20.166894531250023,4.26521635055542,-0.688494861125946
212,1129,GRID_001565,9.372893244804422,77.19808251815022,0.2775,0.0625,4,20.166894531250023,4.26521635055542,-0.688494861125946
192,46,GRID_001566,9.38289324480442,76.76808251815,0.8450000000000001,0.625,3,23.266900634765648,-0.03478393703699112,-0.788494884967804
158,15,GRID_001567,9.38289324480442,76.77808251815,0.7106,0.625,1,23.266900634765648,-0.03478393703699112,-0.788494884967804
58,133,GRID_001568,9.38289324480442,76.81808251815002,0.8625,0.625,5,23.266900634765648,-0.03478393703699112,-0.788494884967804
302,531,GRID_001569,9.38289324480442,76.91808251815007,0.8712000000000001,0.25,2,21.766900634765648,0.26521608233451843,-0.8884949088096619
242,508,GRID_001570,9.38289324480442,76.92808251815008,0.8159000000000001,0.25,2,21.766900634765648,0.26521608233451843,-0.8884949088096619
229,488,GRID_001571,9.38289324480442,76.93808251815008,0.737,0.25,7,21.766900634765648,0.26521608233451843,-0.8884949088096619
79,344,GRID_001572,9.38289324480442,76.94808251815009,0.8133,0.25,12,21.766900634765648,0.26521608233451843,-0.8884949088096619
114,336,GRID_001573,9.38289324480442,76.95808251815009,0.6944,0.25,12,21.766900634765648,0.26521608233451843,-0.8884949088096619
262,378,GRID_001574,9.38289324480442,76.9680825181501,0.403,0.25,22,21.766900634765648,0.26521608233451843,-0.8884949088096619
24,225,GRID_001575,9.38289324480442,76.9780825181501,0.8402000000000001,0.25,20,21.766900634765648,0.26521608233451843,-0.8884949088096619
207,192,GRID_001576,9.38289324480442,76.98808251815011,0.9283,0.25,16,21.766900634765648,0.26521608233451843,-0.8884949088096619
268,254,GRID_001577,9.38289324480442,76.99808251815011,0.8834000000000001,0.25,7,21.766900634765648,0.26521608233451843,-0.8884949088096619
123,317,GRID_001578,9.38289324480442,77.00808251815012,0.8912,0.25,1,21.766900634765648,0.26521608233451843,-0.8884949088096619
283,348,GRID_001579,9.38289324480442,77.01808251815012,0.8893000000000001,0.25,11,21.766900634765648,0.26521608233451843,-0.8884949088096619
23,517,GRID_001580,9.38289324480442,77.02808251815013,0.9021,0.25,4,21.766900634765648,0.26521608233451843,-0.8884949088096619
87,365,GRID_001581,9.38289324480442,77.03808251815013,0.8429000000000001,0.25,20,21.766900634765648,0.26521608233451843,-0.8884949088096619
82,230,GRID_001582,9.38289324480442,77.04808251815014,0.8083,0.25,8,21.766900634765648,0.26521608233451843,-0.8884949088096619
185,255,GRID_001583,9.38289324480442,77.05808251815014,0.745,0.25,17,21.766900634765648,0.26521608233451843,-0.8884949088096619
305,252,GRID_001584,9.38289324480442,77.06808251815015,0.8085,0.25,11,21.766900634765648,0.26521608233451843,-0.8884949088096619
14,452,GRID_001585,9.38289324480442,77.08808251815016,0.8134,0.25,17,21.766900634765648,0.26521608233451843,-0.8884949088096619
51,728,GRID_001586,9.38289324480442,77.09808251815016,0.9095000000000001,0.25,18,21.766900634765648,0.26521608233451843,-0.8884949088096619
38,745,GRID_001587,9.38289324480442,77.10808251815017,0.7942,0.25,18,21.766900634765648,0.26521608233451843,-0.8884949088096619
345,669,GRID_001588,9.38289324480442,77.11808251815017,0.8138000000000001,0.25,19,21.766900634765648,0.26521608233451843,-0.8884949088096619
273,443,GRID_001589,9.38289324480442,77.12808251815018,0.7324,0.0625,15,20.166894531250023,4.26521635055542,-0.688494861125946
217,824,GRID_001590,9.38289324480442,77.13808251815018,0.7882,0.0625,27,20.166894531250023,4.26521635055542,-0.688494861125946
253,1019,GRID_001591,9.38289324480442,77.14808251815019,0.7223,0.0625,13,20.166894531250023,4.26521635055542,-0.688494861125946
57,1024,GRID_001592,9.38289324480442,77.1580825181502,0.7274,0.0625,6,20.166894531250023,4.26521635055542,-0.688494861125946
99,986,GRID_001593,9.38289324480442,77.1680825181502,0.5857,0.0625,6,20.166894531250023,4.26521635055542,-0.688494861125946
234,1015,GRID_001594,9.38289324480442,77.1780825181502,0.44430000000000003,0.0625,4,20.166894531250023,4.26521635055542,-0.688494861125946
178,1143,GRID_001595,9.38289324480442,77.18808251815021,0.6792,0.0625,14,20.166894531250023,4.26521635055542,-0.688494861125946
131,1085,GRID_001596,9.38289324480442,77.19808251815022,0.2854,0.0625,12,20.166894531250023,4.26521635055542,-0.688494861125946
2,1202,GRID_001597,9.38289324480442,77.20808251815022,0.4187,0.0625,12,20.166894531250023,4.26521635055542,-0.688494861125946
332,1172,GRID_001598,9.38289324480442,77.21808251815023,0.8116,0.0625,9,20.166894531250023,4.26521635055542,-0.688494861125946
214,1432,GRID_001599,9.38289324480442,77.22808251815023,0.7518,0.0625,12,20.166894531250023,4.26521635055542,-0.688494861125946
93,109,GRID_001600,9.39289324480442,76.81808251815002,0.7925000000000001,0.625,7,23.266900634765648,-0.03478393703699112,-0.788494884967804
11,90,GRID_001601,9.39289324480442,76.85808251815004,0.8608,0.625,7,23.266900634765648,-0.03478393703699112,-0.788494884967804
16,167,GRID_001602,9.39289324480442,76.86808251815005,0.8388,0.625,2,23.266900634765648,-0.03478393703699112,-0.788494884967804
351,245,GRID_001603,9.39289324480442,76.87808251815005,0.8520000000000001,0.25,9,21.766900634765648,0.26521608233451843,-0.8884949088096619
249,140,GRID_001604,9.39289324480442,76.88808251815006,0.8718,0.25,2,21.766900634765648,0.26521608233451843,-0.8884949088096619
247,367,GRID_001605,9.39289324480442,76.90808251815007,0.8739,0.25,6,21.766900634765648,0.26521608233451843,-0.8884949088096619
297,415,GRID_001606,9.39289324480442,76.91808251815007,0.8722000000000001,0.25,3,21.766900634765648,0.26521608233451843,-0.8884949088096619
3,354,GRID_001607,9.39289324480442,76.92808251815008,0.809,0.25,9,21.766900634765648,0.26521608233451843,-0.8884949088096619
212,522,GRID_001608,9.39289324480442,76.93808251815008,0.4828,0.25,6,21.766900634765648,0.26521608233451843,-0.8884949088096619
61,534,GRID_001609,9.39289324480442,76.94808251815009,0.6118,0.25,5,21.766900634765648,0.26521608233451843,-0.8884949088096619
96,380,GRID_001610,9.39289324480442,76.95808251815009,0.6412,0.25,18,21.766900634765648,0.26521608233451843,-0.8884949088096619
323,356,GRID_001611,9.39289324480442,76.9680825181501,0.5942000000000001,0.25,8,21.766900634765648,0.26521608233451843,-0.8884949088096619
135,415,GRID_001612,9.39289324480442,76.9780825181501,0.7593000000000001,0.25,4,21.766900634765648,0.26521608233451843,-0.8884949088096619
129,442,GRID_001613,9.39289324480442,76.98808251815011,0.8856,0.25,18,21.766900634765648,0.26521608233451843,-0.8884949088096619
179,249,GRID_001614,9.39289324480442,76.99808251815011,0.8827,0.25,12,21.766900634765648,0.26521608233451843,-0.8884949088096619
254,345,GRID_001615,9.39289324480442,77.00808251815012,0.8544,0.25,12,21.766900634765648,0.26521608233451843,-0.8884949088096619
337,431,GRID_001616,9.39289324480442,77.01808251815012,0.8945000000000001,0.25,7,21.766900634765648,0.26521608233451843,-0.8884949088096619
24,604,GRID_001617,9.39289324480442,77.02808251815013,0.8994000000000001,0.25,18,21.766900634765648,0.26521608233451843,-0.8884949088096619
145,345,GRID_001618,9.39289324480442,77.03808251815013,0.8992,0.25,1,21.766900634765648,0.26521608233451843,-0.8884949088096619
266,353,GRID_001619,9.39289324480442,77.04808251815014,0.8925000000000001,0.25,15,21.766900634765648,0.26521608233451843,-0.8884949088096619
121,563,GRID_001620,9.39289324480442,77.05808251815014,0.5418000000000001,0.25,12,21.766900634765648,0.26521608233451843,-0.8884949088096619
167,516,GRID_001621,9.39289324480442,77.06808251815015,0.7925000000000001,0.25,20,21.766900634765648,0.26521608233451843,-0.8884949088096619
83,302,GRID_001622,9.39289324480442,77.07808251815015,0.6271,0.25,20,21.766900634765648,0.26521608233451843,-0.8884949088096619
194,243,GRID_001623,9.39289324480442,77.08808251815016,0.9730000000000001,0.25,10,21.766900634765648,0.26521608233451843,-0.8884949088096619
355,277,GRID_001624,9.39289324480442,77.09808251815016,0.881,0.25,9,21.766900634765648,0.26521608233451843,-0.8884949088096619
37,457,GRID_001625,9.39289324480442,77.10808251815017,0.7205,0.25,18,21.766900634765648,0.26521608233451843,-0.8884949088096619
16,357,GRID_001626,9.39289324480442,77.11808251815017,0.5605,0.25,14,21.766900634765648,0.26521608233451843,-0.8884949088096619
226,602,GRID_001627,9.39289324480442,77.12808251815018,0.7934,0.0625,22,20.166894531250023,4.26521635055542,-0.688494861125946
245,1111,GRID_001628,9.39289324480442,77.13808251815018,0.4587,0.0625,23,20.166894531250023,4.26521635055542,-0.688494861125946
28,1104,GRID_001629,9.39289324480442,77.14808251815019,0.7802,0.0625,6,20.166894531250023,4.26521635055542,-0.688494861125946
305,972,GRID_001630,9.39289324480442,77.1580825181502,0.44980000000000003,0.0625,4,20.166894531250023,4.26521635055542,-0.688494861125946
90,1063,GRID_001631,9.39289324480442,77.1680825181502,0.1394,0.0625,4,20.166894531250023,4.26521635055542,-0.688494861125946
245,1196,GRID_001632,9.39289324480442,77.1780825181502,0.6167,0.0625,7,20.166894531250023,4.26521635055542,-0.688494861125946
43,1185,GRID_001633,9.39289324480442,77.18808251815021,0.7781,0.0625,12,20.166894531250023,4.26521635055542,-0.688494861125946
194,1049,GRID_001634,9.39289324480442,77.19808251815022,0.5897,0.0625,4,20.166894531250023,4.26521635055542,-0.688494861125946
213,1036,GRID_001635,9.39289324480442,77.20808251815022,0.5916,0.0625,5,20.166894531250023,4.26521635055542,-0.688494861125946
2,1169,GRID_001636,9.39289324480442,77.21808251815023,0.8956000000000001,0.0625,12,20.166894531250023,4.26521635055542,-0.688494861125946
270,1258,GRID_001637,9.39289324480442,77.22808251815023,0.4233,0.0625,14,20.166894531250023,4.26521635055542,-0.688494861125946
224,59,GRID_001638,9.40289324480442,76.84808251815004,0.7291000000000001,0.625,3,23.266900634765648,-0.03478393703699112,-0.788494884967804
183,97,GRID_001639,9.40289324480442,76.85808251815004,0.7714000000000001,0.625,11,23.266900634765648,-0.03478393703699112,-0.788494884967804
312,65,GRID_001640,9.40289324480442,76.86808251815005,0.8615,0.625,5,23.266900634765648,-0.03478393703699112,-0.788494884967804
254,102,GRID_001641,9.40289324480442,76.87808251815005,0.8562000000000001,0.25,11,21.766900634765648,0.26521608233451843,-0.8884949088096619
12,371,GRID_001642,9.40289324480442,76.92808251815008,0.8721,0.25,26,21.766900634765648,0.26521608233451843,-0.8884949088096619
336,438,GRID_001643,9.40289324480442,76.93808251815008,0.7044,0.25,18,21.766900634765648,0.26521608233451843,-0.8884949088096619
50,314,GRID_001644,9.40289324480442,76.94808251815009,0.656,0.25,20,21.766900634765648,0.26521608233451843,-0.8884949088096619
228,274,GRID_001645,9.40289324480442,76.95808251815009,0.3704,0.25,15,21.766900634765648,0.26521608233451843,-0.8884949088096619
334,298,GRID_001646,9.40289324480442,76.9680825181501,0.6103000000000001,0.25,9,21.766900634765648,0.26521608233451843,-0.8884949088096619
229,417,GRID_001647,9.40289324480442,76.9780825181501,0.6664,0.25,7,21.766900634765648,0.26521608233451843,-0.8884949088096619
32,371,GRID_001648,9.40289324480442,76.98808251815011,0.8874000000000001,0.25,25,21.766900634765648,0.26521608233451843,-0.8884949088096619
350,454,GRID_001649,9.40289324480442,76.99808251815011,0.881,0.25,3,21.766900634765648,0.26521608233451843,-0.8884949088096619
167,387,GRID_001650,9.40289324480442,77.00808251815012,0.8932,0.25,2,21.766900634765648,0.26521608233451843,-0.8884949088096619
270,390,GRID_001651,9.40289324480442,77.01808251815012,0.89,0.25,20,21.766900634765648,0.26521608233451843,-0.8884949088096619
64,288,GRID_001652,9.40289324480442,77.02808251815013,0.9109,0.25,19,21.766900634765648,0.26521608233451843,-0.8884949088096619
221,264,GRID_001653,9.40289324480442,77.03808251815013,0.8977,0.25,6,21.766900634765648,0.26521608233451843,-0.8884949088096619
249,399,GRID_001654,9.40289324480442,77.04808251815014,0.9068,0.25,13,21.766900634765648,0.26521608233451843,-0.8884949088096619
48,653,GRID_001655,9.40289324480442,77.05808251815014,0.8972,0.25,18,21.766900634765648,0.26521608233451843,-0.8884949088096619
46,418,GRID_001656,9.40289324480442,77.06808251815015,0.9067000000000001,0.25,24,21.766900634765648,0.26521608233451843,-0.8884949088096619
252,268,GRID_001657,9.40289324480442,77.07808251815015,0.7906000000000001,0.25,18,21.766900634765648,0.26521608233451843,-0.8884949088096619
178,596,GRID_001658,9.40289324480442,77.08808251815016,0.42310000000000003,0.25,19,21.766900634765648,0.26521608233451843,-0.8884949088096619
169,447,GRID_001659,9.40289324480442,77.09808251815016,0.902,0.25,16,21.766900634765648,0.26521608233451843,-0.8884949088096619
202,393,GRID_001660,9.40289324480442,77.10808251815017,0.8533000000000001,0.25,31,21.766900634765648,0.26521608233451843,-0.8884949088096619
234,619,GRID_001661,9.40289324480442,77.11808251815017,0.4626,0.25,27,21.766900634765648,0.26521608233451843,-0.8884949088096619
249,858,GRID_001662,9.40289324480442,77.12808251815018,0.7821,0.0625,20,20.166894531250023,4.26521635055542,-0.688494861125946
311,1063,GRID_001663,9.40289324480442,77.13808251815018,0.8053,0.0625,16,20.166894531250023,4.26521635055542,-0.688494861125946
73,956,GRID_001664,9.40289324480442,77.14808251815019,0.43760000000000004,0.0625,4,20.166894531250023,4.26521635055542,-0.688494861125946
222,1088,GRID_001665,9.40289324480442,77.1580825181502,0.24450000000000002,0.0625,11,20.166894531250023,4.26521635055542,-0.688494861125946
279,1113,GRID_001666,9.40289324480442,77.1680825181502,0.6489,0.0625,4,20.166894531250023,4.26521635055542,-0.688494861125946
104,1087,GRID_001667,9.40289324480442,77.1780825181502,0.6834,0.0625,6,20.166894531250023,4.26521635055542,-0.688494861125946
181,1058,GRID_001668,9.40289324480442,77.18808251815021,0.5926,0.0625,5,20.166894531250023,4.26521635055542,-0.688494861125946
208,1228,GRID_001669,9.40289324480442,77.19808251815022,0.7975,0.0625,10,20.166894531250023,4.26521635055542,-0.688494861125946
126,1200,GRID_001670,9.40289324480442,77.20808251815022,0.4208,0.0625,14,20.166894531250023,4.26521635055542,-0.688494861125946
357,1131,GRID_001671,9.40289324480442,77.21808251815023,0.396,0.0625,6,20.166894531250023,4.26521635055542,-0.688494861125946
229,1263,GRID_001672,9.40289324480442,77.22808251815023,0.23390000000000002,0.0625,15,20.166894531250023,4.26521635055542,-0.688494861125946
325,1569,GRID_001673,9.40289324480442,77.23808251815024,0.10790000000000001,0.0625,15,20.166894531250023,4.26521635055542,-0.688494861125946
121,270,GRID_001674,9.41289324480442,76.84808251815004,0.7605000000000001,0.625,7,23.266900634765648,-0.03478393703699112,-0.788494884967804
289,221,GRID_001675,9.41289324480442,76.85808251815004,0.749,0.625,3,23.266900634765648,-0.03478393703699112,-0.788494884967804
205,78,GRID_001676,9.41289324480442,76.86808251815005,0.8082,0.625,3,23.266900634765648,-0.03478393703699112,-0.788494884967804
127,56,GRID_001677,9.41289324480442,76.87808251815005,0.7668,0.25,2,21.766900634765648,0.26521608233451843,-0.8884949088096619
256,105,GRID_001678,9.41289324480442,76.88808251815006,0.8121,0.25,5,21.766900634765648,0.26521608233451843,-0.8884949088096619
338,126,GRID_001679,9.41289324480442,76.89808251815006,0.8529,0.25,12,21.766900634765648,0.26521608233451843,-0.8884949088096619
28,150,GRID_001680,9.41289324480442,76.91808251815007,0.8867,0.25,14,21.766900634765648,0.26521608233451843,-0.8884949088096619
303,187,GRID_001681,9.41289324480442,76.92808251815008,0.8907,0.25,9,21.766900634765648,0.26521608233451843,-0.8884949088096619
31,122,GRID_001682,9.41289324480442,76.93808251815008,0.8545,0.25,6,21.766900634765648,0.26521608233451843,-0.8884949088096619
248,368,GRID_001683,9.41289324480442,76.94808251815009,0.6104,0.25,12,21.766900634765648,0.26521608233451843,-0.8884949088096619
63,351,GRID_001684,9.41289324480442,76.95808251815009,0.6657000000000001,0.25,19,21.766900634765648,0.26521608233451843,-0.8884949088096619
333,152,GRID_001685,9.41289324480442,76.9680825181501,0.6561,0.25,8,21.766900634765648,0.26521608233451843,-0.8884949088096619
212,279,GRID_001686,9.41289324480442,76.9780825181501,0.8157000000000001,0.25,14,21.766900634765648,0.26521608233451843,-0.8884949088096619
36,401,GRID_001687,9.41289324480442,76.98808251815011,0.8916000000000001,0.25,5,21.766900634765648,0.26521608233451843,-0.8884949088096619
358,292,GRID_001688,9.41289324480442,76.99808251815011,0.8904000000000001,0.25,6,21.766900634765648,0.26521608233451843,-0.8884949088096619
57,204,GRID_001689,9.41289324480442,77.00808251815012,0.8945000000000001,0.25,8,21.766900634765648,0.26521608233451843,-0.8884949088096619
31,343,GRID_001690,9.41289324480442,77.01808251815012,0.9049,0.25,1,21.766900634765648,0.26521608233451843,-0.8884949088096619
3,188,GRID_001691,9.41289324480442,77.03808251815013,0.8821,0.25,5,21.766900634765648,0.26521608233451843,-0.8884949088096619
352,227,GRID_001692,9.41289324480442,77.04808251815014,0.8972,0.25,16,21.766900634765648,0.26521608233451843,-0.8884949088096619
47,247,GRID_001693,9.41289324480442,77.05808251815014,0.8914000000000001,0.25,12,21.766900634765648,0.26521608233451843,-0.8884949088096619
23,235,GRID_001694,9.41289324480442,77.06808251815015,0.8556,0.25,14,21.766900634765648,0.26521608233451843,-0.8884949088096619
273,257,GRID_001695,9.41289324480442,77.07808251815015,0.9092,0.25,8,21.766900634765648,0.26521608233451843,-0.8884949088096619
345,499,GRID_001696,9.41289324480442,77.08808251815016,0.5204,0.25,17,21.766900634765648,0.26521608233451843,-0.8884949088096619
322,691,GRID_001697,9.41289324480442,77.09808251815016,0.7748,0.25,22,21.766900634765648,0.26521608233451843,-0.8884949088096619
290,982,GRID_001698,9.41289324480442,77.10808251815017,0.5592,0.25,6,21.766900634765648,0.26521608233451843,-0.8884949088096619
216,960,GRID_001699,9.41289324480442,77.11808251815017,0.5599000000000001,0.25,20,21.766900634765648,0.26521608233451843,-0.8884949088096619
146,1045,GRID_001700,9.41289324480442,77.12808251815018,0.7867000000000001,0.0625,11,20.166894531250023,4.26521635055542,-0.688494861125946
6,974,GRID_001701,9.41289324480442,77.13808251815018,0.3512,0.0625,13,20.166894531250023,4.26521635055542,-0.688494861125946
195,957,GRID_001702,9.41289324480442,77.14808251815019,0.3946,0.0625,5,20.166894531250023,4.26521635055542,-0.688494861125946
298,1028,GRID_001703,9.41289324480442,77.1580825181502,0.2912,0.0625,10,20.166894531250023,4.26521635055542,-0.688494861125946
213,1035,GRID_001704,9.41289324480442,77.1680825181502,0.8102,0.0625,9,20.166894531250023,4.26521635055542,-0.688494861125946
230,1103,GRID_001705,9.41289324480442,77.1780825181502,0.8067000000000001,0.0625,7,20.166894531250023,4.26521635055542,-0.688494861125946
119,1133,GRID_001706,9.41289324480442,77.18808251815021,0.2872,0.0625,14,20.166894531250023,4.26521635055542,-0.688494861125946
230,1238,GRID_001707,9.41289324480442,77.19808251815022,0.3186,0.0625,5,20.166894531250023,4.26521635055542,-0.688494861125946
213,1263,GRID_001708,9.41289324480442,77.20808251815022,0.8477,0.0625,3,20.166894531250023,4.26521635055542,-0.688494861125946
144,1236,GRID_001709,9.41289324480442,77.21808251815023,0.3386,0.0625,15,20.166894531250023,4.26521635055542,-0.688494861125946
315,1273,GRID_001710,9.41289324480442,77.22808251815023,0.35650000000000004,0.0625,19,20.166894531250023,4.26521635055542,-0.688494861125946
320,1348,GRID_001711,9.41289324480442,77.23808251815024,0.12250000000000001,0.0625,12,20.166894531250023,4.26521635055542,-0.688494861125946
179,322,GRID_001712,9.42289324480442,76.83808251815003,0.7858,0.625,10,23.266900634765648,-0.03478393703699112,-0.788494884967804
79,161,GRID_001713,9.42289324480442,76.84808251815004,0.8551000000000001,0.625,8,23.266900634765648,-0.03478393703699112,-0.788494884967804
320,185,GRID_001714,9.42289324480442,76.85808251815004,0.7468,0.625,3,23.266900634765648,-0.03478393703699112,-0.788494884967804
207,240,GRID_001715,9.42289324480442,76.86808251815005,0.8634000000000001,0.625,13,23.266900634765648,-0.03478393703699112,-0.788494884967804
189,219,GRID_001716,9.42289324480442,76.87808251815005,0.8576,0.25,3,21.766900634765648,0.26521608233451843,-0.8884949088096619
247,241,GRID_001717,9.42289324480442,76.88808251815006,0.8831,0.25,11,21.766900634765648,0.26521608233451843,-0.8884949088096619
29,226,GRID_001718,9.42289324480442,76.89808251815006,0.8411000000000001,0.25,13,21.766900634765648,0.26521608233451843,-0.8884949088096619
121,151,GRID_001719,9.42289324480442,76.90808251815007,0.8494,0.25,11,21.766900634765648,0.26521608233451843,-0.8884949088096619
2,103,GRID_001720,9.42289324480442,76.91808251815007,0.8783000000000001,0.25,7,21.766900634765648,0.26521608233451843,-0.8884949088096619
37,238,GRID_001721,9.42289324480442,76.92808251815008,0.8656,0.25,12,21.766900634765648,0.26521608233451843,-0.8884949088096619
161,143,GRID_001722,9.42289324480442,76.93808251815008,0.8254,0.25,5,21.766900634765648,0.26521608233451843,-0.8884949088096619
146,118,GRID_001723,9.42289324480442,76.95808251815009,0.6535000000000001,0.25,4,21.766900634765648,0.26521608233451843,-0.8884949088096619
334,98,GRID_001724,9.42289324480442,76.9680825181501,0.642,0.25,4,21.766900634765648,0.26521608233451843,-0.8884949088096619
7,127,GRID_001725,9.42289324480442,76.9780825181501,0.8181,0.25,3,21.766900634765648,0.26521608233451843,-0.8884949088096619
192,109,GRID_001726,9.42289324480442,76.98808251815011,0.8574,0.25,9,21.766900634765648,0.26521608233451843,-0.8884949088096619
218,112,GRID_001727,9.42289324480442,76.99808251815011,0.8593000000000001,0.25,11,21.766900634765648,0.26521608233451843,-0.8884949088096619
86,187,GRID_001728,9.42289324480442,77.00808251815012,0.893,0.25,5,21.766900634765648,0.26521608233451843,-0.8884949088096619
43,380,GRID_001729,9.42289324480442,77.01808251815012,0.9127000000000001,0.25,12,21.766900634765648,0.26521608233451843,-0.8884949088096619
199,558,GRID_001730,9.42289324480442,77.03808251815013,0.9041,0.25,8,21.766900634765648,0.26521608233451843,-0.8884949088096619
177,347,GRID_001731,9.42289324480442,77.04808251815014,0.8825000000000001,0.25,20,21.766900634765648,0.26521608233451843,-0.8884949088096619
101,362,GRID_001732,9.42289324480442,77.05808251815014,0.9265,0.25,15,21.766900634765648,0.26521608233451843,-0.8884949088096619
166,356,GRID_001733,9.42289324480442,77.07808251815015,0.46580000000000005,0.25,22,21.766900634765648,0.26521608233451843,-0.8884949088096619
306,239,GRID_001734,9.42289324480442,77.08808251815016,0.3533,0.25,7,21.766900634765648,0.26521608233451843,-0.8884949088096619
322,295,GRID_001735,9.42289324480442,77.09808251815016,0.2137,0.25,7,21.766900634765648,0.26521608233451843,-0.8884949088096619
228,620,GRID_001736,9.42289324480442,77.10808251815017,0.32320000000000004,0.25,21,21.766900634765648,0.26521608233451843,-0.8884949088096619
287,987,GRID_001737,9.42289324480442,77.11808251815017,0.4264,0.25,27,21.766900634765648,0.26521608233451843,-0.8884949088096619
31,1037,GRID_001738,9.42289324480442,77.12808251815018,0.54,0.0625,11,20.166894531250023,4.26521635055542,-0.688494861125946
62,879,GRID_001739,9.42289324480442,77.13808251815018,0.7020000000000001,0.0625,27,20.166894531250023,4.26521635055542,-0.688494861125946
11,702,GRID_001740,9.42289324480442,77.14808251815019,0.8016000000000001,0.0625,26,20.166894531250023,4.26521635055542,-0.688494861125946
214,1049,GRID_001741,9.42289324480442,77.1580825181502,0.8059000000000001,0.0625,13,20.166894531250023,4.26521635055542,-0.688494861125946
212,1166,GRID_001742,9.42289324480442,77.1680825181502,0.7987000000000001,0.0625,6,20.166894531250023,4.26521635055542,-0.688494861125946
148,1195,GRID_001743,9.42289324480442,77.1780825181502,0.7056,0.0625,6,20.166894531250023,4.26521635055542,-0.688494861125946
165,1212,GRID_001744,9.42289324480442,77.18808251815021,0.2574,0.0625,5,20.166894531250023,4.26521635055542,-0.688494861125946
210,1234,GRID_001745,9.42289324480442,77.19808251815022,0.4685,0.0625,1,20.166894531250023,4.26521635055542,-0.688494861125946
331,1249,GRID_001746,9.42289324480442,77.20808251815022,0.48560000000000003,0.0625,9,20.166894531250023,4.26521635055542,-0.688494861125946
10,1354,GRID_001747,9.42289324480442,77.21808251815023,0.4692,0.0625,13,20.166894531250023,4.26521635055542,-0.688494861125946
74,1248,GRID_001748,9.42289324480442,77.22808251815023,0.4761,0.0625,12,20.166894531250023,4.26521635055542,-0.688494861125946
151,1203,GRID_001749,9.42289324480442,77.23808251815024,0.5023,0.0625,7,20.166894531250023,4.26521635055542,-0.688494861125946
114,148,GRID_001750,9.43289324480442,76.80808251815002,0.8318000000000001,0.625,3,23.266900634765648,-0.03478393703699112,-0.788494884967804
242,124,GRID_001751,9.43289324480442,76.81808251815002,0.8584,0.625,4,23.266900634765648,-0.03478393703699112,-0.788494884967804
216,277,GRID_001752,9.43289324480442,76.82808251815003,0.8453,0.625,2,23.266900634765648,-0.03478393703699112,-0.788494884967804
41,200,GRID_001753,9.43289324480442,76.83808251815003,0.8580000000000001,0.625,11,23.266900634765648,-0.03478393703699112,-0.788494884967804
198,191,GRID_001754,9.43289324480442,76.84808251815004,0.8599,0.625,14,23.266900634765648,-0.03478393703699112,-0.788494884967804
277,138,GRID_001755,9.43289324480442,76.85808251815004,0.8478,0.625,4,23.266900634765648,-0.03478393703699112,-0.788494884967804
7,163,GRID_001756,9.43289324480442,76.86808251815005,0.8697,0.625,7,23.266900634765648,-0.03478393703699112,-0.788494884967804
65,237,GRID_001757,9.43289324480442,76.87808251815005,0.8746,0.25,12,21.766900634765648,0.26521608233451843,-0.8884949088096619
263,149,GRID_001758,9.43289324480442,76.88808251815006,0.8635,0.25,2,21.766900634765648,0.26521608233451843,-0.8884949088096619
62,237,GRID_001759,9.43289324480442,76.89808251815006,0.8578,0.25,10,21.766900634765648,0.26521608233451843,-0.8884949088096619
191,166,GRID_001760,9.43289324480442,76.90808251815007,0.6693,0.25,7,21.766900634765648,0.26521608233451843,-0.8884949088096619
209,233,GRID_001761,9.43289324480442,76.91808251815007,0.3909,0.25,15,21.766900634765648,0.26521608233451843,-0.8884949088096619
54,352,GRID_001762,9.43289324480442,76.92808251815008,0.7533000000000001,0.25,8,21.766900634765648,0.26521608233451843,-0.8884949088096619
86,128,GRID_001763,9.43289324480442,76.93808251815008,0.8558,0.25,15,21.766900634765648,0.26521608233451843,-0.8884949088096619
286,133,GRID_001764,9.43289324480442,76.94808251815009,0.7382000000000001,0.25,8,21.766900634765648,0.26521608233451843,-0.8884949088096619
225,348,GRID_001765,9.43289324480442,76.95808251815009,0.7321000000000001,0.25,17,21.766900634765648,0.26521608233451843,-0.8884949088096619
203,143,GRID_001766,9.43289324480442,76.9680825181501,0.8267,0.25,10,21.766900634765648,0.26521608233451843,-0.8884949088096619
210,358,GRID_001767,9.43289324480442,76.9780825181501,0.7995,0.25,16,21.766900634765648,0.26521608233451843,-0.8884949088096619
84,394,GRID_001768,9.43289324480442,76.98808251815011,0.9236000000000001,0.25,13,21.766900634765648,0.26521608233451843,-0.8884949088096619
38,265,GRID_001769,9.43289324480442,76.99808251815011,0.892,0.25,15,21.766900634765648,0.26521608233451843,-0.8884949088096619
231,249,GRID_001770,9.43289324480442,77.00808251815012,0.9076000000000001,0.25,16,21.766900634765648,0.26521608233451843,-0.8884949088096619
112,243,GRID_001771,9.43289324480442,77.01808251815012,0.9078,0.25,5,21.766900634765648,0.26521608233451843,-0.8884949088096619
9,315,GRID_001772,9.43289324480442,77.02808251815013,0.8986000000000001,0.25,16,21.766900634765648,0.26521608233451843,-0.8884949088096619
247,375,GRID_001773,9.43289324480442,77.03808251815013,0.8903000000000001,0.25,16,21.766900634765648,0.26521608233451843,-0.8884949088096619
90,425,GRID_001774,9.43289324480442,77.04808251815014,0.8221,0.25,11,21.766900634765648,0.26521608233451843,-0.8884949088096619
181,309,GRID_001775,9.43289324480442,77.05808251815014,0.6203000000000001,0.25,11,21.766900634765648,0.26521608233451843,-0.8884949088096619
133,409,GRID_001776,9.43289324480442,77.08808251815016,0.4994,0.25,8,21.766900634765648,0.26521608233451843,-0.8884949088096619
147,264,GRID_001777,9.43289324480442,77.09808251815016,0.6587000000000001,0.25,6,21.766900634765648,0.26521608233451843,-0.8884949088096619
332,429,GRID_001778,9.43289324480442,77.10808251815017,0.6423,0.25,25,21.766900634765648,0.26521608233451843,-0.8884949088096619
291,719,GRID_001779,9.43289324480442,77.11808251815017,0.3547,0.25,34,21.766900634765648,0.26521608233451843,-0.8884949088096619
15,641,GRID_001780,9.43289324480442,77.12808251815018,0.9008,0.0625,35,20.166894531250023,4.26521635055542,-0.688494861125946
239,585,GRID_001781,9.43289324480442,77.13808251815018,0.9355,0.0625,18,20.166894531250023,4.26521635055542,-0.688494861125946
206,924,GRID_001782,9.43289324480442,77.14808251815019,0.4063,0.0625,26,20.166894531250023,4.26521635055542,-0.688494861125946
246,1111,GRID_001783,9.43289324480442,77.1580825181502,0.4919,0.0625,11,20.166894531250023,4.26521635055542,-0.688494861125946
232,1205,GRID_001784,9.43289324480442,77.1680825181502,0.2503,0.0625,2,20.166894531250023,4.26521635055542,-0.688494861125946
259,1195,GRID_001785,9.43289324480442,77.1780825181502,0.442,0.0625,3,20.166894531250023,4.26521635055542,-0.688494861125946
256,1224,GRID_001786,9.43289324480442,77.18808251815021,0.4661,0.0625,5,20.166894531250023,4.26521635055542,-0.688494861125946
122,1233,GRID_001787,9.43289324480442,77.19808251815022,0.6202000000000001,0.0625,3,20.166894531250023,4.26521635055542,-0.688494861125946
238,1245,GRID_001788,9.43289324480442,77.20808251815022,0.5841000000000001,0.0625,3,20.166894531250023,4.26521635055542,-0.688494861125946
219,1288,GRID_001789,9.43289324480442,77.21808251815023,0.5995,0.0625,4,20.166894531250023,4.26521635055542,-0.688494861125946
143,1315,GRID_001790,9.43289324480442,77.22808251815023,0.6308,0.0625,6,20.166894531250023,4.26521635055542,-0.688494861125946
140,1249,GRID_001791,9.43289324480442,77.23808251815024,0.7842,0.0625,9,20.166894531250023,4.26521635055542,-0.688494861125946
276,92,GRID_001792,9.44289324480442,76.79808251815001,0.8364,0.375,2,23.266900634765648,-0.3347839415073395,-0.988494873046875
258,130,GRID_001793,9.44289324480442,76.80808251815002,0.8372,0.375,3,23.266900634765648,-0.3347839415073395,-0.988494873046875
225,137,GRID_001794,9.44289324480442,76.81808251815002,0.8500000000000001,0.375,7,23.266900634765648,-0.3347839415073395,-0.988494873046875
283,251,GRID_001795,9.44289324480442,76.82808251815003,0.8816,0.375,10,23.266900634765648,-0.3347839415073395,-0.988494873046875
31,171,GRID_001796,9.44289324480442,76.83808251815003,0.8846,0.375,9,23.266900634765648,-0.3347839415073395,-0.988494873046875
44,132,GRID_001797,9.44289324480442,76.84808251815004,0.8734000000000001,0.375,7,23.266900634765648,-0.3347839415073395,-0.988494873046875
0,111,GRID_001798,9.44289324480442,76.85808251815004,0.8716,0.375,1,23.266900634765648,-0.3347839415073395,-0.988494873046875
15,255,GRID_001799,9.44289324480442,76.86808251815005,0.8625,0.375,11,23.266900634765648,-0.3347839415073395,-0.988494873046875
74,143,GRID_001800,9.44289324480442,76.87808251815005,0.8366,0.1875,3,20.766900634765648,0.9652161002159119,-0.688494861125946
306,161,GRID_001801,9.44289324480442,76.88808251815006,0.8533000000000001,0.1875,2,20.766900634765648,0.9652161002159119,-0.688494861125946
316,165,GRID_001802,9.44289324480442,76.89808251815006,0.8681000000000001,0.1875,10,20.766900634765648,0.9652161002159119,-0.688494861125946
233,277,GRID_001803,9.44289324480442,76.90808251815007,0.7287,0.1875,22,20.766900634765648,0.9652161002159119,-0.688494861125946
55,330,GRID_001804,9.44289324480442,76.91808251815007,0.8808,0.1875,21,20.766900634765648,0.9652161002159119,-0.688494861125946
129,97,GRID_001805,9.44289324480442,76.93808251815008,0.7921,0.1875,2,20.766900634765648,0.9652161002159119,-0.688494861125946
314,313,GRID_001806,9.44289324480442,76.94808251815009,0.785,0.1875,19,20.766900634765648,0.9652161002159119,-0.688494861125946
2,447,GRID_001807,9.44289324480442,76.95808251815009,0.8375,0.1875,21,20.766900634765648,0.9652161002159119,-0.688494861125946
20,355,GRID_001808,9.44289324480442,76.9680825181501,0.8313,0.1875,13,20.766900634765648,0.9652161002159119,-0.688494861125946
33,272,GRID_001809,9.44289324480442,76.9780825181501,0.8107000000000001,0.1875,5,20.766900634765648,0.9652161002159119,-0.688494861125946
197,233,GRID_001810,9.44289324480442,76.98808251815011,0.9055000000000001,0.1875,9,20.766900634765648,0.9652161002159119,-0.688494861125946
194,276,GRID_001811,9.44289324480442,76.99808251815011,0.903,0.1875,8,20.766900634765648,0.9652161002159119,-0.688494861125946
33,281,GRID_001812,9.44289324480442,77.00808251815012,0.9073,0.1875,15,20.766900634765648,0.9652161002159119,-0.688494861125946
242,292,GRID_001813,9.44289324480442,77.01808251815012,0.8888,0.1875,17,20.766900634765648,0.9652161002159119,-0.688494861125946
211,610,GRID_001814,9.44289324480442,77.02808251815013,0.8795000000000001,0.1875,29,20.766900634765648,0.9652161002159119,-0.688494861125946
209,689,GRID_001815,9.44289324480442,77.03808251815013,0.7863,0.1875,30,20.766900634765648,0.9652161002159119,-0.688494861125946
204,667,GRID_001816,9.44289324480442,77.04808251815014,0.9175000000000001,0.1875,24,20.766900634765648,0.9652161002159119,-0.688494861125946
215,586,GRID_001817,9.44289324480442,77.07808251815015,0.4338,0.1875,13,20.766900634765648,0.9652161002159119,-0.688494861125946
103,511,GRID_001818,9.44289324480442,77.08808251815016,0.7462000000000001,0.1875,19,20.766900634765648,0.9652161002159119,-0.688494861125946
143,394,GRID_001819,9.44289324480442,77.09808251815016,0.619,0.1875,10,20.766900634765648,0.9652161002159119,-0.688494861125946
139,452,GRID_001820,9.44289324480442,77.10808251815017,0.5656,0.1875,18,20.766900634765648,0.9652161002159119,-0.688494861125946
177,331,GRID_001821,9.44289324480442,77.11808251815017,0.8144,0.1875,5,20.766900634765648,0.9652161002159119,-0.688494861125946
234,617,GRID_001822,9.44289324480442,77.12808251815018,0.24910000000000002,0.0625,33,18.866906738281273,3.565216064453125,0.011505126953125
228,811,GRID_001823,9.44289324480442,77.13808251815018,0.7243,0.0625,25,18.866906738281273,3.565216064453125,0.011505126953125
225,1071,GRID_001824,9.44289324480442,77.14808251815019,0.7617,0.0625,12,18.866906738281273,3.565216064453125,0.011505126953125
237,1139,GRID_001825,9.44289324480442,77.1580825181502,0.1703,0.0625,9,18.866906738281273,3.565216064453125,0.011505126953125
221,1212,GRID_001826,9.44289324480442,77.1680825181502,0.4083,0.0625,4,18.866906738281273,3.565216064453125,0.011505126953125
160,1256,GRID_001827,9.44289324480442,77.1780825181502,0.5158,0.0625,2,18.866906738281273,3.565216064453125,0.011505126953125
280,1256,GRID_001828,9.44289324480442,77.18808251815021,0.8079000000000001,0.0625,4,18.866906738281273,3.565216064453125,0.011505126953125
29,1274,GRID_001829,9.44289324480442,77.19808251815022,0.8233,0.0625,1,18.866906738281273,3.565216064453125,0.011505126953125
204,1267,GRID_001830,9.44289324480442,77.20808251815022,0.7733,0.0625,1,18.866906738281273,3.565216064453125,0.011505126953125
188,1277,GRID_001831,9.44289324480442,77.21808251815023,0.44,0.0625,2,18.866906738281273,3.565216064453125,0.011505126953125
27,1207,GRID_001832,9.44289324480442,77.22808251815023,0.619,0.0625,3,18.866906738281273,3.565216064453125,0.011505126953125
236,1208,GRID_001833,9.44289324480442,77.23808251815024,0.7605000000000001,0.0625,7,18.866906738281273,3.565216064453125,0.011505126953125
41,82,GRID_001834,9.45289324480442,76.73808251814998,0.87,0.375,9,23.266900634765648,-0.3347839415073395,-0.988494873046875
214,66,GRID_001835,9.45289324480442,76.79808251815001,0.8309000000000001,0.375,4,23.266900634765648,-0.3347839415073395,-0.988494873046875
353,126,GRID_001836,9.45289324480442,76.80808251815002,0.8686,0.375,4,23.266900634765648,-0.3347839415073395,-0.988494873046875
235,208,GRID_001837,9.45289324480442,76.81808251815002,0.8736,0.375,17,23.266900634765648,-0.3347839415073395,-0.988494873046875
282,110,GRID_001838,9.45289324480442,76.82808251815003,0.8511000000000001,0.375,4,23.266900634765648,-0.3347839415073395,-0.988494873046875
310,206,GRID_001839,9.45289324480442,76.83808251815003,0.8833000000000001,0.375,9,23.266900634765648,-0.3347839415073395,-0.988494873046875
187,125,GRID_001840,9.45289324480442,76.84808251815004,0.8866,0.375,2,23.266900634765648,-0.3347839415073395,-0.988494873046875
341,99,GRID_001841,9.45289324480442,76.85808251815004,0.8299000000000001,0.375,4,23.266900634765648,-0.3347839415073395,-0.988494873046875
220,139,GRID_001842,9.45289324480442,76.86808251815005,0.7899,0.375,6,23.266900634765648,-0.3347839415073395,-0.988494873046875
99,139,GRID_001843,9.45289324480442,76.87808251815005,0.8645,0.1875,5,20.766900634765648,0.9652161002159119,-0.688494861125946
273,179,GRID_001844,9.45289324480442,76.88808251815006,0.8688,0.1875,2,20.766900634765648,0.9652161002159119,-0.688494861125946
242,239,GRID_001845,9.45289324480442,76.89808251815006,0.8792000000000001,0.1875,21,20.766900634765648,0.9652161002159119,-0.688494861125946
26,425,GRID_001846,9.45289324480442,76.90808251815007,0.8941,0.1875,10,20.766900634765648,0.9652161002159119,-0.688494861125946
9,222,GRID_001847,9.45289324480442,76.91808251815007,0.886,0.1875,21,20.766900634765648,0.9652161002159119,-0.688494861125946
183,142,GRID_001848,9.45289324480442,76.92808251815008,0.8068000000000001,0.1875,2,20.766900634765648,0.9652161002159119,-0.688494861125946
224,316,GRID_001849,9.45289324480442,76.93808251815008,0.7617,0.1875,14,20.766900634765648,0.9652161002159119,-0.688494861125946
129,178,GRID_001850,9.45289324480442,76.94808251815009,0.4832,0.1875,17,20.766900634765648,0.9652161002159119,-0.688494861125946
33,287,GRID_001851,9.45289324480442,76.95808251815009,0.6599,0.1875,16,20.766900634765648,0.9652161002159119,-0.688494861125946
253,405,GRID_001852,9.45289324480442,76.9680825181501,0.8018000000000001,0.1875,18,20.766900634765648,0.9652161002159119,-0.688494861125946
284,394,GRID_001853,9.45289324480442,76.9780825181501,0.8184,0.1875,4,20.766900634765648,0.9652161002159119,-0.688494861125946
51,362,GRID_001854,9.45289324480442,76.98808251815011,0.9031,0.1875,13,20.766900634765648,0.9652161002159119,-0.688494861125946
282,298,GRID_001855,9.45289324480442,76.99808251815011,0.8963000000000001,0.1875,2,20.766900634765648,0.9652161002159119,-0.688494861125946
133,424,GRID_001856,9.45289324480442,77.00808251815012,0.8919,0.1875,7,20.766900634765648,0.9652161002159119,-0.688494861125946
258,304,GRID_001857,9.45289324480442,77.01808251815012,0.8797,0.1875,6,20.766900634765648,0.9652161002159119,-0.688494861125946
275,399,GRID_001858,9.45289324480442,77.02808251815013,0.892,0.1875,10,20.766900634765648,0.9652161002159119,-0.688494861125946
270,828,GRID_001859,9.45289324480442,77.03808251815013,0.8768,0.1875,28,20.766900634765648,0.9652161002159119,-0.688494861125946
217,906,GRID_001860,9.45289324480442,77.06808251815015,0.3607,0.1875,33,20.766900634765648,0.9652161002159119,-0.688494861125946
194,933,GRID_001861,9.45289324480442,77.07808251815015,0.5754,0.1875,16,20.766900634765648,0.9652161002159119,-0.688494861125946
125,734,GRID_001862,9.45289324480442,77.08808251815016,0.8143,0.1875,14,20.766900634765648,0.9652161002159119,-0.688494861125946
126,569,GRID_001863,9.45289324480442,77.09808251815016,0.5884,0.1875,14,20.766900634765648,0.9652161002159119,-0.688494861125946
169,681,GRID_001864,9.45289324480442,77.10808251815017,0.3003,0.1875,33,20.766900634765648,0.9652161002159119,-0.688494861125946
181,804,GRID_001865,9.45289324480442,77.11808251815017,0.6703,0.1875,31,20.766900634765648,0.9652161002159119,-0.688494861125946
288,971,GRID_001866,9.45289324480442,77.12808251815018,0.6884,0.0625,24,18.866906738281273,3.565216064453125,0.011505126953125
213,953,GRID_001867,9.45289324480442,77.13808251815018,0.439,0.0625,7,18.866906738281273,3.565216064453125,0.011505126953125
342,1033,GRID_001868,9.45289324480442,77.14808251815019,0.225,0.0625,12,18.866906738281273,3.565216064453125,0.011505126953125
208,1165,GRID_001869,9.45289324480442,77.1580825181502,0.4955,0.0625,9,18.866906738281273,3.565216064453125,0.011505126953125
237,1169,GRID_001870,9.45289324480442,77.1680825181502,0.2741,0.0625,1,18.866906738281273,3.565216064453125,0.011505126953125
237,1230,GRID_001871,9.45289324480442,77.1780825181502,0.5428000000000001,0.0625,1,18.866906738281273,3.565216064453125,0.011505126953125
264,1254,GRID_001872,9.45289324480442,77.18808251815021,0.8447,0.0625,5,18.866906738281273,3.565216064453125,0.011505126953125
61,1300,GRID_001873,9.45289324480442,77.19808251815022,0.4969,0.0625,1,18.866906738281273,3.565216064453125,0.011505126953125
21,1280,GRID_001874,9.45289324480442,77.20808251815022,0.22410000000000002,0.0625,4,18.866906738281273,3.565216064453125,0.011505126953125
310,1272,GRID_001875,9.45289324480442,77.21808251815023,0.4131,0.0625,2,18.866906738281273,3.565216064453125,0.011505126953125
126,1194,GRID_001876,9.45289324480442,77.22808251815023,0.6592,0.0625,2,18.866906738281273,3.565216064453125,0.011505126953125
137,1218,GRID_001877,9.45289324480442,77.23808251815024,0.6757000000000001,0.0625,8,18.866906738281273,3.565216064453125,0.011505126953125
14,80,GRID_001878,9.46289324480442,76.79808251815001,0.8265,0.375,1,23.266900634765648,-0.3347839415073395,-0.988494873046875
23,98,GRID_001879,9.46289324480442,76.81808251815002,0.8623000000000001,0.375,2,23.266900634765648,-0.3347839415073395,-0.988494873046875
211,86,GRID_001880,9.46289324480442,76.82808251815003,0.8462000000000001,0.375,1,23.266900634765648,-0.3347839415073395,-0.988494873046875
68,96,GRID_001881,9.46289324480442,76.83808251815003,0.8153,0.375,4,23.266900634765648,-0.3347839415073395,-0.988494873046875
349,111,GRID_001882,9.46289324480442,76.84808251815004,0.8626,0.375,2,23.266900634765648,-0.3347839415073395,-0.988494873046875
268,121,GRID_001883,9.46289324480442,76.85808251815004,0.8732000000000001,0.375,4,23.266900634765648,-0.3347839415073395,-0.988494873046875
9,218,GRID_001884,9.46289324480442,76.86808251815005,0.8758,0.375,5,23.266900634765648,-0.3347839415073395,-0.988494873046875
290,103,GRID_001885,9.46289324480442,76.87808251815005,0.8659,0.1875,2,20.766900634765648,0.9652161002159119,-0.688494861125946
90,258,GRID_001886,9.46289324480442,76.90808251815007,0.8912,0.1875,4,20.766900634765648,0.9652161002159119,-0.688494861125946
18,134,GRID_001887,9.46289324480442,76.91808251815007,0.8872,0.1875,3,20.766900634765648,0.9652161002159119,-0.688494861125946
261,251,GRID_001888,9.46289324480442,76.92808251815008,0.7888000000000001,0.1875,25,20.766900634765648,0.9652161002159119,-0.688494861125946
243,516,GRID_001889,9.46289324480442,76.93808251815008,0.7946000000000001,0.1875,3,20.766900634765648,0.9652161002159119,-0.688494861125946
56,235,GRID_001890,9.46289324480442,76.94808251815009,0.8239000000000001,0.1875,20,20.766900634765648,0.9652161002159119,-0.688494861125946
129,132,GRID_001891,9.46289324480442,76.95808251815009,0.7718,0.1875,13,20.766900634765648,0.9652161002159119,-0.688494861125946
32,117,GRID_001892,9.46289324480442,76.9680825181501,0.7934,0.1875,4,20.766900634765648,0.9652161002159119,-0.688494861125946
304,180,GRID_001893,9.46289324480442,76.9780825181501,0.8146,0.1875,12,20.766900634765648,0.9652161002159119,-0.688494861125946
228,197,GRID_001894,9.46289324480442,76.98808251815011,0.6701,0.1875,14,20.766900634765648,0.9652161002159119,-0.688494861125946
217,460,GRID_001895,9.46289324480442,76.99808251815011,0.8582000000000001,0.1875,12,20.766900634765648,0.9652161002159119,-0.688494861125946
246,422,GRID_001896,9.46289324480442,77.00808251815012,0.8723000000000001,0.1875,14,20.766900634765648,0.9652161002159119,-0.688494861125946
20,749,GRID_001897,9.46289324480442,77.01808251815012,0.8797,0.1875,20,20.766900634765648,0.9652161002159119,-0.688494861125946
250,813,GRID_001898,9.46289324480442,77.02808251815013,0.8754000000000001,0.1875,10,20.766900634765648,0.9652161002159119,-0.688494861125946
355,1017,GRID_001899,9.46289324480442,77.06808251815015,0.8204,0.1875,5,20.766900634765648,0.9652161002159119,-0.688494861125946
20,875,GRID_001900,9.46289324480442,77.07808251815015,0.8593000000000001,0.1875,14,20.766900634765648,0.9652161002159119,-0.688494861125946
232,1090,GRID_001901,9.46289324480442,77.08808251815016,0.7884,0.1875,17,20.766900634765648,0.9652161002159119,-0.688494861125946
187,1173,GRID_001902,9.46289324480442,77.09808251815016,0.7911,0.1875,18,20.766900634765648,0.9652161002159119,-0.688494861125946
217,924,GRID_001903,9.46289324480442,77.10808251815017,0.9073,0.1875,17,20.766900634765648,0.9652161002159119,-0.688494861125946
97,1008,GRID_001904,9.46289324480442,77.11808251815017,0.444,0.1875,5,20.766900634765648,0.9652161002159119,-0.688494861125946
155,973,GRID_001905,9.46289324480442,77.12808251815018,0.4928,0.0625,14,18.866906738281273,3.565216064453125,0.011505126953125
142,960,GRID_001906,9.46289324480442,77.13808251815018,0.228,0.0625,4,18.866906738281273,3.565216064453125,0.011505126953125
250,964,GRID_001907,9.46289324480442,77.14808251815019,0.5529000000000001,0.0625,7,18.866906738281273,3.565216064453125,0.011505126953125
309,1121,GRID_001908,9.46289324480442,77.1580825181502,0.3776,0.0625,19,18.866906738281273,3.565216064453125,0.011505126953125
289,1258,GRID_001909,9.46289324480442,77.1680825181502,0.614,0.0625,7,18.866906738281273,3.565216064453125,0.011505126953125
270,1273,GRID_001910,9.46289324480442,77.1780825181502,0.5639000000000001,0.0625,5,18.866906738281273,3.565216064453125,0.011505126953125
11,1228,GRID_001911,9.46289324480442,77.18808251815021,0.6422,0.0625,5,18.866906738281273,3.565216064453125,0.011505126953125
6,1263,GRID_001912,9.46289324480442,77.19808251815022,0.5606,0.0625,7,18.866906738281273,3.565216064453125,0.011505126953125
214,1252,GRID_001913,9.46289324480442,77.20808251815022,0.5576,0.0625,3,18.866906738281273,3.565216064453125,0.011505126953125
229,1285,GRID_001914,9.46289324480442,77.21808251815023,0.4752,0.0625,5,18.866906738281273,3.565216064453125,0.011505126953125
309,1289,GRID_001915,9.46289324480442,77.22808251815023,0.5984,0.0625,5,18.866906738281273,3.565216064453125,0.011505126953125
75,1264,GRID_001916,9.46289324480442,77.23808251815024,0.6378,0.0625,4,18.866906738281273,3.565216064453125,0.011505126953125
11,194,GRID_001917,9.47289324480442,76.90808251815007,0.8781,0.1875,2,20.766900634765648,0.9652161002159119,-0.688494861125946
234,234,GRID_001918,9.47289324480442,76.91808251815007,0.8814000000000001,0.1875,22,20.766900634765648,0.9652161002159119,-0.688494861125946
49,365,GRID_001919,9.47289324480442,76.92808251815008,0.8057000000000001,0.1875,21,20.766900634765648,0.9652161002159119,-0.688494861125946
229,169,GRID_001920,9.47289324480442,76.93808251815008,0.8327,0.1875,3,20.766900634765648,0.9652161002159119,-0.688494861125946
151,391,GRID_001921,9.47289324480442,76.94808251815009,0.7967000000000001,0.1875,6,20.766900634765648,0.9652161002159119,-0.688494861125946
64,132,GRID_001922,9.47289324480442,76.95808251815009,0.805,0.1875,6,20.766900634765648,0.9652161002159119,-0.688494861125946
150,147,GRID_001923,9.47289324480442,76.9680825181501,0.7864,0.1875,7,20.766900634765648,0.9652161002159119,-0.688494861125946
174,383,GRID_001924,9.47289324480442,76.9780825181501,0.7686000000000001,0.1875,16,20.766900634765648,0.9652161002159119,-0.688494861125946
243,146,GRID_001925,9.47289324480442,76.98808251815011,0.8704000000000001,0.1875,3,20.766900634765648,0.9652161002159119,-0.688494861125946
13,341,GRID_001926,9.47289324480442,76.99808251815011,0.8696,0.1875,12,20.766900634765648,0.9652161002159119,-0.688494861125946
357,396,GRID_001927,9.47289324480442,77.00808251815012,0.8877,0.1875,16,20.766900634765648,0.9652161002159119,-0.688494861125946
280,323,GRID_001928,9.47289324480442,77.01808251815012,0.8679,0.1875,11,20.766900634765648,0.9652161002159119,-0.688494861125946
277,699,GRID_001929,9.47289324480442,77.02808251815013,0.8768,0.1875,20,20.766900634765648,0.9652161002159119,-0.688494861125946
20,585,GRID_001930,9.47289324480442,77.03808251815013,0.8787,0.1875,21,20.766900634765648,0.9652161002159119,-0.688494861125946
0,748,GRID_001931,9.47289324480442,77.04808251815014,0.7224,0.1875,24,20.766900634765648,0.9652161002159119,-0.688494861125946
273,721,GRID_001932,9.47289324480442,77.05808251815014,0.8194,0.1875,10,20.766900634765648,0.9652161002159119,-0.688494861125946
47,781,GRID_001933,9.47289324480442,77.06808251815015,0.8041,0.1875,25,20.766900634765648,0.9652161002159119,-0.688494861125946
225,972,GRID_001934,9.47289324480442,77.07808251815015,0.8235,0.1875,29,20.766900634765648,0.9652161002159119,-0.688494861125946
269,1183,GRID_001935,9.47289324480442,77.08808251815016,0.5881000000000001,0.1875,7,20.766900634765648,0.9652161002159119,-0.688494861125946
329,1193,GRID_001936,9.47289324480442,77.09808251815016,0.7414000000000001,0.1875,6,20.766900634765648,0.9652161002159119,-0.688494861125946
135,1089,GRID_001937,9.47289324480442,77.10808251815017,0.3185,0.1875,11,20.766900634765648,0.9652161002159119,-0.688494861125946
233,1137,GRID_001938,9.47289324480442,77.11808251815017,0.6091,0.1875,10,20.766900634765648,0.9652161002159119,-0.688494861125946
149,1112,GRID_001939,9.47289324480442,77.12808251815018,0.24020000000000002,0.0625,14,18.866906738281273,3.565216064453125,0.011505126953125
134,927,GRID_001940,9.47289324480442,77.13808251815018,0.886,0.0625,8,18.866906738281273,3.565216064453125,0.011505126953125
306,979,GRID_001941,9.47289324480442,77.14808251815019,0.762,0.0625,9,18.866906738281273,3.565216064453125,0.011505126953125
336,1025,GRID_001942,9.47289324480442,77.1580825181502,0.6602,0.0625,9,18.866906738281273,3.565216064453125,0.011505126953125
345,1218,GRID_001943,9.47289324480442,77.1680825181502,0.3357,0.0625,8,18.866906738281273,3.565216064453125,0.011505126953125
356,1243,GRID_001944,9.47289324480442,77.1780825181502,0.6107,0.0625,6,18.866906738281273,3.565216064453125,0.011505126953125
94,1175,GRID_001945,9.47289324480442,77.18808251815021,0.6639,0.0625,7,18.866906738281273,3.565216064453125,0.011505126953125
333,1168,GRID_001946,9.47289324480442,77.19808251815022,0.6096,0.0625,7,18.866906738281273,3.565216064453125,0.011505126953125
3,1166,GRID_001947,9.47289324480442,77.20808251815022,0.5585,0.0625,15,18.866906738281273,3.565216064453125,0.011505126953125
160,1270,GRID_001948,9.47289324480442,77.21808251815023,0.3433,0.0625,6,18.866906738281273,3.565216064453125,0.011505126953125
347,1251,GRID_001949,9.47289324480442,77.22808251815023,0.45730000000000004,0.0625,4,18.866906738281273,3.565216064453125,0.011505126953125
127,1264,GRID_001950,9.47289324480442,77.23808251815024,0.4791,0.0625,8,18.866906738281273,3.565216064453125,0.011505126953125
346,979,GRID_001951,9.47289324480442,77.24808251815024,0.387,0.0625,9,18.866906738281273,3.565216064453125,0.011505126953125
73,51,GRID_001952,9.48289324480442,76.67808251814995,0.8423,0.375,4,23.266900634765648,-0.3347839415073395,-0.988494873046875
133,41,GRID_001953,9.48289324480442,76.68808251814995,0.8627,0.375,3,23.266900634765648,-0.3347839415073395,-0.988494873046875
337,46,GRID_001954,9.48289324480442,76.69808251814996,0.8568,0.375,2,23.266900634765648,-0.3347839415073395,-0.988494873046875
194,78,GRID_001955,9.48289324480442,76.70808251814996,0.8677,0.375,1,23.266900634765648,-0.3347839415073395,-0.988494873046875
14,96,GRID_001956,9.48289324480442,76.78808251815,0.8751,0.375,4,23.266900634765648,-0.3347839415073395,-0.988494873046875
244,111,GRID_001957,9.48289324480442,76.86808251815005,0.8687,0.375,5,23.266900634765648,-0.3347839415073395,-0.988494873046875
57,108,GRID_001958,9.48289324480442,76.87808251815005,0.8173,0.1875,3,20.766900634765648,0.9652161002159119,-0.688494861125946
217,158,GRID_001959,9.48289324480442,76.88808251815006,0.8625,0.1875,7,20.766900634765648,0.9652161002159119,-0.688494861125946
329,111,GRID_001960,9.48289324480442,76.89808251815006,0.8644000000000001,0.1875,3,20.766900634765648,0.9652161002159119,-0.688494861125946
105,115,GRID_001961,9.48289324480442,76.90808251815007,0.8609,0.1875,2,20.766900634765648,0.9652161002159119,-0.688494861125946
18,172,GRID_001962,9.48289324480442,76.91808251815007,0.8605,0.1875,15,20.766900634765648,0.9652161002159119,-0.688494861125946
235,171,GRID_001963,9.48289324480442,76.92808251815008,0.8509,0.1875,14,20.766900634765648,0.9652161002159119,-0.688494861125946
53,233,GRID_001964,9.48289324480442,76.93808251815008,0.8540000000000001,0.1875,12,20.766900634765648,0.9652161002159119,-0.688494861125946
210,226,GRID_001965,9.48289324480442,76.94808251815009,0.807,0.1875,20,20.766900634765648,0.9652161002159119,-0.688494861125946
222,265,GRID_001966,9.48289324480442,76.95808251815009,0.7435,0.1875,25,20.766900634765648,0.9652161002159119,-0.688494861125946
198,418,GRID_001967,9.48289324480442,76.9680825181501,0.8899,0.1875,19,20.766900634765648,0.9652161002159119,-0.688494861125946
39,324,GRID_001968,9.48289324480442,76.9780825181501,0.8746,0.1875,20,20.766900634765648,0.9652161002159119,-0.688494861125946
236,297,GRID_001969,9.48289324480442,76.98808251815011,0.7101000000000001,0.1875,21,20.766900634765648,0.9652161002159119,-0.688494861125946
127,243,GRID_001970,9.48289324480442,76.99808251815011,0.884,0.1875,17,20.766900634765648,0.9652161002159119,-0.688494861125946
217,174,GRID_001971,9.48289324480442,77.00808251815012,0.8868,0.1875,6,20.766900634765648,0.9652161002159119,-0.688494861125946
304,350,GRID_001972,9.48289324480442,77.01808251815012,0.8805000000000001,0.1875,18,20.766900634765648,0.9652161002159119,-0.688494861125946
31,356,GRID_001973,9.48289324480442,77.02808251815013,0.8616,0.1875,23,20.766900634765648,0.9652161002159119,-0.688494861125946
239,381,GRID_001974,9.48289324480442,77.03808251815013,0.8764000000000001,0.1875,18,20.766900634765648,0.9652161002159119,-0.688494861125946
181,561,GRID_001975,9.48289324480442,77.04808251815014,0.8786,0.1875,14,20.766900634765648,0.9652161002159119,-0.688494861125946
77,637,GRID_001976,9.48289324480442,77.05808251815014,0.8899,0.1875,17,20.766900634765648,0.9652161002159119,-0.688494861125946
206,736,GRID_001977,9.48289324480442,77.06808251815015,0.9002,0.1875,15,20.766900634765648,0.9652161002159119,-0.688494861125946
50,1126,GRID_001978,9.48289324480442,77.07808251815015,0.7892,0.1875,1,20.766900634765648,0.9652161002159119,-0.688494861125946
189,1172,GRID_001979,9.48289324480442,77.08808251815016,0.7585000000000001,0.1875,5,20.766900634765648,0.9652161002159119,-0.688494861125946
32,1164,GRID_001980,9.48289324480442,77.09808251815016,0.6385000000000001,0.1875,2,20.766900634765648,0.9652161002159119,-0.688494861125946
295,1153,GRID_001981,9.48289324480442,77.10808251815017,0.2718,0.1875,3,20.766900634765648,0.9652161002159119,-0.688494861125946
8,1155,GRID_001982,9.48289324480442,77.11808251815017,0.5812,0.1875,13,20.766900634765648,0.9652161002159119,-0.688494861125946
33,1014,GRID_001983,9.48289324480442,77.12808251815018,0.892,0.0625,14,18.866906738281273,3.565216064453125,0.011505126953125
27,946,GRID_001984,9.48289324480442,77.13808251815018,0.8973000000000001,0.0625,5,18.866906738281273,3.565216064453125,0.011505126953125
236,929,GRID_001985,9.48289324480442,77.14808251815019,0.5836,0.0625,8,18.866906738281273,3.565216064453125,0.011505126953125
142,985,GRID_001986,9.48289324480442,77.1580825181502,0.8261000000000001,0.0625,4,18.866906738281273,3.565216064453125,0.011505126953125
313,998,GRID_001987,9.48289324480442,77.1680825181502,0.5726,0.0625,7,18.866906738281273,3.565216064453125,0.011505126953125
341,1124,GRID_001988,9.48289324480442,77.1780825181502,0.42710000000000004,0.0625,9,18.866906738281273,3.565216064453125,0.011505126953125
1,1153,GRID_001989,9.48289324480442,77.18808251815021,0.45930000000000004,0.0625,6,18.866906738281273,3.565216064453125,0.011505126953125
104,1048,GRID_001990,9.48289324480442,77.19808251815022,0.5064000000000001,0.0625,5,18.866906738281273,3.565216064453125,0.011505126953125
188,1103,GRID_001991,9.48289324480442,77.20808251815022,0.5373,0.0625,10,18.866906738281273,3.565216064453125,0.011505126953125
50,1232,GRID_001992,9.48289324480442,77.21808251815023,0.38780000000000003,0.0625,7,18.866906738281273,3.565216064453125,0.011505126953125
331,1176,GRID_001993,9.48289324480442,77.22808251815023,0.5662,0.0625,1,18.866906738281273,3.565216064453125,0.011505126953125
99,1142,GRID_001994,9.48289324480442,77.23808251815024,0.5699000000000001,0.0625,11,18.866906738281273,3.565216064453125,0.011505126953125
186,1004,GRID_001995,9.48289324480442,77.24808251815024,0.8078000000000001,0.0625,14,18.866906738281273,3.565216064453125,0.011505126953125
68,46,GRID_001996,9.49289324480442,76.68808251814995,0.8606,0.375,7,23.266900634765648,-0.3347839415073395,-0.988494873046875
270,77,GRID_001997,9.49289324480442,76.69808251814996,0.8656,0.375,3,23.266900634765648,-0.3347839415073395,-0.988494873046875
218,99,GRID_001998,9.49289324480442,76.70808251814996,0.8218000000000001,0.375,3,23.266900634765648,-0.3347839415073395,-0.988494873046875
148,65,GRID_001999,9.49289324480442,76.82808251815003,0.8219000000000001,0.375,5,23.266900634765648,-0.3347839415073395,-0.988494873046875
145,62,GRID_002000,9.49289324480442,76.83808251815003,0.8261000000000001,0.375,3,23.266900634765648,-0.3347839415073395,-0.988494873046875
27,62,GRID_002001,9.49289324480442,76.84808251815004,0.8213,0.375,1,23.266900634765648,-0.3347839415073395,-0.988494873046875
186,94,GRID_002002,9.49289324480442,76.86808251815005,0.8244,0.375,7,23.266900634765648,-0.3347839415073395,-0.988494873046875
218,120,GRID_002003,9.49289324480442,76.87808251815005,0.8675,0.1875,4,20.766900634765648,0.9652161002159119,-0.688494861125946
221,109,GRID_002004,9.49289324480442,76.88808251815006,0.8471000000000001,0.1875,3,20.766900634765648,0.9652161002159119,-0.688494861125946
238,98,GRID_002005,9.49289324480442,76.89808251815006,0.8441000000000001,0.1875,2,20.766900634765648,0.9652161002159119,-0.688494861125946
178,153,GRID_002006,9.49289324480442,76.90808251815007,0.8611000000000001,0.1875,9,20.766900634765648,0.9652161002159119,-0.688494861125946
275,245,GRID_002007,9.49289324480442,76.91808251815007,0.8567,0.1875,11,20.766900634765648,0.9652161002159119,-0.688494861125946
286,225,GRID_002008,9.49289324480442,76.92808251815008,0.8459,0.1875,17,20.766900634765648,0.9652161002159119,-0.688494861125946
355,261,GRID_002009,9.49289324480442,76.93808251815008,0.8594,0.1875,4,20.766900634765648,0.9652161002159119,-0.688494861125946
205,410,GRID_002010,9.49289324480442,76.94808251815009,0.6824,0.1875,8,20.766900634765648,0.9652161002159119,-0.688494861125946
39,362,GRID_002011,9.49289324480442,76.95808251815009,0.8712000000000001,0.1875,20,20.766900634765648,0.9652161002159119,-0.688494861125946
315,297,GRID_002012,9.49289324480442,76.9680825181501,0.8885000000000001,0.1875,17,20.766900634765648,0.9652161002159119,-0.688494861125946
77,342,GRID_002013,9.49289324480442,76.9780825181501,0.8891,0.1875,18,20.766900634765648,0.9652161002159119,-0.688494861125946
199,427,GRID_002014,9.49289324480442,76.98808251815011,0.7464000000000001,0.1875,16,20.766900634765648,0.9652161002159119,-0.688494861125946
112,428,GRID_002015,9.49289324480442,76.99808251815011,0.624,0.1875,21,20.766900634765648,0.9652161002159119,-0.688494861125946
197,505,GRID_002016,9.49289324480442,77.00808251815012,0.4757,0.1875,19,20.766900634765648,0.9652161002159119,-0.688494861125946
159,235,GRID_002017,9.49289324480442,77.01808251815012,0.6987,0.1875,17,20.766900634765648,0.9652161002159119,-0.688494861125946
179,213,GRID_002018,9.49289324480442,77.02808251815013,0.8687,0.1875,9,20.766900634765648,0.9652161002159119,-0.688494861125946
245,299,GRID_002019,9.49289324480442,77.03808251815013,0.8873000000000001,0.1875,11,20.766900634765648,0.9652161002159119,-0.688494861125946
286,590,GRID_002020,9.49289324480442,77.04808251815014,0.8987,0.1875,14,20.766900634765648,0.9652161002159119,-0.688494861125946
335,386,GRID_002021,9.49289324480442,77.05808251815014,0.92,0.1875,4,20.766900634765648,0.9652161002159119,-0.688494861125946
0,1076,GRID_002022,9.49289324480442,77.07808251815015,0.7814,0.1875,3,20.766900634765648,0.9652161002159119,-0.688494861125946
337,1139,GRID_002023,9.49289324480442,77.08808251815016,0.7154,0.1875,6,20.766900634765648,0.9652161002159119,-0.688494861125946
351,1136,GRID_002024,9.49289324480442,77.09808251815016,0.4045,0.1875,5,20.766900634765648,0.9652161002159119,-0.688494861125946
45,1016,GRID_002025,9.49289324480442,77.10808251815017,0.8226,0.1875,16,20.766900634765648,0.9652161002159119,-0.688494861125946
28,993,GRID_002026,9.49289324480442,77.11808251815017,0.7458,0.1875,11,20.766900634765648,0.9652161002159119,-0.688494861125946
339,971,GRID_002027,9.49289324480442,77.12808251815018,0.9590000000000001,0.0625,8,18.866906738281273,3.565216064453125,0.011505126953125
142,1025,GRID_002028,9.49289324480442,77.13808251815018,0.6695,0.0625,19,18.866906738281273,3.565216064453125,0.011505126953125
355,938,GRID_002029,9.49289324480442,77.14808251815019,0.68,0.0625,11,18.866906738281273,3.565216064453125,0.011505126953125
1,1011,GRID_002030,9.49289324480442,77.1680825181502,0.48310000000000003,0.0625,12,18.866906738281273,3.565216064453125,0.011505126953125
329,978,GRID_002031,9.49289324480442,77.1780825181502,0.8396,0.0625,3,18.866906738281273,3.565216064453125,0.011505126953125
283,1014,GRID_002032,9.49289324480442,77.18808251815021,0.1933,0.0625,4,18.866906738281273,3.565216064453125,0.011505126953125
239,1115,GRID_002033,9.49289324480442,77.19808251815022,0.17200000000000001,0.0625,10,18.866906738281273,3.565216064453125,0.011505126953125
90,1181,GRID_002034,9.49289324480442,77.20808251815022,0.6367,0.0625,4,18.866906738281273,3.565216064453125,0.011505126953125
304,1112,GRID_002035,9.49289324480442,77.21808251815023,0.6289,0.0625,7,18.866906738281273,3.565216064453125,0.011505126953125
76,1212,GRID_002036,9.49289324480442,77.22808251815023,0.5757,0.0625,4,18.866906738281273,3.565216064453125,0.011505126953125
48,1087,GRID_002037,9.49289324480442,77.23808251815024,0.8917,0.0625,8,18.866906738281273,3.565216064453125,0.011505126953125
180,1026,GRID_002038,9.49289324480442,77.24808251815024,0.5861000000000001,0.0625,0,18.866906738281273,3.565216064453125,0.011505126953125
101,1013,GRID_002039,9.49289324480442,77.25808251815025,0.8742000000000001,0.0625,13,18.866906738281273,3.565216064453125,0.011505126953125
287,67,GRID_002040,9.50289324480442,76.69808251814996,0.8316,0.375,2,23.266900634765648,-0.3347839415073395,-0.988494873046875
48,82,GRID_002041,9.50289324480442,76.70808251814996,0.8718,0.375,7,23.266900634765648,-0.3347839415073395,-0.988494873046875
59,56,GRID_002042,9.50289324480442,76.74808251814999,0.8542000000000001,0.375,8,23.266900634765648,-0.3347839415073395,-0.988494873046875
286,41,GRID_002043,9.50289324480442,76.75808251814999,0.8495,0.375,3,23.266900634765648,-0.3347839415073395,-0.988494873046875
14,104,GRID_002044,9.50289324480442,76.76808251815,0.7546,0.375,13,23.266900634765648,-0.3347839415073395,-0.988494873046875
153,51,GRID_002045,9.50289324480442,76.81808251815002,0.736,0.375,2,23.266900634765648,-0.3347839415073395,-0.988494873046875
316,53,GRID_002046,9.50289324480442,76.82808251815003,0.7958000000000001,0.375,3,23.266900634765648,-0.3347839415073395,-0.988494873046875
18,82,GRID_002047,9.50289324480442,76.83808251815003,0.7699,0.375,3,23.266900634765648,-0.3347839415073395,-0.988494873046875
67,57,GRID_002048,9.50289324480442,76.84808251815004,0.8125,0.375,1,23.266900634765648,-0.3347839415073395,-0.988494873046875
225,90,GRID_002049,9.50289324480442,76.85808251815004,0.8686,0.375,3,23.266900634765648,-0.3347839415073395,-0.988494873046875
13,95,GRID_002050,9.50289324480442,76.86808251815005,0.8538,0.375,4,23.266900634765648,-0.3347839415073395,-0.988494873046875
32,98,GRID_002051,9.50289324480442,76.87808251815005,0.8044,0.1875,4,20.766900634765648,0.9652161002159119,-0.688494861125946
358,131,GRID_002052,9.50289324480442,76.88808251815006,0.8301000000000001,0.1875,4,20.766900634765648,0.9652161002159119,-0.688494861125946
177,130,GRID_002053,9.50289324480442,76.89808251815006,0.8331000000000001,0.1875,4,20.766900634765648,0.9652161002159119,-0.688494861125946
234,144,GRID_002054,9.50289324480442,76.90808251815007,0.8674000000000001,0.1875,3,20.766900634765648,0.9652161002159119,-0.688494861125946
320,142,GRID_002055,9.50289324480442,76.91808251815007,0.8739,0.1875,1,20.766900634765648,0.9652161002159119,-0.688494861125946
18,145,GRID_002056,9.50289324480442,76.92808251815008,0.8646,0.1875,10,20.766900634765648,0.9652161002159119,-0.688494861125946
226,294,GRID_002057,9.50289324480442,76.93808251815008,0.8784000000000001,0.1875,10,20.766900634765648,0.9652161002159119,-0.688494861125946
30,133,GRID_002058,9.50289324480442,76.94808251815009,0.8204,0.1875,10,20.766900634765648,0.9652161002159119,-0.688494861125946
280,124,GRID_002059,9.50289324480442,76.95808251815009,0.8065,0.1875,4,20.766900634765648,0.9652161002159119,-0.688494861125946
236,417,GRID_002060,9.50289324480442,76.9780825181501,0.7747,0.1875,25,20.766900634765648,0.9652161002159119,-0.688494861125946
150,446,GRID_002061,9.50289324480442,76.98808251815011,0.8584,0.1875,12,20.766900634765648,0.9652161002159119,-0.688494861125946
164,459,GRID_002062,9.50289324480442,76.99808251815011,0.8745,0.1875,11,20.766900634765648,0.9652161002159119,-0.688494861125946
233,690,GRID_002063,9.50289324480442,77.00808251815012,0.8745,0.1875,12,20.766900634765648,0.9652161002159119,-0.688494861125946
160,561,GRID_002064,9.50289324480442,77.01808251815012,0.8795000000000001,0.1875,21,20.766900634765648,0.9652161002159119,-0.688494861125946
47,284,GRID_002065,9.50289324480442,77.02808251815013,0.8776,0.1875,16,20.766900634765648,0.9652161002159119,-0.688494861125946
178,242,GRID_002066,9.50289324480442,77.03808251815013,0.7836000000000001,0.1875,3,20.766900634765648,0.9652161002159119,-0.688494861125946
32,288,GRID_002067,9.50289324480442,77.04808251815014,0.9162,0.1875,12,20.766900634765648,0.9652161002159119,-0.688494861125946
240,529,GRID_002068,9.50289324480442,77.05808251815014,0.8762000000000001,0.1875,23,20.766900634765648,0.9652161002159119,-0.688494861125946
6,767,GRID_002069,9.50289324480442,77.06808251815015,0.8747,0.1875,21,20.766900634765648,0.9652161002159119,-0.688494861125946
6,827,GRID_002070,9.50289324480442,77.07808251815015,0.8538,0.1875,29,20.766900634765648,0.9652161002159119,-0.688494861125946
328,1089,GRID_002071,9.50289324480442,77.08808251815016,0.7616,0.1875,11,20.766900634765648,0.9652161002159119,-0.688494861125946
54,1123,GRID_002072,9.50289324480442,77.09808251815016,0.7699,0.1875,2,20.766900634765648,0.9652161002159119,-0.688494861125946
75,1010,GRID_002073,9.50289324480442,77.10808251815017,0.6684,0.1875,7,20.766900634765648,0.9652161002159119,-0.688494861125946
46,900,GRID_002074,9.50289324480442,77.11808251815017,0.762,0.1875,6,20.766900634765648,0.9652161002159119,-0.688494861125946
130,910,GRID_002075,9.50289324480442,77.12808251815018,0.7100000000000001,0.0625,6,18.866906738281273,3.565216064453125,0.011505126953125
283,903,GRID_002076,9.50289324480442,77.13808251815018,0.4627,0.0625,2,18.866906738281273,3.565216064453125,0.011505126953125
229,955,GRID_002077,9.50289324480442,77.14808251815019,0.7832,0.0625,2,18.866906738281273,3.565216064453125,0.011505126953125
259,984,GRID_002078,9.50289324480442,77.1680825181502,0.47540000000000004,0.0625,11,18.866906738281273,3.565216064453125,0.011505126953125
28,969,GRID_002079,9.50289324480442,77.1780825181502,0.5286000000000001,0.0625,9,18.866906738281273,3.565216064453125,0.011505126953125
119,890,GRID_002080,9.50289324480442,77.18808251815021,0.39990000000000003,0.0625,5,18.866906738281273,3.565216064453125,0.011505126953125
340,1183,GRID_002081,9.50289324480442,77.22808251815023,0.6336,0.0625,16,18.866906738281273,3.565216064453125,0.011505126953125
152,1131,GRID_002082,9.50289324480442,77.23808251815024,0.7235,0.0625,11,18.866906738281273,3.565216064453125,0.011505126953125
136,988,GRID_002083,9.50289324480442,77.24808251815024,0.6784,0.0625,10,18.866906738281273,3.565216064453125,0.011505126953125
322,1001,GRID_002084,9.50289324480442,77.25808251815025,0.5335,0.0625,1,18.866906738281273,3.565216064453125,0.011505126953125
335,994,GRID_002085,9.50289324480442,77.26808251815025,0.1326,0.0625,13,18.866906738281273,3.565216064453125,0.011505126953125
77,1121,GRID_002086,9.50289324480442,77.27808251815026,0.6887,0.0625,2,18.866906738281273,3.565216064453125,0.011505126953125
141,1017,GRID_002087,9.50289324480442,77.28808251815026,0.5319,0.0625,10,18.866906738281273,3.565216064453125,0.011505126953125
281,1196,GRID_002088,9.50289324480442,77.29808251815027,0.1852,0.0625,26,18.866906738281273,3.565216064453125,0.011505126953125
252,121,GRID_002089,9.51289324480442,76.72808251814998,0.8485,0.375,4,23.266900634765648,-0.3347839415073395,-0.988494873046875
41,69,GRID_002090,9.51289324480442,76.73808251814998,0.8621000000000001,0.375,9,23.266900634765648,-0.3347839415073395,-0.988494873046875
66,67,GRID_002091,9.51289324480442,76.81808251815002,0.809,0.375,4,23.266900634765648,-0.3347839415073395,-0.988494873046875
279,71,GRID_002092,9.51289324480442,76.82808251815003,0.8406,0.375,3,23.266900634765648,-0.3347839415073395,-0.988494873046875
148,95,GRID_002093,9.51289324480442,76.83808251815003,0.8682000000000001,0.375,4,23.266900634765648,-0.3347839415073395,-0.988494873046875
99,65,GRID_002094,9.51289324480442,76.84808251815004,0.8791,0.375,3,23.266900634765648,-0.3347839415073395,-0.988494873046875
225,76,GRID_002095,9.51289324480442,76.85808251815004,0.6665,0.375,1,23.266900634765648,-0.3347839415073395,-0.988494873046875
249,71,GRID_002096,9.51289324480442,76.86808251815005,0.8520000000000001,0.375,2,23.266900634765648,-0.3347839415073395,-0.988494873046875
275,99,GRID_002097,9.51289324480442,76.88808251815006,0.877,0.1875,3,20.766900634765648,0.9652161002159119,-0.688494861125946
228,112,GRID_002098,9.51289324480442,76.89808251815006,0.8642000000000001,0.1875,2,20.766900634765648,0.9652161002159119,-0.688494861125946
322,202,GRID_002099,9.51289324480442,76.90808251815007,0.8848,0.1875,4,20.766900634765648,0.9652161002159119,-0.688494861125946
230,118,GRID_002100,9.51289324480442,76.91808251815007,0.8629,0.1875,7,20.766900634765648,0.9652161002159119,-0.688494861125946
51,132,GRID_002101,9.51289324480442,76.92808251815008,0.8529,0.1875,10,20.766900634765648,0.9652161002159119,-0.688494861125946
222,133,GRID_002102,9.51289324480442,76.93808251815008,0.8717,0.1875,5,20.766900634765648,0.9652161002159119,-0.688494861125946
205,170,GRID_002103,9.51289324480442,76.94808251815009,0.8336,0.1875,12,20.766900634765648,0.9652161002159119,-0.688494861125946
137,169,GRID_002104,9.51289324480442,76.95808251815009,0.6066,0.1875,5,20.766900634765648,0.9652161002159119,-0.688494861125946
259,246,GRID_002105,9.51289324480442,76.9680825181501,0.7244,0.1875,9,20.766900634765648,0.9652161002159119,-0.688494861125946
205,533,GRID_002106,9.51289324480442,76.98808251815011,0.9202,0.1875,12,20.766900634765648,0.9652161002159119,-0.688494861125946
160,506,GRID_002107,9.51289324480442,76.99808251815011,0.894,0.1875,3,20.766900634765648,0.9652161002159119,-0.688494861125946
160,387,GRID_002108,9.51289324480442,77.02808251815013,0.8440000000000001,0.1875,9,20.766900634765648,0.9652161002159119,-0.688494861125946
163,499,GRID_002109,9.51289324480442,77.03808251815013,0.8475,0.1875,10,20.766900634765648,0.9652161002159119,-0.688494861125946
242,350,GRID_002110,9.51289324480442,77.04808251815014,0.7987000000000001,0.1875,9,20.766900634765648,0.9652161002159119,-0.688494861125946
155,470,GRID_002111,9.51289324480442,77.05808251815014,0.6557000000000001,0.1875,20,20.766900634765648,0.9652161002159119,-0.688494861125946
210,455,GRID_002112,9.51289324480442,77.06808251815015,0.7517,0.1875,6,20.766900634765648,0.9652161002159119,-0.688494861125946
272,633,GRID_002113,9.51289324480442,77.07808251815015,0.7651,0.1875,23,20.766900634765648,0.9652161002159119,-0.688494861125946
256,846,GRID_002114,9.51289324480442,77.08808251815016,0.48550000000000004,0.1875,4,20.766900634765648,0.9652161002159119,-0.688494861125946
317,929,GRID_002115,9.51289324480442,77.09808251815016,0.5944,0.1875,11,20.766900634765648,0.9652161002159119,-0.688494861125946
112,1090,GRID_002116,9.51289324480442,77.10808251815017,0.5372,0.1875,11,20.766900634765648,0.9652161002159119,-0.688494861125946
314,898,GRID_002117,9.51289324480442,77.11808251815017,0.5542,0.1875,9,20.766900634765648,0.9652161002159119,-0.688494861125946
232,940,GRID_002118,9.51289324480442,77.12808251815018,0.8435,0.0625,7,18.866906738281273,3.565216064453125,0.011505126953125
180,977,GRID_002119,9.51289324480442,77.13808251815018,0.156,0.0625,7,18.866906738281273,3.565216064453125,0.011505126953125
284,875,GRID_002120,9.51289324480442,77.14808251815019,0.5785,0.0625,5,18.866906738281273,3.565216064453125,0.011505126953125
30,974,GRID_002121,9.51289324480442,77.1780825181502,0.5936,0.0625,2,18.866906738281273,3.565216064453125,0.011505126953125
259,1086,GRID_002122,9.51289324480442,77.22808251815023,0.36210000000000003,0.0625,18,18.866906738281273,3.565216064453125,0.011505126953125
205,1195,GRID_002123,9.51289324480442,77.23808251815024,0.2381,0.0625,5,18.866906738281273,3.565216064453125,0.011505126953125
111,1113,GRID_002124,9.51289324480442,77.24808251815024,0.7375,0.0625,13,18.866906738281273,3.565216064453125,0.011505126953125
178,972,GRID_002125,9.51289324480442,77.25808251815025,0.8977,0.0625,6,18.866906738281273,3.565216064453125,0.011505126953125
318,1020,GRID_002126,9.51289324480442,77.26808251815025,0.5889,0.0625,11,18.866906738281273,3.565216064453125,0.011505126953125
280,1109,GRID_002127,9.51289324480442,77.27808251815026,0.4575,0.0625,11,18.866906738281273,3.565216064453125,0.011505126953125
151,1257,GRID_002128,9.51289324480442,77.28808251815026,0.5676,0.0625,16,18.866906738281273,3.565216064453125,0.011505126953125
74,1110,GRID_002129,9.51289324480442,77.29808251815027,0.618,0.0625,17,18.866906738281273,3.565216064453125,0.011505126953125
122,76,GRID_002130,9.522893244804418,76.81808251815002,0.8791,0.375,3,23.266900634765648,-0.3347839415073395,-0.988494873046875
202,128,GRID_002131,9.522893244804418,76.82808251815003,0.733,0.375,3,23.266900634765648,-0.3347839415073395,-0.988494873046875
163,74,GRID_002132,9.522893244804418,76.83808251815003,0.7877000000000001,0.375,1,23.266900634765648,-0.3347839415073395,-0.988494873046875
118,90,GRID_002133,9.522893244804418,76.84808251815004,0.8735,0.375,3,23.266900634765648,-0.3347839415073395,-0.988494873046875
237,250,GRID_002134,9.522893244804418,76.85808251815004,0.8717,0.375,11,23.266900634765648,-0.3347839415073395,-0.988494873046875
56,97,GRID_002135,9.522893244804418,76.88808251815006,0.863,0.1875,3,20.766900634765648,0.9652161002159119,-0.688494861125946
39,137,GRID_002136,9.522893244804418,76.89808251815006,0.8009000000000001,0.1875,6,20.766900634765648,0.9652161002159119,-0.688494861125946
251,123,GRID_002137,9.522893244804418,76.90808251815007,0.8809,0.1875,6,20.766900634765648,0.9652161002159119,-0.688494861125946
287,122,GRID_002138,9.522893244804418,76.91808251815007,0.8601000000000001,0.1875,2,20.766900634765648,0.9652161002159119,-0.688494861125946
210,127,GRID_002139,9.522893244804418,76.92808251815008,0.7938000000000001,0.1875,10,20.766900634765648,0.9652161002159119,-0.688494861125946
170,217,GRID_002140,9.522893244804418,76.93808251815008,0.8396,0.1875,10,20.766900634765648,0.9652161002159119,-0.688494861125946
82,295,GRID_002141,9.522893244804418,76.94808251815009,0.8472000000000001,0.1875,9,20.766900634765648,0.9652161002159119,-0.688494861125946
235,226,GRID_002142,9.522893244804418,76.95808251815009,0.6078,0.1875,7,20.766900634765648,0.9652161002159119,-0.688494861125946
254,436,GRID_002143,9.522893244804418,76.9680825181501,0.5731,0.1875,26,20.766900634765648,0.9652161002159119,-0.688494861125946
150,831,GRID_002144,9.522893244804418,76.9780825181501,0.7655000000000001,0.1875,18,20.766900634765648,0.9652161002159119,-0.688494861125946
187,778,GRID_002145,9.522893244804418,76.98808251815011,0.8319000000000001,0.1875,7,20.766900634765648,0.9652161002159119,-0.688494861125946
131,478,GRID_002146,9.522893244804418,77.02808251815013,0.8997,0.1875,16,20.766900634765648,0.9652161002159119,-0.688494861125946
162,718,GRID_002147,9.522893244804418,77.03808251815013,0.9233,0.1875,21,20.766900634765648,0.9652161002159119,-0.688494861125946
187,798,GRID_002148,9.522893244804418,77.05808251815014,0.7626000000000001,0.1875,13,20.766900634765648,0.9652161002159119,-0.688494861125946
191,800,GRID_002149,9.522893244804418,77.06808251815015,0.6677000000000001,0.1875,22,20.766900634765648,0.9652161002159119,-0.688494861125946
191,725,GRID_002150,9.522893244804418,77.07808251815015,0.49720000000000003,0.1875,18,20.766900634765648,0.9652161002159119,-0.688494861125946
241,954,GRID_002151,9.522893244804418,77.08808251815016,0.6361,0.1875,6,20.766900634765648,0.9652161002159119,-0.688494861125946
156,928,GRID_002152,9.522893244804418,77.09808251815016,0.5998,0.1875,11,20.766900634765648,0.9652161002159119,-0.688494861125946
359,874,GRID_002153,9.522893244804418,77.10808251815017,0.0969,0.1875,10,20.766900634765648,0.9652161002159119,-0.688494861125946
230,920,GRID_002154,9.522893244804418,77.11808251815017,0.8114,0.1875,14,20.766900634765648,0.9652161002159119,-0.688494861125946
12,1022,GRID_002155,9.522893244804418,77.12808251815018,0.8382000000000001,0.0625,8,18.866906738281273,3.565216064453125,0.011505126953125
39,1045,GRID_002156,9.522893244804418,77.13808251815018,0.6605000000000001,0.0625,19,18.866906738281273,3.565216064453125,0.011505126953125
100,866,GRID_002157,9.522893244804418,77.14808251815019,0.3272,0.0625,1,18.866906738281273,3.565216064453125,0.011505126953125
25,927,GRID_002158,9.522893244804418,77.1780825181502,0.5448000000000001,0.0625,11,18.866906738281273,3.565216064453125,0.011505126953125
0,1084,GRID_002159,9.522893244804418,77.23808251815024,0.6926,0.0625,24,18.866906738281273,3.565216064453125,0.011505126953125
29,902,GRID_002160,9.522893244804418,77.24808251815024,0.2782,0.0625,12,18.866906738281273,3.565216064453125,0.011505126953125
341,885,GRID_002161,9.522893244804418,77.25808251815025,0.4612,0.0625,10,18.866906738281273,3.565216064453125,0.011505126953125
330,901,GRID_002162,9.522893244804418,77.26808251815025,0.5691,0.0625,4,18.866906738281273,3.565216064453125,0.011505126953125
273,999,GRID_002163,9.522893244804418,77.27808251815026,0.6559,0.0625,6,18.866906738281273,3.565216064453125,0.011505126953125
316,1068,GRID_002164,9.522893244804418,77.28808251815026,0.48860000000000003,0.0625,19,18.866906738281273,3.565216064453125,0.011505126953125
133,1171,GRID_002165,9.522893244804418,77.29808251815027,0.5919,0.0625,16,18.866906738281273,3.565216064453125,0.011505126953125
8,209,GRID_002166,9.532893244804418,76.82808251815003,0.8525,0.375,2,23.266900634765648,-0.3347839415073395,-0.988494873046875
186,122,GRID_002167,9.532893244804418,76.83808251815003,0.8617,0.375,4,23.266900634765648,-0.3347839415073395,-0.988494873046875
121,95,GRID_002168,9.532893244804418,76.87808251815005,0.8655,0.1875,10,20.766900634765648,0.9652161002159119,-0.688494861125946
12,89,GRID_002169,9.532893244804418,76.88808251815006,0.759,0.1875,4,20.766900634765648,0.9652161002159119,-0.688494861125946
254,151,GRID_002170,9.532893244804418,76.89808251815006,0.8484,0.1875,6,20.766900634765648,0.9652161002159119,-0.688494861125946
36,105,GRID_002171,9.532893244804418,76.90808251815007,0.7415,0.1875,7,20.766900634765648,0.9652161002159119,-0.688494861125946
268,112,GRID_002172,9.532893244804418,76.91808251815007,0.8938,0.1875,3,20.766900634765648,0.9652161002159119,-0.688494861125946
1,176,GRID_002173,9.532893244804418,76.92808251815008,0.9011,0.1875,16,20.766900634765648,0.9652161002159119,-0.688494861125946
310,315,GRID_002174,9.532893244804418,76.93808251815008,0.8948,0.1875,20,20.766900634765648,0.9652161002159119,-0.688494861125946
95,310,GRID_002175,9.532893244804418,76.94808251815009,0.8802000000000001,0.1875,14,20.766900634765648,0.9652161002159119,-0.688494861125946
231,392,GRID_002176,9.532893244804418,76.95808251815009,0.8607,0.1875,30,20.766900634765648,0.9652161002159119,-0.688494861125946
220,702,GRID_002177,9.532893244804418,76.9680825181501,0.5944,0.1875,28,20.766900634765648,0.9652161002159119,-0.688494861125946
45,797,GRID_002178,9.532893244804418,76.9780825181501,0.9717,0.1875,22,20.766900634765648,0.9652161002159119,-0.688494861125946
357,546,GRID_002179,9.532893244804418,76.98808251815011,0.641,0.1875,13,20.766900634765648,0.9652161002159119,-0.688494861125946
97,979,GRID_002180,9.532893244804418,77.03808251815013,0.8347,0.1875,22,20.766900634765648,0.9652161002159119,-0.688494861125946
168,676,GRID_002181,9.532893244804418,77.04808251815014,0.5631,0.1875,19,20.766900634765648,0.9652161002159119,-0.688494861125946
249,751,GRID_002182,9.532893244804418,77.05808251815014,0.5809000000000001,0.1875,28,20.766900634765648,0.9652161002159119,-0.688494861125946
335,1002,GRID_002183,9.532893244804418,77.06808251815015,0.4167,0.1875,7,20.766900634765648,0.9652161002159119,-0.688494861125946
135,1020,GRID_002184,9.532893244804418,77.07808251815015,0.45180000000000003,0.1875,14,20.766900634765648,0.9652161002159119,-0.688494861125946
146,934,GRID_002185,9.532893244804418,77.08808251815016,0.2159,0.1875,6,20.766900634765648,0.9652161002159119,-0.688494861125946
170,916,GRID_002186,9.532893244804418,77.09808251815016,0.5379,0.1875,11,20.766900634765648,0.9652161002159119,-0.688494861125946
86,852,GRID_002187,9.532893244804418,77.10808251815017,0.9671000000000001,0.1875,3,20.766900634765648,0.9652161002159119,-0.688494861125946
135,842,GRID_002188,9.532893244804418,77.11808251815017,0.7894,0.1875,1,20.766900634765648,0.9652161002159119,-0.688494861125946
197,851,GRID_002189,9.532893244804418,77.12808251815018,0.8995000000000001,0.0625,7,18.866906738281273,3.565216064453125,0.011505126953125
156,848,GRID_002190,9.532893244804418,77.13808251815018,0.4055,0.0625,5,18.866906738281273,3.565216064453125,0.011505126953125
175,867,GRID_002191,9.532893244804418,77.21808251815023,0.1317,0.0625,3,18.866906738281273,3.565216064453125,0.011505126953125
238,878,GRID_002192,9.532893244804418,77.23808251815024,0.37720000000000004,0.0625,7,18.866906738281273,3.565216064453125,0.011505126953125
125,926,GRID_002193,9.532893244804418,77.24808251815024,0.37870000000000004,0.0625,3,18.866906738281273,3.565216064453125,0.011505126953125
205,938,GRID_002194,9.532893244804418,77.25808251815025,0.4842,0.0625,4,18.866906738281273,3.565216064453125,0.011505126953125
304,921,GRID_002195,9.532893244804418,77.26808251815025,0.46950000000000003,0.0625,6,18.866906738281273,3.565216064453125,0.011505126953125
33,913,GRID_002196,9.532893244804418,77.27808251815026,0.3183,0.0625,12,18.866906738281273,3.565216064453125,0.011505126953125
326,956,GRID_002197,9.532893244804418,77.28808251815026,0.5533,0.0625,11,18.866906738281273,3.565216064453125,0.011505126953125
84,1033,GRID_002198,9.532893244804418,77.29808251815027,0.3028,0.0625,12,18.866906738281273,3.565216064453125,0.011505126953125
96,54,GRID_002199,9.542893244804418,76.79808251815001,0.8410000000000001,0.375,1,23.266900634765648,-0.3347839415073395,-0.988494873046875
68,234,GRID_002200,9.542893244804418,76.86808251815005,0.7857000000000001,0.375,5,23.266900634765648,-0.3347839415073395,-0.988494873046875
92,77,GRID_002201,9.542893244804418,76.87808251815005,0.6954,0.1875,3,20.766900634765648,0.9652161002159119,-0.688494861125946
122,115,GRID_002202,9.542893244804418,76.88808251815006,0.6648000000000001,0.1875,5,20.766900634765648,0.9652161002159119,-0.688494861125946
31,150,GRID_002203,9.542893244804418,76.89808251815006,0.7832,0.1875,3,20.766900634765648,0.9652161002159119,-0.688494861125946
273,137,GRID_002204,9.542893244804418,76.90808251815007,0.7436,0.1875,12,20.766900634765648,0.9652161002159119,-0.688494861125946
221,242,GRID_002205,9.542893244804418,76.91808251815007,0.7234,0.1875,17,20.766900634765648,0.9652161002159119,-0.688494861125946
222,298,GRID_002206,9.542893244804418,76.92808251815008,0.7863,0.1875,21,20.766900634765648,0.9652161002159119,-0.688494861125946
214,260,GRID_002207,9.542893244804418,76.93808251815008,0.8855000000000001,0.1875,16,20.766900634765648,0.9652161002159119,-0.688494861125946
260,310,GRID_002208,9.542893244804418,76.94808251815009,0.8952,0.1875,20,20.766900634765648,0.9652161002159119,-0.688494861125946
223,650,GRID_002209,9.542893244804418,76.95808251815009,0.7891,0.1875,27,20.766900634765648,0.9652161002159119,-0.688494861125946
93,819,GRID_002210,9.542893244804418,76.9680825181501,0.8208000000000001,0.1875,6,20.766900634765648,0.9652161002159119,-0.688494861125946
0,580,GRID_002211,9.542893244804418,76.9780825181501,0.8162,0.1875,25,20.766900634765648,0.9652161002159119,-0.688494861125946
56,577,GRID_002212,9.542893244804418,76.98808251815011,0.6916,0.1875,16,20.766900634765648,0.9652161002159119,-0.688494861125946
247,686,GRID_002213,9.542893244804418,77.02808251815013,0.1479,0.1875,20,20.766900634765648,0.9652161002159119,-0.688494861125946
221,1010,GRID_002214,9.542893244804418,77.03808251815013,0.8430000000000001,0.1875,3,20.766900634765648,0.9652161002159119,-0.688494861125946
41,1046,GRID_002215,9.542893244804418,77.04808251815014,0.7595000000000001,0.1875,1,20.766900634765648,0.9652161002159119,-0.688494861125946
158,1014,GRID_002216,9.542893244804418,77.05808251815014,0.45420000000000005,0.1875,7,20.766900634765648,0.9652161002159119,-0.688494861125946
319,954,GRID_002217,9.542893244804418,77.06808251815015,0.6226,0.1875,2,20.766900634765648,0.9652161002159119,-0.688494861125946
354,975,GRID_002218,9.542893244804418,77.07808251815015,0.6547000000000001,0.1875,12,20.766900634765648,0.9652161002159119,-0.688494861125946
337,886,GRID_002219,9.542893244804418,77.08808251815016,0.5802,0.1875,9,20.766900634765648,0.9652161002159119,-0.688494861125946
270,855,GRID_002220,9.542893244804418,77.09808251815016,0.44160000000000005,0.1875,10,20.766900634765648,0.9652161002159119,-0.688494861125946
168,1062,GRID_002221,9.542893244804418,77.10808251815017,0.7897000000000001,0.1875,6,20.766900634765648,0.9652161002159119,-0.688494861125946
2,882,GRID_002222,9.542893244804418,77.11808251815017,0.3801,0.1875,3,20.766900634765648,0.9652161002159119,-0.688494861125946
188,922,GRID_002223,9.542893244804418,77.12808251815018,0.4777,0.0625,8,18.866906738281273,3.565216064453125,0.011505126953125
4,917,GRID_002224,9.542893244804418,77.13808251815018,0.23440000000000003,0.0625,3,18.866906738281273,3.565216064453125,0.011505126953125
28,968,GRID_002225,9.542893244804418,77.14808251815019,0.4879,0.0625,10,18.866906738281273,3.565216064453125,0.011505126953125
350,866,GRID_002226,9.542893244804418,77.20808251815022,0.23970000000000002,0.0625,1,18.866906738281273,3.565216064453125,0.011505126953125
278,905,GRID_002227,9.542893244804418,77.21808251815023,0.41490000000000005,0.0625,6,18.866906738281273,3.565216064453125,0.011505126953125
193,909,GRID_002228,9.542893244804418,77.22808251815023,0.5681,0.0625,4,18.866906738281273,3.565216064453125,0.011505126953125
290,999,GRID_002229,9.542893244804418,77.23808251815024,0.6041000000000001,0.0625,19,18.866906738281273,3.565216064453125,0.011505126953125
180,1191,GRID_002230,9.542893244804418,77.24808251815024,0.45930000000000004,0.0625,13,18.866906738281273,3.565216064453125,0.011505126953125
289,1102,GRID_002231,9.542893244804418,77.25808251815025,0.5048,0.0625,5,18.866906738281273,3.565216064453125,0.011505126953125
268,1048,GRID_002232,9.542893244804418,77.26808251815025,0.2293,0.0625,20,18.866906738281273,3.565216064453125,0.011505126953125
119,1112,GRID_002233,9.542893244804418,77.27808251815026,0.37420000000000003,0.0625,13,18.866906738281273,3.565216064453125,0.011505126953125
129,1042,GRID_002234,9.542893244804418,77.28808251815026,0.6095,0.0625,12,18.866906738281273,3.565216064453125,0.011505126953125
110,1170,GRID_002235,9.542893244804418,77.29808251815027,0.36920000000000003,0.0625,13,18.866906738281273,3.565216064453125,0.011505126953125
247,1085,GRID_002236,9.542893244804418,77.30808251815027,0.6071000000000001,0.0625,4,18.866906738281273,3.565216064453125,0.011505126953125
308,80,GRID_002237,9.552893244804418,76.82808251815003,0.8704000000000001,0.375,1,23.266900634765648,-0.3347839415073395,-0.988494873046875
60,113,GRID_002238,9.552893244804418,76.85808251815004,0.8752000000000001,0.375,2,23.266900634765648,-0.3347839415073395,-0.988494873046875
135,78,GRID_002239,9.552893244804418,76.86808251815005,0.7584000000000001,0.375,1,23.266900634765648,-0.3347839415073395,-0.988494873046875
259,299,GRID_002240,9.552893244804418,76.90808251815007,0.7925000000000001,0.1875,16,20.766900634765648,0.9652161002159119,-0.688494861125946
304,410,GRID_002241,9.552893244804418,76.91808251815007,0.7533000000000001,0.1875,7,20.766900634765648,0.9652161002159119,-0.688494861125946
267,514,GRID_002242,9.552893244804418,76.93808251815008,0.8834000000000001,0.1875,22,20.766900634765648,0.9652161002159119,-0.688494861125946
221,547,GRID_002243,9.552893244804418,76.94808251815009,0.7335,0.1875,26,20.766900634765648,0.9652161002159119,-0.688494861125946
262,897,GRID_002244,9.552893244804418,76.95808251815009,0.7043,0.1875,12,20.766900634765648,0.9652161002159119,-0.688494861125946
30,944,GRID_002245,9.552893244804418,76.9680825181501,0.7728,0.1875,16,20.766900634765648,0.9652161002159119,-0.688494861125946
238,746,GRID_002246,9.552893244804418,76.9780825181501,0.8273,0.1875,23,20.766900634765648,0.9652161002159119,-0.688494861125946
168,634,GRID_002247,9.552893244804418,76.98808251815011,0.8008000000000001,0.1875,25,20.766900634765648,0.9652161002159119,-0.688494861125946
174,1043,GRID_002248,9.552893244804418,77.03808251815013,0.7477,0.1875,7,20.766900634765648,0.9652161002159119,-0.688494861125946
308,1024,GRID_002249,9.552893244804418,77.04808251815014,0.7592,0.1875,15,20.766900634765648,0.9652161002159119,-0.688494861125946
16,1051,GRID_002250,9.552893244804418,77.05808251815014,0.6848000000000001,0.1875,11,20.766900634765648,0.9652161002159119,-0.688494861125946
22,877,GRID_002251,9.552893244804418,77.06808251815015,0.6186,0.1875,5,20.766900634765648,0.9652161002159119,-0.688494861125946
85,918,GRID_002252,9.552893244804418,77.07808251815015,0.6517000000000001,0.1875,8,20.766900634765648,0.9652161002159119,-0.688494861125946
102,891,GRID_002253,9.552893244804418,77.08808251815016,0.5358,0.1875,6,20.766900634765648,0.9652161002159119,-0.688494861125946
0,859,GRID_002254,9.552893244804418,77.09808251815016,0.5321,0.1875,0,20.766900634765648,0.9652161002159119,-0.688494861125946
7,850,GRID_002255,9.552893244804418,77.10808251815017,0.4379,0.1875,7,20.766900634765648,0.9652161002159119,-0.688494861125946
256,883,GRID_002256,9.552893244804418,77.11808251815017,0.3685,0.1875,12,20.766900634765648,0.9652161002159119,-0.688494861125946
143,1091,GRID_002257,9.552893244804418,77.12808251815018,0.37310000000000004,0.0625,9,18.866906738281273,3.565216064453125,0.011505126953125
151,1096,GRID_002258,9.552893244804418,77.13808251815018,0.09530000000000001,0.0625,7,18.866906738281273,3.565216064453125,0.011505126953125
107,870,GRID_002259,9.552893244804418,77.1680825181502,0.4733,0.0625,3,18.866906738281273,3.565216064453125,0.011505126953125
176,883,GRID_002260,9.552893244804418,77.1780825181502,0.1978,0.0625,2,18.866906738281273,3.565216064453125,0.011505126953125
285,1008,GRID_002261,9.552893244804418,77.23808251815024,0.43860000000000005,0.0625,3,18.866906738281273,3.565216064453125,0.011505126953125
283,1252,GRID_002262,9.552893244804418,77.24808251815024,0.3332,0.0625,8,18.866906738281273,3.565216064453125,0.011505126953125
119,1127,GRID_002263,9.552893244804418,77.25808251815025,0.5261,0.0625,14,18.866906738281273,3.565216064453125,0.011505126953125
240,1030,GRID_002264,9.552893244804418,77.26808251815025,0.33530000000000004,0.0625,16,18.866906738281273,3.565216064453125,0.011505126953125
185,1065,GRID_002265,9.552893244804418,77.27808251815026,0.6548,0.0625,7,18.866906738281273,3.565216064453125,0.011505126953125
150,1288,GRID_002266,9.552893244804418,77.28808251815026,0.30760000000000004,0.0625,25,18.866906738281273,3.565216064453125,0.011505126953125
247,1250,GRID_002267,9.552893244804418,77.29808251815027,0.3488,0.0625,16,18.866906738281273,3.565216064453125,0.011505126953125
145,1121,GRID_002268,9.552893244804418,77.30808251815027,0.9898,0.0625,16,18.866906738281273,3.565216064453125,0.011505126953125
302,1277,GRID_002269,9.552893244804418,77.31808251815028,0.6042000000000001,0.0625,21,18.866906738281273,3.565216064453125,0.011505126953125
160,131,GRID_002270,9.562893244804416,76.92808251815008,0.8455,0.1875,5,20.766900634765648,0.9652161002159119,-0.688494861125946
320,174,GRID_002271,9.562893244804416,76.93808251815008,0.7120000000000001,0.1875,5,20.766900634765648,0.9652161002159119,-0.688494861125946
307,320,GRID_002272,9.562893244804416,76.94808251815009,0.7685000000000001,0.1875,21,20.766900634765648,0.9652161002159119,-0.688494861125946
310,387,GRID_002273,9.562893244804416,76.95808251815009,0.9124,0.1875,12,20.766900634765648,0.9652161002159119,-0.688494861125946
229,695,GRID_002274,9.562893244804416,76.9680825181501,0.7513000000000001,0.1875,25,20.766900634765648,0.9652161002159119,-0.688494861125946
200,925,GRID_002275,9.562893244804416,76.9780825181501,0.5237,0.1875,17,20.766900634765648,0.9652161002159119,-0.688494861125946
294,972,GRID_002276,9.562893244804416,76.98808251815011,0.3955,0.1875,11,20.766900634765648,0.9652161002159119,-0.688494861125946
47,967,GRID_002277,9.562893244804416,76.99808251815011,0.6429,0.1875,7,20.766900634765648,0.9652161002159119,-0.688494861125946
310,876,GRID_002278,9.562893244804416,77.06808251815015,0.48000000000000004,0.1875,15,20.766900634765648,0.9652161002159119,-0.688494861125946
82,836,GRID_002279,9.562893244804416,77.07808251815015,0.467,0.1875,8,20.766900634765648,0.9652161002159119,-0.688494861125946
187,881,GRID_002280,9.562893244804416,77.08808251815016,0.372,0.1875,3,20.766900634765648,0.9652161002159119,-0.688494861125946
232,825,GRID_002281,9.562893244804416,77.09808251815016,0.4768,0.1875,4,20.766900634765648,0.9652161002159119,-0.688494861125946
248,1046,GRID_002282,9.562893244804416,77.10808251815017,0.5663,0.1875,2,20.766900634765648,0.9652161002159119,-0.688494861125946
125,1078,GRID_002283,9.562893244804416,77.11808251815017,0.3548,0.1875,3,20.766900634765648,0.9652161002159119,-0.688494861125946
358,1019,GRID_002284,9.562893244804416,77.12808251815018,0.2853,0.0625,17,18.866906738281273,3.565216064453125,0.011505126953125
22,921,GRID_002285,9.562893244804416,77.13808251815018,0.8972,0.0625,8,18.866906738281273,3.565216064453125,0.011505126953125
227,946,GRID_002286,9.562893244804416,77.1780825181502,0.3325,0.0625,4,18.866906738281273,3.565216064453125,0.011505126953125
304,927,GRID_002287,9.562893244804416,77.22808251815023,0.5554,0.0625,13,18.866906738281273,3.565216064453125,0.011505126953125
79,1046,GRID_002288,9.562893244804416,77.23808251815024,0.6425000000000001,0.0625,9,18.866906738281273,3.565216064453125,0.011505126953125
332,950,GRID_002289,9.562893244804416,77.24808251815024,0.44620000000000004,0.0625,8,18.866906738281273,3.565216064453125,0.011505126953125
55,1082,GRID_002290,9.562893244804416,77.25808251815025,0.25020000000000003,0.0625,12,18.866906738281273,3.565216064453125,0.011505126953125
169,952,GRID_002291,9.562893244804416,77.26808251815025,0.5646,0.0625,3,18.866906738281273,3.565216064453125,0.011505126953125
347,965,GRID_002292,9.562893244804416,77.27808251815026,0.5942000000000001,0.0625,17,18.866906738281273,3.565216064453125,0.011505126953125
333,1095,GRID_002293,9.562893244804416,77.28808251815026,0.6231,0.0625,19,18.866906738281273,3.565216064453125,0.011505126953125
298,1531,GRID_002294,9.562893244804416,77.29808251815027,0.4484,0.0625,20,18.866906738281273,3.565216064453125,0.011505126953125
116,108,GRID_002295,9.572893244804416,76.66808251814994,0.8182,0.375,5,23.266900634765648,-0.3347839415073395,-0.988494873046875
265,142,GRID_002296,9.572893244804416,76.88808251815006,0.8519,0.1875,17,20.766900634765648,0.9652161002159119,-0.688494861125946
196,333,GRID_002297,9.572893244804416,76.92808251815008,0.7759,0.1875,26,20.766900634765648,0.9652161002159119,-0.688494861125946
153,600,GRID_002298,9.572893244804416,76.93808251815008,0.7642,0.1875,19,20.766900634765648,0.9652161002159119,-0.688494861125946
234,399,GRID_002299,9.572893244804416,76.94808251815009,0.8672000000000001,0.1875,27,20.766900634765648,0.9652161002159119,-0.688494861125946
163,466,GRID_002300,9.572893244804416,76.95808251815009,0.9033,0.1875,9,20.766900634765648,0.9652161002159119,-0.688494861125946
283,974,GRID_002301,9.572893244804416,76.9680825181501,0.8911,0.1875,18,20.766900634765648,0.9652161002159119,-0.688494861125946
55,1062,GRID_002302,9.572893244804416,76.9780825181501,0.18080000000000002,0.1875,3,20.766900634765648,0.9652161002159119,-0.688494861125946
127,1057,GRID_002303,9.572893244804416,76.98808251815011,0.6958000000000001,0.1875,3,20.766900634765648,0.9652161002159119,-0.688494861125946
158,1037,GRID_002304,9.572893244804416,77.06808251815015,0.5237,0.1875,16,20.766900634765648,0.9652161002159119,-0.688494861125946
140,847,GRID_002305,9.572893244804416,77.07808251815015,0.5241,0.1875,11,20.766900634765648,0.9652161002159119,-0.688494861125946
74,810,GRID_002306,9.572893244804416,77.08808251815016,0.8977,0.1875,2,20.766900634765648,0.9652161002159119,-0.688494861125946
103,857,GRID_002307,9.572893244804416,77.09808251815016,0.3693,0.1875,2,20.766900634765648,0.9652161002159119,-0.688494861125946
13,963,GRID_002308,9.572893244804416,77.10808251815017,0.5913,0.1875,12,20.766900634765648,0.9652161002159119,-0.688494861125946
331,1006,GRID_002309,9.572893244804416,77.11808251815017,0.4691,0.1875,7,20.766900634765648,0.9652161002159119,-0.688494861125946
164,1043,GRID_002310,9.572893244804416,77.12808251815018,0.6802,0.0625,18,18.866906738281273,3.565216064453125,0.011505126953125
39,904,GRID_002311,9.572893244804416,77.13808251815018,0.7856000000000001,0.0625,3,18.866906738281273,3.565216064453125,0.011505126953125
214,1009,GRID_002312,9.572893244804416,77.14808251815019,0.5531,0.0625,16,18.866906738281273,3.565216064453125,0.011505126953125
15,1114,GRID_002313,9.572893244804416,77.1680825181502,0.5754,0.0625,8,18.866906738281273,3.565216064453125,0.011505126953125
67,872,GRID_002314,9.572893244804416,77.1780825181502,0.38020000000000004,0.0625,5,18.866906738281273,3.565216064453125,0.011505126953125
177,997,GRID_002315,9.572893244804416,77.19808251815022,0.5844,0.0625,8,18.866906738281273,3.565216064453125,0.011505126953125
212,890,GRID_002316,9.572893244804416,77.22808251815023,0.5624,0.0625,2,18.866906738281273,3.565216064453125,0.011505126953125
200,1113,GRID_002317,9.572893244804416,77.23808251815024,0.5744,0.0625,20,18.866906738281273,3.565216064453125,0.011505126953125
51,927,GRID_002318,9.572893244804416,77.24808251815024,0.33240000000000003,0.0625,4,18.866906738281273,3.565216064453125,0.011505126953125
194,925,GRID_002319,9.572893244804416,77.25808251815025,0.0574,0.0625,3,18.866906738281273,3.565216064453125,0.011505126953125
270,966,GRID_002320,9.572893244804416,77.26808251815025,0.6278,0.0625,13,18.866906738281273,3.565216064453125,0.011505126953125
180,1126,GRID_002321,9.572893244804416,77.27808251815026,0.42600000000000005,0.0625,26,18.866906738281273,3.565216064453125,0.011505126953125
0,0,GRID_002322,9.582893244804415,76.26808251814974,,1.1875,0,26.766900634765648,7.165215969085693,-2.188494920730591
234,318,GRID_002323,9.582893244804415,76.85808251815004,0.7551,0.375,23,23.266900634765648,-0.3347839415073395,-0.988494873046875
304,98,GRID_002324,9.582893244804415,76.88808251815006,0.7252000000000001,0.1875,2,20.766900634765648,0.9652161002159119,-0.688494861125946
179,401,GRID_002325,9.582893244804415,76.91808251815007,0.6168,0.1875,23,20.766900634765648,0.9652161002159119,-0.688494861125946
298,801,GRID_002326,9.582893244804415,76.92808251815008,0.7585000000000001,0.1875,17,20.766900634765648,0.9652161002159119,-0.688494861125946
163,668,GRID_002327,9.582893244804415,76.93808251815008,0.8733000000000001,0.1875,21,20.766900634765648,0.9652161002159119,-0.688494861125946
199,1046,GRID_002328,9.582893244804415,76.9680825181501,0.8621000000000001,0.1875,3,20.766900634765648,0.9652161002159119,-0.688494861125946
139,1109,GRID_002329,9.582893244804415,77.03808251815013,0.8478,0.1875,3,20.766900634765648,0.9652161002159119,-0.688494861125946
342,991,GRID_002330,9.582893244804415,77.06808251815015,0.5930000000000001,0.1875,13,20.766900634765648,0.9652161002159119,-0.688494861125946
134,859,GRID_002331,9.582893244804415,77.09808251815016,0.6495000000000001,0.1875,12,20.766900634765648,0.9652161002159119,-0.688494861125946
322,825,GRID_002332,9.582893244804415,77.10808251815017,0.8435,0.1875,2,20.766900634765648,0.9652161002159119,-0.688494861125946
236,831,GRID_002333,9.582893244804415,77.11808251815017,0.3534,0.1875,4,20.766900634765648,0.9652161002159119,-0.688494861125946
238,1039,GRID_002334,9.582893244804415,77.12808251815018,0.3234,0.0625,6,18.866906738281273,3.565216064453125,0.011505126953125
234,1041,GRID_002335,9.582893244804415,77.13808251815018,0.6443,0.0625,8,18.866906738281273,3.565216064453125,0.011505126953125
144,1112,GRID_002336,9.582893244804415,77.14808251815019,0.4338,0.0625,8,18.866906738281273,3.565216064453125,0.011505126953125
115,1015,GRID_002337,9.582893244804415,77.1580825181502,0.6955,0.0625,17,18.866906738281273,3.565216064453125,0.011505126953125
347,968,GRID_002338,9.582893244804415,77.1680825181502,0.5723,0.0625,4,18.866906738281273,3.565216064453125,0.011505126953125
209,885,GRID_002339,9.582893244804415,77.1780825181502,0.3609,0.0625,1,18.866906738281273,3.565216064453125,0.011505126953125
290,955,GRID_002340,9.582893244804415,77.18808251815021,0.46890000000000004,0.0625,12,18.866906738281273,3.565216064453125,0.011505126953125
247,1132,GRID_002341,9.582893244804415,77.19808251815022,0.5399,0.0625,14,18.866906738281273,3.565216064453125,0.011505126953125
38,1082,GRID_002342,9.582893244804415,77.20808251815022,0.6082000000000001,0.0625,16,18.866906738281273,3.565216064453125,0.011505126953125
199,929,GRID_002343,9.582893244804415,77.21808251815023,0.6278,0.0625,1,18.866906738281273,3.565216064453125,0.011505126953125
213,978,GRID_002344,9.582893244804415,77.22808251815023,0.5860000000000001,0.0625,9,18.866906738281273,3.565216064453125,0.011505126953125
348,977,GRID_002345,9.582893244804415,77.23808251815024,0.2185,0.0625,34,18.866906738281273,3.565216064453125,0.011505126953125
126,986,GRID_002346,9.582893244804415,77.24808251815024,0.6253000000000001,0.0625,4,18.866906738281273,3.565216064453125,0.011505126953125
78,1032,GRID_002347,9.582893244804415,77.25808251815025,0.6085,0.0625,1,18.866906738281273,3.565216064453125,0.011505126953125
322,911,GRID_002348,9.582893244804415,77.26808251815025,0.5808,0.0625,5,18.866906738281273,3.565216064453125,0.011505126953125
196,84,GRID_002349,9.592893244804417,76.78808251815,0.8376,0.375,2,23.266900634765648,-0.3347839415073395,-0.988494873046875
262,635,GRID_002350,9.592893244804417,76.91808251815007,0.8828,0.1875,28,20.766900634765648,0.9652161002159119,-0.688494861125946
188,913,GRID_002351,9.592893244804417,76.93808251815008,0.40790000000000004,0.1875,32,20.766900634765648,0.9652161002159119,-0.688494861125946
75,1094,GRID_002352,9.592893244804417,76.94808251815009,0.47990000000000005,0.1875,15,20.766900634765648,0.9652161002159119,-0.688494861125946
48,1102,GRID_002353,9.592893244804417,77.00808251815012,0.8021,0.1875,5,20.766900634765648,0.9652161002159119,-0.688494861125946
63,1088,GRID_002354,9.592893244804417,77.03808251815013,0.7443000000000001,0.1875,5,20.766900634765648,0.9652161002159119,-0.688494861125946
195,1128,GRID_002355,9.592893244804417,77.04808251815014,0.6,0.1875,4,20.766900634765648,0.9652161002159119,-0.688494861125946
33,903,GRID_002356,9.592893244804417,77.06808251815015,0.6273000000000001,0.1875,14,20.766900634765648,0.9652161002159119,-0.688494861125946
35,913,GRID_002357,9.592893244804417,77.09808251815016,0.47440000000000004,0.1875,13,20.766900634765648,0.9652161002159119,-0.688494861125946
148,853,GRID_002358,9.592893244804417,77.10808251815017,0.5687,0.1875,10,20.766900634765648,0.9652161002159119,-0.688494861125946
345,926,GRID_002359,9.592893244804417,77.12808251815018,0.9164,0.0625,19,18.866906738281273,3.565216064453125,0.011505126953125
344,1074,GRID_002360,9.592893244804417,77.13808251815018,0.5228,0.0625,8,18.866906738281273,3.565216064453125,0.011505126953125
17,1139,GRID_002361,9.592893244804417,77.14808251815019,0.664,0.0625,16,18.866906738281273,3.565216064453125,0.011505126953125
28,897,GRID_002362,9.592893244804417,77.1680825181502,0.6347,0.0625,5,18.866906738281273,3.565216064453125,0.011505126953125
301,908,GRID_002363,9.592893244804417,77.18808251815021,0.5192,0.0625,3,18.866906738281273,3.565216064453125,0.011505126953125
189,924,GRID_002364,9.592893244804417,77.19808251815022,0.5850000000000001,0.0625,4,18.866906738281273,3.565216064453125,0.011505126953125
157,1109,GRID_002365,9.592893244804417,77.20808251815022,0.5164,0.0625,14,18.866906738281273,3.565216064453125,0.011505126953125
84,1103,GRID_002366,9.592893244804417,77.22808251815023,0.6265000000000001,0.0625,18,18.866906738281273,3.565216064453125,0.011505126953125
94,656,GRID_002367,9.592893244804417,77.23808251815024,0.6686000000000001,0.0625,19,18.866906738281273,3.565216064453125,0.011505126953125
335,759,GRID_002368,9.592893244804417,77.24808251815024,0.5817,0.0625,30,18.866906738281273,3.565216064453125,0.011505126953125
346,801,GRID_002369,9.592893244804417,77.25808251815025,0.6324000000000001,0.0625,31,18.866906738281273,3.565216064453125,0.011505126953125
338,705,GRID_002370,9.592893244804417,77.26808251815025,0.5852,0.0625,14,18.866906738281273,3.565216064453125,0.011505126953125
139,159,GRID_002371,9.602893244804417,76.87808251815005,0.3627,0.1875,7,20.766900634765648,0.9652161002159119,-0.688494861125946
224,290,GRID_002372,9.602893244804417,76.90808251815007,0.6877,0.1875,18,20.766900634765648,0.9652161002159119,-0.688494861125946
273,776,GRID_002373,9.602893244804417,76.91808251815007,0.8544,0.1875,27,20.766900634765648,0.9652161002159119,-0.688494861125946
97,1083,GRID_002374,9.602893244804417,77.01808251815012,0.5994,0.1875,18,20.766900634765648,0.9652161002159119,-0.688494861125946
7,913,GRID_002375,9.602893244804417,77.02808251815013,0.89,0.1875,10,20.766900634765648,0.9652161002159119,-0.688494861125946
343,973,GRID_002376,9.602893244804417,77.05808251815014,0.5680000000000001,0.1875,28,20.766900634765648,0.9652161002159119,-0.688494861125946
143,883,GRID_002377,9.602893244804417,77.06808251815015,0.5496,0.1875,16,20.766900634765648,0.9652161002159119,-0.688494861125946
259,799,GRID_002378,9.602893244804417,77.08808251815016,0.42500000000000004,0.1875,7,20.766900634765648,0.9652161002159119,-0.688494861125946
40,826,GRID_002379,9.602893244804417,77.09808251815016,0.6754,0.1875,3,20.766900634765648,0.9652161002159119,-0.688494861125946
257,935,GRID_002380,9.602893244804417,77.10808251815017,0.632,0.1875,10,20.766900634765648,0.9652161002159119,-0.688494861125946
148,1001,GRID_002381,9.602893244804417,77.11808251815017,0.6476000000000001,0.1875,14,20.766900634765648,0.9652161002159119,-0.688494861125946
296,870,GRID_002382,9.602893244804417,77.12808251815018,0.6963,0.0625,2,18.866906738281273,3.565216064453125,0.011505126953125
188,939,GRID_002383,9.602893244804417,77.13808251815018,0.5493,0.0625,7,18.866906738281273,3.565216064453125,0.011505126953125
68,962,GRID_002384,9.602893244804417,77.1580825181502,0.6632,0.0625,16,18.866906738281273,3.565216064453125,0.011505126953125
240,1065,GRID_002385,9.602893244804417,77.20808251815022,0.5095000000000001,0.0625,12,18.866906738281273,3.565216064453125,0.011505126953125
99,577,GRID_002386,9.602893244804417,77.23808251815024,0.6467,0.0625,11,18.866906738281273,3.565216064453125,0.011505126953125
47,611,GRID_002387,9.602893244804417,77.25808251815025,0.5829,0.0625,7,18.866906738281273,3.565216064453125,0.011505126953125
334,549,GRID_002388,9.602893244804417,77.26808251815025,0.6187,0.0625,13,18.866906738281273,3.565216064453125,0.011505126953125
104,53,GRID_002389,9.612893244804416,76.64808251814993,0.8480000000000001,0.375,3,23.266900634765648,-0.3347839415073395,-0.988494873046875
158,109,GRID_002390,9.612893244804416,76.76808251815,0.8566,0.375,1,23.266900634765648,-0.3347839415073395,-0.988494873046875
181,555,GRID_002391,9.612893244804416,76.85808251815004,0.8643000000000001,0.375,18,23.266900634765648,-0.3347839415073395,-0.988494873046875
65,385,GRID_002392,9.612893244804416,76.86808251815005,0.8715,0.375,25,23.266900634765648,-0.3347839415073395,-0.988494873046875
211,181,GRID_002393,9.612893244804416,76.87808251815005,0.2614,0.1875,19,20.766900634765648,0.9652161002159119,-0.688494861125946
89,125,GRID_002394,9.612893244804416,76.88808251815006,0.5959,0.1875,5,20.766900634765648,0.9652161002159119,-0.688494861125946
282,266,GRID_002395,9.612893244804416,76.89808251815006,0.7837000000000001,0.1875,20,20.766900634765648,0.9652161002159119,-0.688494861125946
318,869,GRID_002396,9.612893244804416,77.05808251815014,0.5117,0.1875,12,20.766900634765648,0.9652161002159119,-0.688494861125946
2,808,GRID_002397,9.612893244804416,77.06808251815015,0.6241,0.1875,9,20.766900634765648,0.9652161002159119,-0.688494861125946
161,938,GRID_002398,9.612893244804416,77.07808251815015,0.597,0.1875,17,20.766900634765648,0.9652161002159119,-0.688494861125946
219,926,GRID_002399,9.612893244804416,77.09808251815016,0.6955,0.1875,20,20.766900634765648,0.9652161002159119,-0.688494861125946
162,1078,GRID_002400,9.612893244804416,77.10808251815017,0.635,0.1875,12,20.766900634765648,0.9652161002159119,-0.688494861125946
198,988,GRID_002401,9.612893244804416,77.12808251815018,0.6319,0.0625,8,18.866906738281273,3.565216064453125,0.011505126953125
349,1079,GRID_002402,9.612893244804416,77.13808251815018,0.6195,0.0625,2,18.866906738281273,3.565216064453125,0.011505126953125
60,884,GRID_002403,9.612893244804416,77.1580825181502,0.5068,0.0625,2,18.866906738281273,3.565216064453125,0.011505126953125
136,930,GRID_002404,9.612893244804416,77.1680825181502,0.5626,0.0625,9,18.866906738281273,3.565216064453125,0.011505126953125
59,648,GRID_002405,9.612893244804416,77.22808251815023,0.671,0.0625,14,18.866906738281273,3.565216064453125,0.011505126953125
112,536,GRID_002406,9.612893244804416,77.23808251815024,0.44880000000000003,0.0625,7,18.866906738281273,3.565216064453125,0.011505126953125
57,53,GRID_002407,9.622893244804416,76.77808251815,0.8003,0.375,3,23.266900634765648,-0.3347839415073395,-0.988494873046875
16,157,GRID_002408,9.622893244804416,76.83808251815003,0.8483,0.375,9,23.266900634765648,-0.3347839415073395,-0.988494873046875
124,440,GRID_002409,9.622893244804416,76.86808251815005,0.891,0.375,14,23.266900634765648,-0.3347839415073395,-0.988494873046875
66,450,GRID_002410,9.622893244804416,76.87808251815005,0.5341,0.1875,24,20.766900634765648,0.9652161002159119,-0.688494861125946
164,149,GRID_002411,9.622893244804416,76.88808251815006,0.34490000000000004,0.1875,9,20.766900634765648,0.9652161002159119,-0.688494861125946
56,987,GRID_002412,9.622893244804416,77.01808251815012,0.5998,0.1875,6,20.766900634765648,0.9652161002159119,-0.688494861125946
338,957,GRID_002413,9.622893244804416,77.02808251815013,0.601,0.1875,18,20.766900634765648,0.9652161002159119,-0.688494861125946
75,866,GRID_002414,9.622893244804416,77.03808251815013,0.39590000000000003,0.1875,7,20.766900634765648,0.9652161002159119,-0.688494861125946
193,801,GRID_002415,9.622893244804416,77.05808251815014,0.6023000000000001,0.1875,6,20.766900634765648,0.9652161002159119,-0.688494861125946
250,810,GRID_002416,9.622893244804416,77.06808251815015,0.6807000000000001,0.1875,4,20.766900634765648,0.9652161002159119,-0.688494861125946
297,885,GRID_002417,9.622893244804416,77.07808251815015,0.6621,0.1875,13,20.766900634765648,0.9652161002159119,-0.688494861125946
172,958,GRID_002418,9.622893244804416,77.08808251815016,0.6369,0.1875,8,20.766900634765648,0.9652161002159119,-0.688494861125946
147,959,GRID_002419,9.622893244804416,77.09808251815016,0.5846,0.1875,15,20.766900634765648,0.9652161002159119,-0.688494861125946
337,1039,GRID_002420,9.622893244804416,77.10808251815017,0.3674,0.1875,10,20.766900634765648,0.9652161002159119,-0.688494861125946
116,1124,GRID_002421,9.622893244804416,77.11808251815017,0.5888,0.1875,4,20.766900634765648,0.9652161002159119,-0.688494861125946
180,1129,GRID_002422,9.622893244804416,77.12808251815018,0.2649,0.0625,15,18.866906738281273,3.565216064453125,0.011505126953125
154,1042,GRID_002423,9.622893244804416,77.13808251815018,0.5827,0.0625,11,18.866906738281273,3.565216064453125,0.011505126953125
107,899,GRID_002424,9.622893244804416,77.14808251815019,0.339,0.0625,2,18.866906738281273,3.565216064453125,0.011505126953125
72,529,GRID_002425,9.622893244804416,77.21808251815023,0.6483,0.0625,6,18.866906738281273,3.565216064453125,0.011505126953125
15,501,GRID_002426,9.622893244804416,77.22808251815023,0.5038,0.0625,3,18.866906738281273,3.565216064453125,0.011505126953125
194,491,GRID_002427,9.622893244804416,77.24808251815024,0.45170000000000005,0.0625,0,18.866906738281273,3.565216064453125,0.011505126953125
51,459,GRID_002428,9.622893244804416,77.25808251815025,0.5902000000000001,0.0625,1,18.866906738281273,3.565216064453125,0.011505126953125
350,44,GRID_002429,9.632893244804416,76.63808251814993,0.8722000000000001,0.375,4,23.266900634765648,-0.3347839415073395,-0.988494873046875
37,47,GRID_002430,9.632893244804416,76.77808251815,0.8096,0.375,1,23.266900634765648,-0.3347839415073395,-0.988494873046875
345,166,GRID_002431,9.632893244804416,76.82808251815003,0.8036000000000001,0.375,7,23.266900634765648,-0.3347839415073395,-0.988494873046875
191,91,GRID_002432,9.632893244804416,76.83808251815003,0.896,0.375,4,23.266900634765648,-0.3347839415073395,-0.988494873046875
183,291,GRID_002433,9.632893244804416,76.87808251815005,0.7833,0.1875,8,20.766900634765648,0.9652161002159119,-0.688494861125946
109,860,GRID_002434,9.632893244804416,77.04808251815014,0.6661,0.1875,9,20.766900634765648,0.9652161002159119,-0.688494861125946
331,818,GRID_002435,9.632893244804416,77.05808251815014,0.6297,0.1875,7,20.766900634765648,0.9652161002159119,-0.688494861125946
262,844,GRID_002436,9.632893244804416,77.07808251815015,0.4424,0.1875,3,20.766900634765648,0.9652161002159119,-0.688494861125946
213,859,GRID_002437,9.632893244804416,77.08808251815016,0.46690000000000004,0.1875,9,20.766900634765648,0.9652161002159119,-0.688494861125946
182,999,GRID_002438,9.632893244804416,77.09808251815016,0.37820000000000004,0.1875,18,20.766900634765648,0.9652161002159119,-0.688494861125946
340,1022,GRID_002439,9.632893244804416,77.10808251815017,0.6004,0.1875,11,20.766900634765648,0.9652161002159119,-0.688494861125946
348,499,GRID_002440,9.632893244804416,77.20808251815022,0.5279,0.0625,3,18.866906738281273,3.565216064453125,0.011505126953125
25,492,GRID_002441,9.632893244804416,77.21808251815023,0.4979,0.0625,4,18.866906738281273,3.565216064453125,0.011505126953125
10,473,GRID_002442,9.632893244804416,77.22808251815023,0.7053,0.0625,1,18.866906738281273,3.565216064453125,0.011505126953125
151,452,GRID_002443,9.632893244804416,77.25808251815025,0.4033,0.0625,3,18.866906738281273,3.565216064453125,0.011505126953125
235,193,GRID_002444,9.642893244804416,76.81808251815002,0.8773000000000001,0.375,18,23.266900634765648,-0.3347839415073395,-0.988494873046875
53,60,GRID_002445,9.642893244804416,76.82808251815003,0.8891,0.375,7,23.266900634765648,-0.3347839415073395,-0.988494873046875
250,219,GRID_002446,9.642893244804416,76.83808251815003,0.8775000000000001,0.375,10,23.266900634765648,-0.3347839415073395,-0.988494873046875
257,807,GRID_002447,9.642893244804416,77.05808251815014,0.49110000000000004,0.1875,4,20.766900634765648,0.9652161002159119,-0.688494861125946
311,950,GRID_002448,9.642893244804416,77.06808251815015,0.3326,0.1875,16,20.766900634765648,0.9652161002159119,-0.688494861125946
166,832,GRID_002449,9.642893244804416,77.07808251815015,0.1801,0.1875,3,20.766900634765648,0.9652161002159119,-0.688494861125946
341,990,GRID_002450,9.642893244804416,77.09808251815016,0.6133000000000001,0.1875,1,20.766900634765648,0.9652161002159119,-0.688494861125946
230,1089,GRID_002451,9.642893244804416,77.10808251815017,0.4727,0.1875,15,20.766900634765648,0.9652161002159119,-0.688494861125946
232,1071,GRID_002452,9.642893244804416,77.11808251815017,0.5934,0.1875,5,20.766900634765648,0.9652161002159119,-0.688494861125946
38,463,GRID_002453,9.642893244804416,77.21808251815023,0.6143000000000001,0.0625,2,18.866906738281273,3.565216064453125,0.011505126953125
27,452,GRID_002454,9.642893244804416,77.22808251815023,0.5958,0.0625,2,18.866906738281273,3.565216064453125,0.011505126953125
285,432,GRID_002455,9.642893244804416,77.26808251815025,0.48810000000000003,0.0625,1,18.866906738281273,3.565216064453125,0.011505126953125
279,137,GRID_002456,9.652893244804416,76.82808251815003,0.8773000000000001,0.375,13,23.266900634765648,-0.3347839415073395,-0.988494873046875
269,939,GRID_002457,9.652893244804416,76.9680825181501,0.4258,0.1875,10,20.766900634765648,0.9652161002159119,-0.688494861125946
65,1043,GRID_002458,9.652893244804416,76.9780825181501,0.9435,0.1875,6,20.766900634765648,0.9652161002159119,-0.688494861125946
8,837,GRID_002459,9.652893244804416,77.01808251815012,0.3168,0.1875,11,20.766900634765648,0.9652161002159119,-0.688494861125946
149,851,GRID_002460,9.652893244804416,77.05808251815014,0.48210000000000003,0.1875,8,20.766900634765648,0.9652161002159119,-0.688494861125946
283,803,GRID_002461,9.652893244804416,77.06808251815015,0.40890000000000004,0.1875,6,20.766900634765648,0.9652161002159119,-0.688494861125946
198,1084,GRID_002462,9.652893244804416,77.09808251815016,0.6268,0.1875,10,20.766900634765648,0.9652161002159119,-0.688494861125946
165,1032,GRID_002463,9.652893244804416,77.10808251815017,0.9201,0.1875,3,20.766900634765648,0.9652161002159119,-0.688494861125946
40,59,GRID_002464,9.662893244804415,76.76808251815,0.8636,0.375,4,23.266900634765648,-0.3347839415073395,-0.988494873046875
42,132,GRID_002465,9.662893244804415,76.82808251815003,0.8493,0.375,5,23.266900634765648,-0.3347839415073395,-0.988494873046875
317,878,GRID_002466,9.662893244804415,76.89808251815006,0.8346,0.1875,2,20.766900634765648,0.9652161002159119,-0.688494861125946
274,814,GRID_002467,9.662893244804415,76.9780825181501,0.6996,0.1875,2,20.766900634765648,0.9652161002159119,-0.688494861125946
176,867,GRID_002468,9.662893244804415,76.98808251815011,0.4152,0.1875,3,20.766900634765648,0.9652161002159119,-0.688494861125946
279,1144,GRID_002469,9.662893244804415,77.04808251815014,0.3456,0.1875,6,20.766900634765648,0.9652161002159119,-0.688494861125946
32,1055,GRID_002470,9.662893244804415,77.05808251815014,0.302,0.1875,8,20.766900634765648,0.9652161002159119,-0.688494861125946
177,1044,GRID_002471,9.662893244804415,77.06808251815015,0.5232,0.1875,19,20.766900634765648,0.9652161002159119,-0.688494861125946
220,58,GRID_002472,9.672893244804415,76.73808251814998,0.8611000000000001,0.375,4,23.266900634765648,-0.3347839415073395,-0.988494873046875
45,101,GRID_002473,9.672893244804415,76.77808251815,0.8585,0.375,4,23.266900634765648,-0.3347839415073395,-0.988494873046875
42,110,GRID_002474,9.672893244804415,76.83808251815003,0.8328,0.375,11,23.266900634765648,-0.3347839415073395,-0.988494873046875
197,1056,GRID_002475,9.672893244804415,76.93808251815008,0.397,0.1875,4,20.766900634765648,0.9652161002159119,-0.688494861125946
54,835,GRID_002476,9.672893244804415,76.98808251815011,0.4597,0.1875,5,20.766900634765648,0.9652161002159119,-0.688494861125946
197,844,GRID_002477,9.672893244804415,77.02808251815013,0.3796,0.1875,4,20.766900634765648,0.9652161002159119,-0.688494861125946
351,951,GRID_002478,9.672893244804415,77.03808251815013,0.27490000000000003,0.1875,21,20.766900634765648,0.9652161002159119,-0.688494861125946
295,1036,GRID_002479,9.672893244804415,77.05808251815014,0.4793,0.1875,19,20.766900634765648,0.9652161002159119,-0.688494861125946
72,30,GRID_002480,9.682893244804417,76.75808251814999,0.7754000000000001,0.375,1,23.266900634765648,-0.3347839415073395,-0.988494873046875
51,31,GRID_002481,9.682893244804417,76.77808251815,0.5797,0.375,2,23.266900634765648,-0.3347839415073395,-0.988494873046875
94,927,GRID_002482,9.682893244804417,76.9680825181501,0.098,0.1875,16,20.766900634765648,0.9652161002159119,-0.688494861125946
51,819,GRID_002483,9.682893244804417,76.98808251815011,0.7523000000000001,0.1875,3,20.766900634765648,0.9652161002159119,-0.688494861125946
200,783,GRID_002484,9.682893244804417,77.02808251815013,0.2914,0.1875,6,20.766900634765648,0.9652161002159119,-0.688494861125946
60,864,GRID_002485,9.682893244804417,77.03808251815013,0.2506,0.1875,8,20.766900634765648,0.9652161002159119,-0.688494861125946
28,811,GRID_002486,9.682893244804417,77.04808251815014,0.3982,0.1875,9,20.766900634765648,0.9652161002159119,-0.688494861125946
353,1033,GRID_002487,9.682893244804417,77.05808251815014,0.2114,0.1875,8,20.766900634765648,0.9652161002159119,-0.688494861125946
237,28,GRID_002488,9.692893244804416,76.75808251814999,0.8062,0.375,1,22.666894531250023,-0.8347839713096619,-0.5884948968887329
67,27,GRID_002489,9.692893244804416,76.76808251815,0.7354,0.375,1,22.666894531250023,-0.8347839713096619,-0.5884948968887329
242,138,GRID_002490,9.692893244804416,76.82808251815003,0.7062,0.375,16,22.666894531250023,-0.8347839713096619,-0.5884948968887329
333,775,GRID_002491,9.692893244804416,77.01808251815012,0.32930000000000004,0.1875,1,19.566888427734398,2.065216064453125,-0.18849487602710724
310,856,GRID_002492,9.692893244804416,77.04808251815014,0.3373,0.1875,8,19.566888427734398,2.065216064453125,-0.18849487602710724
299,868,GRID_002493,9.692893244804416,77.05808251815014,0.15710000000000002,0.1875,2,19.566888427734398,2.065216064453125,-0.18849487602710724
353,814,GRID_002494,9.692893244804416,77.06808251815015,0.6844,0.1875,16,19.566888427734398,2.065216064453125,-0.18849487602710724
227,92,GRID_002495,9.702893244804416,76.77808251815,0.8654000000000001,0.375,18,22.666894531250023,-0.8347839713096619,-0.5884948968887329
262,31,GRID_002496,9.702893244804416,76.78808251815,0.7591,0.375,4,22.666894531250023,-0.8347839713096619,-0.5884948968887329
172,956,GRID_002497,9.702893244804416,76.95808251815009,0.2514,0.1875,9,19.566888427734398,2.065216064453125,-0.18849487602710724
214,777,GRID_002498,9.702893244804416,77.01808251815012,0.3755,0.1875,13,19.566888427734398,2.065216064453125,-0.18849487602710724
54,739,GRID_002499,9.702893244804416,77.02808251815013,0.3074,0.1875,6,19.566888427734398,2.065216064453125,-0.18849487602710724
9,760,GRID_002500,9.702893244804416,77.03808251815013,0.27090000000000003,0.1875,3,19.566888427734398,2.065216064453125,-0.18849487602710724
357,770,GRID_002501,9.702893244804416,77.04808251815014,0.4186,0.1875,9,19.566888427734398,2.065216064453125,-0.18849487602710724
262,737,GRID_002502,9.702893244804416,77.05808251815014,0.41600000000000004,0.1875,5,19.566888427734398,2.065216064453125,-0.18849487602710724
190,907,GRID_002503,9.702893244804416,77.06808251815015,0.38480000000000003,0.1875,18,19.566888427734398,2.065216064453125,-0.18849487602710724
189,53,GRID_002504,9.712893244804414,76.75808251814999,0.8588,0.375,2,22.666894531250023,-0.8347839713096619,-0.5884948968887329
42,39,GRID_002505,9.712893244804414,76.76808251815,0.8118000000000001,0.375,2,22.666894531250023,-0.8347839713096619,-0.5884948968887329
16,987,GRID_002506,9.712893244804414,76.91808251815007,0.3589,0.1875,4,19.566888427734398,2.065216064453125,-0.18849487602710724
95,1013,GRID_002507,9.712893244804414,76.98808251815011,0.38620000000000004,0.1875,6,19.566888427734398,2.065216064453125,-0.18849487602710724
359,916,GRID_002508,9.712893244804414,76.99808251815011,0.4737,0.1875,5,19.566888427734398,2.065216064453125,-0.18849487602710724
318,783,GRID_002509,9.712893244804414,77.01808251815012,0.7372000000000001,0.1875,7,19.566888427734398,2.065216064453125,-0.18849487602710724
113,783,GRID_002510,9.712893244804414,77.02808251815013,0.7718,0.1875,13,19.566888427734398,2.065216064453125,-0.18849487602710724
356,746,GRID_002511,9.712893244804414,77.03808251815013,0.4682,0.1875,2,19.566888427734398,2.065216064453125,-0.18849487602710724
285,750,GRID_002512,9.712893244804414,77.04808251815014,0.5459,0.1875,1,19.566888427734398,2.065216064453125,-0.18849487602710724
254,816,GRID_002513,9.712893244804414,77.05808251815014,0.4854,0.1875,6,19.566888427734398,2.065216064453125,-0.18849487602710724
310,927,GRID_002514,9.712893244804414,77.06808251815015,0.43610000000000004,0.1875,20,19.566888427734398,2.065216064453125,-0.18849487602710724
41,61,GRID_002515,9.722893244804414,76.75808251814999,0.7622,0.375,7,22.666894531250023,-0.8347839713096619,-0.5884948968887329
238,39,GRID_002516,9.722893244804414,76.77808251815,0.7863,0.375,4,22.666894531250023,-0.8347839713096619,-0.5884948968887329
218,986,GRID_002517,9.722893244804414,76.94808251815009,0.866,0.1875,8,19.566888427734398,2.065216064453125,-0.18849487602710724
121,1019,GRID_002518,9.722893244804414,76.9680825181501,0.22510000000000002,0.1875,7,19.566888427734398,2.065216064453125,-0.18849487602710724
119,1005,GRID_002519,9.722893244804414,76.98808251815011,0.4698,0.1875,7,19.566888427734398,2.065216064453125,-0.18849487602710724
142,775,GRID_002520,9.722893244804414,77.00808251815012,0.47800000000000004,0.1875,1,19.566888427734398,2.065216064453125,-0.18849487602710724
48,774,GRID_002521,9.722893244804414,77.01808251815012,0.8494,0.1875,5,19.566888427734398,2.065216064453125,-0.18849487602710724
213,764,GRID_002522,9.722893244804414,77.02808251815013,0.8691000000000001,0.1875,13,19.566888427734398,2.065216064453125,-0.18849487602710724
263,732,GRID_002523,9.722893244804414,77.03808251815013,0.3497,0.1875,4,19.566888427734398,2.065216064453125,-0.18849487602710724
153,807,GRID_002524,9.722893244804414,77.04808251815014,0.38980000000000004,0.1875,8,19.566888427734398,2.065216064453125,-0.18849487602710724
281,819,GRID_002525,9.722893244804414,77.05808251815014,0.24130000000000001,0.1875,10,19.566888427734398,2.065216064453125,-0.18849487602710724
313,940,GRID_002526,9.722893244804414,77.06808251815015,0.5661,0.1875,9,19.566888427734398,2.065216064453125,-0.18849487602710724
110,1062,GRID_002527,9.732893244804414,76.9680825181501,0.3169,0.1875,16,19.566888427734398,2.065216064453125,-0.18849487602710724
86,905,GRID_002528,9.732893244804414,76.9780825181501,0.2695,0.1875,9,19.566888427734398,2.065216064453125,-0.18849487602710724
7,840,GRID_002529,9.732893244804414,76.98808251815011,0.45180000000000003,0.1875,8,19.566888427734398,2.065216064453125,-0.18849487602710724
55,736,GRID_002530,9.732893244804414,77.00808251815012,0.899,0.1875,2,19.566888427734398,2.065216064453125,-0.18849487602710724
271,798,GRID_002531,9.732893244804414,77.01808251815012,0.4455,0.1875,13,19.566888427734398,2.065216064453125,-0.18849487602710724
315,833,GRID_002532,9.732893244804414,77.02808251815013,0.311,0.1875,2,19.566888427734398,2.065216064453125,-0.18849487602710724
61,805,GRID_002533,9.732893244804414,77.03808251815013,0.36510000000000004,0.1875,13,19.566888427734398,2.065216064453125,-0.18849487602710724
280,796,GRID_002534,9.732893244804414,77.04808251815014,0.394,0.1875,3,19.566888427734398,2.065216064453125,-0.18849487602710724
346,884,GRID_002535,9.732893244804414,77.05808251815014,0.5304,0.1875,6,19.566888427734398,2.065216064453125,-0.18849487602710724
119,55,GRID_002536,9.742893244804414,76.76808251815,0.7343000000000001,0.375,2,22.666894531250023,-0.8347839713096619,-0.5884948968887329
25,128,GRID_002537,9.742893244804414,76.78808251815,0.875,0.375,7,22.666894531250023,-0.8347839713096619,-0.5884948968887329
72,866,GRID_002538,9.742893244804414,76.9780825181501,0.136,0.1875,21,19.566888427734398,2.065216064453125,-0.18849487602710724
131,747,GRID_002539,9.742893244804414,76.98808251815011,0.4077,0.1875,3,19.566888427734398,2.065216064453125,-0.18849487602710724
224,808,GRID_002540,9.742893244804414,76.99808251815011,0.8965000000000001,0.1875,13,19.566888427734398,2.065216064453125,-0.18849487602710724
37,822,GRID_002541,9.742893244804414,77.00808251815012,0.6456000000000001,0.1875,15,19.566888427734398,2.065216064453125,-0.18849487602710724
288,791,GRID_002542,9.742893244804414,77.01808251815012,0.19090000000000001,0.1875,7,19.566888427734398,2.065216064453125,-0.18849487602710724
275,905,GRID_002543,9.742893244804414,77.02808251815013,0.5828,0.1875,12,19.566888427734398,2.065216064453125,-0.18849487602710724
111,794,GRID_002544,9.742893244804414,77.03808251815013,0.40740000000000004,0.1875,7,19.566888427734398,2.065216064453125,-0.18849487602710724
110,827,GRID_002545,9.742893244804414,77.04808251815014,0.5351,0.1875,3,19.566888427734398,2.065216064453125,-0.18849487602710724
254,830,GRID_002546,9.742893244804414,77.05808251815014,0.44570000000000004,0.1875,6,19.566888427734398,2.065216064453125,-0.18849487602710724
33,80,GRID_002547,9.752893244804412,76.75808251814999,0.8882,0.375,4,22.666894531250023,-0.8347839713096619,-0.5884948968887329
209,73,GRID_002548,9.752893244804412,76.78808251815,0.8571000000000001,0.375,7,22.666894531250023,-0.8347839713096619,-0.5884948968887329
228,340,GRID_002549,9.752893244804412,76.80808251815002,0.6457,0.375,16,22.666894531250023,-0.8347839713096619,-0.5884948968887329
83,739,GRID_002550,9.752893244804412,76.98808251815011,0.9139,0.1875,1,19.566888427734398,2.065216064453125,-0.18849487602710724
35,815,GRID_002551,9.752893244804412,76.99808251815011,0.9078,0.1875,10,19.566888427734398,2.065216064453125,-0.18849487602710724
241,750,GRID_002552,9.752893244804412,77.01808251815012,0.2,0.1875,9,19.566888427734398,2.065216064453125,-0.18849487602710724
251,998,GRID_002553,9.752893244804412,77.02808251815013,0.18710000000000002,0.1875,5,19.566888427734398,2.065216064453125,-0.18849487602710724
43,928,GRID_002554,9.752893244804412,77.03808251815013,0.2924,0.1875,8,19.566888427734398,2.065216064453125,-0.18849487602710724
119,802,GRID_002555,9.752893244804412,77.04808251815014,0.4475,0.1875,6,19.566888427734398,2.065216064453125,-0.18849487602710724
304,800,GRID_002556,9.752893244804412,77.05808251815014,0.2589,0.1875,10,19.566888427734398,2.065216064453125,-0.18849487602710724
159,839,GRID_002557,9.752893244804412,77.06808251815015,0.5183,0.1875,3,19.566888427734398,2.065216064453125,-0.18849487602710724
263,89,GRID_002558,9.762893244804411,76.76808251815,0.8596,0.375,7,22.666894531250023,-0.8347839713096619,-0.5884948968887329
216,288,GRID_002559,9.762893244804411,76.77808251815,0.8714000000000001,0.375,26,22.666894531250023,-0.8347839713096619,-0.5884948968887329
115,202,GRID_002560,9.762893244804411,76.78808251815,0.8659,0.375,18,22.666894531250023,-0.8347839713096619,-0.5884948968887329
234,852,GRID_002561,9.762893244804411,76.98808251815011,0.7145,0.1875,12,19.566888427734398,2.065216064453125,-0.18849487602710724
140,858,GRID_002562,9.762893244804411,76.99808251815011,0.6351,0.1875,8,19.566888427734398,2.065216064453125,-0.18849487602710724
85,779,GRID_002563,9.762893244804411,77.00808251815012,0.6722,0.1875,7,19.566888427734398,2.065216064453125,-0.18849487602710724
258,871,GRID_002564,9.762893244804411,77.01808251815012,0.1832,0.1875,21,19.566888427734398,2.065216064453125,-0.18849487602710724
23,906,GRID_002565,9.762893244804411,77.02808251815013,0.5833,0.1875,10,19.566888427734398,2.065216064453125,-0.18849487602710724
153,804,GRID_002566,9.762893244804411,77.03808251815013,0.6854,0.1875,3,19.566888427734398,2.065216064453125,-0.18849487602710724
352,722,GRID_002567,9.762893244804411,77.04808251815014,0.2615,0.1875,5,19.566888427734398,2.065216064453125,-0.18849487602710724
275,751,GRID_002568,9.762893244804411,77.05808251815014,0.23620000000000002,0.1875,4,19.566888427734398,2.065216064453125,-0.18849487602710724
295,795,GRID_002569,9.762893244804411,77.06808251815015,0.468,0.1875,9,19.566888427734398,2.065216064453125,-0.18849487602710724
276,237,GRID_002570,9.772893244804411,76.76808251815,0.8391000000000001,0.375,24,22.666894531250023,-0.8347839713096619,-0.5884948968887329
36,788,GRID_002571,9.772893244804411,76.93808251815008,0.4395,0.1875,3,19.566888427734398,2.065216064453125,-0.18849487602710724
41,982,GRID_002572,9.772893244804411,76.98808251815011,0.6055,0.1875,21,19.566888427734398,2.065216064453125,-0.18849487602710724
56,757,GRID_002573,9.772893244804411,76.99808251815011,0.4101,0.1875,4,19.566888427734398,2.065216064453125,-0.18849487602710724
207,856,GRID_002574,9.772893244804411,77.00808251815012,0.2775,0.1875,28,19.566888427734398,2.065216064453125,-0.18849487602710724
87,733,GRID_002575,9.772893244804411,77.01808251815012,0.0814,0.1875,11,19.566888427734398,2.065216064453125,-0.18849487602710724
343,735,GRID_002576,9.772893244804411,77.02808251815013,0.2293,0.1875,5,19.566888427734398,2.065216064453125,-0.18849487602710724
252,768,GRID_002577,9.772893244804411,77.03808251815013,0.2989,0.1875,10,19.566888427734398,2.065216064453125,-0.18849487602710724
113,764,GRID_002578,9.772893244804411,77.04808251815014,0.08940000000000001,0.1875,4,19.566888427734398,2.065216064453125,-0.18849487602710724
0,722,GRID_002579,9.772893244804411,77.05808251815014,0.077,0.1875,0,19.566888427734398,2.065216064453125,-0.18849487602710724
315,722,GRID_002580,9.782893244804413,76.91808251815007,0.1177,0.1875,0,19.566888427734398,2.065216064453125,-0.18849487602710724
341,728,GRID_002581,9.782893244804413,76.92808251815008,0.136,0.1875,1,19.566888427734398,2.065216064453125,-0.18849487602710724
291,749,GRID_002582,9.782893244804413,76.93808251815008,0.2575,0.1875,11,19.566888427734398,2.065216064453125,-0.18849487602710724
65,842,GRID_002583,9.782893244804413,76.98808251815011,0.4943,0.1875,4,19.566888427734398,2.065216064453125,-0.18849487602710724
106,769,GRID_002584,9.782893244804413,77.01808251815012,0.2436,0.1875,5,19.566888427734398,2.065216064453125,-0.18849487602710724
96,722,GRID_002585,9.782893244804413,77.03808251815013,0.0478,0.1875,1,19.566888427734398,2.065216064453125,-0.18849487602710724
180,722,GRID_002586,9.782893244804413,77.04808251815014,0.1295,0.1875,0,19.566888427734398,2.065216064453125,-0.18849487602710724
277,779,GRID_002587,9.782893244804413,77.05808251815014,0.31020000000000003,0.1875,8,19.566888427734398,2.065216064453125,-0.18849487602710724
217,915,GRID_002588,9.782893244804413,77.06808251815015,0.3628,0.1875,22,19.566888427734398,2.065216064453125,-0.18849487602710724
188,738,GRID_002589,9.792893244804413,76.78808251815,0.8039000000000001,0.375,24,22.666894531250023,-0.8347839713096619,-0.5884948968887329
176,665,GRID_002590,9.792893244804413,76.79808251815001,0.30110000000000003,0.375,10,22.666894531250023,-0.8347839713096619,-0.5884948968887329
236,162,GRID_002591,9.792893244804413,76.85808251815004,0.8481000000000001,0.375,15,22.666894531250023,-0.8347839713096619,-0.5884948968887329
116,722,GRID_002592,9.792893244804413,76.90808251815007,0.48210000000000003,0.1875,1,19.566888427734398,2.065216064453125,-0.18849487602710724
233,761,GRID_002593,9.792893244804413,76.91808251815007,0.2544,0.1875,3,19.566888427734398,2.065216064453125,-0.18849487602710724
90,722,GRID_002594,9.792893244804413,76.92808251815008,0.0654,0.1875,0,19.566888427734398,2.065216064453125,-0.18849487602710724
263,776,GRID_002595,9.792893244804413,76.93808251815008,0.19160000000000002,0.1875,8,19.566888427734398,2.065216064453125,-0.18849487602710724
236,916,GRID_002596,9.792893244804413,77.05808251815014,0.23020000000000002,0.1875,25,19.566888427734398,2.065216064453125,-0.18849487602710724
306,972,GRID_002597,9.792893244804413,77.06808251815015,0.4188,0.1875,2,19.566888427734398,2.065216064453125,-0.18849487602710724
276,1000,GRID_002598,9.792893244804413,77.07808251815015,0.2889,0.1875,7,19.566888427734398,2.065216064453125,-0.18849487602710724
0,824,GRID_002599,9.792893244804413,77.11808251815017,0.8672000000000001,0.1875,10,19.566888427734398,2.065216064453125,-0.18849487602710724
183,218,GRID_002600,9.802893244804412,76.74808251814999,0.8512000000000001,0.375,24,22.666894531250023,-0.8347839713096619,-0.5884948968887329
80,781,GRID_002601,9.802893244804412,76.78808251815,0.3997,0.375,15,22.666894531250023,-0.8347839713096619,-0.5884948968887329
37,648,GRID_002602,9.802893244804412,76.79808251815001,0.2487,0.375,16,22.666894531250023,-0.8347839713096619,-0.5884948968887329
270,722,GRID_002603,9.802893244804412,76.89808251815006,0.1638,0.1875,0,19.566888427734398,2.065216064453125,-0.18849487602710724
97,780,GRID_002604,9.802893244804412,76.90808251815007,0.376,0.1875,4,19.566888427734398,2.065216064453125,-0.18849487602710724
172,751,GRID_002605,9.802893244804412,76.91808251815007,0.0959,0.1875,2,19.566888427734398,2.065216064453125,-0.18849487602710724
88,748,GRID_002606,9.802893244804412,76.92808251815008,0.4184,0.1875,8,19.566888427734398,2.065216064453125,-0.18849487602710724
161,722,GRID_002607,9.802893244804412,76.93808251815008,0.08460000000000001,0.1875,1,19.566888427734398,2.065216064453125,-0.18849487602710724
267,907,GRID_002608,9.802893244804412,77.05808251815014,0.3774,0.1875,3,19.566888427734398,2.065216064453125,-0.18849487602710724
45,770,GRID_002609,9.802893244804412,77.08808251815016,0.4793,0.1875,6,19.566888427734398,2.065216064453125,-0.18849487602710724
256,808,GRID_002610,9.802893244804412,77.11808251815017,0.8962,0.1875,13,19.566888427734398,2.065216064453125,-0.18849487602710724
15,224,GRID_002611,9.812893244804412,76.74808251814999,0.8495,0.375,20,22.666894531250023,-0.8347839713096619,-0.5884948968887329
355,466,GRID_002612,9.812893244804412,76.78808251815,0.8604,0.375,31,22.666894531250023,-0.8347839713096619,-0.5884948968887329
17,150,GRID_002613,9.812893244804412,76.80808251815002,0.8954000000000001,0.375,20,22.666894531250023,-0.8347839713096619,-0.5884948968887329
15,56,GRID_002614,9.812893244804412,76.81808251815002,0.8180000000000001,0.375,3,22.666894531250023,-0.8347839713096619,-0.5884948968887329
222,402,GRID_002615,9.812893244804412,76.84808251815004,0.4302,0.375,27,22.666894531250023,-0.8347839713096619,-0.5884948968887329
25,514,GRID_002616,9.812893244804412,76.85808251815004,0.9241,0.375,31,22.666894531250023,-0.8347839713096619,-0.5884948968887329
182,782,GRID_002617,9.812893244804412,76.89808251815006,0.1794,0.1875,10,19.566888427734398,2.065216064453125,-0.18849487602710724
120,773,GRID_002618,9.812893244804412,76.90808251815007,0.5016,0.1875,6,19.566888427734398,2.065216064453125,-0.18849487602710724
194,722,GRID_002619,9.812893244804412,76.91808251815007,0.1484,0.1875,2,19.566888427734398,2.065216064453125,-0.18849487602710724
230,755,GRID_002620,9.812893244804412,76.92808251815008,0.2019,0.1875,13,19.566888427734398,2.065216064453125,-0.18849487602710724
73,738,GRID_002621,9.812893244804412,76.93808251815008,0.21050000000000002,0.1875,6,19.566888427734398,2.065216064453125,-0.18849487602710724
10,827,GRID_002622,9.812893244804412,76.95808251815009,0.6367,0.1875,12,19.566888427734398,2.065216064453125,-0.18849487602710724
225,999,GRID_002623,9.812893244804412,76.9680825181501,0.1642,0.1875,1,19.566888427734398,2.065216064453125,-0.18849487602710724
123,862,GRID_002624,9.812893244804412,76.9780825181501,0.24550000000000002,0.1875,4,19.566888427734398,2.065216064453125,-0.18849487602710724
74,846,GRID_002625,9.812893244804412,77.05808251815014,0.5033,0.1875,2,19.566888427734398,2.065216064453125,-0.18849487602710724
214,804,GRID_002626,9.812893244804412,77.07808251815015,0.34640000000000004,0.1875,14,19.566888427734398,2.065216064453125,-0.18849487602710724
69,877,GRID_002627,9.812893244804412,77.08808251815016,0.45520000000000005,0.1875,3,19.566888427734398,2.065216064453125,-0.18849487602710724
168,801,GRID_002628,9.812893244804412,77.09808251815016,0.9075000000000001,0.1875,6,19.566888427734398,2.065216064453125,-0.18849487602710724
276,32,GRID_002629,9.822893244804412,76.54808251814988,0.8126,0.375,2,23.566888427734398,0.36521607637405396,-0.788494884967804
228,128,GRID_002630,9.822893244804412,76.81808251815002,0.8778,0.375,6,22.666894531250023,-0.8347839713096619,-0.5884948968887329
43,150,GRID_002631,9.822893244804412,76.85808251815004,0.9032,0.375,4,22.666894531250023,-0.8347839713096619,-0.5884948968887329
180,816,GRID_002632,9.822893244804412,76.92808251815008,0.42610000000000003,0.1875,3,19.566888427734398,2.065216064453125,-0.18849487602710724
0,722,GRID_002633,9.822893244804412,76.94808251815009,0.1187,0.1875,0,19.566888427734398,2.065216064453125,-0.18849487602710724
347,865,GRID_002634,9.822893244804412,76.95808251815009,0.7269,0.1875,7,19.566888427734398,2.065216064453125,-0.18849487602710724
23,795,GRID_002635,9.822893244804412,77.05808251815014,0.5067,0.1875,10,19.566888427734398,2.065216064453125,-0.18849487602710724
50,859,GRID_002636,9.822893244804412,77.06808251815015,0.42100000000000004,0.1875,5,19.566888427734398,2.065216064453125,-0.18849487602710724
208,863,GRID_002637,9.822893244804412,77.07808251815015,0.31820000000000004,0.1875,12,19.566888427734398,2.065216064453125,-0.18849487602710724
191,977,GRID_002638,9.822893244804412,77.08808251815016,0.5464,0.1875,6,19.566888427734398,2.065216064453125,-0.18849487602710724
214,815,GRID_002639,9.822893244804412,77.10808251815017,0.27890000000000004,0.1875,20,19.566888427734398,2.065216064453125,-0.18849487602710724
245,955,GRID_002640,9.822893244804412,77.11808251815017,0.6091,0.1875,11,19.566888427734398,2.065216064453125,-0.18849487602710724
233,151,GRID_002641,9.832893244804412,76.71808251814997,0.8656,0.375,6,22.666894531250023,-0.8347839713096619,-0.5884948968887329
235,266,GRID_002642,9.832893244804412,76.82808251815003,0.8961,0.375,15,22.666894531250023,-0.8347839713096619,-0.5884948968887329
9,132,GRID_002643,9.832893244804412,76.84808251815004,0.8983000000000001,0.375,6,22.666894531250023,-0.8347839713096619,-0.5884948968887329
241,497,GRID_002644,9.832893244804412,76.87808251815005,0.4711,0.1875,30,19.566888427734398,2.065216064453125,-0.18849487602710724
42,749,GRID_002645,9.832893244804412,76.9780825181501,0.4973,0.1875,10,19.566888427734398,2.065216064453125,-0.18849487602710724
224,770,GRID_002646,9.832893244804412,76.98808251815011,0.34190000000000004,0.1875,29,19.566888427734398,2.065216064453125,-0.18849487602710724
201,994,GRID_002647,9.832893244804412,77.06808251815015,0.497,0.1875,8,19.566888427734398,2.065216064453125,-0.18849487602710724
39,959,GRID_002648,9.832893244804412,77.07808251815015,0.2952,0.1875,4,19.566888427734398,2.065216064453125,-0.18849487602710724
96,906,GRID_002649,9.832893244804412,77.08808251815016,0.47050000000000003,0.1875,11,19.566888427734398,2.065216064453125,-0.18849487602710724
72,807,GRID_002650,9.832893244804412,77.09808251815016,0.6875,0.1875,10,19.566888427734398,2.065216064453125,-0.18849487602710724
47,143,GRID_002651,9.842893244804412,76.82808251815003,0.8303,0.375,6,22.666894531250023,-0.8347839713096619,-0.5884948968887329
320,776,GRID_002652,9.842893244804412,76.87808251815005,0.2257,0.1875,17,19.566888427734398,2.065216064453125,-0.18849487602710724
64,589,GRID_002653,9.842893244804412,76.88808251815006,0.22490000000000002,0.1875,15,19.566888427734398,2.065216064453125,-0.18849487602710724
279,1003,GRID_002654,9.842893244804412,77.05808251815014,0.3592,0.1875,13,19.566888427734398,2.065216064453125,-0.18849487602710724
57,1003,GRID_002655,9.842893244804412,77.06808251815015,0.277,0.1875,11,19.566888427734398,2.065216064453125,-0.18849487602710724
23,881,GRID_002656,9.842893244804412,77.07808251815015,0.1778,0.1875,12,19.566888427734398,2.065216064453125,-0.18849487602710724
37,753,GRID_002657,9.842893244804412,77.09808251815016,0.6393,0.1875,17,19.566888427734398,2.065216064453125,-0.18849487602710724
342,745,GRID_002658,9.842893244804412,77.10808251815017,0.7653000000000001,0.1875,6,19.566888427734398,2.065216064453125,-0.18849487602710724
227,102,GRID_002659,9.852893244804411,76.79808251815001,0.8605,0.375,3,22.666894531250023,-0.8347839713096619,-0.5884948968887329
255,694,GRID_002660,9.852893244804411,76.99808251815011,0.1947,0.1875,11,19.566888427734398,2.065216064453125,-0.18849487602710724
204,79,GRID_002661,9.862893244804413,76.70808251814996,0.8394,0.375,3,22.666894531250023,-0.8347839713096619,-0.5884948968887329
17,150,GRID_002662,9.862893244804413,76.78808251815,0.7731,0.375,4,22.666894531250023,-0.8347839713096619,-0.5884948968887329
181,294,GRID_002663,9.862893244804413,76.81808251815002,0.6167,0.375,18,22.666894531250023,-0.8347839713096619,-0.5884948968887329
218,490,GRID_002664,9.862893244804413,76.82808251815003,0.48750000000000004,0.375,29,22.666894531250023,-0.8347839713096619,-0.5884948968887329
194,614,GRID_002665,9.862893244804413,76.84808251815004,0.1865,0.375,23,22.666894531250023,-0.8347839713096619,-0.5884948968887329
37,429,GRID_002666,9.862893244804413,76.85808251815004,0.433,0.375,24,22.666894531250023,-0.8347839713096619,-0.5884948968887329
253,854,GRID_002667,9.862893244804413,76.90808251815007,0.2984,0.1875,21,19.566888427734398,2.065216064453125,-0.18849487602710724
101,775,GRID_002668,9.862893244804413,76.9780825181501,0.5828,0.1875,10,19.566888427734398,2.065216064453125,-0.18849487602710724
21,912,GRID_002669,9.862893244804413,77.06808251815015,0.8993,0.1875,2,19.566888427734398,2.065216064453125,-0.18849487602710724
205,883,GRID_002670,9.862893244804413,77.07808251815015,0.883,0.1875,4,19.566888427734398,2.065216064453125,-0.18849487602710724
223,644,GRID_002671,9.862893244804413,77.09808251815016,0.6624,0.1875,14,19.566888427734398,2.065216064453125,-0.18849487602710724
195,98,GRID_002672,9.87289324480441,76.77808251815,0.7306,0.375,4,22.666894531250023,-0.8347839713096619,-0.5884948968887329
173,101,GRID_002673,9.87289324480441,76.78808251815,0.8621000000000001,0.375,6,22.666894531250023,-0.8347839713096619,-0.5884948968887329
307,546,GRID_002674,9.87289324480441,76.80808251815002,0.6486000000000001,0.375,6,22.666894531250023,-0.8347839713096619,-0.5884948968887329
353,304,GRID_002675,9.87289324480441,76.81808251815002,0.7113,0.375,30,22.666894531250023,-0.8347839713096619,-0.5884948968887329
92,547,GRID_002676,9.87289324480441,76.84808251815004,0.8618,0.375,12,22.666894531250023,-0.8347839713096619,-0.5884948968887329
56,211,GRID_002677,9.87289324480441,76.85808251815004,0.5248,0.375,14,22.666894531250023,-0.8347839713096619,-0.5884948968887329
287,253,GRID_002678,9.87289324480441,76.88808251815006,0.8671000000000001,0.1875,16,19.566888427734398,2.065216064453125,-0.18849487602710724
289,814,GRID_002679,9.87289324480441,76.90808251815007,0.7643000000000001,0.1875,9,19.566888427734398,2.065216064453125,-0.18849487602710724
3,901,GRID_002680,9.87289324480441,77.06808251815015,0.5794,0.1875,6,19.566888427734398,2.065216064453125,-0.18849487602710724
82,67,GRID_002681,9.88289324480441,76.62808251814992,0.8518,0.375,4,22.666894531250023,-0.8347839713096619,-0.5884948968887329
293,269,GRID_002682,9.88289324480441,76.78808251815,0.8544,0.375,18,22.666894531250023,-0.8347839713096619,-0.5884948968887329
22,178,GRID_002683,9.88289324480441,76.80808251815002,0.861,0.375,21,22.666894531250023,-0.8347839713096619,-0.5884948968887329
280,131,GRID_002684,9.88289324480441,76.81808251815002,0.863,0.375,3,22.666894531250023,-0.8347839713096619,-0.5884948968887329
359,151,GRID_002685,9.88289324480441,76.82808251815003,0.8784000000000001,0.375,15,22.666894531250023,-0.8347839713096619,-0.5884948968887329
1,194,GRID_002686,9.88289324480441,76.84808251815004,0.8562000000000001,0.375,21,22.666894531250023,-0.8347839713096619,-0.5884948968887329
130,127,GRID_002687,9.88289324480441,76.85808251815004,0.8758,0.375,11,22.666894531250023,-0.8347839713096619,-0.5884948968887329
326,125,GRID_002688,9.88289324480441,76.87808251815005,0.8837,0.1875,10,19.566888427734398,2.065216064453125,-0.18849487602710724
255,150,GRID_002689,9.88289324480441,76.88808251815006,0.8815000000000001,0.1875,12,19.566888427734398,2.065216064453125,-0.18849487602710724
217,518,GRID_002690,9.88289324480441,76.89808251815006,0.8725,0.1875,14,19.566888427734398,2.065216064453125,-0.18849487602710724
76,679,GRID_002691,9.88289324480441,76.93808251815008,0.1431,0.1875,6,19.566888427734398,2.065216064453125,-0.18849487602710724
153,40,GRID_002692,9.89289324480441,76.68808251814995,0.7946000000000001,0.375,0,22.666894531250023,-0.8347839713096619,-0.5884948968887329
234,141,GRID_002693,9.89289324480441,76.77808251815,0.8269000000000001,0.375,2,22.666894531250023,-0.8347839713096619,-0.5884948968887329
61,148,GRID_002694,9.89289324480441,76.78808251815,0.8549,0.375,6,22.666894531250023,-0.8347839713096619,-0.5884948968887329
322,69,GRID_002695,9.89289324480441,76.80808251815002,0.8163,0.375,2,22.666894531250023,-0.8347839713096619,-0.5884948968887329
0,119,GRID_002696,9.89289324480441,76.81808251815002,0.8565,0.375,5,22.666894531250023,-0.8347839713096619,-0.5884948968887329
261,68,GRID_002697,9.89289324480441,76.82808251815003,0.8215,0.375,1,22.666894531250023,-0.8347839713096619,-0.5884948968887329
233,115,GRID_002698,9.89289324480441,76.84808251815004,0.884,0.375,8,22.666894531250023,-0.8347839713096619,-0.5884948968887329
27,68,GRID_002699,9.89289324480441,76.85808251815004,0.8907,0.375,4,22.666894531250023,-0.8347839713096619,-0.5884948968887329
222,116,GRID_002700,9.89289324480441,76.86808251815005,0.885,0.375,12,22.666894531250023,-0.8347839713096619,-0.5884948968887329
260,264,GRID_002701,9.89289324480441,76.88808251815006,0.8745,0.1875,27,19.566888427734398,2.065216064453125,-0.18849487602710724
286,660,GRID_002702,9.89289324480441,76.89808251815006,0.3492,0.1875,7,19.566888427734398,2.065216064453125,-0.18849487602710724
184,762,GRID_002703,9.89289324480441,76.93808251815008,0.3916,0.1875,3,19.566888427734398,2.065216064453125,-0.18849487602710724
21,746,GRID_002704,9.89289324480441,77.03808251815013,0.5723,0.1875,4,19.566888427734398,2.065216064453125,-0.18849487602710724
242,834,GRID_002705,9.89289324480441,77.04808251815014,0.5594,0.1875,2,19.566888427734398,2.065216064453125,-0.18849487602710724
270,11,GRID_002706,9.90289324480441,76.30808251814976,0.1686,1.3125,1,26.566888427734398,5.965216159820557,-2.688494920730591
59,114,GRID_002707,9.90289324480441,76.78808251815,0.8563000000000001,0.375,7,22.666894531250023,-0.8347839713096619,-0.5884948968887329
261,82,GRID_002708,9.90289324480441,76.80808251815002,0.8256,0.375,5,22.666894531250023,-0.8347839713096619,-0.5884948968887329
317,64,GRID_002709,9.90289324480441,76.81808251815002,0.7902,0.375,2,22.666894531250023,-0.8347839713096619,-0.5884948968887329
244,54,GRID_002710,9.91289324480441,76.77808251815,0.8359000000000001,0.375,1,22.666894531250023,-0.8347839713096619,-0.5884948968887329
81,65,GRID_002711,9.91289324480441,76.79808251815001,0.7672,0.375,1,22.666894531250023,-0.8347839713096619,-0.5884948968887329
32,61,GRID_002712,9.91289324480441,76.80808251815002,0.7885000000000001,0.375,2,22.666894531250023,-0.8347839713096619,-0.5884948968887329
64,64,GRID_002713,9.91289324480441,76.81808251815002,0.8128000000000001,0.375,1,22.666894531250023,-0.8347839713096619,-0.5884948968887329
345,61,GRID_002714,9.91289324480441,76.82808251815003,0.8597,0.375,1,22.666894531250023,-0.8347839713096619,-0.5884948968887329
55,63,GRID_002715,9.91289324480441,76.83808251815003,0.8811,0.375,9,22.666894531250023,-0.8347839713096619,-0.5884948968887329
31,634,GRID_002716,9.91289324480441,77.03808251815013,0.7180000000000001,0.1875,22,19.566888427734398,2.065216064453125,-0.18849487602710724
213,840,GRID_002717,9.91289324480441,77.06808251815015,0.54,0.1875,16,19.566888427734398,2.065216064453125,-0.18849487602710724
66,671,GRID_002718,9.91289324480441,77.07808251815015,0.8449000000000001,0.1875,12,19.566888427734398,2.065216064453125,-0.18849487602710724
222,750,GRID_002719,9.91289324480441,77.08808251815016,0.6286,0.1875,19,19.566888427734398,2.065216064453125,-0.18849487602710724
133,68,GRID_002720,9.92289324480441,76.78808251815,0.8361000000000001,0.375,3,22.666894531250023,-0.8347839713096619,-0.5884948968887329
344,70,GRID_002721,9.92289324480441,76.79808251815001,0.8091,0.375,2,22.666894531250023,-0.8347839713096619,-0.5884948968887329
202,54,GRID_002722,9.92289324480441,76.80808251815002,0.8443,0.375,1,22.666894531250023,-0.8347839713096619,-0.5884948968887329
76,53,GRID_002723,9.92289324480441,76.81808251815002,0.8547,0.375,1,22.666894531250023,-0.8347839713096619,-0.5884948968887329
265,72,GRID_002724,9.92289324480441,76.82808251815003,0.8762000000000001,0.375,1,22.666894531250023,-0.8347839713096619,-0.5884948968887329
283,97,GRID_002725,9.92289324480441,76.83808251815003,0.8969,0.375,6,22.666894531250023,-0.8347839713096619,-0.5884948968887329
270,174,GRID_002726,9.92289324480441,76.84808251815004,0.8949,0.375,6,22.666894531250023,-0.8347839713096619,-0.5884948968887329
143,565,GRID_002727,9.92289324480441,76.94808251815009,0.8529,0.1875,2,19.566888427734398,2.065216064453125,-0.18849487602710724
218,833,GRID_002728,9.92289324480441,77.03808251815013,0.7511,0.1875,22,19.566888427734398,2.065216064453125,-0.18849487602710724
184,902,GRID_002729,9.92289324480441,77.04808251815014,0.8788,0.1875,2,19.566888427734398,2.065216064453125,-0.18849487602710724
40,816,GRID_002730,9.92289324480441,77.05808251815014,0.8805000000000001,0.1875,14,19.566888427734398,2.065216064453125,-0.18849487602710724
160,766,GRID_002731,9.92289324480441,77.06808251815015,0.8958,0.1875,7,19.566888427734398,2.065216064453125,-0.18849487602710724
174,663,GRID_002732,9.92289324480441,77.07808251815015,0.8371000000000001,0.1875,2,19.566888427734398,2.065216064453125,-0.18849487602710724
253,74,GRID_002733,9.93289324480441,76.76808251815,0.8580000000000001,0.375,7,22.666894531250023,-0.8347839713096619,-0.5884948968887329
17,54,GRID_002734,9.93289324480441,76.80808251815002,0.8474,0.375,1,22.666894531250023,-0.8347839713096619,-0.5884948968887329
81,69,GRID_002735,9.93289324480441,76.81808251815002,0.8956000000000001,0.375,4,22.666894531250023,-0.8347839713096619,-0.5884948968887329
270,52,GRID_002736,9.93289324480441,76.82808251815003,0.8459,0.375,1,22.666894531250023,-0.8347839713096619,-0.5884948968887329
20,72,GRID_002737,9.93289324480441,76.83808251815003,0.8676,0.375,5,22.666894531250023,-0.8347839713096619,-0.5884948968887329
261,173,GRID_002738,9.93289324480441,76.84808251815004,0.8709,0.375,8,22.666894531250023,-0.8347839713096619,-0.5884948968887329
69,699,GRID_002739,9.93289324480441,76.93808251815008,0.4783,0.1875,8,19.566888427734398,2.065216064453125,-0.18849487602710724
261,691,GRID_002740,9.93289324480441,77.04808251815014,0.7762,0.1875,9,19.566888427734398,2.065216064453125,-0.18849487602710724
195,853,GRID_002741,9.93289324480441,77.05808251815014,0.7034,0.1875,5,19.566888427734398,2.065216064453125,-0.18849487602710724
148,797,GRID_002742,9.93289324480441,77.06808251815015,0.6263000000000001,0.1875,7,19.566888427734398,2.065216064453125,-0.18849487602710724
224,819,GRID_002743,9.93289324480441,77.07808251815015,0.5788,0.1875,11,19.566888427734398,2.065216064453125,-0.18849487602710724
357,894,GRID_002744,9.93289324480441,77.08808251815016,0.5679000000000001,0.1875,14,19.566888427734398,2.065216064453125,-0.18849487602710724
349,801,GRID_002745,9.93289324480441,77.10808251815017,0.6569,0.1875,6,19.566888427734398,2.065216064453125,-0.18849487602710724
37,804,GRID_002746,9.93289324480441,77.11808251815017,0.759,0.1875,3,19.566888427734398,2.065216064453125,-0.18849487602710724
8,91,GRID_002747,9.94289324480441,76.77808251815,0.8611000000000001,0.5625,2,22.666894531250023,-1.1347839832305908,-0.08849487453699112
69,58,GRID_002748,9.94289324480441,76.78808251815,0.8400000000000001,0.5625,3,22.666894531250023,-1.1347839832305908,-0.08849487453699112
75,57,GRID_002749,9.94289324480441,76.79808251815001,0.8604,0.5625,1,22.666894531250023,-1.1347839832305908,-0.08849487453699112
17,61,GRID_002750,9.94289324480441,76.80808251815002,0.8778,0.5625,2,22.666894531250023,-1.1347839832305908,-0.08849487453699112
0,55,GRID_002751,9.94289324480441,76.81808251815002,0.8764000000000001,0.5625,1,22.666894531250023,-1.1347839832305908,-0.08849487453699112
339,46,GRID_002752,9.94289324480441,76.82808251815003,0.8666,0.5625,2,22.666894531250023,-1.1347839832305908,-0.08849487453699112
16,95,GRID_002753,9.94289324480441,76.83808251815003,0.8808,0.5625,5,22.666894531250023,-1.1347839832305908,-0.08849487453699112
203,757,GRID_002754,9.94289324480441,77.02808251815013,0.6359,0.3125,10,18.966912841796898,2.265216112136841,-0.8884949088096619
43,867,GRID_002755,9.94289324480441,77.04808251815014,0.6353,0.3125,11,18.966912841796898,2.265216112136841,-0.8884949088096619
80,726,GRID_002756,9.94289324480441,77.06808251815015,0.7616,0.3125,8,18.966912841796898,2.265216112136841,-0.8884949088096619
254,712,GRID_002757,9.94289324480441,77.07808251815015,0.512,0.3125,11,18.966912841796898,2.265216112136841,-0.8884949088096619
249,838,GRID_002758,9.94289324480441,77.08808251815016,0.6118,0.3125,14,18.966912841796898,2.265216112136841,-0.8884949088096619
205,885,GRID_002759,9.94289324480441,77.09808251815016,0.8478,0.3125,2,18.966912841796898,2.265216112136841,-0.8884949088096619
291,897,GRID_002760,9.94289324480441,77.10808251815017,0.7537,0.3125,6,18.966912841796898,2.265216112136841,-0.8884949088096619
161,941,GRID_002761,9.94289324480441,77.11808251815017,0.7382000000000001,0.3125,3,18.966912841796898,2.265216112136841,-0.8884949088096619
333,53,GRID_002762,9.95289324480441,76.76808251815,0.79,0.5625,2,22.666894531250023,-1.1347839832305908,-0.08849487453699112
90,59,GRID_002763,9.95289324480441,76.77808251815,0.8506,0.5625,1,22.666894531250023,-1.1347839832305908,-0.08849487453699112
116,53,GRID_002764,9.95289324480441,76.78808251815,0.8562000000000001,0.5625,1,22.666894531250023,-1.1347839832305908,-0.08849487453699112
266,68,GRID_002765,9.95289324480441,76.82808251815003,0.8534,0.5625,4,22.666894531250023,-1.1347839832305908,-0.08849487453699112
234,111,GRID_002766,9.95289324480441,76.83808251815003,0.8399000000000001,0.5625,18,22.666894531250023,-1.1347839832305908,-0.08849487453699112
275,894,GRID_002767,9.95289324480441,76.90808251815007,0.5147,0.3125,10,18.966912841796898,2.265216112136841,-0.8884949088096619
336,747,GRID_002768,9.95289324480441,77.03808251815013,0.6338,0.3125,11,18.966912841796898,2.265216112136841,-0.8884949088096619
324,759,GRID_002769,9.95289324480441,77.04808251815014,0.7253000000000001,0.3125,2,18.966912841796898,2.265216112136841,-0.8884949088096619
202,709,GRID_002770,9.95289324480441,77.05808251815014,0.7403000000000001,0.3125,3,18.966912841796898,2.265216112136841,-0.8884949088096619
12,776,GRID_002771,9.95289324480441,77.06808251815015,0.4198,0.3125,9,18.966912841796898,2.265216112136841,-0.8884949088096619
239,735,GRID_002772,9.95289324480441,77.07808251815015,0.7424000000000001,0.3125,15,18.966912841796898,2.265216112136841,-0.8884949088096619
261,893,GRID_002773,9.95289324480441,77.08808251815016,0.7624000000000001,0.3125,2,18.966912841796898,2.265216112136841,-0.8884949088096619
160,923,GRID_002774,9.95289324480441,77.10808251815017,0.8703000000000001,0.3125,5,18.966912841796898,2.265216112136841,-0.8884949088096619
318,919,GRID_002775,9.95289324480441,77.11808251815017,0.8811,0.3125,2,18.966912841796898,2.265216112136841,-0.8884949088096619
188,960,GRID_002776,9.95289324480441,77.12808251815018,0.8811,0.0,10,19.366906738281273,3.765216112136841,-0.5884948968887329
194,89,GRID_002777,9.962893244804407,76.75808251814999,0.8467,0.5625,1,22.666894531250023,-1.1347839832305908,-0.08849487453699112
72,45,GRID_002778,9.962893244804407,76.76808251815,0.8506,0.5625,0,22.666894531250023,-1.1347839832305908,-0.08849487453699112
4,40,GRID_002779,9.962893244804407,76.77808251815,0.7108,0.5625,2,22.666894531250023,-1.1347839832305908,-0.08849487453699112
315,52,GRID_002780,9.962893244804407,76.78808251815,0.8233,0.5625,1,22.666894531250023,-1.1347839832305908,-0.08849487453699112
276,47,GRID_002781,9.962893244804407,76.79808251815001,0.8387,0.5625,2,22.666894531250023,-1.1347839832305908,-0.08849487453699112
224,77,GRID_002782,9.962893244804407,76.80808251815002,0.8507,0.5625,5,22.666894531250023,-1.1347839832305908,-0.08849487453699112
301,52,GRID_002783,9.962893244804407,76.81808251815002,0.7969,0.5625,1,22.666894531250023,-1.1347839832305908,-0.08849487453699112
228,144,GRID_002784,9.962893244804407,76.82808251815003,0.7624000000000001,0.5625,13,22.666894531250023,-1.1347839832305908,-0.08849487453699112
189,110,GRID_002785,9.962893244804407,76.83808251815003,0.7886000000000001,0.5625,8,22.666894531250023,-1.1347839832305908,-0.08849487453699112
326,707,GRID_002786,9.962893244804407,77.03808251815013,0.7715000000000001,0.3125,11,18.966912841796898,2.265216112136841,-0.8884949088096619
296,749,GRID_002787,9.962893244804407,77.04808251815014,0.6996,0.3125,4,18.966912841796898,2.265216112136841,-0.8884949088096619
61,680,GRID_002788,9.962893244804407,77.05808251815014,0.7428,0.3125,10,18.966912841796898,2.265216112136841,-0.8884949088096619
252,728,GRID_002789,9.962893244804407,77.06808251815015,0.7874,0.3125,6,18.966912841796898,2.265216112136841,-0.8884949088096619
216,877,GRID_002790,9.962893244804407,77.07808251815015,0.8767,0.3125,10,18.966912841796898,2.265216112136841,-0.8884949088096619
185,924,GRID_002791,9.962893244804407,77.08808251815016,0.8587,0.3125,3,18.966912841796898,2.265216112136841,-0.8884949088096619
207,903,GRID_002792,9.962893244804407,77.09808251815016,0.6592,0.3125,2,18.966912841796898,2.265216112136841,-0.8884949088096619
347,1005,GRID_002793,9.962893244804407,77.10808251815017,0.8349000000000001,0.3125,9,18.966912841796898,2.265216112136841,-0.8884949088096619
53,1006,GRID_002794,9.962893244804407,77.11808251815017,0.8528,0.3125,3,18.966912841796898,2.265216112136841,-0.8884949088096619
329,976,GRID_002795,9.962893244804407,77.12808251815018,0.6411,0.0,2,19.366906738281273,3.765216112136841,-0.5884948968887329
147,80,GRID_002796,9.972893244804409,76.75808251814999,0.8666,0.5625,4,22.666894531250023,-1.1347839832305908,-0.08849487453699112
27,42,GRID_002797,9.972893244804409,76.76808251815,0.8564,0.5625,1,22.666894531250023,-1.1347839832305908,-0.08849487453699112
78,46,GRID_002798,9.972893244804409,76.77808251815,0.8563000000000001,0.5625,2,22.666894531250023,-1.1347839832305908,-0.08849487453699112
227,65,GRID_002799,9.972893244804409,76.79808251815001,0.8403,0.5625,3,22.666894531250023,-1.1347839832305908,-0.08849487453699112
230,309,GRID_002800,9.972893244804409,76.82808251815003,0.7678,0.5625,16,22.666894531250023,-1.1347839832305908,-0.08849487453699112
323,485,GRID_002801,9.972893244804409,77.02808251815013,0.6542,0.3125,11,18.966912841796898,2.265216112136841,-0.8884949088096619
47,685,GRID_002802,9.972893244804409,77.03808251815013,0.684,0.3125,17,18.966912841796898,2.265216112136841,-0.8884949088096619
345,713,GRID_002803,9.972893244804409,77.04808251815014,0.6482,0.3125,20,18.966912841796898,2.265216112136841,-0.8884949088096619
90,648,GRID_002804,9.972893244804409,77.05808251815014,0.6766,0.3125,15,18.966912841796898,2.265216112136841,-0.8884949088096619
7,794,GRID_002805,9.972893244804409,77.07808251815015,0.8694000000000001,0.3125,12,18.966912841796898,2.265216112136841,-0.8884949088096619
256,927,GRID_002806,9.972893244804409,77.10808251815017,0.8643000000000001,0.3125,7,18.966912841796898,2.265216112136841,-0.8884949088096619
127,964,GRID_002807,9.972893244804409,77.11808251815017,0.8410000000000001,0.3125,3,18.966912841796898,2.265216112136841,-0.8884949088096619
170,952,GRID_002808,9.972893244804409,77.12808251815018,0.8807,0.0,2,19.366906738281273,3.765216112136841,-0.5884948968887329
221,963,GRID_002809,9.972893244804409,77.13808251815018,0.8659,0.0,2,19.366906738281273,3.765216112136841,-0.5884948968887329
218,52,GRID_002810,9.982893244804409,76.54808251814988,0.7913,0.3125,2,23.066888427734398,-0.23478393256664276,-0.18849487602710724
48,36,GRID_002811,9.982893244804409,76.75808251814999,0.8158000000000001,0.5625,2,22.666894531250023,-1.1347839832305908,-0.08849487453699112
349,36,GRID_002812,9.982893244804409,76.76808251815,0.8342,0.5625,1,22.666894531250023,-1.1347839832305908,-0.08849487453699112
191,34,GRID_002813,9.982893244804409,76.77808251815,0.7921,0.5625,1,22.666894531250023,-1.1347839832305908,-0.08849487453699112
95,52,GRID_002814,9.982893244804409,76.78808251815,0.7639,0.5625,3,22.666894531250023,-1.1347839832305908,-0.08849487453699112
54,60,GRID_002815,9.982893244804409,76.79808251815001,0.7753,0.5625,2,22.666894531250023,-1.1347839832305908,-0.08849487453699112
295,842,GRID_002816,9.982893244804409,76.9680825181501,0.6341,0.3125,8,18.966912841796898,2.265216112136841,-0.8884949088096619
195,606,GRID_002817,9.982893244804409,77.02808251815013,0.8465,0.3125,10,18.966912841796898,2.265216112136841,-0.8884949088096619
193,713,GRID_002818,9.982893244804409,77.03808251815013,0.8516,0.3125,19,18.966912841796898,2.265216112136841,-0.8884949088096619
102,714,GRID_002819,9.982893244804409,77.04808251815014,0.8643000000000001,0.3125,11,18.966912841796898,2.265216112136841,-0.8884949088096619
109,637,GRID_002820,9.982893244804409,77.05808251815014,0.8037000000000001,0.3125,11,18.966912841796898,2.265216112136841,-0.8884949088096619
229,717,GRID_002821,9.982893244804409,77.06808251815015,0.7518,0.3125,11,18.966912841796898,2.265216112136841,-0.8884949088096619
190,1015,GRID_002822,9.982893244804409,77.11808251815017,0.8784000000000001,0.3125,8,18.966912841796898,2.265216112136841,-0.8884949088096619
170,1001,GRID_002823,9.982893244804409,77.12808251815018,0.8779,0.0,9,19.366906738281273,3.765216112136841,-0.5884948968887329
202,1041,GRID_002824,9.982893244804409,77.13808251815018,0.8544,0.0,8,19.366906738281273,3.765216112136841,-0.5884948968887329
174,38,GRID_002825,9.992893244804408,76.74808251814999,0.7608,0.5625,1,22.666894531250023,-1.1347839832305908,-0.08849487453699112
72,59,GRID_002826,9.992893244804408,76.78808251815,0.7281000000000001,0.5625,1,22.666894531250023,-1.1347839832305908,-0.08849487453699112
235,99,GRID_002827,9.992893244804408,76.79808251815001,0.8386,0.5625,16,22.666894531250023,-1.1347839832305908,-0.08849487453699112
226,481,GRID_002828,9.992893244804408,76.80808251815002,0.8527,0.5625,27,22.666894531250023,-1.1347839832305908,-0.08849487453699112
12,243,GRID_002829,9.992893244804408,76.82808251815003,0.8314,0.5625,11,22.666894531250023,-1.1347839832305908,-0.08849487453699112
192,561,GRID_002830,9.992893244804408,76.91808251815007,0.5257000000000001,0.3125,35,18.966912841796898,2.265216112136841,-0.8884949088096619
146,737,GRID_002831,9.992893244804408,76.92808251815008,0.5446,0.3125,25,18.966912841796898,2.265216112136841,-0.8884949088096619
55,524,GRID_002832,9.992893244804408,76.98808251815011,0.8932,0.3125,15,18.966912841796898,2.265216112136841,-0.8884949088096619
161,916,GRID_002833,9.992893244804408,77.04808251815014,0.7047,0.3125,11,18.966912841796898,2.265216112136841,-0.8884949088096619
176,772,GRID_002834,9.992893244804408,77.05808251815014,0.8464,0.3125,16,18.966912841796898,2.265216112136841,-0.8884949088096619
182,747,GRID_002835,9.992893244804408,77.06808251815015,0.633,0.3125,6,18.966912841796898,2.265216112136841,-0.8884949088096619
212,749,GRID_002836,9.992893244804408,77.07808251815015,0.8897,0.3125,4,18.966912841796898,2.265216112136841,-0.8884949088096619
180,890,GRID_002837,9.992893244804408,77.09808251815016,0.8588,0.3125,14,18.966912841796898,2.265216112136841,-0.8884949088096619
222,1098,GRID_002838,9.992893244804408,77.10808251815017,0.8934000000000001,0.3125,11,18.966912841796898,2.265216112136841,-0.8884949088096619
271,1086,GRID_002839,9.992893244804408,77.11808251815017,0.8635,0.3125,6,18.966912841796898,2.265216112136841,-0.8884949088096619
240,1124,GRID_002840,9.992893244804408,77.14808251815019,0.763,0.0,6,19.366906738281273,3.765216112136841,-0.5884948968887329
146,56,GRID_002841,10.002893244804408,76.75808251814999,0.8134,0.5625,2,22.666894531250023,-1.1347839832305908,-0.08849487453699112
169,62,GRID_002842,10.002893244804408,76.77808251815,0.8019000000000001,0.5625,2,22.666894531250023,-1.1347839832305908,-0.08849487453699112
161,57,GRID_002843,10.002893244804408,76.78808251815,0.7575000000000001,0.5625,1,22.666894531250023,-1.1347839832305908,-0.08849487453699112
42,261,GRID_002844,10.002893244804408,76.79808251815001,0.8715,0.5625,12,22.666894531250023,-1.1347839832305908,-0.08849487453699112
13,126,GRID_002845,10.002893244804408,76.80808251815002,0.8524,0.5625,14,22.666894531250023,-1.1347839832305908,-0.08849487453699112
15,221,GRID_002846,10.002893244804408,76.81808251815002,0.8725,0.5625,18,22.666894531250023,-1.1347839832305908,-0.08849487453699112
40,273,GRID_002847,10.002893244804408,76.87808251815005,0.8865000000000001,0.3125,32,18.966912841796898,2.265216112136841,-0.8884949088096619
209,695,GRID_002848,10.002893244804408,76.90808251815007,0.4731,0.3125,16,18.966912841796898,2.265216112136841,-0.8884949088096619
270,570,GRID_002849,10.002893244804408,76.9680825181501,0.6207,0.3125,1,18.966912841796898,2.265216112136841,-0.8884949088096619
78,904,GRID_002850,10.002893244804408,77.03808251815013,0.8146,0.3125,8,18.966912841796898,2.265216112136841,-0.8884949088096619
278,897,GRID_002851,10.002893244804408,77.04808251815014,0.8515,0.3125,5,18.966912841796898,2.265216112136841,-0.8884949088096619
330,913,GRID_002852,10.002893244804408,77.10808251815017,0.8455,0.3125,5,18.966912841796898,2.265216112136841,-0.8884949088096619
192,1157,GRID_002853,10.002893244804408,77.14808251815019,0.8627,0.0,2,19.366906738281273,3.765216112136841,-0.5884948968887329
55,1162,GRID_002854,10.002893244804408,77.1580825181502,0.8468,0.0,3,19.366906738281273,3.765216112136841,-0.5884948968887329
219,39,GRID_002855,10.012893244804408,76.71808251814997,0.8319000000000001,0.5625,1,22.666894531250023,-1.1347839832305908,-0.08849487453699112
345,209,GRID_002856,10.012893244804408,76.75808251814999,0.8732000000000001,0.5625,19,22.666894531250023,-1.1347839832305908,-0.08849487453699112
343,231,GRID_002857,10.012893244804408,76.76808251815,0.8702000000000001,0.5625,20,22.666894531250023,-1.1347839832305908,-0.08849487453699112
15,209,GRID_002858,10.012893244804408,76.77808251815,0.8763000000000001,0.5625,26,22.666894531250023,-1.1347839832305908,-0.08849487453699112
11,100,GRID_002859,10.012893244804408,76.78808251815,0.8746,0.5625,14,22.666894531250023,-1.1347839832305908,-0.08849487453699112
270,69,GRID_002860,10.012893244804408,76.79808251815001,0.8285,0.5625,1,22.666894531250023,-1.1347839832305908,-0.08849487453699112
203,127,GRID_002861,10.012893244804408,76.86808251815005,0.49710000000000004,0.5625,18,22.666894531250023,-1.1347839832305908,-0.08849487453699112
221,532,GRID_002862,10.012893244804408,76.87808251815005,0.8777,0.3125,20,18.966912841796898,2.265216112136841,-0.8884949088096619
211,588,GRID_002863,10.012893244804408,76.88808251815006,0.546,0.3125,15,18.966912841796898,2.265216112136841,-0.8884949088096619
1,588,GRID_002864,10.012893244804408,76.92808251815008,0.8611000000000001,0.3125,23,18.966912841796898,2.265216112136841,-0.8884949088096619
12,557,GRID_002865,10.012893244804408,76.93808251815008,0.5881000000000001,0.3125,4,18.966912841796898,2.265216112136841,-0.8884949088096619
199,706,GRID_002866,10.012893244804408,76.9780825181501,0.7269,0.3125,23,18.966912841796898,2.265216112136841,-0.8884949088096619
166,922,GRID_002867,10.012893244804408,77.04808251815014,0.611,0.3125,1,18.966912841796898,2.265216112136841,-0.8884949088096619
349,962,GRID_002868,10.012893244804408,77.05808251815014,0.8607,0.3125,10,18.966912841796898,2.265216112136841,-0.8884949088096619
175,774,GRID_002869,10.012893244804408,77.06808251815015,0.7246,0.3125,5,18.966912841796898,2.265216112136841,-0.8884949088096619
283,843,GRID_002870,10.012893244804408,77.07808251815015,0.8603000000000001,0.3125,9,18.966912841796898,2.265216112136841,-0.8884949088096619
188,982,GRID_002871,10.012893244804408,77.08808251815016,0.7069000000000001,0.3125,19,18.966912841796898,2.265216112136841,-0.8884949088096619
190,1048,GRID_002872,10.012893244804408,77.09808251815016,0.895,0.3125,14,18.966912841796898,2.265216112136841,-0.8884949088096619
176,1025,GRID_002873,10.012893244804408,77.10808251815017,0.8589,0.3125,13,18.966912841796898,2.265216112136841,-0.8884949088096619
147,960,GRID_002874,10.012893244804408,77.11808251815017,0.8247,0.3125,7,18.966912841796898,2.265216112136841,-0.8884949088096619
199,957,GRID_002875,10.012893244804408,77.14808251815019,0.7747,0.0,3,19.366906738281273,3.765216112136841,-0.5884948968887329
183,977,GRID_002876,10.012893244804408,77.1580825181502,0.6041000000000001,0.0,7,19.366906738281273,3.765216112136841,-0.5884948968887329
272,1119,GRID_002877,10.012893244804408,77.1680825181502,0.30660000000000004,0.0,11,19.366906738281273,3.765216112136841,-0.5884948968887329
155,76,GRID_002878,10.022893244804408,76.78808251815,0.8761,0.5625,1,22.666894531250023,-1.1347839832305908,-0.08849487453699112
218,230,GRID_002879,10.022893244804408,76.85808251815004,0.8645,0.5625,33,22.666894531250023,-1.1347839832305908,-0.08849487453699112
228,577,GRID_002880,10.022893244804408,76.87808251815005,0.6396000000000001,0.3125,2,18.966912841796898,2.265216112136841,-0.8884949088096619
18,638,GRID_002881,10.022893244804408,76.88808251815006,0.41910000000000003,0.3125,16,18.966912841796898,2.265216112136841,-0.8884949088096619
321,897,GRID_002882,10.022893244804408,76.9780825181501,0.7826000000000001,0.3125,9,18.966912841796898,2.265216112136841,-0.8884949088096619
164,945,GRID_002883,10.022893244804408,76.98808251815011,0.783,0.3125,9,18.966912841796898,2.265216112136841,-0.8884949088096619
170,1153,GRID_002884,10.022893244804408,77.12808251815018,0.24530000000000002,0.0,16,19.366906738281273,3.765216112136841,-0.5884948968887329
205,1245,GRID_002885,10.022893244804408,77.14808251815019,0.7232000000000001,0.0,22,19.366906738281273,3.765216112136841,-0.5884948968887329
205,1346,GRID_002886,10.022893244804408,77.1680825181502,0.1847,0.0,14,19.366906738281273,3.765216112136841,-0.5884948968887329
208,70,GRID_002887,10.032893244804407,76.82808251815003,0.8761,0.5625,9,22.666894531250023,-1.1347839832305908,-0.08849487453699112
14,563,GRID_002888,10.032893244804407,76.86808251815005,0.46840000000000004,0.5625,8,22.666894531250023,-1.1347839832305908,-0.08849487453699112
150,580,GRID_002889,10.032893244804407,76.88808251815006,0.7160000000000001,0.3125,10,18.966912841796898,2.265216112136841,-0.8884949088096619
232,812,GRID_002890,10.032893244804407,76.99808251815011,0.7886000000000001,0.3125,5,18.966912841796898,2.265216112136841,-0.8884949088096619
217,921,GRID_002891,10.032893244804407,77.00808251815012,0.7382000000000001,0.3125,4,18.966912841796898,2.265216112136841,-0.8884949088096619
150,888,GRID_002892,10.032893244804407,77.01808251815012,0.8582000000000001,0.3125,12,18.966912841796898,2.265216112136841,-0.8884949088096619
208,843,GRID_002893,10.032893244804407,77.02808251815013,0.8955000000000001,0.3125,8,18.966912841796898,2.265216112136841,-0.8884949088096619
232,964,GRID_002894,10.032893244804407,77.03808251815013,0.8117000000000001,0.3125,15,18.966912841796898,2.265216112136841,-0.8884949088096619
85,963,GRID_002895,10.032893244804407,77.04808251815014,0.7097,0.3125,13,18.966912841796898,2.265216112136841,-0.8884949088096619
248,868,GRID_002896,10.032893244804407,77.05808251815014,0.7148,0.3125,17,18.966912841796898,2.265216112136841,-0.8884949088096619
213,1128,GRID_002897,10.032893244804407,77.06808251815015,0.6007,0.3125,23,18.966912841796898,2.265216112136841,-0.8884949088096619
194,1354,GRID_002898,10.032893244804407,77.13808251815018,0.5531,0.0,22,19.366906738281273,3.765216112136841,-0.5884948968887329
193,1406,GRID_002899,10.032893244804407,77.14808251815019,0.2422,0.0,18,19.366906738281273,3.765216112136841,-0.5884948968887329
190,1476,GRID_002900,10.032893244804407,77.1580825181502,0.3573,0.0,16,19.366906738281273,3.765216112136841,-0.5884948968887329
93,1333,GRID_002901,10.032893244804407,77.1680825181502,0.6522,0.0,11,19.366906738281273,3.765216112136841,-0.5884948968887329
16,742,GRID_002902,10.042893244804407,76.88808251815006,0.7916000000000001,0.3125,9,18.966912841796898,2.265216112136841,-0.8884949088096619
340,984,GRID_002903,10.042893244804407,76.93808251815008,0.7341000000000001,0.3125,3,18.966912841796898,2.265216112136841,-0.8884949088096619
355,980,GRID_002904,10.042893244804407,76.94808251815009,0.7874,0.3125,3,18.966912841796898,2.265216112136841,-0.8884949088096619
186,992,GRID_002905,10.042893244804407,76.9680825181501,0.7312000000000001,0.3125,4,18.966912841796898,2.265216112136841,-0.8884949088096619
155,1403,GRID_002906,10.042893244804407,77.01808251815012,0.8025,0.3125,36,18.966912841796898,2.265216112136841,-0.8884949088096619
170,1306,GRID_002907,10.042893244804407,77.02808251815013,0.5745,0.3125,16,18.966912841796898,2.265216112136841,-0.8884949088096619
175,1303,GRID_002908,10.042893244804407,77.03808251815013,0.7808,0.3125,31,18.966912841796898,2.265216112136841,-0.8884949088096619
172,1221,GRID_002909,10.042893244804407,77.04808251815014,0.8156,0.3125,13,18.966912841796898,2.265216112136841,-0.8884949088096619
128,1050,GRID_002910,10.042893244804407,77.05808251815014,0.8051,0.3125,16,18.966912841796898,2.265216112136841,-0.8884949088096619
256,1112,GRID_002911,10.042893244804407,77.06808251815015,0.8181,0.3125,8,18.966912841796898,2.265216112136841,-0.8884949088096619
44,1661,GRID_002912,10.042893244804407,77.10808251815017,0.758,0.3125,16,18.966912841796898,2.265216112136841,-0.8884949088096619
303,1565,GRID_002913,10.042893244804407,77.11808251815017,0.7631,0.3125,2,18.966912841796898,2.265216112136841,-0.8884949088096619
320,1756,GRID_002914,10.042893244804407,77.12808251815018,0.8028000000000001,0.0,18,19.366906738281273,3.765216112136841,-0.5884948968887329
125,1967,GRID_002915,10.042893244804407,77.13808251815018,0.7063,0.0,12,19.366906738281273,3.765216112136841,-0.5884948968887329
102,1851,GRID_002916,10.042893244804407,77.14808251815019,0.7715000000000001,0.0,6,19.366906738281273,3.765216112136841,-0.5884948968887329
214,1846,GRID_002917,10.042893244804407,77.1580825181502,0.7988000000000001,0.0,13,19.366906738281273,3.765216112136841,-0.5884948968887329
142,1576,GRID_002918,10.042893244804407,77.1680825181502,0.8742000000000001,0.0,17,19.366906738281273,3.765216112136841,-0.5884948968887329
191,50,GRID_002919,10.052893244804409,76.73808251814998,0.7968000000000001,0.5625,2,22.666894531250023,-1.1347839832305908,-0.08849487453699112
213,744,GRID_002920,10.052893244804409,76.84808251815004,0.5114000000000001,0.5625,8,22.666894531250023,-1.1347839832305908,-0.08849487453699112
198,1149,GRID_002921,10.052893244804409,76.9780825181501,0.7516,0.3125,20,18.966912841796898,2.265216112136841,-0.8884949088096619
199,1634,GRID_002922,10.052893244804409,76.99808251815011,0.7603000000000001,0.3125,23,18.966912841796898,2.265216112136841,-0.8884949088096619
216,1797,GRID_002923,10.052893244804409,77.00808251815012,0.7396,0.3125,11,18.966912841796898,2.265216112136841,-0.8884949088096619
30,1688,GRID_002924,10.052893244804409,77.01808251815012,0.7945,0.3125,18,18.966912841796898,2.265216112136841,-0.8884949088096619
32,1599,GRID_002925,10.052893244804409,77.02808251815013,0.6235,0.3125,9,18.966912841796898,2.265216112136841,-0.8884949088096619
306,1637,GRID_002926,10.052893244804409,77.03808251815013,0.79,0.3125,19,18.966912841796898,2.265216112136841,-0.8884949088096619
132,1433,GRID_002927,10.052893244804409,77.04808251815014,0.8006000000000001,0.3125,24,18.966912841796898,2.265216112136841,-0.8884949088096619
86,1207,GRID_002928,10.052893244804409,77.05808251815014,0.6692,0.3125,13,18.966912841796898,2.265216112136841,-0.8884949088096619
184,1321,GRID_002929,10.052893244804409,77.06808251815015,0.6757000000000001,0.3125,27,18.966912841796898,2.265216112136841,-0.8884949088096619
204,1467,GRID_002930,10.052893244804409,77.07808251815015,0.7762,0.3125,27,18.966912841796898,2.265216112136841,-0.8884949088096619
11,1712,GRID_002931,10.052893244804409,77.08808251815016,0.7793,0.3125,15,18.966912841796898,2.265216112136841,-0.8884949088096619
149,1571,GRID_002932,10.052893244804409,77.11808251815017,0.7754000000000001,0.3125,3,18.966912841796898,2.265216112136841,-0.8884949088096619
236,1615,GRID_002933,10.052893244804409,77.12808251815018,0.8023,0.0,9,19.366906738281273,3.765216112136841,-0.5884948968887329
194,1791,GRID_002934,10.052893244804409,77.14808251815019,0.7383000000000001,0.0,11,19.366906738281273,3.765216112136841,-0.5884948968887329
200,1900,GRID_002935,10.052893244804409,77.1580825181502,0.7991,0.0,1,19.366906738281273,3.765216112136841,-0.5884948968887329
205,567,GRID_002936,10.062893244804409,76.82808251815003,0.8589,0.5625,23,22.666894531250023,-1.1347839832305908,-0.08849487453699112
172,726,GRID_002937,10.062893244804409,76.83808251815003,0.7611,0.5625,8,22.666894531250023,-1.1347839832305908,-0.08849487453699112
206,1146,GRID_002938,10.062893244804409,76.93808251815008,0.7706000000000001,0.3125,21,18.966912841796898,2.265216112136841,-0.8884949088096619
10,1398,GRID_002939,10.062893244804409,76.9780825181501,0.7687,0.3125,8,18.966912841796898,2.265216112136841,-0.8884949088096619
29,1561,GRID_002940,10.062893244804409,77.00808251815012,0.8084,0.3125,13,18.966912841796898,2.265216112136841,-0.8884949088096619
130,1589,GRID_002941,10.062893244804409,77.05808251815014,0.7774000000000001,0.3125,14,18.966912841796898,2.265216112136841,-0.8884949088096619
306,1554,GRID_002942,10.062893244804409,77.06808251815015,0.8081,0.3125,22,18.966912841796898,2.265216112136841,-0.8884949088096619
41,1509,GRID_002943,10.062893244804409,77.07808251815015,0.8061,0.3125,15,18.966912841796898,2.265216112136841,-0.8884949088096619
200,1551,GRID_002944,10.062893244804409,77.08808251815016,0.8257,0.3125,10,18.966912841796898,2.265216112136841,-0.8884949088096619
259,1610,GRID_002945,10.062893244804409,77.10808251815017,0.753,0.3125,4,18.966912841796898,2.265216112136841,-0.8884949088096619
222,1752,GRID_002946,10.062893244804409,77.11808251815017,0.7868,0.3125,14,18.966912841796898,2.265216112136841,-0.8884949088096619
334,2044,GRID_002947,10.062893244804409,77.14808251815019,0.7923,0.0,19,19.366906738281273,3.765216112136841,-0.5884948968887329
183,71,GRID_002948,10.072893244804408,76.67808251814995,0.8471000000000001,0.5625,2,22.666894531250023,-1.1347839832305908,-0.08849487453699112
246,80,GRID_002949,10.072893244804408,76.68808251814995,0.8727,0.5625,2,22.666894531250023,-1.1347839832305908,-0.08849487453699112
195,127,GRID_002950,10.072893244804408,76.73808251814998,0.8521000000000001,0.5625,12,22.666894531250023,-1.1347839832305908,-0.08849487453699112
214,90,GRID_002951,10.072893244804408,76.75808251814999,0.8429000000000001,0.5625,13,22.666894531250023,-1.1347839832305908,-0.08849487453699112
185,655,GRID_002952,10.072893244804408,76.80808251815002,0.7406,0.5625,26,22.666894531250023,-1.1347839832305908,-0.08849487453699112
315,488,GRID_002953,10.072893244804408,76.81808251815002,0.8051,0.5625,1,22.666894531250023,-1.1347839832305908,-0.08849487453699112
333,1083,GRID_002954,10.072893244804408,76.94808251815009,0.7948000000000001,0.3125,5,18.966912841796898,2.265216112136841,-0.8884949088096619
155,1579,GRID_002955,10.072893244804408,77.00808251815012,0.751,0.3125,5,18.966912841796898,2.265216112136841,-0.8884949088096619
276,1555,GRID_002956,10.072893244804408,77.02808251815013,0.8189000000000001,0.3125,2,18.966912841796898,2.265216112136841,-0.8884949088096619
154,1532,GRID_002957,10.072893244804408,77.03808251815013,0.8128000000000001,0.3125,5,18.966912841796898,2.265216112136841,-0.8884949088096619
186,1516,GRID_002958,10.072893244804408,77.04808251815014,0.7816000000000001,0.3125,9,18.966912841796898,2.265216112136841,-0.8884949088096619
152,1469,GRID_002959,10.072893244804408,77.05808251815014,0.7567,0.3125,7,18.966912841796898,2.265216112136841,-0.8884949088096619
245,1774,GRID_002960,10.072893244804408,77.1680825181502,0.795,0.0,4,19.366906738281273,3.765216112136841,-0.5884948968887329
330,84,GRID_002961,10.082893244804406,76.66808251814994,0.8182,0.5625,2,22.666894531250023,-1.1347839832305908,-0.08849487453699112
31,55,GRID_002962,10.082893244804406,76.67808251814995,0.8241,0.5625,2,22.666894531250023,-1.1347839832305908,-0.08849487453699112
207,56,GRID_002963,10.082893244804406,76.69808251814996,0.8442000000000001,0.5625,2,22.666894531250023,-1.1347839832305908,-0.08849487453699112
227,76,GRID_002964,10.082893244804406,76.70808251814996,0.8332,0.5625,8,22.666894531250023,-1.1347839832305908,-0.08849487453699112
33,87,GRID_002965,10.082893244804406,76.71808251814997,0.8091,0.5625,9,22.666894531250023,-1.1347839832305908,-0.08849487453699112
190,505,GRID_002966,10.082893244804406,76.84808251815004,0.5837,0.5625,12,22.666894531250023,-1.1347839832305908,-0.08849487453699112
13,644,GRID_002967,10.082893244804406,76.87808251815005,0.35100000000000003,0.3125,27,18.966912841796898,2.265216112136841,-0.8884949088096619
253,1092,GRID_002968,10.082893244804406,76.91808251815007,0.8144,0.3125,13,18.966912841796898,2.265216112136841,-0.8884949088096619
306,924,GRID_002969,10.082893244804406,76.92808251815008,0.7981,0.3125,8,18.966912841796898,2.265216112136841,-0.8884949088096619
0,1020,GRID_002970,10.082893244804406,76.93808251815008,0.8021,0.3125,17,18.966912841796898,2.265216112136841,-0.8884949088096619
330,1492,GRID_002971,10.082893244804406,76.99808251815011,0.8096,0.3125,24,18.966912841796898,2.265216112136841,-0.8884949088096619
337,1783,GRID_002972,10.082893244804406,77.00808251815012,0.7161000000000001,0.3125,28,18.966912841796898,2.265216112136841,-0.8884949088096619
20,1556,GRID_002973,10.082893244804406,77.05808251815014,0.8133,0.3125,8,18.966912841796898,2.265216112136841,-0.8884949088096619
67,119,GRID_002974,10.092893244804406,76.69808251814996,0.8716,0.5625,10,22.666894531250023,-1.1347839832305908,-0.08849487453699112
332,117,GRID_002975,10.092893244804406,76.70808251814996,0.8759,0.5625,19,22.666894531250023,-1.1347839832305908,-0.08849487453699112
18,531,GRID_002976,10.092893244804406,76.80808251815002,0.8379000000000001,0.5625,20,22.666894531250023,-1.1347839832305908,-0.08849487453699112
35,680,GRID_002977,10.092893244804406,76.84808251815004,0.8245,0.5625,11,22.666894531250023,-1.1347839832305908,-0.08849487453699112
316,532,GRID_002978,10.092893244804406,76.87808251815005,0.5927,0.3125,8,18.966912841796898,2.265216112136841,-0.8884949088096619
18,1113,GRID_002979,10.092893244804406,76.89808251815006,0.7635000000000001,0.3125,18,18.966912841796898,2.265216112136841,-0.8884949088096619
111,908,GRID_002980,10.092893244804406,76.91808251815007,0.8222,0.3125,11,18.966912841796898,2.265216112136841,-0.8884949088096619
50,742,GRID_002981,10.092893244804406,76.92808251815008,0.8147000000000001,0.3125,9,18.966912841796898,2.265216112136841,-0.8884949088096619
270,800,GRID_002982,10.092893244804406,76.93808251815008,0.8197,0.3125,15,18.966912841796898,2.265216112136841,-0.8884949088096619
208,1080,GRID_002983,10.092893244804406,76.94808251815009,0.7869,0.3125,30,18.966912841796898,2.265216112136841,-0.8884949088096619
208,1471,GRID_002984,10.092893244804406,76.9780825181501,0.8534,0.3125,15,18.966912841796898,2.265216112136841,-0.8884949088096619
131,1422,GRID_002985,10.092893244804406,77.00808251815012,0.8213,0.3125,7,18.966912841796898,2.265216112136841,-0.8884949088096619
68,2062,GRID_002986,10.092893244804406,77.1580825181502,0.7969,0.0,15,19.366906738281273,3.765216112136841,-0.5884948968887329
266,72,GRID_002987,10.102893244804406,76.68808251814995,0.8475,0.5625,8,22.666894531250023,-1.1347839832305908,-0.08849487453699112
258,211,GRID_002988,10.102893244804406,76.73808251814998,0.8502000000000001,0.5625,25,22.666894531250023,-1.1347839832305908,-0.08849487453699112
173,516,GRID_002989,10.102893244804406,76.74808251814999,0.8095,0.5625,9,22.666894531250023,-1.1347839832305908,-0.08849487453699112
3,546,GRID_002990,10.102893244804406,76.83808251815003,0.5004000000000001,0.5625,25,22.666894531250023,-1.1347839832305908,-0.08849487453699112
292,495,GRID_002991,10.102893244804406,76.87808251815005,0.6094,0.3125,9,18.966912841796898,2.265216112136841,-0.8884949088096619
298,840,GRID_002992,10.102893244804406,76.88808251815006,0.8084,0.3125,35,18.966912841796898,2.265216112136841,-0.8884949088096619
22,964,GRID_002993,10.102893244804406,76.89808251815006,0.8427,0.3125,9,18.966912841796898,2.265216112136841,-0.8884949088096619
289,930,GRID_002994,10.102893244804406,76.90808251815007,0.8528,0.3125,4,18.966912841796898,2.265216112136841,-0.8884949088096619
161,1630,GRID_002995,10.102893244804406,76.99808251815011,0.8079000000000001,0.3125,5,18.966912841796898,2.265216112136841,-0.8884949088096619
207,1506,GRID_002996,10.102893244804406,77.01808251815012,0.7889,0.3125,18,18.966912841796898,2.265216112136841,-0.8884949088096619
212,1795,GRID_002997,10.102893244804406,77.07808251815015,0.8163,0.3125,7,18.966912841796898,2.265216112136841,-0.8884949088096619
189,105,GRID_002998,10.112893244804406,76.71808251814997,0.8617,0.5625,12,22.666894531250023,-1.1347839832305908,-0.08849487453699112
225,258,GRID_002999,10.112893244804406,76.72808251814998,0.8152,0.5625,27,22.666894531250023,-1.1347839832305908,-0.08849487453699112
354,583,GRID_003000,10.112893244804406,76.73808251814998,0.8584,0.5625,7,22.666894531250023,-1.1347839832305908,-0.08849487453699112
259,354,GRID_003001,10.112893244804406,76.81808251815002,0.8873000000000001,0.5625,3,22.666894531250023,-1.1347839832305908,-0.08849487453699112
8,559,GRID_003002,10.112893244804406,76.82808251815003,0.8393,0.5625,26,22.666894531250023,-1.1347839832305908,-0.08849487453699112
79,313,GRID_003003,10.112893244804406,76.84808251815004,0.8655,0.5625,4,22.666894531250023,-1.1347839832305908,-0.08849487453699112
218,318,GRID_003004,10.112893244804406,76.85808251815004,0.8635,0.5625,23,22.666894531250023,-1.1347839832305908,-0.08849487453699112
303,683,GRID_003005,10.112893244804406,76.86808251815005,0.8642000000000001,0.5625,8,22.666894531250023,-1.1347839832305908,-0.08849487453699112
100,450,GRID_003006,10.112893244804406,76.87808251815005,0.7147,0.3125,9,18.966912841796898,2.265216112136841,-0.8884949088096619
297,604,GRID_003007,10.112893244804406,76.88808251815006,0.5498000000000001,0.3125,27,18.966912841796898,2.265216112136841,-0.8884949088096619
20,936,GRID_003008,10.112893244804406,76.89808251815006,0.8220000000000001,0.3125,15,18.966912841796898,2.265216112136841,-0.8884949088096619
115,742,GRID_003009,10.112893244804406,76.90808251815007,0.8275,0.3125,5,18.966912841796898,2.265216112136841,-0.8884949088096619
57,783,GRID_003010,10.112893244804406,76.91808251815007,0.8353,0.3125,5,18.966912841796898,2.265216112136841,-0.8884949088096619
250,686,GRID_003011,10.112893244804406,76.92808251815008,0.7746000000000001,0.3125,2,18.966912841796898,2.265216112136841,-0.8884949088096619
3,1053,GRID_003012,10.112893244804406,76.95808251815009,0.8132,0.3125,37,18.966912841796898,2.265216112136841,-0.8884949088096619
81,74,GRID_003013,10.122893244804406,76.64808251814993,0.8161,0.5625,2,22.666894531250023,-1.1347839832305908,-0.08849487453699112
0,43,GRID_003014,10.122893244804406,76.65808251814994,0.8352,0.5625,0,22.666894531250023,-1.1347839832305908,-0.08849487453699112
199,43,GRID_003015,10.122893244804406,76.69808251814996,0.8667,0.5625,1,22.666894531250023,-1.1347839832305908,-0.08849487453699112
254,78,GRID_003016,10.122893244804406,76.70808251814996,0.8573000000000001,0.5625,10,22.666894531250023,-1.1347839832305908,-0.08849487453699112
334,293,GRID_003017,10.122893244804406,76.71808251814997,0.8644000000000001,0.5625,18,22.666894531250023,-1.1347839832305908,-0.08849487453699112
342,342,GRID_003018,10.122893244804406,76.72808251814998,0.873,0.5625,28,22.666894531250023,-1.1347839832305908,-0.08849487453699112
307,251,GRID_003019,10.122893244804406,76.77808251815,0.8602000000000001,0.5625,13,22.666894531250023,-1.1347839832305908,-0.08849487453699112
317,250,GRID_003020,10.122893244804406,76.81808251815002,0.864,0.5625,7,22.666894531250023,-1.1347839832305908,-0.08849487453699112
326,260,GRID_003021,10.122893244804406,76.83808251815003,0.435,0.5625,6,22.666894531250023,-1.1347839832305908,-0.08849487453699112
28,301,GRID_003022,10.122893244804406,76.85808251815004,0.9053,0.5625,3,22.666894531250023,-1.1347839832305908,-0.08849487453699112
17,387,GRID_003023,10.122893244804406,76.86808251815005,0.8828,0.5625,13,22.666894531250023,-1.1347839832305908,-0.08849487453699112
286,448,GRID_003024,10.122893244804406,76.87808251815005,0.8407,0.3125,14,18.966912841796898,2.265216112136841,-0.8884949088096619
320,342,GRID_003025,10.122893244804406,76.88808251815006,0.6894,0.3125,10,18.966912841796898,2.265216112136841,-0.8884949088096619
293,670,GRID_003026,10.122893244804406,76.89808251815006,0.5025000000000001,0.3125,29,18.966912841796898,2.265216112136841,-0.8884949088096619
336,842,GRID_003027,10.122893244804406,76.90808251815007,0.7582,0.3125,24,18.966912841796898,2.265216112136841,-0.8884949088096619
353,710,GRID_003028,10.122893244804406,76.94808251815009,0.8385,0.3125,24,18.966912841796898,2.265216112136841,-0.8884949088096619
47,1535,GRID_003029,10.122893244804406,77.05808251815014,0.809,0.3125,3,18.966912841796898,2.265216112136841,-0.8884949088096619
7,1690,GRID_003030,10.122893244804406,77.06808251815015,0.8443,0.3125,18,18.966912841796898,2.265216112136841,-0.8884949088096619
31,77,GRID_003031,10.132893244804404,76.64808251814993,0.8381000000000001,0.5625,2,22.666894531250023,-1.1347839832305908,-0.08849487453699112
304,70,GRID_003032,10.132893244804404,76.67808251814995,0.8588,0.5625,4,22.666894531250023,-1.1347839832305908,-0.08849487453699112
18,410,GRID_003033,10.132893244804404,76.70808251814996,0.8248000000000001,0.5625,23,22.666894531250023,-1.1347839832305908,-0.08849487453699112
249,197,GRID_003034,10.132893244804404,76.73808251814998,0.8717,0.5625,5,22.666894531250023,-1.1347839832305908,-0.08849487453699112
232,222,GRID_003035,10.132893244804404,76.80808251815002,0.8352,0.5625,20,22.666894531250023,-1.1347839832305908,-0.08849487453699112
184,373,GRID_003036,10.132893244804404,76.81808251815002,0.8294,0.5625,17,22.666894531250023,-1.1347839832305908,-0.08849487453699112
195,441,GRID_003037,10.132893244804404,76.82808251815003,0.6856,0.5625,13,22.666894531250023,-1.1347839832305908,-0.08849487453699112
47,291,GRID_003038,10.132893244804404,76.83808251815003,0.8323,0.5625,5,22.666894531250023,-1.1347839832305908,-0.08849487453699112
278,371,GRID_003039,10.132893244804404,76.84808251815004,0.8491000000000001,0.5625,3,22.666894531250023,-1.1347839832305908,-0.08849487453699112
83,314,GRID_003040,10.132893244804404,76.85808251815004,0.8423,0.5625,9,22.666894531250023,-1.1347839832305908,-0.08849487453699112
290,292,GRID_003041,10.132893244804404,76.86808251815005,0.8329000000000001,0.5625,4,22.666894531250023,-1.1347839832305908,-0.08849487453699112
305,364,GRID_003042,10.132893244804404,76.88808251815006,0.4747,0.3125,9,18.966912841796898,2.265216112136841,-0.8884949088096619
298,401,GRID_003043,10.132893244804404,76.89808251815006,0.49400000000000005,0.3125,22,18.966912841796898,2.265216112136841,-0.8884949088096619
88,666,GRID_003044,10.132893244804404,76.90808251815007,0.8577,0.3125,8,18.966912841796898,2.265216112136841,-0.8884949088096619
353,488,GRID_003045,10.132893244804404,76.91808251815007,0.8191,0.3125,25,18.966912841796898,2.265216112136841,-0.8884949088096619
244,1443,GRID_003046,10.132893244804404,77.01808251815012,0.5166000000000001,0.3125,5,18.966912841796898,2.265216112136841,-0.8884949088096619
210,1464,GRID_003047,10.132893244804404,77.02808251815013,0.8664000000000001,0.3125,3,18.966912841796898,2.265216112136841,-0.8884949088096619
207,1924,GRID_003048,10.132893244804404,77.07808251815015,0.6763,0.3125,34,18.966912841796898,2.265216112136841,-0.8884949088096619
260,1978,GRID_003049,10.132893244804404,77.10808251815017,0.7675000000000001,0.3125,5,18.966912841796898,2.265216112136841,-0.8884949088096619
139,1978,GRID_003050,10.132893244804404,77.11808251815017,0.786,0.3125,10,18.966912841796898,2.265216112136841,-0.8884949088096619
162,102,GRID_003051,10.142893244804403,76.62808251814992,0.8861,0.5625,2,22.666894531250023,-1.1347839832305908,-0.08849487453699112
355,39,GRID_003052,10.142893244804403,76.69808251814996,0.7752,0.5625,1,22.666894531250023,-1.1347839832305908,-0.08849487453699112
257,105,GRID_003053,10.142893244804403,76.79808251815001,0.8697,0.5625,10,22.666894531250023,-1.1347839832305908,-0.08849487453699112
211,440,GRID_003054,10.142893244804403,76.80808251815002,0.8694000000000001,0.5625,10,22.666894531250023,-1.1347839832305908,-0.08849487453699112
3,440,GRID_003055,10.142893244804403,76.81808251815002,0.8647,0.5625,19,22.666894531250023,-1.1347839832305908,-0.08849487453699112
34,340,GRID_003056,10.142893244804403,76.82808251815003,0.8639,0.5625,10,22.666894531250023,-1.1347839832305908,-0.08849487453699112
261,342,GRID_003057,10.142893244804403,76.84808251815004,0.8468,0.5625,11,22.666894531250023,-1.1347839832305908,-0.08849487453699112
159,383,GRID_003058,10.142893244804403,76.85808251815004,0.7771,0.5625,14,22.666894531250023,-1.1347839832305908,-0.08849487453699112
238,355,GRID_003059,10.142893244804403,76.87808251815005,0.3957,0.3125,6,18.966912841796898,2.265216112136841,-0.8884949088096619
139,487,GRID_003060,10.142893244804403,76.88808251815006,0.4368,0.3125,15,18.966912841796898,2.265216112136841,-0.8884949088096619
172,1702,GRID_003061,10.142893244804403,77.04808251815014,0.8031,0.3125,10,18.966912841796898,2.265216112136841,-0.8884949088096619
194,1702,GRID_003062,10.142893244804403,77.05808251815014,0.8502000000000001,0.3125,11,18.966912841796898,2.265216112136841,-0.8884949088096619
258,1687,GRID_003063,10.142893244804403,77.06808251815015,0.7843,0.3125,8,18.966912841796898,2.265216112136841,-0.8884949088096619
327,1880,GRID_003064,10.142893244804403,77.07808251815015,0.8191,0.3125,27,18.966912841796898,2.265216112136841,-0.8884949088096619
25,2038,GRID_003065,10.142893244804403,77.08808251815016,0.8342,0.3125,30,18.966912841796898,2.265216112136841,-0.8884949088096619
185,85,GRID_003066,10.152893244804403,76.63808251814993,0.8519,0.5625,1,22.666894531250023,-1.1347839832305908,-0.08849487453699112
252,79,GRID_003067,10.152893244804403,76.78808251815,0.8465,0.5625,11,22.666894531250023,-1.1347839832305908,-0.08849487453699112
349,111,GRID_003068,10.152893244804403,76.80808251815002,0.8729,0.5625,12,22.666894531250023,-1.1347839832305908,-0.08849487453699112
232,187,GRID_003069,10.152893244804403,76.81808251815002,0.8711000000000001,0.5625,8,22.666894531250023,-1.1347839832305908,-0.08849487453699112
161,352,GRID_003070,10.152893244804403,76.82808251815003,0.873,0.5625,13,22.666894531250023,-1.1347839832305908,-0.08849487453699112
168,537,GRID_003071,10.152893244804403,76.86808251815005,0.522,0.5625,13,22.666894531250023,-1.1347839832305908,-0.08849487453699112
222,644,GRID_003072,10.152893244804403,76.87808251815005,0.5208,0.3125,25,18.966912841796898,2.265216112136841,-0.8884949088096619
67,620,GRID_003073,10.152893244804403,76.88808251815006,0.5965,0.3125,10,18.966912841796898,2.265216112136841,-0.8884949088096619
90,481,GRID_003074,10.152893244804403,76.89808251815006,0.4958,0.3125,13,18.966912841796898,2.265216112136841,-0.8884949088096619
296,361,GRID_003075,10.152893244804403,76.90808251815007,0.65,0.3125,11,18.966912841796898,2.265216112136841,-0.8884949088096619
357,482,GRID_003076,10.152893244804403,76.91808251815007,0.8221,0.3125,12,18.966912841796898,2.265216112136841,-0.8884949088096619
216,1840,GRID_003077,10.152893244804403,77.02808251815013,0.8371000000000001,0.3125,5,18.966912841796898,2.265216112136841,-0.8884949088096619
172,2262,GRID_003078,10.152893244804403,77.04808251815014,0.6524,0.3125,24,18.966912841796898,2.265216112136841,-0.8884949088096619
140,1947,GRID_003079,10.152893244804403,77.05808251815014,0.685,0.3125,28,18.966912841796898,2.265216112136841,-0.8884949088096619
200,1803,GRID_003080,10.152893244804403,77.06808251815015,0.8414,0.3125,10,18.966912841796898,2.265216112136841,-0.8884949088096619
196,1786,GRID_003081,10.152893244804403,77.07808251815015,0.7972,0.3125,9,18.966912841796898,2.265216112136841,-0.8884949088096619
84,1746,GRID_003082,10.152893244804403,77.08808251815016,0.8898,0.3125,10,18.966912841796898,2.265216112136841,-0.8884949088096619
6,60,GRID_003083,10.162893244804405,76.66808251814994,0.8489,0.5625,2,22.666894531250023,-1.1347839832305908,-0.08849487453699112
217,242,GRID_003084,10.162893244804405,76.68808251814995,0.8617,0.5625,22,22.666894531250023,-1.1347839832305908,-0.08849487453699112
318,132,GRID_003085,10.162893244804405,76.80808251815002,0.8592000000000001,0.5625,11,22.666894531250023,-1.1347839832305908,-0.08849487453699112
36,193,GRID_003086,10.162893244804405,76.81808251815002,0.8766,0.5625,22,22.666894531250023,-1.1347839832305908,-0.08849487453699112
273,701,GRID_003087,10.162893244804405,76.85808251815004,0.7721,0.5625,13,22.666894531250023,-1.1347839832305908,-0.08849487453699112
172,738,GRID_003088,10.162893244804405,76.86808251815005,0.5105000000000001,0.5625,3,22.666894531250023,-1.1347839832305908,-0.08849487453699112
281,790,GRID_003089,10.162893244804405,76.87808251815005,0.5344,0.3125,8,18.966912841796898,2.265216112136841,-0.8884949088096619
128,711,GRID_003090,10.162893244804405,76.88808251815006,0.803,0.3125,13,18.966912841796898,2.265216112136841,-0.8884949088096619
145,557,GRID_003091,10.162893244804405,76.89808251815006,0.5252,0.3125,23,18.966912841796898,2.265216112136841,-0.8884949088096619
85,451,GRID_003092,10.162893244804405,76.90808251815007,0.6919000000000001,0.3125,12,18.966912841796898,2.265216112136841,-0.8884949088096619
300,483,GRID_003093,10.162893244804405,76.91808251815007,0.7854,0.3125,14,18.966912841796898,2.265216112136841,-0.8884949088096619
215,863,GRID_003094,10.162893244804405,76.93808251815008,0.8214,0.3125,25,18.966912841796898,2.265216112136841,-0.8884949088096619
219,1241,GRID_003095,10.162893244804405,76.94808251815009,0.7449,0.3125,39,18.966912841796898,2.265216112136841,-0.8884949088096619
192,1388,GRID_003096,10.162893244804405,76.95808251815009,0.7993,0.3125,31,18.966912841796898,2.265216112136841,-0.8884949088096619
163,1888,GRID_003097,10.162893244804405,76.99808251815011,0.7423000000000001,0.3125,7,18.966912841796898,2.265216112136841,-0.8884949088096619
337,2122,GRID_003098,10.162893244804405,77.04808251815014,0.7120000000000001,0.3125,16,18.966912841796898,2.265216112136841,-0.8884949088096619
139,1930,GRID_003099,10.162893244804405,77.08808251815016,0.8555,0.3125,9,18.966912841796898,2.265216112136841,-0.8884949088096619
152,51,GRID_003100,10.172893244804404,76.65808251814994,0.8199000000000001,0.5625,4,22.666894531250023,-1.1347839832305908,-0.08849487453699112
182,118,GRID_003101,10.172893244804404,76.73808251814998,0.8615,0.5625,14,22.666894531250023,-1.1347839832305908,-0.08849487453699112
0,97,GRID_003102,10.172893244804404,76.80808251815002,0.8757,0.5625,5,22.666894531250023,-1.1347839832305908,-0.08849487453699112
13,88,GRID_003103,10.172893244804404,76.81808251815002,0.8939,0.5625,1,22.666894531250023,-1.1347839832305908,-0.08849487453699112
20,273,GRID_003104,10.172893244804404,76.85808251815004,0.8739,0.5625,7,22.666894531250023,-1.1347839832305908,-0.08849487453699112
326,426,GRID_003105,10.172893244804404,76.86808251815005,0.8289000000000001,0.5625,18,22.666894531250023,-1.1347839832305908,-0.08849487453699112
324,599,GRID_003106,10.172893244804404,76.87808251815005,0.7637,0.3125,19,18.966912841796898,2.265216112136841,-0.8884949088096619
20,664,GRID_003107,10.172893244804404,76.88808251815006,0.9113,0.3125,9,18.966912841796898,2.265216112136841,-0.8884949088096619
109,577,GRID_003108,10.172893244804404,76.89808251815006,0.8781,0.3125,12,18.966912841796898,2.265216112136841,-0.8884949088096619
203,347,GRID_003109,10.172893244804404,76.90808251815007,0.7817000000000001,0.3125,5,18.966912841796898,2.265216112136841,-0.8884949088096619
159,403,GRID_003110,10.172893244804404,76.91808251815007,0.811,0.3125,8,18.966912841796898,2.265216112136841,-0.8884949088096619
227,735,GRID_003111,10.172893244804404,76.92808251815008,0.7914,0.3125,18,18.966912841796898,2.265216112136841,-0.8884949088096619
259,881,GRID_003112,10.172893244804404,76.93808251815008,0.8117000000000001,0.3125,12,18.966912841796898,2.265216112136841,-0.8884949088096619
269,1296,GRID_003113,10.172893244804404,76.94808251815009,0.7745000000000001,0.3125,21,18.966912841796898,2.265216112136841,-0.8884949088096619
257,2055,GRID_003114,10.172893244804404,77.04808251815014,0.7428,0.3125,11,18.966912841796898,2.265216112136841,-0.8884949088096619
113,2392,GRID_003115,10.172893244804404,77.06808251815015,0.6806,0.3125,24,18.966912841796898,2.265216112136841,-0.8884949088096619
260,2303,GRID_003116,10.172893244804404,77.07808251815015,0.7435,0.3125,10,18.966912841796898,2.265216112136841,-0.8884949088096619
122,1896,GRID_003117,10.172893244804404,77.08808251815016,0.7177,0.3125,40,18.966912841796898,2.265216112136841,-0.8884949088096619
121,1635,GRID_003118,10.172893244804404,77.09808251815016,0.8349000000000001,0.3125,14,18.966912841796898,2.265216112136841,-0.8884949088096619
260,1455,GRID_003119,10.172893244804404,77.11808251815017,0.8798,0.3125,28,18.966912841796898,2.265216112136841,-0.8884949088096619
258,38,GRID_003120,10.182893244804404,76.60808251814991,0.8768,0.3125,2,23.066888427734398,-0.23478393256664276,-0.18849487602710724
310,70,GRID_003121,10.182893244804404,76.61808251814992,0.8699,0.3125,2,23.066888427734398,-0.23478393256664276,-0.18849487602710724
111,100,GRID_003122,10.182893244804404,76.65808251814994,0.8674000000000001,0.5625,13,22.666894531250023,-1.1347839832305908,-0.08849487453699112
167,132,GRID_003123,10.182893244804404,76.66808251814994,0.8509,0.5625,4,22.666894531250023,-1.1347839832305908,-0.08849487453699112
129,91,GRID_003124,10.182893244804404,76.70808251814996,0.8215,0.5625,1,22.666894531250023,-1.1347839832305908,-0.08849487453699112
187,120,GRID_003125,10.182893244804404,76.75808251814999,0.8714000000000001,0.5625,10,22.666894531250023,-1.1347839832305908,-0.08849487453699112
222,163,GRID_003126,10.182893244804404,76.76808251815,0.8696,0.5625,8,22.666894531250023,-1.1347839832305908,-0.08849487453699112
201,339,GRID_003127,10.182893244804404,76.77808251815,0.8654000000000001,0.5625,7,22.666894531250023,-1.1347839832305908,-0.08849487453699112
171,252,GRID_003128,10.182893244804404,76.79808251815001,0.8771,0.5625,10,22.666894531250023,-1.1347839832305908,-0.08849487453699112
342,763,GRID_003129,10.182893244804404,76.90808251815007,0.8423,0.3125,10,18.966912841796898,2.265216112136841,-0.8884949088096619
182,656,GRID_003130,10.182893244804404,76.91808251815007,0.8022,0.3125,17,18.966912841796898,2.265216112136841,-0.8884949088096619
201,671,GRID_003131,10.182893244804404,76.92808251815008,0.8073,0.3125,22,18.966912841796898,2.265216112136841,-0.8884949088096619
251,1097,GRID_003132,10.182893244804404,76.93808251815008,0.7767000000000001,0.3125,2,18.966912841796898,2.265216112136841,-0.8884949088096619
352,1844,GRID_003133,10.182893244804404,77.04808251815014,0.7851,0.3125,28,18.966912841796898,2.265216112136841,-0.8884949088096619
245,1807,GRID_003134,10.182893244804404,77.06808251815015,0.8291000000000001,0.3125,6,18.966912841796898,2.265216112136841,-0.8884949088096619
283,2021,GRID_003135,10.182893244804404,77.07808251815015,0.8533000000000001,0.3125,18,18.966912841796898,2.265216112136841,-0.8884949088096619
112,2145,GRID_003136,10.182893244804404,77.08808251815016,0.7618,0.3125,5,18.966912841796898,2.265216112136841,-0.8884949088096619
120,1857,GRID_003137,10.182893244804404,77.09808251815016,0.8271000000000001,0.3125,23,18.966912841796898,2.265216112136841,-0.8884949088096619
51,2328,GRID_003138,10.182893244804404,77.1680825181502,0.8151,0.0,11,19.366906738281273,3.765216112136841,-0.5884948968887329
19,2093,GRID_003139,10.182893244804404,77.1780825181502,0.8341000000000001,0.0,13,19.366906738281273,3.765216112136841,-0.5884948968887329
170,98,GRID_003140,10.192893244804404,76.5880825181499,0.8507,0.4375,3,22.666894531250023,0.065216064453125,-0.788494884967804
40,199,GRID_003141,10.192893244804404,76.65808251814994,0.29710000000000003,0.4375,9,21.366906738281273,-0.5347839593887329,0.511505126953125
236,96,GRID_003142,10.192893244804404,76.67808251814995,0.6755,0.4375,8,21.366906738281273,-0.5347839593887329,0.511505126953125
284,295,GRID_003143,10.192893244804404,76.74808251814999,0.8861,0.4375,11,21.366906738281273,-0.5347839593887329,0.511505126953125
348,211,GRID_003144,10.192893244804404,76.79808251815001,0.8667,0.4375,3,21.366906738281273,-0.5347839593887329,0.511505126953125
208,237,GRID_003145,10.192893244804404,76.81808251815002,0.8822000000000001,0.4375,12,21.366906738281273,-0.5347839593887329,0.511505126953125
213,460,GRID_003146,10.192893244804404,76.86808251815005,0.7879,0.4375,8,21.366906738281273,-0.5347839593887329,0.511505126953125
158,367,GRID_003147,10.192893244804404,76.87808251815005,0.4887,0.25,19,17.666894531250023,0.865216076374054,1.3115051984786987
211,558,GRID_003148,10.192893244804404,76.89808251815006,0.8026000000000001,0.25,6,17.666894531250023,0.865216076374054,1.3115051984786987
197,717,GRID_003149,10.192893244804404,76.90808251815007,0.8254,0.25,11,17.666894531250023,0.865216076374054,1.3115051984786987
276,1106,GRID_003150,10.192893244804404,76.9680825181501,0.8021,0.25,19,17.666894531250023,0.865216076374054,1.3115051984786987
38,1360,GRID_003151,10.192893244804404,76.99808251815011,0.8188000000000001,0.25,15,17.666894531250023,0.865216076374054,1.3115051984786987
8,1378,GRID_003152,10.192893244804404,77.00808251815012,0.8272,0.25,19,17.666894531250023,0.865216076374054,1.3115051984786987
349,1395,GRID_003153,10.192893244804404,77.01808251815012,0.8240000000000001,0.25,16,17.666894531250023,0.865216076374054,1.3115051984786987
10,1334,GRID_003154,10.192893244804404,77.02808251815013,0.8244,0.25,21,17.666894531250023,0.865216076374054,1.3115051984786987
225,1574,GRID_003155,10.192893244804404,77.04808251815014,0.8315,0.25,12,17.666894531250023,0.865216076374054,1.3115051984786987
144,1467,GRID_003156,10.192893244804404,77.10808251815017,0.8126,0.25,21,17.666894531250023,0.865216076374054,1.3115051984786987
336,1289,GRID_003157,10.192893244804404,77.12808251815018,0.8218000000000001,0.0,25,16.766900634765648,3.6652162075042725,1.511505126953125
298,1612,GRID_003158,10.192893244804404,77.13808251815018,0.8422000000000001,0.0,27,16.766900634765648,3.6652162075042725,1.511505126953125
345,2183,GRID_003159,10.192893244804404,77.1680825181502,0.8454,0.0,29,16.766900634765648,3.6652162075042725,1.511505126953125
110,2062,GRID_003160,10.192893244804404,77.1780825181502,0.8420000000000001,0.0,19,16.766900634765648,3.6652162075042725,1.511505126953125
138,274,GRID_003161,10.202893244804404,76.5780825181499,0.6375000000000001,0.4375,4,22.666894531250023,0.065216064453125,-0.788494884967804
162,323,GRID_003162,10.202893244804404,76.62808251814992,0.49260000000000004,0.4375,9,21.366906738281273,-0.5347839593887329,0.511505126953125
46,444,GRID_003163,10.202893244804404,76.63808251814993,0.4368,0.4375,12,21.366906738281273,-0.5347839593887329,0.511505126953125
212,429,GRID_003164,10.202893244804404,76.67808251814995,0.35660000000000003,0.4375,25,21.366906738281273,-0.5347839593887329,0.511505126953125
175,253,GRID_003165,10.202893244804404,76.68808251814995,0.2503,0.4375,26,21.366906738281273,-0.5347839593887329,0.511505126953125
175,212,GRID_003166,10.202893244804404,76.69808251814996,0.22540000000000002,0.4375,24,21.366906738281273,-0.5347839593887329,0.511505126953125
164,99,GRID_003167,10.202893244804404,76.72808251814998,0.8888,0.4375,7,21.366906738281273,-0.5347839593887329,0.511505126953125
184,112,GRID_003168,10.202893244804404,76.73808251814998,0.8724000000000001,0.4375,7,21.366906738281273,-0.5347839593887329,0.511505126953125
352,133,GRID_003169,10.202893244804404,76.75808251814999,0.8741,0.4375,5,21.366906738281273,-0.5347839593887329,0.511505126953125
336,152,GRID_003170,10.202893244804404,76.76808251815,0.8672000000000001,0.4375,10,21.366906738281273,-0.5347839593887329,0.511505126953125
166,246,GRID_003171,10.202893244804404,76.81808251815002,0.7984,0.4375,5,21.366906738281273,-0.5347839593887329,0.511505126953125
207,765,GRID_003172,10.202893244804404,76.86808251815005,0.5774,0.4375,18,21.366906738281273,-0.5347839593887329,0.511505126953125
225,820,GRID_003173,10.202893244804404,76.87808251815005,0.5716,0.25,1,17.666894531250023,0.865216076374054,1.3115051984786987
228,1072,GRID_003174,10.202893244804404,76.91808251815007,0.8132,0.25,2,17.666894531250023,0.865216076374054,1.3115051984786987
0,1208,GRID_003175,10.202893244804404,76.99808251815011,0.8203,0.25,11,17.666894531250023,0.865216076374054,1.3115051984786987
241,1182,GRID_003176,10.202893244804404,77.00808251815012,0.8038000000000001,0.25,7,17.666894531250023,0.865216076374054,1.3115051984786987
180,1294,GRID_003177,10.202893244804404,77.01808251815012,0.8061,0.25,19,17.666894531250023,0.865216076374054,1.3115051984786987
298,2199,GRID_003178,10.202893244804404,77.06808251815015,0.6711,0.25,8,17.666894531250023,0.865216076374054,1.3115051984786987
110,1174,GRID_003179,10.202893244804404,77.12808251815018,0.8374,0.0,16,16.766900634765648,3.6652162075042725,1.511505126953125
288,1583,GRID_003180,10.202893244804404,77.1680825181502,0.7924,0.0,25,16.766900634765648,3.6652162075042725,1.511505126953125
27,1834,GRID_003181,10.202893244804404,77.1780825181502,0.8229000000000001,0.0,31,16.766900634765648,3.6652162075042725,1.511505126953125
106,57,GRID_003182,10.212893244804404,76.52808251814987,0.8777,0.4375,5,22.666894531250023,0.065216064453125,-0.788494884967804
90,21,GRID_003183,10.212893244804404,76.55808251814989,0.8761,0.4375,0,22.666894531250023,0.065216064453125,-0.788494884967804
179,276,GRID_003184,10.212893244804404,76.64808251814993,0.3764,0.4375,6,21.366906738281273,-0.5347839593887329,0.511505126953125
122,741,GRID_003185,10.212893244804404,76.67808251814995,0.31720000000000004,0.4375,7,21.366906738281273,-0.5347839593887329,0.511505126953125
33,539,GRID_003186,10.212893244804404,76.68808251814995,0.6335000000000001,0.4375,25,21.366906738281273,-0.5347839593887329,0.511505126953125
182,304,GRID_003187,10.212893244804404,76.73808251814998,0.7995,0.4375,21,21.366906738281273,-0.5347839593887329,0.511505126953125
182,379,GRID_003188,10.212893244804404,76.74808251814999,0.7797000000000001,0.4375,27,21.366906738281273,-0.5347839593887329,0.511505126953125
176,351,GRID_003189,10.212893244804404,76.76808251815,0.8913000000000001,0.4375,29,21.366906738281273,-0.5347839593887329,0.511505126953125
237,309,GRID_003190,10.212893244804404,76.79808251815001,0.5900000000000001,0.4375,9,21.366906738281273,-0.5347839593887329,0.511505126953125
150,424,GRID_003191,10.212893244804404,76.80808251815002,0.30760000000000004,0.4375,5,21.366906738281273,-0.5347839593887329,0.511505126953125
160,339,GRID_003192,10.212893244804404,76.81808251815002,0.1406,0.4375,12,21.366906738281273,-0.5347839593887329,0.511505126953125
271,788,GRID_003193,10.212893244804404,76.85808251815004,0.48710000000000003,0.4375,6,21.366906738281273,-0.5347839593887329,0.511505126953125
244,776,GRID_003194,10.212893244804404,76.86808251815005,0.5222,0.4375,4,21.366906738281273,-0.5347839593887329,0.511505126953125
201,910,GRID_003195,10.212893244804404,76.87808251815005,0.7404000000000001,0.25,8,17.666894531250023,0.865216076374054,1.3115051984786987
201,851,GRID_003196,10.212893244804404,76.89808251815006,0.0966,0.25,10,17.666894531250023,0.865216076374054,1.3115051984786987
0,1089,GRID_003197,10.212893244804404,76.90808251815007,0.8179000000000001,0.25,3,17.666894531250023,0.865216076374054,1.3115051984786987
257,1105,GRID_003198,10.212893244804404,76.92808251815008,0.81,0.25,3,17.666894531250023,0.865216076374054,1.3115051984786987
111,1107,GRID_003199,10.212893244804404,76.94808251815009,0.7577,0.25,3,17.666894531250023,0.865216076374054,1.3115051984786987
324,1083,GRID_003200,10.212893244804404,76.99808251815011,0.8245,0.25,9,17.666894531250023,0.865216076374054,1.3115051984786987
209,1211,GRID_003201,10.212893244804404,77.00808251815012,0.8115,0.25,9,17.666894531250023,0.865216076374054,1.3115051984786987
241,1722,GRID_003202,10.212893244804404,77.03808251815013,0.7923,0.25,11,17.666894531250023,0.865216076374054,1.3115051984786987
205,1177,GRID_003203,10.212893244804404,77.13808251815018,0.7941,0.0,5,16.766900634765648,3.6652162075042725,1.511505126953125
49,1360,GRID_003204,10.212893244804404,77.1580825181502,0.7249,0.0,21,16.766900634765648,3.6652162075042725,1.511505126953125
327,1330,GRID_003205,10.212893244804404,77.1680825181502,0.7685000000000001,0.0,28,16.766900634765648,3.6652162075042725,1.511505126953125
7,1433,GRID_003206,10.212893244804404,77.1780825181502,0.7508,0.0,34,16.766900634765648,3.6652162075042725,1.511505126953125
48,140,GRID_003207,10.222893244804403,76.51808251814987,0.8868,0.4375,8,22.666894531250023,0.065216064453125,-0.788494884967804
355,23,GRID_003208,10.222893244804403,76.5680825181499,0.8624,0.4375,1,22.666894531250023,0.065216064453125,-0.788494884967804
210,52,GRID_003209,10.222893244804403,76.5780825181499,0.8718,0.4375,4,22.666894531250023,0.065216064453125,-0.788494884967804
196,99,GRID_003210,10.222893244804403,76.5880825181499,0.8646,0.4375,13,22.666894531250023,0.065216064453125,-0.788494884967804
182,196,GRID_003211,10.222893244804403,76.59808251814991,0.45320000000000005,0.4375,20,22.666894531250023,0.065216064453125,-0.788494884967804
214,467,GRID_003212,10.222893244804403,76.63808251814993,0.48710000000000003,0.4375,10,21.366906738281273,-0.5347839593887329,0.511505126953125
190,535,GRID_003213,10.222893244804403,76.64808251814993,0.15960000000000002,0.4375,23,21.366906738281273,-0.5347839593887329,0.511505126953125
282,353,GRID_003214,10.222893244804403,76.69808251814996,0.681,0.4375,1,21.366906738281273,-0.5347839593887329,0.511505126953125
20,815,GRID_003215,10.222893244804403,76.73808251814998,0.8490000000000001,0.4375,19,21.366906738281273,-0.5347839593887329,0.511505126953125
16,655,GRID_003216,10.222893244804403,76.74808251814999,0.8798,0.4375,22,21.366906738281273,-0.5347839593887329,0.511505126953125
196,577,GRID_003217,10.222893244804403,76.76808251815,0.45580000000000004,0.4375,10,21.366906738281273,-0.5347839593887329,0.511505126953125
112,593,GRID_003218,10.222893244804403,76.77808251815,0.40640000000000004,0.4375,4,21.366906738281273,-0.5347839593887329,0.511505126953125
207,725,GRID_003219,10.222893244804403,76.78808251815,0.46590000000000004,0.4375,22,21.366906738281273,-0.5347839593887329,0.511505126953125
178,769,GRID_003220,10.222893244804403,76.81808251815002,0.5605,0.4375,28,21.366906738281273,-0.5347839593887329,0.511505126953125
212,859,GRID_003221,10.222893244804403,76.82808251815003,0.2351,0.4375,20,21.366906738281273,-0.5347839593887329,0.511505126953125
184,1051,GRID_003222,10.222893244804403,76.84808251815004,0.3297,0.4375,35,21.366906738281273,-0.5347839593887329,0.511505126953125
155,912,GRID_003223,10.222893244804403,76.85808251815004,0.3895,0.4375,21,21.366906738281273,-0.5347839593887329,0.511505126953125
286,1025,GRID_003224,10.222893244804403,76.87808251815005,0.30670000000000003,0.25,6,17.666894531250023,0.865216076374054,1.3115051984786987
271,1008,GRID_003225,10.222893244804403,76.88808251815006,0.8169000000000001,0.25,12,17.666894531250023,0.865216076374054,1.3115051984786987
135,1154,GRID_003226,10.222893244804403,76.89808251815006,0.7974,0.25,4,17.666894531250023,0.865216076374054,1.3115051984786987
5,1010,GRID_003227,10.222893244804403,76.93808251815008,0.8248000000000001,0.25,9,17.666894531250023,0.865216076374054,1.3115051984786987
40,977,GRID_003228,10.222893244804403,76.94808251815009,0.8442000000000001,0.25,34,17.666894531250023,0.865216076374054,1.3115051984786987
250,1580,GRID_003229,10.222893244804403,77.02808251815013,0.8072,0.25,7,17.666894531250023,0.865216076374054,1.3115051984786987
232,1854,GRID_003230,10.222893244804403,77.03808251815013,0.7325,0.25,19,17.666894531250023,0.865216076374054,1.3115051984786987
254,1462,GRID_003231,10.222893244804403,77.14808251815019,0.7894,0.0,4,16.766900634765648,3.6652162075042725,1.511505126953125
355,1087,GRID_003232,10.222893244804403,77.1680825181502,0.752,0.0,8,16.766900634765648,3.6652162075042725,1.511505126953125
302,1208,GRID_003233,10.222893244804403,77.1780825181502,0.7689,0.0,18,16.766900634765648,3.6652162075042725,1.511505126953125
178,40,GRID_003234,10.232893244804403,76.54808251814988,0.8645,0.4375,3,22.666894531250023,0.065216064453125,-0.788494884967804
146,32,GRID_003235,10.232893244804403,76.55808251814989,0.8689,0.4375,2,22.666894531250023,0.065216064453125,-0.788494884967804
187,68,GRID_003236,10.232893244804403,76.5880825181499,0.8675,0.4375,12,22.666894531250023,0.065216064453125,-0.788494884967804
189,499,GRID_003237,10.232893244804403,76.64808251814993,0.3124,0.4375,14,21.366906738281273,-0.5347839593887329,0.511505126953125
47,474,GRID_003238,10.232893244804403,76.65808251814994,0.8212,0.4375,20,21.366906738281273,-0.5347839593887329,0.511505126953125
193,460,GRID_003239,10.232893244804403,76.67808251814995,0.5503,0.4375,24,21.366906738281273,-0.5347839593887329,0.511505126953125
352,168,GRID_003240,10.232893244804403,76.71808251814997,0.7434000000000001,0.4375,12,21.366906738281273,-0.5347839593887329,0.511505126953125
8,224,GRID_003241,10.232893244804403,76.72808251814998,0.8593000000000001,0.4375,18,21.366906738281273,-0.5347839593887329,0.511505126953125
354,343,GRID_003242,10.232893244804403,76.74808251814999,0.8423,0.4375,29,21.366906738281273,-0.5347839593887329,0.511505126953125
359,380,GRID_003243,10.232893244804403,76.75808251814999,0.8716,0.4375,32,21.366906738281273,-0.5347839593887329,0.511505126953125
10,310,GRID_003244,10.232893244804403,76.76808251815,0.9174,0.4375,29,21.366906738281273,-0.5347839593887329,0.511505126953125
330,322,GRID_003245,10.232893244804403,76.77808251815,0.273,0.4375,19,21.366906738281273,-0.5347839593887329,0.511505126953125
269,547,GRID_003246,10.232893244804403,76.78808251815,0.6113000000000001,0.4375,7,21.366906738281273,-0.5347839593887329,0.511505126953125
247,614,GRID_003247,10.232893244804403,76.79808251815001,0.7643000000000001,0.4375,4,21.366906738281273,-0.5347839593887329,0.511505126953125
358,817,GRID_003248,10.232893244804403,76.80808251815002,0.5921000000000001,0.4375,24,21.366906738281273,-0.5347839593887329,0.511505126953125
37,486,GRID_003249,10.232893244804403,76.81808251815002,0.3725,0.4375,26,21.366906738281273,-0.5347839593887329,0.511505126953125
349,410,GRID_003250,10.232893244804403,76.82808251815003,0.7692,0.4375,22,21.366906738281273,-0.5347839593887329,0.511505126953125
328,533,GRID_003251,10.232893244804403,76.83808251815003,0.2972,0.4375,13,21.366906738281273,-0.5347839593887329,0.511505126953125
296,958,GRID_003252,10.232893244804403,76.84808251815004,0.49810000000000004,0.4375,25,21.366906738281273,-0.5347839593887329,0.511505126953125
41,990,GRID_003253,10.232893244804403,76.85808251815004,0.38020000000000004,0.4375,15,21.366906738281273,-0.5347839593887329,0.511505126953125
352,838,GRID_003254,10.232893244804403,76.86808251815005,0.803,0.4375,13,21.366906738281273,-0.5347839593887329,0.511505126953125
210,1006,GRID_003255,10.232893244804403,76.87808251815005,0.5811000000000001,0.25,6,17.666894531250023,0.865216076374054,1.3115051984786987
279,1092,GRID_003256,10.232893244804403,76.88808251815006,0.6863,0.25,10,17.666894531250023,0.865216076374054,1.3115051984786987
16,1035,GRID_003257,10.232893244804403,76.89808251815006,0.8063,0.25,20,17.666894531250023,0.865216076374054,1.3115051984786987
26,659,GRID_003258,10.232893244804403,76.90808251815007,0.8328,0.25,19,17.666894531250023,0.865216076374054,1.3115051984786987
51,609,GRID_003259,10.232893244804403,76.94808251815009,0.8269000000000001,0.25,4,17.666894531250023,0.865216076374054,1.3115051984786987
161,1182,GRID_003260,10.232893244804403,76.98808251815011,0.8130000000000001,0.25,15,17.666894531250023,0.865216076374054,1.3115051984786987
323,2002,GRID_003261,10.232893244804403,77.03808251815013,0.7458,0.25,36,17.666894531250023,0.865216076374054,1.3115051984786987
338,2165,GRID_003262,10.232893244804403,77.04808251815014,0.6801,0.25,10,17.666894531250023,0.865216076374054,1.3115051984786987
222,2199,GRID_003263,10.232893244804403,77.05808251815014,0.6596000000000001,0.25,5,17.666894531250023,0.865216076374054,1.3115051984786987
294,2266,GRID_003264,10.232893244804403,77.06808251815015,0.6984,0.25,1,17.666894531250023,0.865216076374054,1.3115051984786987
229,2054,GRID_003265,10.232893244804403,77.08808251815016,0.7076,0.25,21,17.666894531250023,0.865216076374054,1.3115051984786987
325,2210,GRID_003266,10.232893244804403,77.09808251815016,0.6933,0.25,6,17.666894531250023,0.865216076374054,1.3115051984786987
145,2090,GRID_003267,10.232893244804403,77.10808251815017,0.7295,0.25,22,17.666894531250023,0.865216076374054,1.3115051984786987
98,1942,GRID_003268,10.232893244804403,77.11808251815017,0.8369000000000001,0.25,10,17.666894531250023,0.865216076374054,1.3115051984786987
334,1064,GRID_003269,10.232893244804403,77.14808251815019,0.8327,0.0,29,16.766900634765648,3.6652162075042725,1.511505126953125
212,59,GRID_003270,10.242893244804405,76.47808251814985,0.8733000000000001,0.4375,6,22.666894531250023,0.065216064453125,-0.788494884967804
352,57,GRID_003271,10.242893244804405,76.50808251814986,0.8664000000000001,0.4375,2,22.666894531250023,0.065216064453125,-0.788494884967804
289,95,GRID_003272,10.242893244804405,76.51808251814987,0.8773000000000001,0.4375,4,22.666894531250023,0.065216064453125,-0.788494884967804
116,78,GRID_003273,10.242893244804405,76.53808251814988,0.8851,0.4375,7,22.666894531250023,0.065216064453125,-0.788494884967804
76,25,GRID_003274,10.242893244804405,76.54808251814988,0.8676,0.4375,2,22.666894531250023,0.065216064453125,-0.788494884967804
204,24,GRID_003275,10.242893244804405,76.55808251814989,0.8857,0.4375,1,22.666894531250023,0.065216064453125,-0.788494884967804
218,63,GRID_003276,10.242893244804405,76.5780825181499,0.8745,0.4375,6,22.666894531250023,0.065216064453125,-0.788494884967804
4,413,GRID_003277,10.242893244804405,76.59808251814991,0.5488000000000001,0.4375,7,22.666894531250023,0.065216064453125,-0.788494884967804
13,443,GRID_003278,10.242893244804405,76.61808251814992,0.8783000000000001,0.4375,3,22.666894531250023,0.065216064453125,-0.788494884967804
229,551,GRID_003279,10.242893244804405,76.66808251814994,0.5532,0.4375,13,21.366906738281273,-0.5347839593887329,0.511505126953125
45,217,GRID_003280,10.242893244804405,76.68808251814995,0.7245,0.4375,17,21.366906738281273,-0.5347839593887329,0.511505126953125
0,156,GRID_003281,10.242893244804405,76.75808251814999,0.38920000000000005,0.4375,0,21.366906738281273,-0.5347839593887329,0.511505126953125
0,156,GRID_003282,10.242893244804405,76.76808251815,0.1258,0.4375,0,21.366906738281273,-0.5347839593887329,0.511505126953125
329,157,GRID_003283,10.242893244804405,76.77808251815,0.1704,0.4375,4,21.366906738281273,-0.5347839593887329,0.511505126953125
14,280,GRID_003284,10.242893244804405,76.78808251815,0.23920000000000002,0.4375,21,21.366906738281273,-0.5347839593887329,0.511505126953125
12,186,GRID_003285,10.242893244804405,76.79808251815001,0.6232,0.4375,15,21.366906738281273,-0.5347839593887329,0.511505126953125
3,185,GRID_003286,10.242893244804405,76.80808251815002,0.6552,0.4375,12,21.366906738281273,-0.5347839593887329,0.511505126953125
298,834,GRID_003287,10.242893244804405,76.84808251815004,0.6685,0.4375,33,21.366906738281273,-0.5347839593887329,0.511505126953125
46,807,GRID_003288,10.242893244804405,76.85808251815004,0.8295,0.4375,39,21.366906738281273,-0.5347839593887329,0.511505126953125
299,875,GRID_003289,10.242893244804405,76.86808251815005,0.8415,0.4375,14,21.366906738281273,-0.5347839593887329,0.511505126953125
8,644,GRID_003290,10.242893244804405,76.88808251815006,0.8405,0.25,41,17.666894531250023,0.865216076374054,1.3115051984786987
249,474,GRID_003291,10.242893244804405,76.89808251815006,0.8241,0.25,5,17.666894531250023,0.865216076374054,1.3115051984786987
186,577,GRID_003292,10.242893244804405,76.90808251815007,0.7338,0.25,21,17.666894531250023,0.865216076374054,1.3115051984786987
186,1020,GRID_003293,10.242893244804405,76.91808251815007,0.8161,0.25,33,17.666894531250023,0.865216076374054,1.3115051984786987
153,767,GRID_003294,10.242893244804405,76.92808251815008,0.8355,0.25,29,17.666894531250023,0.865216076374054,1.3115051984786987
173,614,GRID_003295,10.242893244804405,76.93808251815008,0.8308000000000001,0.25,20,17.666894531250023,0.865216076374054,1.3115051984786987
268,631,GRID_003296,10.242893244804405,76.94808251815009,0.8254,0.25,9,17.666894531250023,0.865216076374054,1.3115051984786987
225,1029,GRID_003297,10.242893244804405,76.95808251815009,0.8291000000000001,0.25,12,17.666894531250023,0.865216076374054,1.3115051984786987
220,1067,GRID_003298,10.242893244804405,76.9680825181501,0.8064,0.25,6,17.666894531250023,0.865216076374054,1.3115051984786987
216,1080,GRID_003299,10.242893244804405,76.9780825181501,0.8223,0.25,5,17.666894531250023,0.865216076374054,1.3115051984786987
281,1830,GRID_003300,10.242893244804405,77.04808251815014,0.7007,0.25,15,17.666894531250023,0.865216076374054,1.3115051984786987
276,2013,GRID_003301,10.242893244804405,77.05808251815014,0.7609,0.25,10,17.666894531250023,0.865216076374054,1.3115051984786987
32,2199,GRID_003302,10.242893244804405,77.06808251815015,0.6932,0.25,21,17.666894531250023,0.865216076374054,1.3115051984786987
28,1799,GRID_003303,10.242893244804405,77.07808251815015,0.8355,0.25,20,17.666894531250023,0.865216076374054,1.3115051984786987
247,2086,GRID_003304,10.242893244804405,77.08808251815016,0.6956,0.25,11,17.666894531250023,0.865216076374054,1.3115051984786987
209,2130,GRID_003305,10.242893244804405,77.09808251815016,0.7303000000000001,0.25,4,17.666894531250023,0.865216076374054,1.3115051984786987
346,2327,GRID_003306,10.242893244804405,77.10808251815017,0.7071000000000001,0.25,3,17.666894531250023,0.865216076374054,1.3115051984786987
54,1913,GRID_003307,10.242893244804405,77.11808251815017,0.8207,0.25,23,17.666894531250023,0.865216076374054,1.3115051984786987
106,1536,GRID_003308,10.242893244804405,77.12808251815018,0.8709,0.0,18,16.766900634765648,3.6652162075042725,1.511505126953125
116,1131,GRID_003309,10.242893244804405,77.13808251815018,0.8150000000000001,0.0,23,16.766900634765648,3.6652162075042725,1.511505126953125
127,924,GRID_003310,10.242893244804405,77.14808251815019,0.8453,0.0,8,16.766900634765648,3.6652162075042725,1.511505126953125
321,1043,GRID_003311,10.242893244804405,77.18808251815021,0.7591,0.0,5,16.766900634765648,3.6652162075042725,1.511505126953125
349,45,GRID_003312,10.252893244804405,76.49808251814986,0.8907,0.4375,3,22.666894531250023,0.065216064453125,-0.788494884967804
342,53,GRID_003313,10.252893244804405,76.50808251814986,0.8601000000000001,0.4375,2,22.666894531250023,0.065216064453125,-0.788494884967804
123,50,GRID_003314,10.252893244804405,76.51808251814987,0.7874,0.4375,2,22.666894531250023,0.065216064453125,-0.788494884967804
355,31,GRID_003315,10.252893244804405,76.52808251814987,0.8557,0.4375,1,22.666894531250023,0.065216064453125,-0.788494884967804
227,36,GRID_003316,10.252893244804405,76.54808251814988,0.8529,0.4375,3,22.666894531250023,0.065216064453125,-0.788494884967804
214,56,GRID_003317,10.252893244804405,76.5880825181499,0.8797,0.4375,4,22.666894531250023,0.065216064453125,-0.788494884967804
253,287,GRID_003318,10.252893244804405,76.59808251814991,0.8521000000000001,0.4375,20,22.666894531250023,0.065216064453125,-0.788494884967804
180,445,GRID_003319,10.252893244804405,76.60808251814991,0.8495,0.4375,0,22.666894531250023,0.065216064453125,-0.788494884967804
336,360,GRID_003320,10.252893244804405,76.61808251814992,0.7912,0.4375,4,22.666894531250023,0.065216064453125,-0.788494884967804
44,353,GRID_003321,10.252893244804405,76.62808251814992,0.8756,0.4375,5,21.366906738281273,-0.5347839593887329,0.511505126953125
233,358,GRID_003322,10.252893244804405,76.63808251814993,0.8639,0.4375,4,21.366906738281273,-0.5347839593887329,0.511505126953125
52,382,GRID_003323,10.252893244804405,76.64808251814993,0.8483,0.4375,7,21.366906738281273,-0.5347839593887329,0.511505126953125
18,290,GRID_003324,10.252893244804405,76.65808251814994,0.1872,0.4375,18,21.366906738281273,-0.5347839593887329,0.511505126953125
188,159,GRID_003325,10.252893244804405,76.67808251814995,0.4312,0.4375,2,21.366906738281273,-0.5347839593887329,0.511505126953125
270,156,GRID_003326,10.252893244804405,76.68808251814995,0.2019,0.4375,0,21.366906738281273,-0.5347839593887329,0.511505126953125
222,157,GRID_003327,10.252893244804405,76.73808251814998,0.6034,0.4375,1,21.366906738281273,-0.5347839593887329,0.511505126953125
189,162,GRID_003328,10.252893244804405,76.74808251814999,0.7210000000000001,0.4375,7,21.366906738281273,-0.5347839593887329,0.511505126953125
182,173,GRID_003329,10.252893244804405,76.75808251814999,0.7573000000000001,0.4375,6,21.366906738281273,-0.5347839593887329,0.511505126953125
182,157,GRID_003330,10.252893244804405,76.76808251815,0.6251,0.4375,4,21.366906738281273,-0.5347839593887329,0.511505126953125
76,157,GRID_003331,10.252893244804405,76.81808251815002,0.3788,0.4375,1,21.366906738281273,-0.5347839593887329,0.511505126953125
152,164,GRID_003332,10.252893244804405,76.82808251815003,0.6746,0.4375,2,21.366906738281273,-0.5347839593887329,0.511505126953125
293,214,GRID_003333,10.252893244804405,76.83808251815003,0.4076,0.4375,15,21.366906738281273,-0.5347839593887329,0.511505126953125
26,373,GRID_003334,10.252893244804405,76.85808251815004,0.8667,0.4375,30,21.366906738281273,-0.5347839593887329,0.511505126953125
187,291,GRID_003335,10.252893244804405,76.86808251815005,0.8751,0.4375,5,21.366906738281273,-0.5347839593887329,0.511505126953125
209,852,GRID_003336,10.252893244804405,76.88808251815006,0.8194,0.25,31,17.666894531250023,0.865216076374054,1.3115051984786987
216,1026,GRID_003337,10.252893244804405,76.89808251815006,0.3972,0.25,30,17.666894531250023,0.865216076374054,1.3115051984786987
149,1137,GRID_003338,10.252893244804405,76.90808251815007,0.75,0.25,11,17.666894531250023,0.865216076374054,1.3115051984786987
317,1115,GRID_003339,10.252893244804405,76.91808251815007,0.6885,0.25,9,17.666894531250023,0.865216076374054,1.3115051984786987
225,1179,GRID_003340,10.252893244804405,76.92808251815008,0.8003,0.25,2,17.666894531250023,0.865216076374054,1.3115051984786987
134,1081,GRID_003341,10.252893244804405,76.93808251815008,0.783,0.25,8,17.666894531250023,0.865216076374054,1.3115051984786987
218,818,GRID_003342,10.252893244804405,76.94808251815009,0.8516,0.25,13,17.666894531250023,0.865216076374054,1.3115051984786987
157,944,GRID_003343,10.252893244804405,76.95808251815009,0.8307,0.25,35,17.666894531250023,0.865216076374054,1.3115051984786987
294,884,GRID_003344,10.252893244804405,76.9680825181501,0.7841,0.25,20,17.666894531250023,0.865216076374054,1.3115051984786987
287,1645,GRID_003345,10.252893244804405,77.04808251815014,0.7879,0.25,23,17.666894531250023,0.865216076374054,1.3115051984786987
23,1584,GRID_003346,10.252893244804405,77.06808251815015,0.8213,0.25,13,17.666894531250023,0.865216076374054,1.3115051984786987
234,1895,GRID_003347,10.252893244804405,77.07808251815015,0.7433000000000001,0.25,25,17.666894531250023,0.865216076374054,1.3115051984786987
234,2384,GRID_003348,10.252893244804405,77.08808251815016,0.682,0.25,23,17.666894531250023,0.865216076374054,1.3115051984786987
153,2465,GRID_003349,10.252893244804405,77.09808251815016,0.6794,0.25,22,17.666894531250023,0.865216076374054,1.3115051984786987
85,1757,GRID_003350,10.252893244804405,77.10808251815017,0.8627,0.25,10,17.666894531250023,0.865216076374054,1.3115051984786987
336,1723,GRID_003351,10.252893244804405,77.11808251815017,0.8779,0.25,17,17.666894531250023,0.865216076374054,1.3115051984786987
135,1705,GRID_003352,10.252893244804405,77.12808251815018,0.8133,0.0,22,16.766900634765648,3.6652162075042725,1.511505126953125
116,1397,GRID_003353,10.252893244804405,77.13808251815018,0.7939,0.0,31,16.766900634765648,3.6652162075042725,1.511505126953125
180,944,GRID_003354,10.252893244804405,77.1580825181502,0.7749,0.0,3,16.766900634765648,3.6652162075042725,1.511505126953125
42,937,GRID_003355,10.252893244804405,77.18808251815021,0.7691,0.0,13,16.766900634765648,3.6652162075042725,1.511505126953125
52,85,GRID_003356,10.262893244804404,76.42808251814982,0.8304,0.4375,1,22.666894531250023,0.065216064453125,-0.788494884967804
266,58,GRID_003357,10.262893244804404,76.48808251814985,0.8826,0.4375,4,22.666894531250023,0.065216064453125,-0.788494884967804
316,101,GRID_003358,10.262893244804404,76.49808251814986,0.8874000000000001,0.4375,3,22.666894531250023,0.065216064453125,-0.788494884967804
354,49,GRID_003359,10.262893244804404,76.51808251814987,0.8897,0.4375,1,22.666894531250023,0.065216064453125,-0.788494884967804
196,43,GRID_003360,10.262893244804404,76.52808251814987,0.8623000000000001,0.4375,3,22.666894531250023,0.065216064453125,-0.788494884967804
167,53,GRID_003361,10.262893244804404,76.53808251814988,0.8548,0.4375,3,22.666894531250023,0.065216064453125,-0.788494884967804
18,173,GRID_003362,10.262893244804404,76.54808251814988,0.8858,0.4375,5,22.666894531250023,0.065216064453125,-0.788494884967804
116,32,GRID_003363,10.262893244804404,76.55808251814989,0.8706,0.4375,2,22.666894531250023,0.065216064453125,-0.788494884967804
320,58,GRID_003364,10.262893244804404,76.5680825181499,0.8608,0.4375,3,22.666894531250023,0.065216064453125,-0.788494884967804
195,133,GRID_003365,10.262893244804404,76.5780825181499,0.7676000000000001,0.4375,10,22.666894531250023,0.065216064453125,-0.788494884967804
240,355,GRID_003366,10.262893244804404,76.5880825181499,0.8719,0.4375,8,22.666894531250023,0.065216064453125,-0.788494884967804
293,330,GRID_003367,10.262893244804404,76.61808251814992,0.8527,0.4375,23,22.666894531250023,0.065216064453125,-0.788494884967804
171,485,GRID_003368,10.262893244804404,76.64808251814993,0.44570000000000004,0.4375,27,21.366906738281273,-0.5347839593887329,0.511505126953125
165,250,GRID_003369,10.262893244804404,76.66808251814994,0.5987,0.4375,8,21.366906738281273,-0.5347839593887329,0.511505126953125
213,289,GRID_003370,10.262893244804404,76.68808251814995,0.6061000000000001,0.4375,26,21.366906738281273,-0.5347839593887329,0.511505126953125
154,410,GRID_003371,10.262893244804404,76.72808251814998,0.7434000000000001,0.4375,16,21.366906738281273,-0.5347839593887329,0.511505126953125
180,399,GRID_003372,10.262893244804404,76.73808251814998,0.8384,0.4375,17,21.366906738281273,-0.5347839593887329,0.511505126953125
182,468,GRID_003373,10.262893244804404,76.76808251815,0.32070000000000004,0.4375,29,21.366906738281273,-0.5347839593887329,0.511505126953125
125,502,GRID_003374,10.262893244804404,76.79808251815001,0.5576,0.4375,10,21.366906738281273,-0.5347839593887329,0.511505126953125
180,358,GRID_003375,10.262893244804404,76.80808251815002,0.3089,0.4375,15,21.366906738281273,-0.5347839593887329,0.511505126953125
147,301,GRID_003376,10.262893244804404,76.81808251815002,0.2492,0.4375,21,21.366906738281273,-0.5347839593887329,0.511505126953125
145,333,GRID_003377,10.262893244804404,76.82808251815003,0.7866000000000001,0.4375,17,21.366906738281273,-0.5347839593887329,0.511505126953125
191,240,GRID_003378,10.262893244804404,76.83808251815003,0.2697,0.4375,17,21.366906738281273,-0.5347839593887329,0.511505126953125
209,195,GRID_003379,10.262893244804404,76.84808251815004,0.7694000000000001,0.4375,12,21.366906738281273,-0.5347839593887329,0.511505126953125
266,361,GRID_003380,10.262893244804404,76.85808251815004,0.8381000000000001,0.4375,17,21.366906738281273,-0.5347839593887329,0.511505126953125
223,789,GRID_003381,10.262893244804404,76.86808251815005,0.8209000000000001,0.4375,23,21.366906738281273,-0.5347839593887329,0.511505126953125
212,1105,GRID_003382,10.262893244804404,76.88808251815006,0.8351000000000001,0.25,8,17.666894531250023,0.865216076374054,1.3115051984786987
129,1113,GRID_003383,10.262893244804404,76.89808251815006,0.7796000000000001,0.25,6,17.666894531250023,0.865216076374054,1.3115051984786987
64,1115,GRID_003384,10.262893244804404,76.90808251815007,0.7914,0.25,0,17.666894531250023,0.865216076374054,1.3115051984786987
159,1138,GRID_003385,10.262893244804404,76.91808251815007,0.8326,0.25,4,17.666894531250023,0.865216076374054,1.3115051984786987
304,1131,GRID_003386,10.262893244804404,76.92808251815008,0.8051,0.25,4,17.666894531250023,0.865216076374054,1.3115051984786987
55,1184,GRID_003387,10.262893244804404,76.93808251815008,0.7902,0.25,6,17.666894531250023,0.865216076374054,1.3115051984786987
159,902,GRID_003388,10.262893244804404,76.94808251815009,0.8469,0.25,7,17.666894531250023,0.865216076374054,1.3115051984786987
224,1729,GRID_003389,10.262893244804404,77.06808251815015,0.8083,0.25,22,17.666894531250023,0.865216076374054,1.3115051984786987
13,2225,GRID_003390,10.262893244804404,77.09808251815016,0.7468,0.25,19,17.666894531250023,0.865216076374054,1.3115051984786987
344,1447,GRID_003391,10.262893244804404,77.12808251815018,0.8199000000000001,0.0,32,16.766900634765648,3.6652162075042725,1.511505126953125
288,847,GRID_003392,10.262893244804404,77.18808251815021,0.768,0.0,11,16.766900634765648,3.6652162075042725,1.511505126953125
310,1049,GRID_003393,10.262893244804404,77.19808251815022,0.7578,0.0,14,16.766900634765648,3.6652162075042725,1.511505126953125
65,91,GRID_003394,10.272893244804402,76.42808251814982,0.8489,0.4375,3,22.666894531250023,0.065216064453125,-0.788494884967804
335,45,GRID_003395,10.272893244804402,76.44808251814983,0.8821,0.4375,2,22.666894531250023,0.065216064453125,-0.788494884967804
110,142,GRID_003396,10.272893244804402,76.47808251814985,0.8902,0.4375,6,22.666894531250023,0.065216064453125,-0.788494884967804
247,161,GRID_003397,10.272893244804402,76.51808251814987,0.8340000000000001,0.4375,12,22.666894531250023,0.065216064453125,-0.788494884967804
272,70,GRID_003398,10.272893244804402,76.55808251814989,0.876,0.4375,4,22.666894531250023,0.065216064453125,-0.788494884967804
247,342,GRID_003399,10.272893244804402,76.5680825181499,0.8410000000000001,0.4375,24,22.666894531250023,0.065216064453125,-0.788494884967804
335,335,GRID_003400,10.272893244804402,76.60808251814991,0.8712000000000001,0.4375,14,22.666894531250023,0.065216064453125,-0.788494884967804
247,488,GRID_003401,10.272893244804402,76.61808251814992,0.7057,0.4375,19,22.666894531250023,0.065216064453125,-0.788494884967804
49,426,GRID_003402,10.272893244804402,76.67808251814995,0.4706,0.4375,11,21.366906738281273,-0.5347839593887329,0.511505126953125
185,623,GRID_003403,10.272893244804402,76.69808251814996,0.5565,0.4375,7,21.366906738281273,-0.5347839593887329,0.511505126953125
1,561,GRID_003404,10.272893244804402,76.71808251814997,0.7725000000000001,0.4375,5,21.366906738281273,-0.5347839593887329,0.511505126953125
320,609,GRID_003405,10.272893244804402,76.72808251814998,0.7729,0.4375,11,21.366906738281273,-0.5347839593887329,0.511505126953125
331,837,GRID_003406,10.272893244804402,76.75808251814999,0.6171,0.4375,1,21.366906738281273,-0.5347839593887329,0.511505126953125
53,720,GRID_003407,10.272893244804402,76.80808251815002,0.4899,0.4375,14,21.366906738281273,-0.5347839593887329,0.511505126953125
241,681,GRID_003408,10.272893244804402,76.81808251815002,0.2504,0.4375,21,21.366906738281273,-0.5347839593887329,0.511505126953125
213,951,GRID_003409,10.272893244804402,76.82808251815003,0.42150000000000004,0.4375,16,21.366906738281273,-0.5347839593887329,0.511505126953125
114,466,GRID_003410,10.272893244804402,76.83808251815003,0.47550000000000003,0.4375,22,21.366906738281273,-0.5347839593887329,0.511505126953125
246,517,GRID_003411,10.272893244804402,76.84808251815004,0.23500000000000001,0.4375,14,21.366906738281273,-0.5347839593887329,0.511505126953125
201,734,GRID_003412,10.272893244804402,76.85808251815004,0.666,0.4375,31,21.366906738281273,-0.5347839593887329,0.511505126953125
207,1031,GRID_003413,10.272893244804402,76.86808251815005,0.5486,0.4375,8,21.366906738281273,-0.5347839593887329,0.511505126953125
167,921,GRID_003414,10.272893244804402,76.87808251815005,0.5694,0.25,14,17.666894531250023,0.865216076374054,1.3115051984786987
8,1052,GRID_003415,10.272893244804402,76.89808251815006,0.665,0.25,5,17.666894531250023,0.865216076374054,1.3115051984786987
281,1107,GRID_003416,10.272893244804402,76.90808251815007,0.8482000000000001,0.25,3,17.666894531250023,0.865216076374054,1.3115051984786987
149,1148,GRID_003417,10.272893244804402,76.91808251815007,0.7915000000000001,0.25,3,17.666894531250023,0.865216076374054,1.3115051984786987
40,1132,GRID_003418,10.272893244804402,76.92808251815008,0.8200000000000001,0.25,3,17.666894531250023,0.865216076374054,1.3115051984786987
342,1157,GRID_003419,10.272893244804402,76.93808251815008,0.802,0.25,9,17.666894531250023,0.865216076374054,1.3115051984786987
262,1086,GRID_003420,10.272893244804402,76.94808251815009,0.7862,0.25,6,17.666894531250023,0.865216076374054,1.3115051984786987
94,1281,GRID_003421,10.272893244804402,77.13808251815018,0.8066,0.0,18,16.766900634765648,3.6652162075042725,1.511505126953125
138,977,GRID_003422,10.272893244804402,77.1580825181502,0.7901,0.0,6,16.766900634765648,3.6652162075042725,1.511505126953125
222,962,GRID_003423,10.272893244804402,77.1680825181502,0.6922,0.0,1,16.766900634765648,3.6652162075042725,1.511505126953125
165,79,GRID_003424,10.282893244804402,76.44808251814983,0.7425,0.4375,7,22.666894531250023,0.065216064453125,-0.788494884967804
93,279,GRID_003425,10.282893244804402,76.46808251814984,0.9113,0.4375,10,22.666894531250023,0.065216064453125,-0.788494884967804
248,273,GRID_003426,10.282893244804402,76.47808251814985,0.8809,0.4375,20,22.666894531250023,0.065216064453125,-0.788494884967804
6,291,GRID_003427,10.282893244804402,76.48808251814985,0.6699,0.4375,10,22.666894531250023,0.065216064453125,-0.788494884967804
60,187,GRID_003428,10.282893244804402,76.49808251814986,0.8076,0.4375,20,22.666894531250023,0.065216064453125,-0.788494884967804
24,151,GRID_003429,10.282893244804402,76.51808251814987,0.7198,0.4375,15,22.666894531250023,0.065216064453125,-0.788494884967804
9,103,GRID_003430,10.282893244804402,76.52808251814987,0.5633,0.4375,6,22.666894531250023,0.065216064453125,-0.788494884967804
350,131,GRID_003431,10.282893244804402,76.53808251814988,0.8594,0.4375,10,22.666894531250023,0.065216064453125,-0.788494884967804
10,171,GRID_003432,10.282893244804402,76.54808251814988,0.8802000000000001,0.4375,18,22.666894531250023,0.065216064453125,-0.788494884967804
312,119,GRID_003433,10.282893244804402,76.55808251814989,0.8665,0.4375,11,22.666894531250023,0.065216064453125,-0.788494884967804
310,255,GRID_003434,10.282893244804402,76.59808251814991,0.8822000000000001,0.4375,11,22.666894531250023,0.065216064453125,-0.788494884967804
17,418,GRID_003435,10.282893244804402,76.61808251814992,0.8076,0.4375,3,22.666894531250023,0.065216064453125,-0.788494884967804
77,322,GRID_003436,10.282893244804402,76.62808251814992,0.8139000000000001,0.4375,7,21.366906738281273,-0.5347839593887329,0.511505126953125
226,360,GRID_003437,10.282893244804402,76.63808251814993,0.7822,0.4375,23,21.366906738281273,-0.5347839593887329,0.511505126953125
326,620,GRID_003438,10.282893244804402,76.64808251814993,0.8119000000000001,0.4375,12,21.366906738281273,-0.5347839593887329,0.511505126953125
45,550,GRID_003439,10.282893244804402,76.65808251814994,0.7907000000000001,0.4375,6,21.366906738281273,-0.5347839593887329,0.511505126953125
63,473,GRID_003440,10.282893244804402,76.66808251814994,0.79,0.4375,11,21.366906738281273,-0.5347839593887329,0.511505126953125
233,446,GRID_003441,10.282893244804402,76.67808251814995,0.4096,0.4375,9,21.366906738281273,-0.5347839593887329,0.511505126953125
32,585,GRID_003442,10.282893244804402,76.68808251814995,0.43260000000000004,0.4375,13,21.366906738281273,-0.5347839593887329,0.511505126953125
22,554,GRID_003443,10.282893244804402,76.69808251814996,0.8001,0.4375,8,21.366906738281273,-0.5347839593887329,0.511505126953125
359,531,GRID_003444,10.282893244804402,76.70808251814996,0.8765000000000001,0.4375,7,21.366906738281273,-0.5347839593887329,0.511505126953125
351,518,GRID_003445,10.282893244804402,76.71808251814997,0.8886000000000001,0.4375,4,21.366906738281273,-0.5347839593887329,0.511505126953125
298,746,GRID_003446,10.282893244804402,76.74808251814999,0.7161000000000001,0.4375,32,21.366906738281273,-0.5347839593887329,0.511505126953125
189,911,GRID_003447,10.282893244804402,76.75808251814999,0.3458,0.4375,2,21.366906738281273,-0.5347839593887329,0.511505126953125
9,915,GRID_003448,10.282893244804402,76.78808251815,0.2245,0.4375,2,21.366906738281273,-0.5347839593887329,0.511505126953125
73,935,GRID_003449,10.282893244804402,76.79808251815001,0.1706,0.4375,5,21.366906738281273,-0.5347839593887329,0.511505126953125
144,788,GRID_003450,10.282893244804402,76.80808251815002,0.4802,0.4375,15,21.366906738281273,-0.5347839593887329,0.511505126953125
176,790,GRID_003451,10.282893244804402,76.83808251815003,0.25620000000000004,0.4375,33,21.366906738281273,-0.5347839593887329,0.511505126953125
25,1197,GRID_003452,10.282893244804402,76.91808251815007,0.8225,0.25,4,17.666894531250023,0.865216076374054,1.3115051984786987
285,1098,GRID_003453,10.282893244804402,76.92808251815008,0.8046000000000001,0.25,1,17.666894531250023,0.865216076374054,1.3115051984786987
116,1090,GRID_003454,10.282893244804402,76.93808251815008,0.7485,0.25,1,17.666894531250023,0.865216076374054,1.3115051984786987
162,1077,GRID_003455,10.282893244804402,76.94808251815009,0.785,0.25,2,17.666894531250023,0.865216076374054,1.3115051984786987
33,1463,GRID_003456,10.282893244804402,77.03808251815013,0.8266,0.25,31,17.666894531250023,0.865216076374054,1.3115051984786987
326,1877,GRID_003457,10.282893244804402,77.06808251815015,0.6645,0.25,19,17.666894531250023,0.865216076374054,1.3115051984786987
329,2016,GRID_003458,10.282893244804402,77.07808251815015,0.6940000000000001,0.25,10,17.666894531250023,0.865216076374054,1.3115051984786987
85,1637,GRID_003459,10.282893244804402,77.12808251815018,0.7883,0.0,28,16.766900634765648,3.6652162075042725,1.511505126953125
214,1431,GRID_003460,10.282893244804402,77.13808251815018,0.7328,0.0,19,16.766900634765648,3.6652162075042725,1.511505126953125
18,63,GRID_003461,10.292893244804402,76.46808251814984,0.8428,0.4375,7,22.666894531250023,0.065216064453125,-0.788494884967804
180,52,GRID_003462,10.292893244804402,76.47808251814985,0.787,0.4375,1,22.666894531250023,0.065216064453125,-0.788494884967804
301,52,GRID_003463,10.292893244804402,76.48808251814985,0.7805000000000001,0.4375,1,22.666894531250023,0.065216064453125,-0.788494884967804
218,70,GRID_003464,10.292893244804402,76.49808251814986,0.7876000000000001,0.4375,5,22.666894531250023,0.065216064453125,-0.788494884967804
175,106,GRID_003465,10.292893244804402,76.52808251814987,0.8571000000000001,0.4375,8,22.666894531250023,0.065216064453125,-0.788494884967804
160,92,GRID_003466,10.292893244804402,76.53808251814988,0.8428,0.4375,4,22.666894531250023,0.065216064453125,-0.788494884967804
211,153,GRID_003467,10.292893244804402,76.54808251814988,0.8420000000000001,0.4375,14,22.666894531250023,0.065216064453125,-0.788494884967804
270,433,GRID_003468,10.292893244804402,76.66808251814994,0.3811,0.4375,0,21.366906738281273,-0.5347839593887329,0.511505126953125
277,513,GRID_003469,10.292893244804402,76.67808251814995,0.5979,0.4375,5,21.366906738281273,-0.5347839593887329,0.511505126953125
47,523,GRID_003470,10.292893244804402,76.68808251814995,0.8375,0.4375,7,21.366906738281273,-0.5347839593887329,0.511505126953125
295,468,GRID_003471,10.292893244804402,76.69808251814996,0.8227,0.4375,5,21.366906738281273,-0.5347839593887329,0.511505126953125
16,494,GRID_003472,10.292893244804402,76.70808251814996,0.8679,0.4375,7,21.366906738281273,-0.5347839593887329,0.511505126953125
239,600,GRID_003473,10.292893244804402,76.71808251814997,0.8917,0.4375,11,21.366906738281273,-0.5347839593887329,0.511505126953125
187,682,GRID_003474,10.292893244804402,76.72808251814998,0.8629,0.4375,18,21.366906738281273,-0.5347839593887329,0.511505126953125
73,871,GRID_003475,10.292893244804402,76.75808251814999,0.9132,0.4375,2,21.366906738281273,-0.5347839593887329,0.511505126953125
116,863,GRID_003476,10.292893244804402,76.78808251815,0.3764,0.4375,1,21.366906738281273,-0.5347839593887329,0.511505126953125
162,890,GRID_003477,10.292893244804402,76.79808251815001,0.1711,0.4375,4,21.366906738281273,-0.5347839593887329,0.511505126953125
43,879,GRID_003478,10.292893244804402,76.80808251815002,0.3448,0.4375,10,21.366906738281273,-0.5347839593887329,0.511505126953125
102,1095,GRID_003479,10.292893244804402,76.92808251815008,0.5203,0.25,3,17.666894531250023,0.865216076374054,1.3115051984786987
329,1073,GRID_003480,10.292893244804402,76.93808251815008,0.7034,0.25,1,17.666894531250023,0.865216076374054,1.3115051984786987
169,1142,GRID_003481,10.292893244804402,76.94808251815009,0.8104,0.25,8,17.666894531250023,0.865216076374054,1.3115051984786987
6,1097,GRID_003482,10.292893244804402,76.95808251815009,0.8192,0.25,5,17.666894531250023,0.865216076374054,1.3115051984786987
236,1706,GRID_003483,10.292893244804402,77.04808251815014,0.7708,0.25,32,17.666894531250023,0.865216076374054,1.3115051984786987
170,1647,GRID_003484,10.292893244804402,77.12808251815018,0.77,0.0,21,16.766900634765648,3.6652162075042725,1.511505126953125
269,99,GRID_003485,10.302893244804402,76.49808251814986,0.8905000000000001,0.4375,6,22.666894531250023,0.065216064453125,-0.788494884967804
340,307,GRID_003486,10.302893244804402,76.50808251814986,0.8849,0.4375,6,22.666894531250023,0.065216064453125,-0.788494884967804
127,335,GRID_003487,10.302893244804402,76.51808251814987,0.893,0.4375,13,22.666894531250023,0.065216064453125,-0.788494884967804
97,291,GRID_003488,10.302893244804402,76.54808251814988,0.8825000000000001,0.4375,17,22.666894531250023,0.065216064453125,-0.788494884967804
214,105,GRID_003489,10.302893244804402,76.55808251814989,0.8028000000000001,0.4375,8,22.666894531250023,0.065216064453125,-0.788494884967804
228,190,GRID_003490,10.302893244804402,76.5780825181499,0.7242000000000001,0.4375,6,22.666894531250023,0.065216064453125,-0.788494884967804
358,233,GRID_003491,10.302893244804402,76.59808251814991,0.5173,0.4375,3,22.666894531250023,0.065216064453125,-0.788494884967804
199,486,GRID_003492,10.302893244804402,76.71808251814997,0.34990000000000004,0.4375,1,21.366906738281273,-0.5347839593887329,0.511505126953125
332,481,GRID_003493,10.302893244804402,76.72808251814998,0.8429000000000001,0.4375,2,21.366906738281273,-0.5347839593887329,0.511505126953125
4,850,GRID_003494,10.302893244804402,76.76808251815,0.5304,0.4375,10,21.366906738281273,-0.5347839593887329,0.511505126953125
45,820,GRID_003495,10.302893244804402,76.77808251815,0.21150000000000002,0.4375,8,21.366906738281273,-0.5347839593887329,0.511505126953125
17,847,GRID_003496,10.302893244804402,76.78808251815,0.3846,0.4375,11,21.366906738281273,-0.5347839593887329,0.511505126953125
180,811,GRID_003497,10.302893244804402,76.79808251815001,0.2558,0.4375,2,21.366906738281273,-0.5347839593887329,0.511505126953125
33,1091,GRID_003498,10.302893244804402,76.95808251815009,0.8242,0.25,3,17.666894531250023,0.865216076374054,1.3115051984786987
300,1557,GRID_003499,10.302893244804402,76.98808251815011,0.8237,0.25,16,17.666894531250023,0.865216076374054,1.3115051984786987
243,1714,GRID_003500,10.302893244804402,76.99808251815011,0.802,0.25,16,17.666894531250023,0.865216076374054,1.3115051984786987
215,1169,GRID_003501,10.302893244804402,77.02808251815013,0.7874,0.25,7,17.666894531250023,0.865216076374054,1.3115051984786987
330,1480,GRID_003502,10.302893244804402,77.03808251815013,0.8014,0.25,20,17.666894531250023,0.865216076374054,1.3115051984786987
327,1574,GRID_003503,10.302893244804402,77.04808251815014,0.8164,0.25,11,17.666894531250023,0.865216076374054,1.3115051984786987
145,346,GRID_003504,10.312893244804402,76.48808251814985,0.9461,0.4375,14,22.666894531250023,0.065216064453125,-0.788494884967804
202,211,GRID_003505,10.312893244804402,76.49808251814986,0.7287,0.4375,7,22.666894531250023,0.065216064453125,-0.788494884967804
198,345,GRID_003506,10.312893244804402,76.50808251814986,0.789,0.4375,21,22.666894531250023,0.065216064453125,-0.788494884967804
181,366,GRID_003507,10.312893244804402,76.51808251814987,0.9012,0.4375,22,22.666894531250023,0.065216064453125,-0.788494884967804
167,467,GRID_003508,10.312893244804402,76.52808251814987,0.5994,0.4375,17,22.666894531250023,0.065216064453125,-0.788494884967804
172,386,GRID_003509,10.312893244804402,76.53808251814988,0.891,0.4375,8,22.666894531250023,0.065216064453125,-0.788494884967804
282,295,GRID_003510,10.312893244804402,76.61808251814992,0.4212,0.4375,11,22.666894531250023,0.065216064453125,-0.788494884967804
49,830,GRID_003511,10.312893244804402,76.77808251815,0.45420000000000005,0.4375,5,21.366906738281273,-0.5347839593887329,0.511505126953125
288,800,GRID_003512,10.312893244804402,76.78808251815,0.26780000000000004,0.4375,1,21.366906738281273,-0.5347839593887329,0.511505126953125
270,1100,GRID_003513,10.312893244804402,76.95808251815009,0.7622,0.25,7,17.666894531250023,0.865216076374054,1.3115051984786987
346,1205,GRID_003514,10.312893244804402,76.9680825181501,0.8140000000000001,0.25,16,17.666894531250023,0.865216076374054,1.3115051984786987
322,1121,GRID_003515,10.312893244804402,76.9780825181501,0.8103,0.25,2,17.666894531250023,0.865216076374054,1.3115051984786987
278,1317,GRID_003516,10.312893244804402,76.98808251815011,0.8468,0.25,14,17.666894531250023,0.865216076374054,1.3115051984786987
192,294,GRID_003517,10.3228932448044,76.47808251814985,0.6216,0.4375,24,22.666894531250023,0.065216064453125,-0.788494884967804
5,413,GRID_003518,10.3228932448044,76.52808251814987,0.8731,0.4375,14,22.666894531250023,0.065216064453125,-0.788494884967804
187,144,GRID_003519,10.3228932448044,76.54808251814988,0.8706,0.4375,9,22.666894531250023,0.065216064453125,-0.788494884967804
234,262,GRID_003520,10.3228932448044,76.5680825181499,0.4958,0.4375,18,22.666894531250023,0.065216064453125,-0.788494884967804
247,324,GRID_003521,10.3228932448044,76.5880825181499,0.5299,0.4375,13,22.666894531250023,0.065216064453125,-0.788494884967804
155,513,GRID_003522,10.3228932448044,76.63808251814993,0.32230000000000003,0.4375,20,21.366906738281273,-0.5347839593887329,0.511505126953125
345,842,GRID_003523,10.3228932448044,76.69808251814996,0.5439,0.4375,7,21.366906738281273,-0.5347839593887329,0.511505126953125
331,770,GRID_003524,10.3228932448044,76.70808251814996,0.8899,0.4375,5,21.366906738281273,-0.5347839593887329,0.511505126953125
19,890,GRID_003525,10.3228932448044,76.75808251814999,0.2516,0.4375,7,21.366906738281273,-0.5347839593887329,0.511505126953125
257,871,GRID_003526,10.3228932448044,76.78808251815,0.4408,0.4375,7,21.366906738281273,-0.5347839593887329,0.511505126953125
341,1083,GRID_003527,10.3228932448044,76.95808251815009,0.639,0.25,4,17.666894531250023,0.865216076374054,1.3115051984786987
174,1119,GRID_003528,10.3228932448044,76.9680825181501,0.8028000000000001,0.25,9,17.666894531250023,0.865216076374054,1.3115051984786987
87,1246,GRID_003529,10.3228932448044,76.9780825181501,0.8097000000000001,0.25,7,17.666894531250023,0.865216076374054,1.3115051984786987
307,1660,GRID_003530,10.3228932448044,77.03808251815013,0.7879,0.25,21,17.666894531250023,0.865216076374054,1.3115051984786987
308,32,GRID_003531,10.3328932448044,76.41808251814982,0.769,0.4375,1,22.666894531250023,0.065216064453125,-0.788494884967804
68,46,GRID_003532,10.3328932448044,76.44808251814983,0.7759,0.4375,2,22.666894531250023,0.065216064453125,-0.788494884967804
159,60,GRID_003533,10.3328932448044,76.45808251814984,0.6232,0.4375,8,22.666894531250023,0.065216064453125,-0.788494884967804
263,162,GRID_003534,10.3328932448044,76.46808251814984,0.5744,0.4375,13,22.666894531250023,0.065216064453125,-0.788494884967804
315,382,GRID_003535,10.3328932448044,76.49808251814986,0.7075,0.4375,25,22.666894531250023,0.065216064453125,-0.788494884967804
346,437,GRID_003536,10.3328932448044,76.51808251814987,0.8256,0.4375,19,22.666894531250023,0.065216064453125,-0.788494884967804
91,267,GRID_003537,10.3328932448044,76.52808251814987,0.9005000000000001,0.4375,12,22.666894531250023,0.065216064453125,-0.788494884967804
217,241,GRID_003538,10.3328932448044,76.53808251814988,0.8957,0.4375,17,22.666894531250023,0.065216064453125,-0.788494884967804
127,213,GRID_003539,10.3328932448044,76.54808251814988,0.8892,0.4375,15,22.666894531250023,0.065216064453125,-0.788494884967804
247,155,GRID_003540,10.3328932448044,76.55808251814989,0.6823,0.4375,12,22.666894531250023,0.065216064453125,-0.788494884967804
258,383,GRID_003541,10.3328932448044,76.5680825181499,0.6498,0.4375,15,22.666894531250023,0.065216064453125,-0.788494884967804
144,743,GRID_003542,10.3328932448044,76.61808251814992,0.5076,0.4375,12,22.666894531250023,0.065216064453125,-0.788494884967804
174,717,GRID_003543,10.3328932448044,76.62808251814992,0.10840000000000001,0.4375,16,21.366906738281273,-0.5347839593887329,0.511505126953125
42,517,GRID_003544,10.3328932448044,76.63808251814993,0.5389,0.4375,4,21.366906738281273,-0.5347839593887329,0.511505126953125
301,458,GRID_003545,10.3328932448044,76.64808251814993,0.6622,0.4375,2,21.366906738281273,-0.5347839593887329,0.511505126953125
170,601,GRID_003546,10.3328932448044,76.65808251814994,0.3062,0.4375,10,21.366906738281273,-0.5347839593887329,0.511505126953125
249,691,GRID_003547,10.3328932448044,76.66808251814994,0.2353,0.4375,10,21.366906738281273,-0.5347839593887329,0.511505126953125
140,662,GRID_003548,10.3328932448044,76.67808251814995,0.0941,0.4375,10,21.366906738281273,-0.5347839593887329,0.511505126953125
223,727,GRID_003549,10.3328932448044,76.68808251814995,0.2712,0.4375,19,21.366906738281273,-0.5347839593887329,0.511505126953125
22,898,GRID_003550,10.3328932448044,76.71808251814997,0.8927,0.4375,20,21.366906738281273,-0.5347839593887329,0.511505126953125
12,795,GRID_003551,10.3328932448044,76.72808251814998,0.1447,0.4375,11,21.366906738281273,-0.5347839593887329,0.511505126953125
17,780,GRID_003552,10.3328932448044,76.73808251814998,0.3915,0.4375,1,21.366906738281273,-0.5347839593887329,0.511505126953125
219,857,GRID_003553,10.3328932448044,76.74808251814999,0.1836,0.4375,17,21.366906738281273,-0.5347839593887329,0.511505126953125
159,1139,GRID_003554,10.3328932448044,76.9780825181501,0.7764000000000001,0.25,6,17.666894531250023,0.865216076374054,1.3115051984786987
200,1954,GRID_003555,10.3328932448044,77.04808251815014,0.7273000000000001,0.25,24,17.666894531250023,0.865216076374054,1.3115051984786987
139,1675,GRID_003556,10.3328932448044,77.12808251815018,0.7621,0.0,26,16.766900634765648,3.6652162075042725,1.511505126953125
206,29,GRID_003557,10.3428932448044,76.3780825181498,0.6354000000000001,0.4375,2,22.666894531250023,0.065216064453125,-0.788494884967804
235,22,GRID_003558,10.3428932448044,76.3980825181498,0.8198000000000001,0.4375,1,22.666894531250023,0.065216064453125,-0.788494884967804
0,88,GRID_003559,10.3428932448044,76.49808251814986,0.8507,0.4375,1,22.666894531250023,0.065216064453125,-0.788494884967804
192,291,GRID_003560,10.3428932448044,76.52808251814987,0.8927,0.4375,7,22.666894531250023,0.065216064453125,-0.788494884967804
290,180,GRID_003561,10.3428932448044,76.55808251814989,0.7078,0.4375,12,22.666894531250023,0.065216064453125,-0.788494884967804
311,354,GRID_003562,10.3428932448044,76.5680825181499,0.8304,0.4375,12,22.666894531250023,0.065216064453125,-0.788494884967804
147,370,GRID_003563,10.3428932448044,76.5780825181499,0.28500000000000003,0.4375,19,22.666894531250023,0.065216064453125,-0.788494884967804
341,654,GRID_003564,10.3428932448044,76.60808251814991,0.5348,0.4375,23,22.666894531250023,0.065216064453125,-0.788494884967804
357,812,GRID_003565,10.3428932448044,76.61808251814992,0.5769000000000001,0.4375,16,22.666894531250023,0.065216064453125,-0.788494884967804
45,595,GRID_003566,10.3428932448044,76.62808251814992,0.5823,0.4375,22,21.366906738281273,-0.5347839593887329,0.511505126953125
58,527,GRID_003567,10.3428932448044,76.63808251814993,0.4595,0.4375,13,21.366906738281273,-0.5347839593887329,0.511505126953125
217,656,GRID_003568,10.3428932448044,76.64808251814993,0.7120000000000001,0.4375,23,21.366906738281273,-0.5347839593887329,0.511505126953125
241,684,GRID_003569,10.3428932448044,76.65808251814994,0.23700000000000002,0.4375,6,21.366906738281273,-0.5347839593887329,0.511505126953125
237,669,GRID_003570,10.3428932448044,76.66808251814994,0.1884,0.4375,1,21.366906738281273,-0.5347839593887329,0.511505126953125
342,726,GRID_003571,10.3428932448044,76.67808251814995,0.4117,0.4375,9,21.366906738281273,-0.5347839593887329,0.511505126953125
225,955,GRID_003572,10.3428932448044,76.68808251814995,0.1882,0.4375,11,21.366906738281273,-0.5347839593887329,0.511505126953125
68,872,GRID_003573,10.3428932448044,76.69808251814996,0.0757,0.4375,28,21.366906738281273,-0.5347839593887329,0.511505126953125
6,659,GRID_003574,10.3428932448044,76.70808251814996,0.6209,0.4375,15,21.366906738281273,-0.5347839593887329,0.511505126953125
345,685,GRID_003575,10.3428932448044,76.71808251814997,0.39380000000000004,0.4375,17,21.366906738281273,-0.5347839593887329,0.511505126953125
327,908,GRID_003576,10.3428932448044,76.72808251814998,0.4666,0.4375,25,21.366906738281273,-0.5347839593887329,0.511505126953125
332,1027,GRID_003577,10.3428932448044,76.73808251814998,0.1516,0.4375,11,21.366906738281273,-0.5347839593887329,0.511505126953125
172,1011,GRID_003578,10.3428932448044,76.74808251814999,0.7288,0.4375,4,21.366906738281273,-0.5347839593887329,0.511505126953125
305,1200,GRID_003579,10.3428932448044,76.9780825181501,0.8455,0.25,8,17.666894531250023,0.865216076374054,1.3115051984786987
172,233,GRID_003580,10.3528932448044,76.3780825181498,0.5981000000000001,0.4375,16,22.666894531250023,0.065216064453125,-0.788494884967804
97,160,GRID_003581,10.3528932448044,76.3880825181498,0.6144000000000001,0.4375,7,22.666894531250023,0.065216064453125,-0.788494884967804
132,117,GRID_003582,10.3528932448044,76.47808251814985,0.6212,0.4375,9,22.666894531250023,0.065216064453125,-0.788494884967804
98,61,GRID_003583,10.3528932448044,76.48808251814985,0.5586,0.4375,2,22.666894531250023,0.065216064453125,-0.788494884967804
227,163,GRID_003584,10.3528932448044,76.50808251814986,0.4929,0.4375,7,22.666894531250023,0.065216064453125,-0.788494884967804
169,314,GRID_003585,10.3528932448044,76.54808251814988,0.5327000000000001,0.4375,13,22.666894531250023,0.065216064453125,-0.788494884967804
315,168,GRID_003586,10.3528932448044,76.55808251814989,0.37270000000000003,0.4375,6,22.666894531250023,0.065216064453125,-0.788494884967804
351,679,GRID_003587,10.3528932448044,76.5780825181499,0.448,0.4375,15,22.666894531250023,0.065216064453125,-0.788494884967804
239,573,GRID_003588,10.3528932448044,76.60808251814991,0.3185,0.4375,11,22.666894531250023,0.065216064453125,-0.788494884967804
131,537,GRID_003589,10.3528932448044,76.61808251814992,0.3028,0.4375,4,22.666894531250023,0.065216064453125,-0.788494884967804
142,481,GRID_003590,10.3528932448044,76.62808251814992,0.3689,0.4375,2,21.366906738281273,-0.5347839593887329,0.511505126953125
314,503,GRID_003591,10.3528932448044,76.63808251814993,0.2604,0.4375,6,21.366906738281273,-0.5347839593887329,0.511505126953125
6,563,GRID_003592,10.3528932448044,76.64808251814993,0.2836,0.4375,12,21.366906738281273,-0.5347839593887329,0.511505126953125
222,712,GRID_003593,10.3528932448044,76.66808251814994,0.7954,0.4375,5,21.366906738281273,-0.5347839593887329,0.511505126953125
358,708,GRID_003594,10.3528932448044,76.67808251814995,0.5922000000000001,0.4375,7,21.366906738281273,-0.5347839593887329,0.511505126953125
18,623,GRID_003595,10.3528932448044,76.68808251814995,0.8656,0.4375,19,21.366906738281273,-0.5347839593887329,0.511505126953125
216,579,GRID_003596,10.3528932448044,76.69808251814996,0.8936000000000001,0.4375,8,21.366906738281273,-0.5347839593887329,0.511505126953125
225,624,GRID_003597,10.3528932448044,76.70808251814996,0.8460000000000001,0.4375,6,21.366906738281273,-0.5347839593887329,0.511505126953125
191,620,GRID_003598,10.3528932448044,76.71808251814997,0.9547,0.4375,4,21.366906738281273,-0.5347839593887329,0.511505126953125
208,778,GRID_003599,10.3528932448044,76.72808251814998,0.27240000000000003,0.4375,14,21.366906738281273,-0.5347839593887329,0.511505126953125
221,869,GRID_003600,10.3528932448044,76.73808251814998,0.0925,0.4375,18,21.366906738281273,-0.5347839593887329,0.511505126953125
293,1928,GRID_003601,10.3528932448044,77.10808251815017,0.7319,0.25,23,17.666894531250023,0.865216076374054,1.3115051984786987
151,1970,GRID_003602,10.3528932448044,77.11808251815017,0.729,0.25,8,17.666894531250023,0.865216076374054,1.3115051984786987
33,267,GRID_003603,10.3628932448044,76.34808251814978,0.7742,0.6875,14,23.466912841796898,0.16521607339382172,-0.18849487602710724
49,93,GRID_003604,10.3628932448044,76.35808251814979,0.9016000000000001,0.6875,13,23.466912841796898,0.16521607339382172,-0.18849487602710724
12,60,GRID_003605,10.3628932448044,76.3780825181498,0.7536,0.4375,7,22.666894531250023,0.065216064453125,-0.788494884967804
22,38,GRID_003606,10.3628932448044,76.3880825181498,0.508,0.4375,4,22.666894531250023,0.065216064453125,-0.788494884967804
234,25,GRID_003607,10.3628932448044,76.40808251814981,0.3341,0.4375,1,22.666894531250023,0.065216064453125,-0.788494884967804
222,57,GRID_003608,10.3628932448044,76.41808251814982,0.4238,0.4375,3,22.666894531250023,0.065216064453125,-0.788494884967804
323,96,GRID_003609,10.3628932448044,76.42808251814982,0.6884,0.4375,4,22.666894531250023,0.065216064453125,-0.788494884967804
12,117,GRID_003610,10.3628932448044,76.43808251814983,0.4309,0.4375,11,22.666894531250023,0.065216064453125,-0.788494884967804
45,125,GRID_003611,10.3628932448044,76.44808251814983,0.3669,0.4375,5,22.666894531250023,0.065216064453125,-0.788494884967804
296,78,GRID_003612,10.3628932448044,76.45808251814984,0.8057000000000001,0.4375,5,22.666894531250023,0.065216064453125,-0.788494884967804
32,74,GRID_003613,10.3628932448044,76.46808251814984,0.48960000000000004,0.4375,5,22.666894531250023,0.065216064453125,-0.788494884967804
290,81,GRID_003614,10.3628932448044,76.47808251814985,0.6046,0.4375,4,22.666894531250023,0.065216064453125,-0.788494884967804
278,66,GRID_003615,10.3628932448044,76.48808251814985,0.5533,0.4375,3,22.666894531250023,0.065216064453125,-0.788494884967804
182,148,GRID_003616,10.3628932448044,76.49808251814986,0.5554,0.4375,3,22.666894531250023,0.065216064453125,-0.788494884967804
81,519,GRID_003617,10.3628932448044,76.54808251814988,0.2805,0.4375,9,22.666894531250023,0.065216064453125,-0.788494884967804
290,378,GRID_003618,10.3628932448044,76.5780825181499,0.4197,0.4375,7,22.666894531250023,0.065216064453125,-0.788494884967804
278,759,GRID_003619,10.3628932448044,76.5880825181499,0.37410000000000004,0.4375,16,22.666894531250023,0.065216064453125,-0.788494884967804
280,573,GRID_003620,10.3628932448044,76.59808251814991,0.3321,0.4375,5,22.666894531250023,0.065216064453125,-0.788494884967804
181,798,GRID_003621,10.3628932448044,76.60808251814991,0.3341,0.4375,16,22.666894531250023,0.065216064453125,-0.788494884967804
179,578,GRID_003622,10.3628932448044,76.61808251814992,0.2979,0.4375,15,22.666894531250023,0.065216064453125,-0.788494884967804
156,551,GRID_003623,10.3628932448044,76.62808251814992,0.3023,0.4375,13,21.366906738281273,-0.5347839593887329,0.511505126953125
200,557,GRID_003624,10.3628932448044,76.63808251814993,0.394,0.4375,9,21.366906738281273,-0.5347839593887329,0.511505126953125
296,672,GRID_003625,10.3628932448044,76.66808251814994,0.7647,0.4375,5,21.366906738281273,-0.5347839593887329,0.511505126953125
71,664,GRID_003626,10.3628932448044,76.67808251814995,0.7613000000000001,0.4375,13,21.366906738281273,-0.5347839593887329,0.511505126953125
266,567,GRID_003627,10.3628932448044,76.68808251814995,0.8835000000000001,0.4375,9,21.366906738281273,-0.5347839593887329,0.511505126953125
265,738,GRID_003628,10.3628932448044,76.69808251814996,0.865,0.4375,11,21.366906738281273,-0.5347839593887329,0.511505126953125
150,726,GRID_003629,10.3628932448044,76.70808251814996,0.388,0.4375,13,21.366906738281273,-0.5347839593887329,0.511505126953125
198,851,GRID_003630,10.3628932448044,76.71808251814997,0.9438000000000001,0.4375,10,21.366906738281273,-0.5347839593887329,0.511505126953125
195,886,GRID_003631,10.3628932448044,76.72808251814998,0.30310000000000004,0.4375,24,21.366906738281273,-0.5347839593887329,0.511505126953125
191,1051,GRID_003632,10.3628932448044,76.73808251814998,0.1438,0.4375,30,21.366906738281273,-0.5347839593887329,0.511505126953125
35,27,GRID_003633,10.3728932448044,76.34808251814978,0.8386,0.6875,3,23.466912841796898,0.16521607339382172,-0.18849487602710724
232,26,GRID_003634,10.3728932448044,76.35808251814979,0.772,0.6875,1,23.466912841796898,0.16521607339382172,-0.18849487602710724
329,17,GRID_003635,10.3728932448044,76.36808251814979,0.5647,0.6875,1,23.466912841796898,0.16521607339382172,-0.18849487602710724
92,46,GRID_003636,10.3728932448044,76.3980825181498,0.45640000000000003,0.4375,3,22.666894531250023,0.065216064453125,-0.788494884967804
228,37,GRID_003637,10.3728932448044,76.40808251814981,0.7653000000000001,0.4375,2,22.666894531250023,0.065216064453125,-0.788494884967804
239,89,GRID_003638,10.3728932448044,76.41808251814982,0.7019000000000001,0.4375,6,22.666894531250023,0.065216064453125,-0.788494884967804
94,61,GRID_003639,10.3728932448044,76.42808251814982,0.8093,0.4375,2,22.666894531250023,0.065216064453125,-0.788494884967804
237,72,GRID_003640,10.3728932448044,76.43808251814983,0.7059000000000001,0.4375,3,22.666894531250023,0.065216064453125,-0.788494884967804
344,59,GRID_003641,10.3728932448044,76.44808251814983,0.765,0.4375,4,22.666894531250023,0.065216064453125,-0.788494884967804
45,49,GRID_003642,10.3728932448044,76.45808251814984,0.7818,0.4375,1,22.666894531250023,0.065216064453125,-0.788494884967804
175,51,GRID_003643,10.3728932448044,76.46808251814984,0.8254,0.4375,1,22.666894531250023,0.065216064453125,-0.788494884967804
241,94,GRID_003644,10.3728932448044,76.47808251814985,0.6072000000000001,0.4375,6,22.666894531250023,0.065216064453125,-0.788494884967804
31,70,GRID_003645,10.3728932448044,76.48808251814985,0.6058,0.4375,4,22.666894531250023,0.065216064453125,-0.788494884967804
225,116,GRID_003646,10.3728932448044,76.49808251814986,0.6171,0.4375,15,22.666894531250023,0.065216064453125,-0.788494884967804
222,673,GRID_003647,10.3728932448044,76.5680825181499,0.8464,0.4375,16,22.666894531250023,0.065216064453125,-0.788494884967804
322,783,GRID_003648,10.3728932448044,76.5780825181499,0.2982,0.4375,7,22.666894531250023,0.065216064453125,-0.788494884967804
344,820,GRID_003649,10.3728932448044,76.5880825181499,0.3169,0.4375,15,22.666894531250023,0.065216064453125,-0.788494884967804
49,788,GRID_003650,10.3728932448044,76.59808251814991,0.43420000000000003,0.4375,22,22.666894531250023,0.065216064453125,-0.788494884967804
0,683,GRID_003651,10.3728932448044,76.61808251814992,0.7583000000000001,0.4375,15,22.666894531250023,0.065216064453125,-0.788494884967804
288,563,GRID_003652,10.3728932448044,76.65808251814994,0.7749,0.4375,3,21.366906738281273,-0.5347839593887329,0.511505126953125
24,588,GRID_003653,10.3728932448044,76.66808251814994,0.7539,0.4375,14,21.366906738281273,-0.5347839593887329,0.511505126953125
235,506,GRID_003654,10.3728932448044,76.67808251814995,0.886,0.4375,3,21.366906738281273,-0.5347839593887329,0.511505126953125
313,520,GRID_003655,10.3728932448044,76.68808251814995,0.7422000000000001,0.4375,5,21.366906738281273,-0.5347839593887329,0.511505126953125
358,693,GRID_003656,10.3728932448044,76.69808251814996,0.7519,0.4375,16,21.366906738281273,-0.5347839593887329,0.511505126953125
11,1013,GRID_003657,10.3728932448044,76.72808251814998,0.3327,0.4375,36,21.366906738281273,-0.5347839593887329,0.511505126953125
4,884,GRID_003658,10.3728932448044,76.73808251814998,0.3523,0.4375,23,21.366906738281273,-0.5347839593887329,0.511505126953125
16,821,GRID_003659,10.3728932448044,76.74808251814999,0.5087,0.4375,26,21.366906738281273,-0.5347839593887329,0.511505126953125
357,1436,GRID_003660,10.3728932448044,77.03808251815013,0.9628000000000001,0.25,17,17.666894531250023,0.865216076374054,1.3115051984786987
319,1321,GRID_003661,10.3728932448044,77.04808251815014,0.7917000000000001,0.25,7,17.666894531250023,0.865216076374054,1.3115051984786987
199,32,GRID_003662,10.3828932448044,76.3880825181498,0.5948,0.4375,1,22.666894531250023,0.065216064453125,-0.788494884967804
245,49,GRID_003663,10.3828932448044,76.3980825181498,0.7158,0.4375,3,22.666894531250023,0.065216064453125,-0.788494884967804
188,147,GRID_003664,10.3828932448044,76.41808251814982,0.8792000000000001,0.4375,8,22.666894531250023,0.065216064453125,-0.788494884967804
76,70,GRID_003665,10.3828932448044,76.42808251814982,0.8929,0.4375,1,22.666894531250023,0.065216064453125,-0.788494884967804
345,52,GRID_003666,10.3828932448044,76.43808251814983,0.8522000000000001,0.4375,2,22.666894531250023,0.065216064453125,-0.788494884967804
191,83,GRID_003667,10.3828932448044,76.44808251814983,0.6758000000000001,0.4375,3,22.666894531250023,0.065216064453125,-0.788494884967804
171,80,GRID_003668,10.3828932448044,76.45808251814984,0.8280000000000001,0.4375,9,22.666894531250023,0.065216064453125,-0.788494884967804
199,128,GRID_003669,10.3828932448044,76.46808251814984,0.8078000000000001,0.4375,12,22.666894531250023,0.065216064453125,-0.788494884967804
190,70,GRID_003670,10.3828932448044,76.47808251814985,0.6219,0.4375,8,22.666894531250023,0.065216064453125,-0.788494884967804
142,63,GRID_003671,10.3828932448044,76.48808251814985,0.8652000000000001,0.4375,2,22.666894531250023,0.065216064453125,-0.788494884967804
181,91,GRID_003672,10.3828932448044,76.49808251814986,0.5706,0.4375,5,22.666894531250023,0.065216064453125,-0.788494884967804
268,117,GRID_003673,10.3828932448044,76.50808251814986,0.611,0.4375,6,22.666894531250023,0.065216064453125,-0.788494884967804
305,171,GRID_003674,10.3828932448044,76.51808251814987,0.22260000000000002,0.4375,13,22.666894531250023,0.065216064453125,-0.788494884967804
325,433,GRID_003675,10.3828932448044,76.52808251814987,0.5251,0.4375,23,22.666894531250023,0.065216064453125,-0.788494884967804
2,440,GRID_003676,10.3828932448044,76.53808251814988,0.8432000000000001,0.4375,11,22.666894531250023,0.065216064453125,-0.788494884967804
229,361,GRID_003677,10.3828932448044,76.55808251814989,0.2386,0.4375,4,22.666894531250023,0.065216064453125,-0.788494884967804
337,536,GRID_003678,10.3828932448044,76.5780825181499,0.1505,0.4375,10,22.666894531250023,0.065216064453125,-0.788494884967804
74,630,GRID_003679,10.3828932448044,76.59808251814991,0.6644,0.4375,6,22.666894531250023,0.065216064453125,-0.788494884967804
84,534,GRID_003680,10.3828932448044,76.60808251814991,0.802,0.4375,2,22.666894531250023,0.065216064453125,-0.788494884967804
46,525,GRID_003681,10.3828932448044,76.61808251814992,0.7722,0.4375,7,22.666894531250023,0.065216064453125,-0.788494884967804
17,505,GRID_003682,10.3828932448044,76.62808251814992,0.7162000000000001,0.4375,4,21.366906738281273,-0.5347839593887329,0.511505126953125
161,496,GRID_003683,10.3828932448044,76.63808251814993,0.9029,0.4375,2,21.366906738281273,-0.5347839593887329,0.511505126953125
36,487,GRID_003684,10.3828932448044,76.64808251814993,0.8876000000000001,0.4375,6,21.366906738281273,-0.5347839593887329,0.511505126953125
300,478,GRID_003685,10.3828932448044,76.65808251814994,0.8405,0.4375,3,21.366906738281273,-0.5347839593887329,0.511505126953125
259,494,GRID_003686,10.3828932448044,76.66808251814994,0.8826,0.4375,3,21.366906738281273,-0.5347839593887329,0.511505126953125
207,556,GRID_003687,10.3828932448044,76.67808251814995,0.8822000000000001,0.4375,1,21.366906738281273,-0.5347839593887329,0.511505126953125
64,541,GRID_003688,10.3828932448044,76.68808251814995,0.8828,0.4375,6,21.366906738281273,-0.5347839593887329,0.511505126953125
256,536,GRID_003689,10.3828932448044,76.69808251814996,0.862,0.4375,3,21.366906738281273,-0.5347839593887329,0.511505126953125
327,670,GRID_003690,10.3828932448044,76.70808251814996,0.9465,0.4375,18,21.366906738281273,-0.5347839593887329,0.511505126953125
14,751,GRID_003691,10.3828932448044,76.71808251814997,0.8462000000000001,0.4375,19,21.366906738281273,-0.5347839593887329,0.511505126953125
43,622,GRID_003692,10.3828932448044,76.72808251814998,0.8603000000000001,0.4375,9,21.366906738281273,-0.5347839593887329,0.511505126953125
3,615,GRID_003693,10.3828932448044,76.73808251814998,0.8245,0.4375,12,21.366906738281273,-0.5347839593887329,0.511505126953125
334,52,GRID_003694,10.3928932448044,76.36808251814979,0.5759000000000001,0.6875,3,23.466912841796898,0.16521607339382172,-0.18849487602710724
187,119,GRID_003695,10.3928932448044,76.3980825181498,0.6198,0.4375,3,22.666894531250023,0.065216064453125,-0.788494884967804
121,41,GRID_003696,10.3928932448044,76.40808251814981,0.8122,0.4375,2,22.666894531250023,0.065216064453125,-0.788494884967804
14,52,GRID_003697,10.3928932448044,76.41808251814982,0.7234,0.4375,1,22.666894531250023,0.065216064453125,-0.788494884967804
13,50,GRID_003698,10.3928932448044,76.42808251814982,0.8788,0.4375,4,22.666894531250023,0.065216064453125,-0.788494884967804
196,74,GRID_003699,10.3928932448044,76.43808251814983,0.8391000000000001,0.4375,4,22.666894531250023,0.065216064453125,-0.788494884967804
291,92,GRID_003700,10.3928932448044,76.44808251814983,0.8779,0.4375,5,22.666894531250023,0.065216064453125,-0.788494884967804
356,168,GRID_003701,10.3928932448044,76.45808251814984,0.7402000000000001,0.4375,18,22.666894531250023,0.065216064453125,-0.788494884967804
282,145,GRID_003702,10.3928932448044,76.46808251814984,0.8822000000000001,0.4375,3,22.666894531250023,0.065216064453125,-0.788494884967804
234,346,GRID_003703,10.3928932448044,76.47808251814985,0.39780000000000004,0.4375,16,22.666894531250023,0.065216064453125,-0.788494884967804
170,472,GRID_003704,10.3928932448044,76.48808251814985,0.778,0.4375,27,22.666894531250023,0.065216064453125,-0.788494884967804
145,287,GRID_003705,10.3928932448044,76.49808251814986,0.2164,0.4375,20,22.666894531250023,0.065216064453125,-0.788494884967804
143,288,GRID_003706,10.3928932448044,76.50808251814986,0.1811,0.4375,19,22.666894531250023,0.065216064453125,-0.788494884967804
259,393,GRID_003707,10.3928932448044,76.51808251814987,0.22590000000000002,0.4375,13,22.666894531250023,0.065216064453125,-0.788494884967804
188,637,GRID_003708,10.3928932448044,76.52808251814987,0.11230000000000001,0.4375,26,22.666894531250023,0.065216064453125,-0.788494884967804
228,598,GRID_003709,10.3928932448044,76.53808251814988,0.20900000000000002,0.4375,17,22.666894531250023,0.065216064453125,-0.788494884967804
104,536,GRID_003710,10.3928932448044,76.54808251814988,0.2291,0.4375,31,22.666894531250023,0.065216064453125,-0.788494884967804
127,497,GRID_003711,10.3928932448044,76.5680825181499,0.1645,0.4375,16,22.666894531250023,0.065216064453125,-0.788494884967804
258,531,GRID_003712,10.3928932448044,76.5780825181499,0.2417,0.4375,14,22.666894531250023,0.065216064453125,-0.788494884967804
240,520,GRID_003713,10.3928932448044,76.61808251814992,0.8054,0.4375,11,22.666894531250023,0.065216064453125,-0.788494884967804
178,654,GRID_003714,10.3928932448044,76.62808251814992,0.5423,0.4375,12,21.366906738281273,-0.5347839593887329,0.511505126953125
217,555,GRID_003715,10.3928932448044,76.63808251814993,0.741,0.4375,4,21.366906738281273,-0.5347839593887329,0.511505126953125
107,537,GRID_003716,10.3928932448044,76.64808251814993,0.3366,0.4375,6,21.366906738281273,-0.5347839593887329,0.511505126953125
101,503,GRID_003717,10.3928932448044,76.65808251814994,0.46480000000000005,0.4375,5,21.366906738281273,-0.5347839593887329,0.511505126953125
10,496,GRID_003718,10.3928932448044,76.66808251814994,0.7506,0.4375,4,21.366906738281273,-0.5347839593887329,0.511505126953125
329,573,GRID_003719,10.3928932448044,76.67808251814995,0.6972,0.4375,17,21.366906738281273,-0.5347839593887329,0.511505126953125
32,631,GRID_003720,10.3928932448044,76.68808251814995,0.6391,0.4375,3,21.366906738281273,-0.5347839593887329,0.511505126953125
178,606,GRID_003721,10.3928932448044,76.69808251814996,0.6901,0.4375,10,21.366906738281273,-0.5347839593887329,0.511505126953125
334,565,GRID_003722,10.3928932448044,76.70808251814996,0.3679,0.4375,4,21.366906738281273,-0.5347839593887329,0.511505126953125
40,589,GRID_003723,10.3928932448044,76.71808251814997,0.234,0.4375,4,21.366906738281273,-0.5347839593887329,0.511505126953125
87,531,GRID_003724,10.3928932448044,76.72808251814998,0.4515,0.4375,6,21.366906738281273,-0.5347839593887329,0.511505126953125
44,543,GRID_003725,10.3928932448044,76.73808251814998,0.7401,0.4375,3,21.366906738281273,-0.5347839593887329,0.511505126953125
201,525,GRID_003726,10.3928932448044,76.74808251814999,0.7889,0.4375,2,21.366906738281273,-0.5347839593887329,0.511505126953125
268,1893,GRID_003727,10.3928932448044,77.09808251815016,0.6751,0.25,26,17.666894531250023,0.865216076374054,1.3115051984786987
274,56,GRID_003728,10.4028932448044,76.36808251814979,0.3315,0.6875,5,23.466912841796898,0.16521607339382172,-0.18849487602710724
21,70,GRID_003729,10.4028932448044,76.3980825181498,0.6742,0.4375,8,22.666894531250023,0.065216064453125,-0.788494884967804
69,30,GRID_003730,10.4028932448044,76.40808251814981,0.6379,0.4375,2,22.666894531250023,0.065216064453125,-0.788494884967804
342,68,GRID_003731,10.4028932448044,76.41808251814982,0.6595000000000001,0.4375,3,22.666894531250023,0.065216064453125,-0.788494884967804
324,87,GRID_003732,10.4028932448044,76.42808251814982,0.898,0.4375,9,22.666894531250023,0.065216064453125,-0.788494884967804
170,263,GRID_003733,10.4028932448044,76.43808251814983,0.5942000000000001,0.4375,17,22.666894531250023,0.065216064453125,-0.788494884967804
75,137,GRID_003734,10.4028932448044,76.44808251814983,0.9022,0.4375,14,22.666894531250023,0.065216064453125,-0.788494884967804
222,115,GRID_003735,10.4028932448044,76.45808251814984,0.8874000000000001,0.4375,4,22.666894531250023,0.065216064453125,-0.788494884967804
282,137,GRID_003736,10.4028932448044,76.46808251814984,0.8559,0.4375,6,22.666894531250023,0.065216064453125,-0.788494884967804
337,229,GRID_003737,10.4028932448044,76.47808251814985,0.7985,0.4375,12,22.666894531250023,0.065216064453125,-0.788494884967804
218,324,GRID_003738,10.4028932448044,76.48808251814985,0.2456,0.4375,11,22.666894531250023,0.065216064453125,-0.788494884967804
207,593,GRID_003739,10.4028932448044,76.50808251814986,0.2041,0.4375,19,22.666894531250023,0.065216064453125,-0.788494884967804
220,773,GRID_003740,10.4028932448044,76.51808251814987,0.1889,0.4375,27,22.666894531250023,0.065216064453125,-0.788494884967804
159,922,GRID_003741,10.4028932448044,76.52808251814987,0.0834,0.4375,24,22.666894531250023,0.065216064453125,-0.788494884967804
30,869,GRID_003742,10.4028932448044,76.53808251814988,0.0873,0.4375,11,22.666894531250023,0.065216064453125,-0.788494884967804
91,505,GRID_003743,10.4028932448044,76.54808251814988,0.40690000000000004,0.4375,17,22.666894531250023,0.065216064453125,-0.788494884967804
256,417,GRID_003744,10.4028932448044,76.55808251814989,0.11420000000000001,0.4375,12,22.666894531250023,0.065216064453125,-0.788494884967804
113,724,GRID_003745,10.4028932448044,76.5880825181499,0.8214,0.4375,10,22.666894531250023,0.065216064453125,-0.788494884967804
203,697,GRID_003746,10.4028932448044,76.59808251814991,0.2388,0.4375,21,22.666894531250023,0.065216064453125,-0.788494884967804
301,726,GRID_003747,10.4028932448044,76.61808251814992,0.3503,0.4375,17,22.666894531250023,0.065216064453125,-0.788494884967804
50,804,GRID_003748,10.4028932448044,76.62808251814992,0.2857,0.4375,10,21.366906738281273,-0.5347839593887329,0.511505126953125
182,760,GRID_003749,10.4028932448044,76.63808251814993,0.4682,0.4375,15,21.366906738281273,-0.5347839593887329,0.511505126953125
182,671,GRID_003750,10.4028932448044,76.64808251814993,0.7638,0.4375,6,21.366906738281273,-0.5347839593887329,0.511505126953125
162,735,GRID_003751,10.4028932448044,76.65808251814994,0.7962,0.4375,16,21.366906738281273,-0.5347839593887329,0.511505126953125
285,553,GRID_003752,10.4028932448044,76.66808251814994,0.5489,0.4375,5,21.366906738281273,-0.5347839593887329,0.511505126953125
144,593,GRID_003753,10.4028932448044,76.67808251814995,0.3728,0.4375,15,21.366906738281273,-0.5347839593887329,0.511505126953125
171,509,GRID_003754,10.4028932448044,76.68808251814995,0.9018,0.4375,5,21.366906738281273,-0.5347839593887329,0.511505126953125
31,514,GRID_003755,10.4028932448044,76.69808251814996,0.6323000000000001,0.4375,5,21.366906738281273,-0.5347839593887329,0.511505126953125
306,521,GRID_003756,10.4028932448044,76.70808251814996,0.3124,0.4375,7,21.366906738281273,-0.5347839593887329,0.511505126953125
0,564,GRID_003757,10.4028932448044,76.71808251814997,0.47940000000000005,0.4375,1,21.366906738281273,-0.5347839593887329,0.511505126953125
10,548,GRID_003758,10.4028932448044,76.72808251814998,0.7152000000000001,0.4375,4,21.366906738281273,-0.5347839593887329,0.511505126953125
187,548,GRID_003759,10.4028932448044,76.73808251814998,0.503,0.4375,5,21.366906738281273,-0.5347839593887329,0.511505126953125
180,546,GRID_003760,10.4028932448044,76.74808251814999,0.6691,0.4375,3,21.366906738281273,-0.5347839593887329,0.511505126953125
41,47,GRID_003761,10.4128932448044,76.31808251814977,0.6281,0.6875,1,23.466912841796898,0.16521607339382172,-0.18849487602710724
57,47,GRID_003762,10.4128932448044,76.36808251814979,0.6115,0.6875,3,23.466912841796898,0.16521607339382172,-0.18849487602710724
287,85,GRID_003763,10.4128932448044,76.3780825181498,0.6275000000000001,0.4375,5,22.666894531250023,0.065216064453125,-0.788494884967804
90,47,GRID_003764,10.4128932448044,76.3880825181498,0.6386000000000001,0.4375,2,22.666894531250023,0.065216064453125,-0.788494884967804
239,37,GRID_003765,10.4128932448044,76.3980825181498,0.35860000000000003,0.4375,5,22.666894531250023,0.065216064453125,-0.788494884967804
223,65,GRID_003766,10.4128932448044,76.40808251814981,0.6631,0.4375,6,22.666894531250023,0.065216064453125,-0.788494884967804
154,84,GRID_003767,10.4128932448044,76.41808251814982,0.5397000000000001,0.4375,4,22.666894531250023,0.065216064453125,-0.788494884967804
211,192,GRID_003768,10.4128932448044,76.42808251814982,0.9015000000000001,0.4375,10,22.666894531250023,0.065216064453125,-0.788494884967804
306,275,GRID_003769,10.4128932448044,76.43808251814983,0.9251,0.4375,1,22.666894531250023,0.065216064453125,-0.788494884967804
18,214,GRID_003770,10.4128932448044,76.44808251814983,0.9096000000000001,0.4375,18,22.666894531250023,0.065216064453125,-0.788494884967804
219,243,GRID_003771,10.4128932448044,76.46808251814984,0.9083,0.4375,13,22.666894531250023,0.065216064453125,-0.788494884967804
309,456,GRID_003772,10.4128932448044,76.47808251814985,0.6126,0.4375,18,22.666894531250023,0.065216064453125,-0.788494884967804
4,405,GRID_003773,10.4128932448044,76.48808251814985,0.4707,0.4375,32,22.666894531250023,0.065216064453125,-0.788494884967804
5,315,GRID_003774,10.4128932448044,76.49808251814986,0.46030000000000004,0.4375,18,22.666894531250023,0.065216064453125,-0.788494884967804
324,512,GRID_003775,10.4128932448044,76.51808251814987,0.36460000000000004,0.4375,13,22.666894531250023,0.065216064453125,-0.788494884967804
319,544,GRID_003776,10.4128932448044,76.52808251814987,0.2003,0.4375,20,22.666894531250023,0.065216064453125,-0.788494884967804
190,576,GRID_003777,10.4128932448044,76.54808251814988,0.4786,0.4375,17,22.666894531250023,0.065216064453125,-0.788494884967804
251,576,GRID_003778,10.4128932448044,76.55808251814989,0.6081,0.4375,16,22.666894531250023,0.065216064453125,-0.788494884967804
248,785,GRID_003779,10.4128932448044,76.5680825181499,0.5268,0.4375,16,22.666894531250023,0.065216064453125,-0.788494884967804
238,778,GRID_003780,10.4128932448044,76.5780825181499,0.38170000000000004,0.4375,12,22.666894531250023,0.065216064453125,-0.788494884967804
62,859,GRID_003781,10.4128932448044,76.5880825181499,0.3704,0.4375,7,22.666894531250023,0.065216064453125,-0.788494884967804
72,678,GRID_003782,10.4128932448044,76.59808251814991,0.30260000000000004,0.4375,15,22.666894531250023,0.065216064453125,-0.788494884967804
261,642,GRID_003783,10.4128932448044,76.60808251814991,0.3136,0.4375,22,22.666894531250023,0.065216064453125,-0.788494884967804
286,741,GRID_003784,10.4128932448044,76.62808251814992,0.1144,0.4375,19,21.366906738281273,-0.5347839593887329,0.511505126953125
134,1003,GRID_003785,10.4128932448044,76.63808251814993,0.4672,0.4375,16,21.366906738281273,-0.5347839593887329,0.511505126953125
204,891,GRID_003786,10.4128932448044,76.64808251814993,0.44970000000000004,0.4375,12,21.366906738281273,-0.5347839593887329,0.511505126953125
148,690,GRID_003787,10.4128932448044,76.65808251814994,0.42060000000000003,0.4375,11,21.366906738281273,-0.5347839593887329,0.511505126953125
203,661,GRID_003788,10.4128932448044,76.66808251814994,0.33640000000000003,0.4375,7,21.366906738281273,-0.5347839593887329,0.511505126953125
228,691,GRID_003789,10.4128932448044,76.67808251814995,0.2278,0.4375,14,21.366906738281273,-0.5347839593887329,0.511505126953125
160,704,GRID_003790,10.4128932448044,76.68808251814995,0.4263,0.4375,7,21.366906738281273,-0.5347839593887329,0.511505126953125
193,747,GRID_003791,10.4128932448044,76.69808251814996,0.36000000000000004,0.4375,6,21.366906738281273,-0.5347839593887329,0.511505126953125
122,547,GRID_003792,10.4128932448044,76.70808251814996,0.4938,0.4375,12,21.366906738281273,-0.5347839593887329,0.511505126953125
246,512,GRID_003793,10.4128932448044,76.71808251814997,0.4717,0.4375,2,21.366906738281273,-0.5347839593887329,0.511505126953125
193,548,GRID_003794,10.4128932448044,76.72808251814998,0.5982000000000001,0.4375,2,21.366906738281273,-0.5347839593887329,0.511505126953125
281,533,GRID_003795,10.4128932448044,76.73808251814998,0.5099,0.4375,2,21.366906738281273,-0.5347839593887329,0.511505126953125
201,566,GRID_003796,10.4128932448044,76.74808251814999,0.2645,0.4375,9,21.366906738281273,-0.5347839593887329,0.511505126953125
45,36,GRID_003797,10.4228932448044,76.3880825181498,0.5719000000000001,0.4375,1,22.666894531250023,0.065216064453125,-0.788494884967804
207,28,GRID_003798,10.4228932448044,76.3980825181498,0.5867,0.4375,0,22.666894531250023,0.065216064453125,-0.788494884967804
3,46,GRID_003799,10.4228932448044,76.40808251814981,0.5603,0.4375,2,22.666894531250023,0.065216064453125,-0.788494884967804
273,74,GRID_003800,10.4228932448044,76.41808251814982,0.8570000000000001,0.4375,6,22.666894531250023,0.065216064453125,-0.788494884967804
347,52,GRID_003801,10.4228932448044,76.42808251814982,0.8907,0.4375,4,22.666894531250023,0.065216064453125,-0.788494884967804
197,170,GRID_003802,10.4228932448044,76.43808251814983,0.8817,0.4375,20,22.666894531250023,0.065216064453125,-0.788494884967804
174,292,GRID_003803,10.4228932448044,76.44808251814983,0.9016000000000001,0.4375,9,22.666894531250023,0.065216064453125,-0.788494884967804
27,198,GRID_003804,10.4228932448044,76.45808251814984,0.8943000000000001,0.4375,14,22.666894531250023,0.065216064453125,-0.788494884967804
9,112,GRID_003805,10.4228932448044,76.46808251814984,0.7756000000000001,0.4375,8,22.666894531250023,0.065216064453125,-0.788494884967804
28,119,GRID_003806,10.4228932448044,76.47808251814985,0.7124,0.4375,10,22.666894531250023,0.065216064453125,-0.788494884967804
350,130,GRID_003807,10.4228932448044,76.48808251814985,0.6652,0.4375,10,22.666894531250023,0.065216064453125,-0.788494884967804
5,217,GRID_003808,10.4228932448044,76.50808251814986,0.6192000000000001,0.4375,6,22.666894531250023,0.065216064453125,-0.788494884967804
14,403,GRID_003809,10.4228932448044,76.52808251814987,0.42350000000000004,0.4375,15,22.666894531250023,0.065216064453125,-0.788494884967804
332,586,GRID_003810,10.4228932448044,76.53808251814988,0.4188,0.4375,25,22.666894531250023,0.065216064453125,-0.788494884967804
148,762,GRID_003811,10.4228932448044,76.54808251814988,0.38780000000000003,0.4375,13,22.666894531250023,0.065216064453125,-0.788494884967804
118,955,GRID_003812,10.4228932448044,76.5780825181499,0.3447,0.4375,7,22.666894531250023,0.065216064453125,-0.788494884967804
80,815,GRID_003813,10.4228932448044,76.5880825181499,0.2136,0.4375,16,22.666894531250023,0.065216064453125,-0.788494884967804
206,607,GRID_003814,10.4228932448044,76.59808251814991,0.2515,0.4375,6,22.666894531250023,0.065216064453125,-0.788494884967804
195,684,GRID_003815,10.4228932448044,76.60808251814991,0.2998,0.4375,10,22.666894531250023,0.065216064453125,-0.788494884967804
223,938,GRID_003816,10.4228932448044,76.61808251814992,0.21250000000000002,0.4375,11,22.666894531250023,0.065216064453125,-0.788494884967804
109,819,GRID_003817,10.4228932448044,76.67808251814995,0.38930000000000003,0.4375,6,21.366906738281273,-0.5347839593887329,0.511505126953125
321,792,GRID_003818,10.4228932448044,76.68808251814995,0.5611,0.4375,4,21.366906738281273,-0.5347839593887329,0.511505126953125
48,764,GRID_003819,10.4228932448044,76.69808251814996,0.44430000000000003,0.4375,3,21.366906738281273,-0.5347839593887329,0.511505126953125
97,784,GRID_003820,10.4228932448044,76.70808251814996,0.375,0.4375,4,21.366906738281273,-0.5347839593887329,0.511505126953125
139,537,GRID_003821,10.4228932448044,76.71808251814997,0.8227,0.4375,7,21.366906738281273,-0.5347839593887329,0.511505126953125
198,530,GRID_003822,10.4228932448044,76.72808251814998,0.6004,0.4375,2,21.366906738281273,-0.5347839593887329,0.511505126953125
354,525,GRID_003823,10.4228932448044,76.73808251814998,0.7346,0.4375,2,21.366906738281273,-0.5347839593887329,0.511505126953125
322,558,GRID_003824,10.4228932448044,76.74808251814999,0.6568,0.4375,4,21.366906738281273,-0.5347839593887329,0.511505126953125
66,48,GRID_003825,10.4328932448044,76.3880825181498,0.5636,0.4375,1,22.666894531250023,0.065216064453125,-0.788494884967804
165,60,GRID_003826,10.4328932448044,76.3980825181498,0.6631,0.4375,3,22.666894531250023,0.065216064453125,-0.788494884967804
153,34,GRID_003827,10.4328932448044,76.40808251814981,0.5516,0.4375,2,22.666894531250023,0.065216064453125,-0.788494884967804
261,53,GRID_003828,10.4328932448044,76.41808251814982,0.8905000000000001,0.4375,9,22.666894531250023,0.065216064453125,-0.788494884967804
355,247,GRID_003829,10.4328932448044,76.42808251814982,0.8995000000000001,0.4375,10,22.666894531250023,0.065216064453125,-0.788494884967804
10,125,GRID_003830,10.4328932448044,76.43808251814983,0.8928,0.4375,18,22.666894531250023,0.065216064453125,-0.788494884967804
16,75,GRID_003831,10.4328932448044,76.44808251814983,0.8927,0.4375,10,22.666894531250023,0.065216064453125,-0.788494884967804
249,65,GRID_003832,10.4328932448044,76.45808251814984,0.884,0.4375,5,22.666894531250023,0.065216064453125,-0.788494884967804
0,81,GRID_003833,10.4328932448044,76.46808251814984,0.8314,0.4375,2,22.666894531250023,0.065216064453125,-0.788494884967804
242,112,GRID_003834,10.4328932448044,76.47808251814985,0.7578,0.4375,5,22.666894531250023,0.065216064453125,-0.788494884967804
262,89,GRID_003835,10.4328932448044,76.48808251814985,0.5617,0.4375,6,22.666894531250023,0.065216064453125,-0.788494884967804
353,169,GRID_003836,10.4328932448044,76.49808251814986,0.8297,0.4375,6,22.666894531250023,0.065216064453125,-0.788494884967804
251,148,GRID_003837,10.4328932448044,76.50808251814986,0.5814,0.4375,15,22.666894531250023,0.065216064453125,-0.788494884967804
11,165,GRID_003838,10.4328932448044,76.51808251814987,0.6546000000000001,0.4375,4,22.666894531250023,0.065216064453125,-0.788494884967804
222,381,GRID_003839,10.4328932448044,76.52808251814987,0.7893,0.4375,22,22.666894531250023,0.065216064453125,-0.788494884967804
179,444,GRID_003840,10.4328932448044,76.53808251814988,0.2059,0.4375,19,22.666894531250023,0.065216064453125,-0.788494884967804
290,613,GRID_003841,10.4328932448044,76.54808251814988,0.3831,0.4375,21,22.666894531250023,0.065216064453125,-0.788494884967804
261,934,GRID_003842,10.4328932448044,76.55808251814989,0.0761,0.4375,10,22.666894531250023,0.065216064453125,-0.788494884967804
72,846,GRID_003843,10.4328932448044,76.5680825181499,0.1129,0.4375,17,22.666894531250023,0.065216064453125,-0.788494884967804
15,805,GRID_003844,10.4328932448044,76.5780825181499,0.3106,0.4375,14,22.666894531250023,0.065216064453125,-0.788494884967804
42,656,GRID_003845,10.4328932448044,76.5880825181499,0.5728,0.4375,14,22.666894531250023,0.065216064453125,-0.788494884967804
206,777,GRID_003846,10.4328932448044,76.59808251814991,0.23650000000000002,0.4375,19,22.666894531250023,0.065216064453125,-0.788494884967804
245,966,GRID_003847,10.4328932448044,76.60808251814991,0.2671,0.4375,16,22.666894531250023,0.065216064453125,-0.788494884967804
212,1092,GRID_003848,10.4328932448044,76.61808251814992,0.1584,0.4375,5,22.666894531250023,0.065216064453125,-0.788494884967804
21,1022,GRID_003849,10.4328932448044,76.62808251814992,0.056900000000000006,0.4375,17,21.366906738281273,-0.5347839593887329,0.511505126953125
242,1049,GRID_003850,10.4328932448044,76.63808251814993,0.0932,0.4375,9,21.366906738281273,-0.5347839593887329,0.511505126953125
193,1130,GRID_003851,10.4328932448044,76.64808251814993,0.8001,0.4375,5,21.366906738281273,-0.5347839593887329,0.511505126953125
112,1133,GRID_003852,10.4328932448044,76.65808251814994,0.35960000000000003,0.4375,6,21.366906738281273,-0.5347839593887329,0.511505126953125
138,1071,GRID_003853,10.4328932448044,76.66808251814994,0.5475,0.4375,14,21.366906738281273,-0.5347839593887329,0.511505126953125
159,897,GRID_003854,10.4328932448044,76.67808251814995,0.6112000000000001,0.4375,14,21.366906738281273,-0.5347839593887329,0.511505126953125
132,774,GRID_003855,10.4328932448044,76.70808251814996,0.2993,0.4375,4,21.366906738281273,-0.5347839593887329,0.511505126953125
101,642,GRID_003856,10.4328932448044,76.71808251814997,0.13290000000000002,0.4375,19,21.366906738281273,-0.5347839593887329,0.511505126953125
135,30,GRID_003857,10.4428932448044,76.33808251814978,0.6695,0.6875,1,23.466912841796898,0.16521607339382172,-0.18849487602710724
204,46,GRID_003858,10.4428932448044,76.36808251814979,0.5353,0.6875,3,23.466912841796898,0.16521607339382172,-0.18849487602710724
153,32,GRID_003859,10.4428932448044,76.3780825181498,0.5713,0.4375,2,22.666894531250023,0.065216064453125,-0.788494884967804
347,50,GRID_003860,10.4428932448044,76.3880825181498,0.5811000000000001,0.4375,5,22.666894531250023,0.065216064453125,-0.788494884967804
354,117,GRID_003861,10.4428932448044,76.3980825181498,0.8539,0.4375,14,22.666894531250023,0.065216064453125,-0.788494884967804
309,82,GRID_003862,10.4428932448044,76.40808251814981,0.8998,0.4375,3,22.666894531250023,0.065216064453125,-0.788494884967804
189,65,GRID_003863,10.4428932448044,76.41808251814982,0.8899,0.4375,5,22.666894531250023,0.065216064453125,-0.788494884967804
186,81,GRID_003864,10.4428932448044,76.42808251814982,0.9055000000000001,0.4375,6,22.666894531250023,0.065216064453125,-0.788494884967804
200,77,GRID_003865,10.4428932448044,76.43808251814983,0.8941,0.4375,7,22.666894531250023,0.065216064453125,-0.788494884967804
180,69,GRID_003866,10.4428932448044,76.44808251814983,0.8932,0.4375,5,22.666894531250023,0.065216064453125,-0.788494884967804
182,63,GRID_003867,10.4428932448044,76.45808251814984,0.8893000000000001,0.4375,7,22.666894531250023,0.065216064453125,-0.788494884967804
272,77,GRID_003868,10.4428932448044,76.46808251814984,0.7889,0.4375,4,22.666894531250023,0.065216064453125,-0.788494884967804
209,83,GRID_003869,10.4428932448044,76.47808251814985,0.43610000000000004,0.4375,6,22.666894531250023,0.065216064453125,-0.788494884967804
110,106,GRID_003870,10.4428932448044,76.48808251814985,0.5318,0.4375,11,22.666894531250023,0.065216064453125,-0.788494884967804
273,111,GRID_003871,10.4428932448044,76.49808251814986,0.5996,0.4375,7,22.666894531250023,0.065216064453125,-0.788494884967804
192,179,GRID_003872,10.4428932448044,76.50808251814986,0.3645,0.4375,15,22.666894531250023,0.065216064453125,-0.788494884967804
173,273,GRID_003873,10.4428932448044,76.51808251814987,0.4733,0.4375,15,22.666894531250023,0.065216064453125,-0.788494884967804
218,456,GRID_003874,10.4428932448044,76.52808251814987,0.7906000000000001,0.4375,23,22.666894531250023,0.065216064453125,-0.788494884967804
244,728,GRID_003875,10.4428932448044,76.53808251814988,0.43670000000000003,0.4375,21,22.666894531250023,0.065216064453125,-0.788494884967804
215,781,GRID_003876,10.4428932448044,76.54808251814988,0.2636,0.4375,23,22.666894531250023,0.065216064453125,-0.788494884967804
277,1023,GRID_003877,10.4428932448044,76.55808251814989,0.0944,0.4375,6,22.666894531250023,0.065216064453125,-0.788494884967804
78,887,GRID_003878,10.4428932448044,76.5680825181499,0.1292,0.4375,12,22.666894531250023,0.065216064453125,-0.788494884967804
238,794,GRID_003879,10.4428932448044,76.5880825181499,0.5425,0.4375,13,22.666894531250023,0.065216064453125,-0.788494884967804
100,631,GRID_003880,10.4428932448044,76.59808251814991,0.1845,0.4375,9,22.666894531250023,0.065216064453125,-0.788494884967804
317,670,GRID_003881,10.4428932448044,76.60808251814991,0.30710000000000004,0.4375,8,22.666894531250023,0.065216064453125,-0.788494884967804
13,768,GRID_003882,10.4428932448044,76.61808251814992,0.2767,0.4375,14,22.666894531250023,0.065216064453125,-0.788494884967804
291,934,GRID_003883,10.4428932448044,76.62808251814992,0.1549,0.4375,17,21.366906738281273,-0.5347839593887329,0.511505126953125
308,1059,GRID_003884,10.4428932448044,76.63808251814993,0.1716,0.4375,8,21.366906738281273,-0.5347839593887329,0.511505126953125
63,1050,GRID_003885,10.4428932448044,76.64808251814993,0.6349,0.4375,13,21.366906738281273,-0.5347839593887329,0.511505126953125
210,1075,GRID_003886,10.4428932448044,76.65808251814994,0.3655,0.4375,6,21.366906738281273,-0.5347839593887329,0.511505126953125
74,1185,GRID_003887,10.4428932448044,76.66808251814994,0.4183,0.4375,1,21.366906738281273,-0.5347839593887329,0.511505126953125
141,1187,GRID_003888,10.4428932448044,76.67808251814995,0.4243,0.4375,10,21.366906738281273,-0.5347839593887329,0.511505126953125
117,908,GRID_003889,10.4428932448044,76.68808251814995,0.2597,0.4375,12,21.366906738281273,-0.5347839593887329,0.511505126953125
82,49,GRID_003890,10.4528932448044,76.33808251814978,0.669,0.75,1,22.966912841796898,0.16521607339382172,0.11150512844324112
54,26,GRID_003891,10.4528932448044,76.35808251814979,0.7102,0.75,2,22.966912841796898,0.16521607339382172,0.11150512844324112
195,34,GRID_003892,10.4528932448044,76.36808251814979,0.6807000000000001,0.75,6,22.966912841796898,0.16521607339382172,0.11150512844324112
157,83,GRID_003893,10.4528932448044,76.3780825181498,0.5307000000000001,0.3125,7,22.166894531250023,0.765216052532196,1.111505150794983
202,84,GRID_003894,10.4528932448044,76.3880825181498,0.7417,0.3125,10,22.166894531250023,0.765216052532196,1.111505150794983
244,123,GRID_003895,10.4528932448044,76.3980825181498,0.9627,0.3125,11,22.166894531250023,0.765216052532196,1.111505150794983
204,267,GRID_003896,10.4528932448044,76.41808251814982,0.8688,0.3125,17,22.166894531250023,0.765216052532196,1.111505150794983
147,289,GRID_003897,10.4528932448044,76.43808251814983,0.8359000000000001,0.3125,23,22.166894531250023,0.765216052532196,1.111505150794983
77,123,GRID_003898,10.4528932448044,76.45808251814984,0.872,0.3125,14,22.166894531250023,0.765216052532196,1.111505150794983
176,268,GRID_003899,10.4528932448044,76.47808251814985,0.6409,0.3125,10,22.166894531250023,0.765216052532196,1.111505150794983
197,112,GRID_003900,10.4528932448044,76.48808251814985,0.3211,0.3125,8,22.166894531250023,0.765216052532196,1.111505150794983
336,72,GRID_003901,10.4528932448044,76.49808251814986,0.22740000000000002,0.3125,3,22.166894531250023,0.765216052532196,1.111505150794983
217,196,GRID_003902,10.4528932448044,76.50808251814986,0.6558,0.3125,10,22.166894531250023,0.765216052532196,1.111505150794983
278,204,GRID_003903,10.4528932448044,76.51808251814987,0.5185000000000001,0.3125,7,22.166894531250023,0.765216052532196,1.111505150794983
258,554,GRID_003904,10.4528932448044,76.52808251814987,0.7123,0.3125,21,22.166894531250023,0.765216052532196,1.111505150794983
20,707,GRID_003905,10.4528932448044,76.53808251814988,0.5285000000000001,0.3125,26,22.166894531250023,0.765216052532196,1.111505150794983
330,1060,GRID_003906,10.4528932448044,76.54808251814988,0.13240000000000002,0.3125,15,22.166894531250023,0.765216052532196,1.111505150794983
74,711,GRID_003907,10.4528932448044,76.55808251814989,0.2761,0.3125,18,22.166894531250023,0.765216052532196,1.111505150794983
2,573,GRID_003908,10.4528932448044,76.5680825181499,0.2505,0.3125,18,22.166894531250023,0.765216052532196,1.111505150794983
287,576,GRID_003909,10.4528932448044,76.5780825181499,0.6093000000000001,0.3125,18,22.166894531250023,0.765216052532196,1.111505150794983
273,1011,GRID_003910,10.4528932448044,76.5880825181499,0.31880000000000003,0.3125,9,22.166894531250023,0.765216052532196,1.111505150794983
134,763,GRID_003911,10.4528932448044,76.59808251814991,0.1713,0.3125,15,22.166894531250023,0.765216052532196,1.111505150794983
341,725,GRID_003912,10.4528932448044,76.60808251814991,0.0974,0.3125,17,22.166894531250023,0.765216052532196,1.111505150794983
306,763,GRID_003913,10.4528932448044,76.61808251814992,0.1302,0.3125,14,22.166894531250023,0.765216052532196,1.111505150794983
2,973,GRID_003914,10.4528932448044,76.62808251814992,0.37220000000000003,0.1875,9,21.166894531250023,2.265216112136841,1.7115051746368408
347,921,GRID_003915,10.4528932448044,76.63808251814993,0.1892,0.1875,8,21.166894531250023,2.265216112136841,1.7115051746368408
39,985,GRID_003916,10.4528932448044,76.64808251814993,0.5465,0.1875,11,21.166894531250023,2.265216112136841,1.7115051746368408
295,993,GRID_003917,10.4528932448044,76.65808251814994,0.38930000000000003,0.1875,4,21.166894531250023,2.265216112136841,1.7115051746368408
333,1113,GRID_003918,10.4528932448044,76.66808251814994,0.1259,0.1875,14,21.166894531250023,2.265216112136841,1.7115051746368408
23,1125,GRID_003919,10.4528932448044,76.67808251814995,0.2842,0.1875,15,21.166894531250023,2.265216112136841,1.7115051746368408
78,861,GRID_003920,10.4528932448044,76.68808251814995,0.4495,0.1875,12,21.166894531250023,2.265216112136841,1.7115051746368408
140,529,GRID_003921,10.4528932448044,76.73808251814998,0.7596,0.1875,1,21.166894531250023,2.265216112136841,1.7115051746368408
75,34,GRID_003922,10.462893244804398,76.35808251814979,0.8685,0.75,4,22.966912841796898,0.16521607339382172,0.11150512844324112
206,201,GRID_003923,10.462893244804398,76.36808251814979,0.8636,0.75,18,22.966912841796898,0.16521607339382172,0.11150512844324112
156,230,GRID_003924,10.462893244804398,76.3780825181498,0.6123000000000001,0.3125,12,22.166894531250023,0.765216052532196,1.111505150794983
198,317,GRID_003925,10.462893244804398,76.3880825181498,0.7865000000000001,0.3125,22,22.166894531250023,0.765216052532196,1.111505150794983
194,283,GRID_003926,10.462893244804398,76.3980825181498,0.8555,0.3125,16,22.166894531250023,0.765216052532196,1.111505150794983
191,653,GRID_003927,10.462893244804398,76.42808251814982,0.36050000000000004,0.3125,22,22.166894531250023,0.765216052532196,1.111505150794983
78,390,GRID_003928,10.462893244804398,76.43808251814983,0.32480000000000003,0.3125,21,22.166894531250023,0.765216052532196,1.111505150794983
217,513,GRID_003929,10.462893244804398,76.44808251814983,0.6178,0.3125,22,22.166894531250023,0.765216052532196,1.111505150794983
98,222,GRID_003930,10.462893244804398,76.45808251814984,0.5099,0.3125,15,22.166894531250023,0.765216052532196,1.111505150794983
235,128,GRID_003931,10.462893244804398,76.46808251814984,0.16820000000000002,0.3125,4,22.166894531250023,0.765216052532196,1.111505150794983
275,166,GRID_003932,10.462893244804398,76.47808251814985,0.904,0.3125,10,22.166894531250023,0.765216052532196,1.111505150794983
148,265,GRID_003933,10.462893244804398,76.48808251814985,0.40840000000000004,0.3125,18,22.166894531250023,0.765216052532196,1.111505150794983
185,155,GRID_003934,10.462893244804398,76.49808251814986,0.4455,0.3125,6,22.166894531250023,0.765216052532196,1.111505150794983
150,327,GRID_003935,10.462893244804398,76.50808251814986,0.5768,0.3125,24,22.166894531250023,0.765216052532196,1.111505150794983
311,301,GRID_003936,10.462893244804398,76.51808251814987,0.5996,0.3125,19,22.166894531250023,0.765216052532196,1.111505150794983
291,881,GRID_003937,10.462893244804398,76.52808251814987,0.43110000000000004,0.3125,2,22.166894531250023,0.765216052532196,1.111505150794983
36,404,GRID_003938,10.462893244804398,76.53808251814988,0.1414,0.3125,19,22.166894531250023,0.765216052532196,1.111505150794983
350,810,GRID_003939,10.462893244804398,76.54808251814988,0.1471,0.3125,28,22.166894531250023,0.765216052532196,1.111505150794983
6,572,GRID_003940,10.462893244804398,76.55808251814989,0.5803,0.3125,28,22.166894531250023,0.765216052532196,1.111505150794983
42,411,GRID_003941,10.462893244804398,76.5680825181499,0.5985,0.3125,15,22.166894531250023,0.765216052532196,1.111505150794983
329,496,GRID_003942,10.462893244804398,76.5780825181499,0.8150000000000001,0.3125,23,22.166894531250023,0.765216052532196,1.111505150794983
299,869,GRID_003943,10.462893244804398,76.5880825181499,0.4288,0.3125,28,22.166894531250023,0.765216052532196,1.111505150794983
119,1040,GRID_003944,10.462893244804398,76.59808251814991,0.1247,0.3125,14,22.166894531250023,0.765216052532196,1.111505150794983
228,850,GRID_003945,10.462893244804398,76.60808251814991,0.2594,0.3125,16,22.166894531250023,0.765216052532196,1.111505150794983
135,878,GRID_003946,10.462893244804398,76.61808251814992,0.1376,0.3125,23,22.166894531250023,0.765216052532196,1.111505150794983
194,774,GRID_003947,10.462893244804398,76.62808251814992,0.1976,0.1875,13,21.166894531250023,2.265216112136841,1.7115051746368408
257,876,GRID_003948,10.462893244804398,76.63808251814993,0.1741,0.1875,19,21.166894531250023,2.265216112136841,1.7115051746368408
166,934,GRID_003949,10.462893244804398,76.64808251814993,0.1337,0.1875,4,21.166894531250023,2.265216112136841,1.7115051746368408
343,932,GRID_003950,10.462893244804398,76.65808251814994,0.3956,0.1875,1,21.166894531250023,2.265216112136841,1.7115051746368408
270,1021,GRID_003951,10.462893244804398,76.66808251814994,0.4026,0.1875,16,21.166894531250023,2.265216112136841,1.7115051746368408
115,1154,GRID_003952,10.462893244804398,76.67808251814995,0.4162,0.1875,16,21.166894531250023,2.265216112136841,1.7115051746368408
2,881,GRID_003953,10.462893244804398,76.68808251814995,0.8059000000000001,0.1875,3,21.166894531250023,2.265216112136841,1.7115051746368408
92,798,GRID_003954,10.462893244804398,76.69808251814996,0.8472000000000001,0.1875,5,21.166894531250023,2.265216112136841,1.7115051746368408
83,798,GRID_003955,10.462893244804398,76.70808251814996,0.1046,0.1875,9,21.166894531250023,2.265216112136841,1.7115051746368408
312,634,GRID_003956,10.462893244804398,76.71808251814997,0.7171000000000001,0.1875,6,21.166894531250023,2.265216112136841,1.7115051746368408
238,536,GRID_003957,10.462893244804398,76.72808251814998,0.629,0.1875,1,21.166894531250023,2.265216112136841,1.7115051746368408
81,63,GRID_003958,10.472893244804398,76.33808251814978,0.8682000000000001,0.75,5,22.966912841796898,0.16521607339382172,0.11150512844324112
18,94,GRID_003959,10.472893244804398,76.34808251814978,0.8823000000000001,0.75,8,22.966912841796898,0.16521607339382172,0.11150512844324112
260,97,GRID_003960,10.472893244804398,76.35808251814979,0.8638,0.75,11,22.966912841796898,0.16521607339382172,0.11150512844324112
279,346,GRID_003961,10.472893244804398,76.36808251814979,0.8593000000000001,0.75,5,22.966912841796898,0.16521607339382172,0.11150512844324112
254,290,GRID_003962,10.472893244804398,76.3780825181498,0.7899,0.3125,8,22.166894531250023,0.765216052532196,1.111505150794983
287,526,GRID_003963,10.472893244804398,76.3880825181498,0.9235000000000001,0.3125,13,22.166894531250023,0.765216052532196,1.111505150794983
259,620,GRID_003964,10.472893244804398,76.3980825181498,0.6815,0.3125,10,22.166894531250023,0.765216052532196,1.111505150794983
274,707,GRID_003965,10.472893244804398,76.40808251814981,0.2086,0.3125,2,22.166894531250023,0.765216052532196,1.111505150794983
2,755,GRID_003966,10.472893244804398,76.41808251814982,0.3151,0.3125,11,22.166894531250023,0.765216052532196,1.111505150794983
349,720,GRID_003967,10.472893244804398,76.42808251814982,0.3249,0.3125,6,22.166894531250023,0.765216052532196,1.111505150794983
196,598,GRID_003968,10.472893244804398,76.43808251814983,0.1577,0.3125,22,22.166894531250023,0.765216052532196,1.111505150794983
94,721,GRID_003969,10.472893244804398,76.44808251814983,0.2711,0.3125,9,22.166894531250023,0.765216052532196,1.111505150794983
97,409,GRID_003970,10.472893244804398,76.45808251814984,0.5398000000000001,0.3125,21,22.166894531250023,0.765216052532196,1.111505150794983
212,329,GRID_003971,10.472893244804398,76.46808251814984,0.3428,0.3125,16,22.166894531250023,0.765216052532196,1.111505150794983
194,559,GRID_003972,10.472893244804398,76.49808251814986,0.43770000000000003,0.3125,20,22.166894531250023,0.765216052532196,1.111505150794983
210,660,GRID_003973,10.472893244804398,76.50808251814986,0.5456,0.3125,15,22.166894531250023,0.765216052532196,1.111505150794983
73,498,GRID_003974,10.472893244804398,76.51808251814987,0.5905,0.3125,9,22.166894531250023,0.765216052532196,1.111505150794983
74,485,GRID_003975,10.472893244804398,76.52808251814987,0.3073,0.3125,15,22.166894531250023,0.765216052532196,1.111505150794983
38,239,GRID_003976,10.472893244804398,76.54808251814988,0.6439,0.3125,14,22.166894531250023,0.765216052532196,1.111505150794983
16,192,GRID_003977,10.472893244804398,76.55808251814989,0.6914,0.3125,15,22.166894531250023,0.765216052532196,1.111505150794983
216,312,GRID_003978,10.472893244804398,76.5680825181499,0.7896000000000001,0.3125,16,22.166894531250023,0.765216052532196,1.111505150794983
175,801,GRID_003979,10.472893244804398,76.5880825181499,0.21910000000000002,0.3125,25,22.166894531250023,0.765216052532196,1.111505150794983
270,1032,GRID_003980,10.472893244804398,76.59808251814991,0.2134,0.3125,15,22.166894531250023,0.765216052532196,1.111505150794983
140,934,GRID_003981,10.472893244804398,76.60808251814991,0.1361,0.3125,9,22.166894531250023,0.765216052532196,1.111505150794983
301,1009,GRID_003982,10.472893244804398,76.61808251814992,0.1057,0.3125,10,22.166894531250023,0.765216052532196,1.111505150794983
178,1131,GRID_003983,10.472893244804398,76.62808251814992,0.1814,0.1875,7,21.166894531250023,2.265216112136841,1.7115051746368408
155,1069,GRID_003984,10.472893244804398,76.63808251814993,0.1534,0.1875,13,21.166894531250023,2.265216112136841,1.7115051746368408
228,1092,GRID_003985,10.472893244804398,76.64808251814993,0.07440000000000001,0.1875,8,21.166894531250023,2.265216112136841,1.7115051746368408
120,976,GRID_003986,10.472893244804398,76.65808251814994,0.0761,0.1875,13,21.166894531250023,2.265216112136841,1.7115051746368408
342,935,GRID_003987,10.472893244804398,76.66808251814994,0.1784,0.1875,2,21.166894531250023,2.265216112136841,1.7115051746368408
289,1016,GRID_003988,10.472893244804398,76.67808251814995,0.4545,0.1875,9,21.166894531250023,2.265216112136841,1.7115051746368408
143,898,GRID_003989,10.472893244804398,76.68808251814995,0.4625,0.1875,7,21.166894531250023,2.265216112136841,1.7115051746368408
200,794,GRID_003990,10.472893244804398,76.69808251814996,0.48260000000000003,0.1875,4,21.166894531250023,2.265216112136841,1.7115051746368408
166,790,GRID_003991,10.472893244804398,76.70808251814996,0.1981,0.1875,9,21.166894531250023,2.265216112136841,1.7115051746368408
106,669,GRID_003992,10.472893244804398,76.71808251814997,0.2252,0.1875,5,21.166894531250023,2.265216112136841,1.7115051746368408
92,613,GRID_003993,10.472893244804398,76.72808251814998,0.5435,0.1875,20,21.166894531250023,2.265216112136841,1.7115051746368408
159,86,GRID_003994,10.482893244804398,76.35808251814979,0.8669,0.75,12,22.966912841796898,0.16521607339382172,0.11150512844324112
236,159,GRID_003995,10.482893244804398,76.36808251814979,0.8771,0.75,9,22.966912841796898,0.16521607339382172,0.11150512844324112
198,331,GRID_003996,10.482893244804398,76.3780825181498,0.8573000000000001,0.3125,16,22.166894531250023,0.765216052532196,1.111505150794983
201,400,GRID_003997,10.482893244804398,76.3880825181498,0.8778,0.3125,10,22.166894531250023,0.765216052532196,1.111505150794983
240,478,GRID_003998,10.482893244804398,76.3980825181498,0.43,0.3125,11,22.166894531250023,0.765216052532196,1.111505150794983
333,562,GRID_003999,10.482893244804398,76.40808251814981,0.8570000000000001,0.3125,5,22.166894531250023,0.765216052532196,1.111505150794983
57,671,GRID_004000,10.482893244804398,76.41808251814982,0.8735,0.3125,1,22.166894531250023,0.765216052532196,1.111505150794983
306,689,GRID_004001,10.482893244804398,76.42808251814982,0.8703000000000001,0.3125,3,22.166894531250023,0.765216052532196,1.111505150794983
69,734,GRID_004002,10.482893244804398,76.43808251814983,0.7385,0.3125,3,22.166894531250023,0.765216052532196,1.111505150794983
333,659,GRID_004003,10.482893244804398,76.44808251814983,0.4283,0.3125,23,22.166894531250023,0.765216052532196,1.111505150794983
103,525,GRID_004004,10.482893244804398,76.45808251814984,0.7158,0.3125,9,22.166894531250023,0.765216052532196,1.111505150794983
281,615,GRID_004005,10.482893244804398,76.46808251814984,0.1474,0.3125,7,22.166894531250023,0.765216052532196,1.111505150794983
177,643,GRID_004006,10.482893244804398,76.48808251814985,0.4385,0.3125,16,22.166894531250023,0.765216052532196,1.111505150794983
331,622,GRID_004007,10.482893244804398,76.49808251814986,0.5535,0.3125,27,22.166894531250023,0.765216052532196,1.111505150794983
79,506,GRID_004008,10.482893244804398,76.50808251814986,0.41550000000000004,0.3125,26,22.166894531250023,0.765216052532196,1.111505150794983
346,350,GRID_004009,10.482893244804398,76.51808251814987,0.33230000000000004,0.3125,25,22.166894531250023,0.765216052532196,1.111505150794983
341,186,GRID_004010,10.482893244804398,76.52808251814987,0.5935,0.3125,14,22.166894531250023,0.765216052532196,1.111505150794983
61,206,GRID_004011,10.482893244804398,76.53808251814988,0.40940000000000004,0.3125,13,22.166894531250023,0.765216052532196,1.111505150794983
219,162,GRID_004012,10.482893244804398,76.55808251814989,0.7732,0.3125,9,22.166894531250023,0.765216052532196,1.111505150794983
264,263,GRID_004013,10.482893244804398,76.5680825181499,0.5477000000000001,0.3125,16,22.166894531250023,0.765216052532196,1.111505150794983
247,660,GRID_004014,10.482893244804398,76.5780825181499,0.2228,0.3125,26,22.166894531250023,0.765216052532196,1.111505150794983
284,1132,GRID_004015,10.482893244804398,76.5880825181499,0.2924,0.3125,14,22.166894531250023,0.765216052532196,1.111505150794983
284,1122,GRID_004016,10.482893244804398,76.59808251814991,0.19090000000000001,0.3125,15,22.166894531250023,0.765216052532196,1.111505150794983
130,1006,GRID_004017,10.482893244804398,76.60808251814991,0.0902,0.3125,13,22.166894531250023,0.765216052532196,1.111505150794983
216,1008,GRID_004018,10.482893244804398,76.61808251814992,0.11410000000000001,0.3125,4,22.166894531250023,0.765216052532196,1.111505150794983
308,1103,GRID_004019,10.482893244804398,76.62808251814992,0.09280000000000001,0.1875,4,21.166894531250023,2.265216112136841,1.7115051746368408
332,1194,GRID_004020,10.482893244804398,76.63808251814993,0.11910000000000001,0.1875,4,21.166894531250023,2.265216112136841,1.7115051746368408
162,1234,GRID_004021,10.482893244804398,76.64808251814993,0.2963,0.1875,6,21.166894531250023,2.265216112136841,1.7115051746368408
178,1127,GRID_004022,10.482893244804398,76.65808251814994,0.18810000000000002,0.1875,8,21.166894531250023,2.265216112136841,1.7115051746368408
130,1034,GRID_004023,10.482893244804398,76.66808251814994,0.4173,0.1875,19,21.166894531250023,2.265216112136841,1.7115051746368408
329,957,GRID_004024,10.482893244804398,76.67808251814995,0.1497,0.1875,1,21.166894531250023,2.265216112136841,1.7115051746368408
138,1137,GRID_004025,10.482893244804398,76.68808251814995,0.6642,0.1875,32,21.166894531250023,2.265216112136841,1.7115051746368408
127,829,GRID_004026,10.482893244804398,76.69808251814996,0.7561,0.1875,10,21.166894531250023,2.265216112136841,1.7115051746368408
98,828,GRID_004027,10.482893244804398,76.71808251814997,0.2732,0.1875,14,21.166894531250023,2.265216112136841,1.7115051746368408
106,551,GRID_004028,10.482893244804398,76.72808251814998,0.6571,0.1875,1,21.166894531250023,2.265216112136841,1.7115051746368408
10,81,GRID_004029,10.492893244804398,76.33808251814978,0.8557,0.75,7,22.966912841796898,0.16521607339382172,0.11150512844324112
35,516,GRID_004030,10.492893244804398,76.41808251814982,0.8588,0.3125,10,22.166894531250023,0.765216052532196,1.111505150794983
269,556,GRID_004031,10.492893244804398,76.42808251814982,0.8247,0.3125,16,22.166894531250023,0.765216052532196,1.111505150794983
24,476,GRID_004032,10.492893244804398,76.43808251814983,0.6726000000000001,0.3125,28,22.166894531250023,0.765216052532196,1.111505150794983
308,426,GRID_004033,10.492893244804398,76.46808251814984,0.42210000000000003,0.3125,15,22.166894531250023,0.765216052532196,1.111505150794983
1,513,GRID_004034,10.492893244804398,76.47808251814985,0.6067,0.3125,15,22.166894531250023,0.765216052532196,1.111505150794983
329,624,GRID_004035,10.492893244804398,76.48808251814985,0.9086000000000001,0.3125,16,22.166894531250023,0.765216052532196,1.111505150794983
151,372,GRID_004036,10.492893244804398,76.49808251814986,0.7512000000000001,0.3125,15,22.166894531250023,0.765216052532196,1.111505150794983
326,316,GRID_004037,10.492893244804398,76.50808251814986,0.9241,0.3125,29,22.166894531250023,0.765216052532196,1.111505150794983
104,221,GRID_004038,10.492893244804398,76.51808251814987,0.9207000000000001,0.3125,20,22.166894531250023,0.765216052532196,1.111505150794983
328,137,GRID_004039,10.492893244804398,76.52808251814987,0.518,0.3125,9,22.166894531250023,0.765216052532196,1.111505150794983
209,81,GRID_004040,10.492893244804398,76.53808251814988,0.48350000000000004,0.3125,3,22.166894531250023,0.765216052532196,1.111505150794983
285,85,GRID_004041,10.492893244804398,76.54808251814988,0.4112,0.3125,2,22.166894531250023,0.765216052532196,1.111505150794983
346,129,GRID_004042,10.492893244804398,76.55808251814989,0.7255,0.3125,3,22.166894531250023,0.765216052532196,1.111505150794983
315,251,GRID_004043,10.492893244804398,76.5680825181499,0.5896,0.3125,9,22.166894531250023,0.765216052532196,1.111505150794983
338,336,GRID_004044,10.492893244804398,76.5780825181499,0.3715,0.3125,22,22.166894531250023,0.765216052532196,1.111505150794983
354,410,GRID_004045,10.492893244804398,76.5880825181499,0.41440000000000005,0.3125,23,22.166894531250023,0.765216052532196,1.111505150794983
290,785,GRID_004046,10.492893244804398,76.59808251814991,0.5361,0.3125,27,22.166894531250023,0.765216052532196,1.111505150794983
357,1015,GRID_004047,10.492893244804398,76.60808251814991,0.2778,0.3125,18,22.166894531250023,0.765216052532196,1.111505150794983
317,1021,GRID_004048,10.492893244804398,76.61808251814992,0.15030000000000002,0.3125,11,22.166894531250023,0.765216052532196,1.111505150794983
263,1070,GRID_004049,10.492893244804398,76.62808251814992,0.1423,0.1875,11,21.166894531250023,2.265216112136841,1.7115051746368408
18,1210,GRID_004050,10.492893244804398,76.63808251814993,0.1236,0.1875,7,21.166894531250023,2.265216112136841,1.7115051746368408
239,1312,GRID_004051,10.492893244804398,76.64808251814993,0.2029,0.1875,19,21.166894531250023,2.265216112136841,1.7115051746368408
52,1305,GRID_004052,10.492893244804398,76.65808251814994,0.20470000000000002,0.1875,19,21.166894531250023,2.265216112136841,1.7115051746368408
68,1019,GRID_004053,10.492893244804398,76.66808251814994,0.2916,0.1875,19,21.166894531250023,2.265216112136841,1.7115051746368408
255,965,GRID_004054,10.492893244804398,76.67808251814995,0.41200000000000003,0.1875,5,21.166894531250023,2.265216112136841,1.7115051746368408
289,1021,GRID_004055,10.492893244804398,76.68808251814995,0.7795000000000001,0.1875,11,21.166894531250023,2.265216112136841,1.7115051746368408
110,978,GRID_004056,10.492893244804398,76.69808251814996,0.6579,0.1875,20,21.166894531250023,2.265216112136841,1.7115051746368408
64,850,GRID_004057,10.492893244804398,76.70808251814996,0.8817,0.1875,13,21.166894531250023,2.265216112136841,1.7115051746368408
129,629,GRID_004058,10.492893244804398,76.71808251814997,0.671,0.1875,11,21.166894531250023,2.265216112136841,1.7115051746368408
153,697,GRID_004059,10.492893244804398,76.72808251814998,0.45430000000000004,0.1875,19,21.166894531250023,2.265216112136841,1.7115051746368408
176,80,GRID_004060,10.502893244804396,76.31808251814977,0.8774000000000001,0.75,2,22.966912841796898,0.16521607339382172,0.11150512844324112
257,215,GRID_004061,10.502893244804396,76.3980825181498,0.9069,0.3125,16,22.166894531250023,0.765216052532196,1.111505150794983
315,412,GRID_004062,10.502893244804396,76.40808251814981,0.906,0.3125,12,22.166894531250023,0.765216052532196,1.111505150794983
43,298,GRID_004063,10.502893244804396,76.41808251814982,0.8739,0.3125,19,22.166894531250023,0.765216052532196,1.111505150794983
26,225,GRID_004064,10.502893244804396,76.42808251814982,0.8373,0.3125,18,22.166894531250023,0.765216052532196,1.111505150794983
23,198,GRID_004065,10.502893244804396,76.43808251814983,0.6702,0.3125,12,22.166894531250023,0.765216052532196,1.111505150794983
250,216,GRID_004066,10.502893244804396,76.44808251814983,0.6782,0.3125,12,22.166894531250023,0.765216052532196,1.111505150794983
22,344,GRID_004067,10.502893244804396,76.45808251814984,0.42310000000000003,0.3125,7,22.166894531250023,0.765216052532196,1.111505150794983
207,484,GRID_004068,10.502893244804396,76.46808251814984,0.39990000000000003,0.3125,6,22.166894531250023,0.765216052532196,1.111505150794983
326,418,GRID_004069,10.502893244804396,76.47808251814985,0.4923,0.3125,2,22.166894531250023,0.765216052532196,1.111505150794983
325,433,GRID_004070,10.502893244804396,76.48808251814985,0.8878,0.3125,6,22.166894531250023,0.765216052532196,1.111505150794983
107,499,GRID_004071,10.502893244804396,76.49808251814986,0.7823,0.3125,27,22.166894531250023,0.765216052532196,1.111505150794983
114,170,GRID_004072,10.502893244804396,76.50808251814986,0.3678,0.3125,9,22.166894531250023,0.765216052532196,1.111505150794983
358,158,GRID_004073,10.502893244804396,76.51808251814987,0.526,0.3125,8,22.166894531250023,0.765216052532196,1.111505150794983
104,113,GRID_004074,10.502893244804396,76.52808251814987,0.6969000000000001,0.3125,5,22.166894531250023,0.765216052532196,1.111505150794983
304,94,GRID_004075,10.502893244804396,76.53808251814988,0.5649000000000001,0.3125,2,22.166894531250023,0.765216052532196,1.111505150794983
229,127,GRID_004076,10.502893244804396,76.54808251814988,0.6478,0.3125,5,22.166894531250023,0.765216052532196,1.111505150794983
314,129,GRID_004077,10.502893244804396,76.55808251814989,0.6363,0.3125,8,22.166894531250023,0.765216052532196,1.111505150794983
62,127,GRID_004078,10.502893244804396,76.5680825181499,0.37270000000000003,0.3125,10,22.166894531250023,0.765216052532196,1.111505150794983
278,141,GRID_004079,10.502893244804396,76.5780825181499,0.1955,0.3125,3,22.166894531250023,0.765216052532196,1.111505150794983
198,269,GRID_004080,10.502893244804396,76.5880825181499,0.2429,0.3125,12,22.166894531250023,0.765216052532196,1.111505150794983
243,443,GRID_004081,10.502893244804396,76.59808251814991,0.2174,0.3125,11,22.166894531250023,0.765216052532196,1.111505150794983
263,729,GRID_004082,10.502893244804396,76.60808251814991,0.1698,0.3125,22,22.166894531250023,0.765216052532196,1.111505150794983
23,568,GRID_004083,10.502893244804396,76.61808251814992,0.1784,0.3125,27,22.166894531250023,0.765216052532196,1.111505150794983
253,802,GRID_004084,10.502893244804396,76.62808251814992,0.3143,0.1875,29,21.166894531250023,2.265216112136841,1.7115051746368408
246,1270,GRID_004085,10.502893244804396,76.63808251814993,0.0999,0.1875,8,21.166894531250023,2.265216112136841,1.7115051746368408
200,1300,GRID_004086,10.502893244804396,76.64808251814993,0.0879,0.1875,4,21.166894531250023,2.265216112136841,1.7115051746368408
45,1088,GRID_004087,10.502893244804396,76.65808251814994,0.21080000000000002,0.1875,19,21.166894531250023,2.265216112136841,1.7115051746368408
92,1012,GRID_004088,10.502893244804396,76.66808251814994,0.5132,0.1875,11,21.166894531250023,2.265216112136841,1.7115051746368408
149,940,GRID_004089,10.502893244804396,76.67808251814995,0.7698,0.1875,2,21.166894531250023,2.265216112136841,1.7115051746368408
304,978,GRID_004090,10.502893244804396,76.68808251814995,0.643,0.1875,8,21.166894531250023,2.265216112136841,1.7115051746368408
289,1057,GRID_004091,10.502893244804396,76.69808251814996,0.4676,0.1875,15,21.166894531250023,2.265216112136841,1.7115051746368408
113,936,GRID_004092,10.502893244804396,76.70808251814996,0.3743,0.1875,26,21.166894531250023,2.265216112136841,1.7115051746368408
253,779,GRID_004093,10.502893244804396,76.71808251814997,0.6373,0.1875,8,21.166894531250023,2.265216112136841,1.7115051746368408
180,697,GRID_004094,10.502893244804396,76.72808251814998,0.8843000000000001,0.1875,14,21.166894531250023,2.265216112136841,1.7115051746368408
133,118,GRID_004095,10.512893244804395,76.31808251814977,0.8919,0.75,3,22.966912841796898,0.16521607339382172,0.11150512844324112
72,105,GRID_004096,10.512893244804395,76.32808251814977,0.5375,0.75,2,22.966912841796898,0.16521607339382172,0.11150512844324112
153,144,GRID_004097,10.512893244804395,76.33808251814978,0.9016000000000001,0.75,10,22.966912841796898,0.16521607339382172,0.11150512844324112
278,94,GRID_004098,10.512893244804395,76.34808251814978,0.8687,0.75,4,22.966912841796898,0.16521607339382172,0.11150512844324112
330,152,GRID_004099,10.512893244804395,76.35808251814979,0.8823000000000001,0.75,1,22.966912841796898,0.16521607339382172,0.11150512844324112
162,150,GRID_004100,10.512893244804395,76.36808251814979,0.8205,0.75,10,22.966912841796898,0.16521607339382172,0.11150512844324112
216,205,GRID_004101,10.512893244804395,76.3780825181498,0.8887,0.3125,3,22.166894531250023,0.765216052532196,1.111505150794983
3,112,GRID_004102,10.512893244804395,76.3880825181498,0.8914000000000001,0.3125,2,22.166894531250023,0.765216052532196,1.111505150794983
210,97,GRID_004103,10.512893244804395,76.3980825181498,0.7817000000000001,0.3125,5,22.166894531250023,0.765216052532196,1.111505150794983
204,181,GRID_004104,10.512893244804395,76.40808251814981,0.8818,0.3125,6,22.166894531250023,0.765216052532196,1.111505150794983
297,110,GRID_004105,10.512893244804395,76.41808251814982,0.87,0.3125,3,22.166894531250023,0.765216052532196,1.111505150794983
98,139,GRID_004106,10.512893244804395,76.42808251814982,0.9498000000000001,0.3125,5,22.166894531250023,0.765216052532196,1.111505150794983
304,246,GRID_004107,10.512893244804395,76.43808251814983,0.8119000000000001,0.3125,5,22.166894531250023,0.765216052532196,1.111505150794983
42,188,GRID_004108,10.512893244804395,76.44808251814983,0.6306,0.3125,6,22.166894531250023,0.765216052532196,1.111505150794983
344,259,GRID_004109,10.512893244804395,76.45808251814984,0.6721,0.3125,12,22.166894531250023,0.765216052532196,1.111505150794983
356,325,GRID_004110,10.512893244804395,76.46808251814984,0.7061000000000001,0.3125,20,22.166894531250023,0.765216052532196,1.111505150794983
325,417,GRID_004111,10.512893244804395,76.47808251814985,0.8465,0.3125,7,22.166894531250023,0.765216052532196,1.111505150794983
9,304,GRID_004112,10.512893244804395,76.49808251814986,0.8905000000000001,0.3125,23,22.166894531250023,0.765216052532196,1.111505150794983
252,69,GRID_004113,10.512893244804395,76.53808251814988,0.33190000000000003,0.3125,1,22.166894531250023,0.765216052532196,1.111505150794983
235,133,GRID_004114,10.512893244804395,76.54808251814988,0.6299,0.3125,2,22.166894531250023,0.765216052532196,1.111505150794983
74,96,GRID_004115,10.512893244804395,76.55808251814989,0.6123000000000001,0.3125,5,22.166894531250023,0.765216052532196,1.111505150794983
312,178,GRID_004116,10.512893244804395,76.5880825181499,0.6269,0.3125,13,22.166894531250023,0.765216052532196,1.111505150794983
330,453,GRID_004117,10.512893244804395,76.59808251814991,0.6331,0.3125,34,22.166894531250023,0.765216052532196,1.111505150794983
42,362,GRID_004118,10.512893244804395,76.60808251814991,0.5726,0.3125,23,22.166894531250023,0.765216052532196,1.111505150794983
290,414,GRID_004119,10.512893244804395,76.61808251814992,0.7489,0.3125,21,22.166894531250023,0.765216052532196,1.111505150794983
357,634,GRID_004120,10.512893244804395,76.62808251814992,0.536,0.1875,26,21.166894531250023,2.265216112136841,1.7115051746368408
336,1184,GRID_004121,10.512893244804395,76.63808251814993,0.33240000000000003,0.1875,20,21.166894531250023,2.265216112136841,1.7115051746368408
351,1109,GRID_004122,10.512893244804395,76.64808251814993,0.11720000000000001,0.1875,35,21.166894531250023,2.265216112136841,1.7115051746368408
55,1192,GRID_004123,10.512893244804395,76.65808251814994,0.3044,0.1875,25,21.166894531250023,2.265216112136841,1.7115051746368408
18,945,GRID_004124,10.512893244804395,76.66808251814994,0.5329,0.1875,6,21.166894531250023,2.265216112136841,1.7115051746368408
262,946,GRID_004125,10.512893244804395,76.67808251814995,0.46730000000000005,0.1875,1,21.166894531250023,2.265216112136841,1.7115051746368408
331,963,GRID_004126,10.512893244804395,76.68808251814995,0.49860000000000004,0.1875,1,21.166894531250023,2.265216112136841,1.7115051746368408
236,1006,GRID_004127,10.512893244804395,76.69808251814996,0.5254,0.1875,4,21.166894531250023,2.265216112136841,1.7115051746368408
308,1024,GRID_004128,10.512893244804395,76.70808251814996,0.4197,0.1875,11,21.166894531250023,2.265216112136841,1.7115051746368408
96,844,GRID_004129,10.512893244804395,76.71808251814997,0.4862,0.1875,11,21.166894531250023,2.265216112136841,1.7115051746368408
292,938,GRID_004130,10.512893244804395,76.72808251814998,0.2533,0.1875,19,21.166894531250023,2.265216112136841,1.7115051746368408
89,1110,GRID_004131,10.512893244804395,76.73808251814998,0.12890000000000001,0.1875,7,21.166894531250023,2.265216112136841,1.7115051746368408
172,32,GRID_004132,10.522893244804395,76.28808251814975,0.8181,0.75,3,22.966912841796898,0.16521607339382172,0.11150512844324112
267,21,GRID_004133,10.522893244804395,76.29808251814976,0.7535000000000001,0.75,2,22.966912841796898,0.16521607339382172,0.11150512844324112
117,76,GRID_004134,10.522893244804395,76.32808251814977,0.5052,0.75,2,22.966912841796898,0.16521607339382172,0.11150512844324112
331,87,GRID_004135,10.522893244804395,76.34808251814978,0.8360000000000001,0.75,1,22.966912841796898,0.16521607339382172,0.11150512844324112
319,93,GRID_004136,10.522893244804395,76.35808251814979,0.7130000000000001,0.75,1,22.966912841796898,0.16521607339382172,0.11150512844324112
337,101,GRID_004137,10.522893244804395,76.36808251814979,0.9222,0.75,3,22.966912841796898,0.16521607339382172,0.11150512844324112
28,97,GRID_004138,10.522893244804395,76.3780825181498,0.7693,0.3125,3,22.166894531250023,0.765216052532196,1.111505150794983
64,72,GRID_004139,10.522893244804395,76.3880825181498,0.4732,0.3125,2,22.166894531250023,0.765216052532196,1.111505150794983
61,75,GRID_004140,10.522893244804395,76.3980825181498,0.5157,0.3125,1,22.166894531250023,0.765216052532196,1.111505150794983
10,93,GRID_004141,10.522893244804395,76.40808251814981,0.8012,0.3125,1,22.166894531250023,0.765216052532196,1.111505150794983
311,119,GRID_004142,10.522893244804395,76.41808251814982,0.6812,0.3125,5,22.166894531250023,0.765216052532196,1.111505150794983
305,202,GRID_004143,10.522893244804395,76.44808251814983,0.8775000000000001,0.3125,6,22.166894531250023,0.765216052532196,1.111505150794983
30,120,GRID_004144,10.522893244804395,76.45808251814984,0.908,0.3125,6,22.166894531250023,0.765216052532196,1.111505150794983
335,142,GRID_004145,10.522893244804395,76.46808251814984,0.9072,0.3125,9,22.166894531250023,0.765216052532196,1.111505150794983
38,141,GRID_004146,10.522893244804395,76.47808251814985,0.9058,0.3125,9,22.166894531250023,0.765216052532196,1.111505150794983
331,92,GRID_004147,10.522893244804395,76.48808251814985,0.8914000000000001,0.3125,3,22.166894531250023,0.765216052532196,1.111505150794983
21,94,GRID_004148,10.522893244804395,76.49808251814986,0.8863000000000001,0.3125,4,22.166894531250023,0.765216052532196,1.111505150794983
68,159,GRID_004149,10.522893244804395,76.50808251814986,0.8695,0.3125,6,22.166894531250023,0.765216052532196,1.111505150794983
221,91,GRID_004150,10.522893244804395,76.51808251814987,0.8821,0.3125,2,22.166894531250023,0.765216052532196,1.111505150794983
90,69,GRID_004151,10.522893244804395,76.52808251814987,0.9957,0.3125,0,22.166894531250023,0.765216052532196,1.111505150794983
135,81,GRID_004152,10.522893244804395,76.5780825181499,0.8428,0.3125,0,22.166894531250023,0.765216052532196,1.111505150794983
153,84,GRID_004153,10.522893244804395,76.5880825181499,0.8145,0.3125,1,22.166894531250023,0.765216052532196,1.111505150794983
294,100,GRID_004154,10.522893244804395,76.59808251814991,0.9191,0.3125,5,22.166894531250023,0.765216052532196,1.111505150794983
305,124,GRID_004155,10.522893244804395,76.60808251814991,0.7951,0.3125,4,22.166894531250023,0.765216052532196,1.111505150794983
235,561,GRID_004156,10.522893244804395,76.61808251814992,0.5729000000000001,0.3125,30,22.166894531250023,0.765216052532196,1.111505150794983
69,365,GRID_004157,10.522893244804395,76.62808251814992,0.5124000000000001,0.1875,29,21.166894531250023,2.265216112136841,1.7115051746368408
307,605,GRID_004158,10.522893244804395,76.63808251814993,0.5321,0.1875,32,21.166894531250023,2.265216112136841,1.7115051746368408
37,567,GRID_004159,10.522893244804395,76.64808251814993,0.6538,0.1875,27,21.166894531250023,2.265216112136841,1.7115051746368408
307,1055,GRID_004160,10.522893244804395,76.65808251814994,0.1408,0.1875,31,21.166894531250023,2.265216112136841,1.7115051746368408
94,989,GRID_004161,10.522893244804395,76.66808251814994,0.3247,0.1875,9,21.166894531250023,2.265216112136841,1.7115051746368408
264,988,GRID_004162,10.522893244804395,76.67808251814995,0.1431,0.1875,1,21.166894531250023,2.265216112136841,1.7115051746368408
313,999,GRID_004163,10.522893244804395,76.68808251814995,0.3183,0.1875,3,21.166894531250023,2.265216112136841,1.7115051746368408
145,974,GRID_004164,10.522893244804395,76.69808251814996,0.23600000000000002,0.1875,3,21.166894531250023,2.265216112136841,1.7115051746368408
233,989,GRID_004165,10.522893244804395,76.70808251814996,0.1695,0.1875,7,21.166894531250023,2.265216112136841,1.7115051746368408
143,1074,GRID_004166,10.522893244804395,76.71808251814997,0.2426,0.1875,24,21.166894531250023,2.265216112136841,1.7115051746368408
275,1213,GRID_004167,10.522893244804395,76.72808251814998,0.12290000000000001,0.1875,21,21.166894531250023,2.265216112136841,1.7115051746368408
154,29,GRID_004168,10.532893244804397,76.28808251814975,0.7549,0.75,2,22.966912841796898,0.16521607339382172,0.11150512844324112
94,18,GRID_004169,10.532893244804397,76.29808251814976,0.8248000000000001,0.75,4,22.966912841796898,0.16521607339382172,0.11150512844324112
338,63,GRID_004170,10.532893244804397,76.30808251814976,0.8924000000000001,0.75,1,22.966912841796898,0.16521607339382172,0.11150512844324112
313,74,GRID_004171,10.532893244804397,76.31808251814977,0.9083,0.75,12,22.966912841796898,0.16521607339382172,0.11150512844324112
55,48,GRID_004172,10.532893244804397,76.32808251814977,0.8721,0.75,1,22.966912841796898,0.16521607339382172,0.11150512844324112
344,91,GRID_004173,10.532893244804397,76.33808251814978,0.737,0.75,9,22.966912841796898,0.16521607339382172,0.11150512844324112
343,63,GRID_004174,10.532893244804397,76.34808251814978,0.9088,0.75,2,22.966912841796898,0.16521607339382172,0.11150512844324112
42,81,GRID_004175,10.532893244804397,76.35808251814979,0.48800000000000004,0.75,5,22.966912841796898,0.16521607339382172,0.11150512844324112
11,68,GRID_004176,10.532893244804397,76.36808251814979,0.5826,0.75,3,22.966912841796898,0.16521607339382172,0.11150512844324112
119,85,GRID_004177,10.532893244804397,76.3780825181498,0.7546,0.3125,1,22.166894531250023,0.765216052532196,1.111505150794983
270,72,GRID_004178,10.532893244804397,76.3880825181498,0.313,0.3125,3,22.166894531250023,0.765216052532196,1.111505150794983
176,107,GRID_004179,10.532893244804397,76.3980825181498,0.6323000000000001,0.3125,3,22.166894531250023,0.765216052532196,1.111505150794983
173,128,GRID_004180,10.532893244804397,76.40808251814981,0.6901,0.3125,7,22.166894531250023,0.765216052532196,1.111505150794983
283,118,GRID_004181,10.532893244804397,76.44808251814983,0.733,0.3125,2,22.166894531250023,0.765216052532196,1.111505150794983
72,77,GRID_004182,10.532893244804397,76.48808251814985,0.8749,0.3125,3,22.166894531250023,0.765216052532196,1.111505150794983
211,104,GRID_004183,10.532893244804397,76.49808251814986,0.8425,0.3125,2,22.166894531250023,0.765216052532196,1.111505150794983
119,64,GRID_004184,10.532893244804397,76.52808251814987,0.6992,0.3125,1,22.166894531250023,0.765216052532196,1.111505150794983
177,84,GRID_004185,10.532893244804397,76.53808251814988,0.7827000000000001,0.3125,2,22.166894531250023,0.765216052532196,1.111505150794983
176,68,GRID_004186,10.532893244804397,76.54808251814988,0.7072,0.3125,2,22.166894531250023,0.765216052532196,1.111505150794983
119,87,GRID_004187,10.532893244804397,76.55808251814989,0.8514,0.3125,1,22.166894531250023,0.765216052532196,1.111505150794983
142,72,GRID_004188,10.532893244804397,76.5680825181499,0.7446,0.3125,2,22.166894531250023,0.765216052532196,1.111505150794983
339,92,GRID_004189,10.532893244804397,76.5780825181499,0.6281,0.3125,2,22.166894531250023,0.765216052532196,1.111505150794983
296,74,GRID_004190,10.532893244804397,76.5880825181499,0.7534000000000001,0.3125,1,22.166894531250023,0.765216052532196,1.111505150794983
234,100,GRID_004191,10.532893244804397,76.59808251814991,0.8736,0.3125,1,22.166894531250023,0.765216052532196,1.111505150794983
42,405,GRID_004192,10.532893244804397,76.61808251814992,0.22610000000000002,0.3125,35,22.166894531250023,0.765216052532196,1.111505150794983
29,127,GRID_004193,10.532893244804397,76.62808251814992,0.787,0.1875,9,21.166894531250023,2.265216112136841,1.7115051746368408
314,242,GRID_004194,10.532893244804397,76.63808251814993,0.7508,0.1875,14,21.166894531250023,2.265216112136841,1.7115051746368408
23,284,GRID_004195,10.532893244804397,76.64808251814993,0.7778,0.1875,16,21.166894531250023,2.265216112136841,1.7115051746368408
326,560,GRID_004196,10.532893244804397,76.65808251814994,0.9774,0.1875,18,21.166894531250023,2.265216112136841,1.7115051746368408
316,745,GRID_004197,10.532893244804397,76.66808251814994,0.7234,0.1875,30,21.166894531250023,2.265216112136841,1.7115051746368408
121,1019,GRID_004198,10.532893244804397,76.67808251814995,0.06570000000000001,0.1875,5,21.166894531250023,2.265216112136841,1.7115051746368408
158,991,GRID_004199,10.532893244804397,76.68808251814995,0.0888,0.1875,1,21.166894531250023,2.265216112136841,1.7115051746368408
253,1008,GRID_004200,10.532893244804397,76.69808251814996,0.4657,0.1875,3,21.166894531250023,2.265216112136841,1.7115051746368408
244,1079,GRID_004201,10.532893244804397,76.70808251814996,0.6236,0.1875,13,21.166894531250023,2.265216112136841,1.7115051746368408
174,1298,GRID_004202,10.532893244804397,76.71808251814997,0.18460000000000001,0.1875,3,21.166894531250023,2.265216112136841,1.7115051746368408
231,1264,GRID_004203,10.532893244804397,76.72808251814998,0.12890000000000001,0.1875,14,21.166894531250023,2.265216112136841,1.7115051746368408
217,1258,GRID_004204,10.532893244804397,76.73808251814998,0.2602,0.1875,2,21.166894531250023,2.265216112136841,1.7115051746368408
0,0,GRID_004205,10.542893244804397,75.97808251814959,,0.8125,0,26.366906738281273,4.76521635055542,-1.888494849205017
312,129,GRID_004206,10.542893244804397,76.29808251814976,0.904,0.75,9,22.966912841796898,0.16521607339382172,0.11150512844324112
137,42,GRID_004207,10.542893244804397,76.30808251814976,0.8164,0.75,4,22.966912841796898,0.16521607339382172,0.11150512844324112
107,37,GRID_004208,10.542893244804397,76.31808251814977,0.8569,0.75,3,22.966912841796898,0.16521607339382172,0.11150512844324112
217,29,GRID_004209,10.542893244804397,76.32808251814977,0.779,0.75,2,22.966912841796898,0.16521607339382172,0.11150512844324112
288,26,GRID_004210,10.542893244804397,76.33808251814978,0.6716000000000001,0.75,3,22.966912841796898,0.16521607339382172,0.11150512844324112
265,64,GRID_004211,10.542893244804397,76.34808251814978,0.5572,0.75,8,22.966912841796898,0.16521607339382172,0.11150512844324112
206,158,GRID_004212,10.542893244804397,76.35808251814979,0.9227000000000001,0.75,3,22.966912841796898,0.16521607339382172,0.11150512844324112
204,148,GRID_004213,10.542893244804397,76.36808251814979,0.8397,0.75,11,22.966912841796898,0.16521607339382172,0.11150512844324112
155,143,GRID_004214,10.542893244804397,76.3780825181498,0.6681,0.3125,14,22.166894531250023,0.765216052532196,1.111505150794983
135,71,GRID_004215,10.542893244804397,76.3880825181498,0.4844,0.3125,2,22.166894531250023,0.765216052532196,1.111505150794983
55,102,GRID_004216,10.542893244804397,76.41808251814982,0.7575000000000001,0.3125,4,22.166894531250023,0.765216052532196,1.111505150794983
105,132,GRID_004217,10.542893244804397,76.43808251814983,0.5896,0.3125,10,22.166894531250023,0.765216052532196,1.111505150794983
267,79,GRID_004218,10.542893244804397,76.45808251814984,0.7855000000000001,0.3125,2,22.166894531250023,0.765216052532196,1.111505150794983
176,109,GRID_004219,10.542893244804397,76.46808251814984,0.8695,0.3125,3,22.166894531250023,0.765216052532196,1.111505150794983
62,69,GRID_004220,10.542893244804397,76.47808251814985,0.8037000000000001,0.3125,2,22.166894531250023,0.765216052532196,1.111505150794983
256,82,GRID_004221,10.542893244804397,76.48808251814985,0.8879,0.3125,2,22.166894531250023,0.765216052532196,1.111505150794983
262,61,GRID_004222,10.542893244804397,76.51808251814987,0.8284,0.3125,2,22.166894531250023,0.765216052532196,1.111505150794983
225,108,GRID_004223,10.542893244804397,76.52808251814987,0.758,0.3125,3,22.166894531250023,0.765216052532196,1.111505150794983
198,76,GRID_004224,10.542893244804397,76.53808251814988,0.8747,0.3125,2,22.166894531250023,0.765216052532196,1.111505150794983
200,98,GRID_004225,10.542893244804397,76.54808251814988,0.8935000000000001,0.3125,8,22.166894531250023,0.765216052532196,1.111505150794983
222,134,GRID_004226,10.542893244804397,76.55808251814989,0.8755000000000001,0.3125,11,22.166894531250023,0.765216052532196,1.111505150794983
71,105,GRID_004227,10.542893244804397,76.5680825181499,0.8804000000000001,0.3125,5,22.166894531250023,0.765216052532196,1.111505150794983
304,105,GRID_004228,10.542893244804397,76.59808251814991,0.8743000000000001,0.3125,8,22.166894531250023,0.765216052532196,1.111505150794983
354,86,GRID_004229,10.542893244804397,76.61808251814992,0.75,0.3125,1,22.166894531250023,0.765216052532196,1.111505150794983
90,88,GRID_004230,10.542893244804397,76.62808251814992,0.1213,0.1875,1,21.166894531250023,2.265216112136841,1.7115051746368408
227,89,GRID_004231,10.542893244804397,76.63808251814993,0.1327,0.1875,4,21.166894531250023,2.265216112136841,1.7115051746368408
177,153,GRID_004232,10.542893244804397,76.64808251814993,0.672,0.1875,10,21.166894531250023,2.265216112136841,1.7115051746368408
219,412,GRID_004233,10.542893244804397,76.65808251814994,0.735,0.1875,25,21.166894531250023,2.265216112136841,1.7115051746368408
274,673,GRID_004234,10.542893244804397,76.66808251814994,0.2136,0.1875,19,21.166894531250023,2.265216112136841,1.7115051746368408
327,862,GRID_004235,10.542893244804397,76.67808251814995,0.15230000000000002,0.1875,18,21.166894531250023,2.265216112136841,1.7115051746368408
326,1005,GRID_004236,10.542893244804397,76.68808251814995,0.2293,0.1875,7,21.166894531250023,2.265216112136841,1.7115051746368408
318,1013,GRID_004237,10.542893244804397,76.69808251814996,0.056900000000000006,0.1875,4,21.166894531250023,2.265216112136841,1.7115051746368408
321,1034,GRID_004238,10.542893244804397,76.70808251814996,0.23600000000000002,0.1875,6,21.166894531250023,2.265216112136841,1.7115051746368408
358,1100,GRID_004239,10.542893244804397,76.71808251814997,0.5143,0.1875,9,21.166894531250023,2.265216112136841,1.7115051746368408
350,1261,GRID_004240,10.542893244804397,76.72808251814998,0.0634,0.1875,30,21.166894531250023,2.265216112136841,1.7115051746368408
356,1469,GRID_004241,10.542893244804397,76.73808251814998,0.3085,0.1875,20,21.166894531250023,2.265216112136841,1.7115051746368408
0,0,GRID_004242,10.552893244804396,75.96808251814959,,0.8125,0,26.366906738281273,4.76521635055542,-1.888494849205017
330,40,GRID_004243,10.552893244804396,76.28808251814975,0.671,0.75,2,22.966912841796898,0.16521607339382172,0.11150512844324112
204,54,GRID_004244,10.552893244804396,76.29808251814976,0.6594,0.75,2,22.966912841796898,0.16521607339382172,0.11150512844324112
13,24,GRID_004245,10.552893244804396,76.30808251814976,0.464,0.75,1,22.966912841796898,0.16521607339382172,0.11150512844324112
15,19,GRID_004246,10.552893244804396,76.31808251814977,0.8793000000000001,0.75,3,22.966912841796898,0.16521607339382172,0.11150512844324112
339,28,GRID_004247,10.552893244804396,76.32808251814977,0.6,0.75,2,22.966912841796898,0.16521607339382172,0.11150512844324112
135,18,GRID_004248,10.552893244804396,76.33808251814978,0.3854,0.75,0,22.966912841796898,0.16521607339382172,0.11150512844324112
331,30,GRID_004249,10.552893244804396,76.34808251814978,0.4736,0.75,2,22.966912841796898,0.16521607339382172,0.11150512844324112
329,61,GRID_004250,10.552893244804396,76.35808251814979,0.8018000000000001,0.75,9,22.966912841796898,0.16521607339382172,0.11150512844324112
340,113,GRID_004251,10.552893244804396,76.36808251814979,0.9024000000000001,0.75,14,22.966912841796898,0.16521607339382172,0.11150512844324112
305,336,GRID_004252,10.552893244804396,76.3780825181498,0.6853,0.3125,10,22.166894531250023,0.765216052532196,1.111505150794983
98,123,GRID_004253,10.552893244804396,76.3880825181498,0.7100000000000001,0.3125,12,22.166894531250023,0.765216052532196,1.111505150794983
147,167,GRID_004254,10.552893244804396,76.3980825181498,0.8309000000000001,0.3125,10,22.166894531250023,0.765216052532196,1.111505150794983
155,99,GRID_004255,10.552893244804396,76.40808251814981,0.8031,0.3125,6,22.166894531250023,0.765216052532196,1.111505150794983
170,75,GRID_004256,10.552893244804396,76.41808251814982,0.6291,0.3125,1,22.166894531250023,0.765216052532196,1.111505150794983
275,109,GRID_004257,10.552893244804396,76.44808251814983,0.7526,0.3125,4,22.166894531250023,0.765216052532196,1.111505150794983
152,102,GRID_004258,10.552893244804396,76.45808251814984,0.8732000000000001,0.3125,2,22.166894531250023,0.765216052532196,1.111505150794983
0,62,GRID_004259,10.552893244804396,76.49808251814986,0.6321,0.3125,1,22.166894531250023,0.765216052532196,1.111505150794983
128,64,GRID_004260,10.552893244804396,76.50808251814986,0.6932,0.3125,1,22.166894531250023,0.765216052532196,1.111505150794983
235,81,GRID_004261,10.552893244804396,76.51808251814987,0.8582000000000001,0.3125,2,22.166894531250023,0.765216052532196,1.111505150794983
61,73,GRID_004262,10.552893244804396,76.52808251814987,0.7499,0.3125,1,22.166894531250023,0.765216052532196,1.111505150794983
225,117,GRID_004263,10.552893244804396,76.53808251814988,0.8834000000000001,0.3125,7,22.166894531250023,0.765216052532196,1.111505150794983
12,188,GRID_004264,10.552893244804396,76.54808251814988,0.8963000000000001,0.3125,19,22.166894531250023,0.765216052532196,1.111505150794983
161,88,GRID_004265,10.552893244804396,76.59808251814991,0.6930000000000001,0.3125,1,22.166894531250023,0.765216052532196,1.111505150794983
354,84,GRID_004266,10.552893244804396,76.60808251814991,0.7582,0.3125,1,22.166894531250023,0.765216052532196,1.111505150794983
221,97,GRID_004267,10.552893244804396,76.62808251814992,0.7297,0.1875,4,21.166894531250023,2.265216112136841,1.7115051746368408
185,246,GRID_004268,10.552893244804396,76.63808251814993,0.6827000000000001,0.1875,10,21.166894531250023,2.265216112136841,1.7115051746368408
157,188,GRID_004269,10.552893244804396,76.64808251814993,0.4312,0.1875,15,21.166894531250023,2.265216112136841,1.7115051746368408
263,472,GRID_004270,10.552893244804396,76.65808251814994,0.28400000000000003,0.1875,24,21.166894531250023,2.265216112136841,1.7115051746368408
308,768,GRID_004271,10.552893244804396,76.66808251814994,0.4958,0.1875,30,21.166894531250023,2.265216112136841,1.7115051746368408
38,937,GRID_004272,10.552893244804396,76.67808251814995,0.1434,0.1875,21,21.166894531250023,2.265216112136841,1.7115051746368408
313,990,GRID_004273,10.552893244804396,76.68808251814995,0.38380000000000003,0.1875,6,21.166894531250023,2.265216112136841,1.7115051746368408
334,965,GRID_004274,10.552893244804396,76.70808251814996,0.3662,0.1875,12,21.166894531250023,2.265216112136841,1.7115051746368408
353,1051,GRID_004275,10.552893244804396,76.71808251814997,0.31420000000000003,0.1875,5,21.166894531250023,2.265216112136841,1.7115051746368408
342,1088,GRID_004276,10.552893244804396,76.72808251814998,0.35810000000000003,0.1875,9,21.166894531250023,2.265216112136841,1.7115051746368408
330,1085,GRID_004277,10.552893244804396,76.73808251814998,0.6508,0.1875,11,21.166894531250023,2.265216112136841,1.7115051746368408
170,30,GRID_004278,10.562893244804396,76.28808251814975,0.6234000000000001,0.75,2,22.966912841796898,0.16521607339382172,0.11150512844324112
183,50,GRID_004279,10.562893244804396,76.29808251814976,0.7042,0.75,2,22.966912841796898,0.16521607339382172,0.11150512844324112
81,52,GRID_004280,10.562893244804396,76.30808251814976,0.6517000000000001,0.75,4,22.966912841796898,0.16521607339382172,0.11150512844324112
187,58,GRID_004281,10.562893244804396,76.31808251814977,0.6272,0.75,10,22.966912841796898,0.16521607339382172,0.11150512844324112
313,36,GRID_004282,10.562893244804396,76.32808251814977,0.56,0.75,3,22.966912841796898,0.16521607339382172,0.11150512844324112
225,69,GRID_004283,10.562893244804396,76.33808251814978,0.5407000000000001,0.75,10,22.966912841796898,0.16521607339382172,0.11150512844324112
270,29,GRID_004284,10.562893244804396,76.34808251814978,0.6802,0.75,0,22.966912841796898,0.16521607339382172,0.11150512844324112
124,46,GRID_004285,10.562893244804396,76.35808251814979,0.5072,0.75,2,22.966912841796898,0.16521607339382172,0.11150512844324112
273,41,GRID_004286,10.562893244804396,76.36808251814979,0.615,0.75,2,22.966912841796898,0.16521607339382172,0.11150512844324112
254,275,GRID_004287,10.562893244804396,76.3780825181498,0.4968,0.3125,18,22.166894531250023,0.765216052532196,1.111505150794983
305,122,GRID_004288,10.562893244804396,76.45808251814984,0.8866,0.3125,5,22.166894531250023,0.765216052532196,1.111505150794983
156,59,GRID_004289,10.562893244804396,76.49808251814986,0.6792,0.3125,1,22.166894531250023,0.765216052532196,1.111505150794983
72,58,GRID_004290,10.562893244804396,76.50808251814986,0.7223,0.3125,0,22.166894531250023,0.765216052532196,1.111505150794983
69,68,GRID_004291,10.562893244804396,76.51808251814987,0.8121,0.3125,2,22.166894531250023,0.765216052532196,1.111505150794983
237,75,GRID_004292,10.562893244804396,76.52808251814987,0.7708,0.3125,3,22.166894531250023,0.765216052532196,1.111505150794983
23,73,GRID_004293,10.562893244804396,76.53808251814988,0.8016000000000001,0.3125,2,22.166894531250023,0.765216052532196,1.111505150794983
86,82,GRID_004294,10.562893244804396,76.54808251814988,0.8452000000000001,0.3125,2,22.166894531250023,0.765216052532196,1.111505150794983
338,74,GRID_004295,10.562893244804396,76.5880825181499,0.7639,0.3125,1,22.166894531250023,0.765216052532196,1.111505150794983
143,75,GRID_004296,10.562893244804396,76.60808251814991,0.7927000000000001,0.3125,1,22.166894531250023,0.765216052532196,1.111505150794983
343,103,GRID_004297,10.562893244804396,76.62808251814992,0.6918000000000001,0.1875,4,21.166894531250023,2.265216112136841,1.7115051746368408
294,542,GRID_004298,10.562893244804396,76.63808251814993,0.5253,0.1875,33,21.166894531250023,2.265216112136841,1.7115051746368408
77,287,GRID_004299,10.562893244804396,76.64808251814993,0.6982,0.1875,9,21.166894531250023,2.265216112136841,1.7115051746368408
38,367,GRID_004300,10.562893244804396,76.67808251814995,0.8349000000000001,0.1875,9,21.166894531250023,2.265216112136841,1.7115051746368408
355,272,GRID_004301,10.562893244804396,76.70808251814996,0.24070000000000003,0.1875,20,21.166894531250023,2.265216112136841,1.7115051746368408
349,338,GRID_004302,10.562893244804396,76.71808251814997,0.8027000000000001,0.1875,24,21.166894531250023,2.265216112136841,1.7115051746368408
353,565,GRID_004303,10.562893244804396,76.72808251814998,0.7994,0.1875,39,21.166894531250023,2.265216112136841,1.7115051746368408
351,773,GRID_004304,10.562893244804396,76.73808251814998,0.7209,0.1875,42,21.166894531250023,2.265216112136841,1.7115051746368408
354,824,GRID_004305,10.562893244804396,76.74808251814999,0.7976000000000001,0.1875,41,21.166894531250023,2.265216112136841,1.7115051746368408
211,164,GRID_004306,10.572893244804396,76.29808251814976,0.6995,0.75,12,22.966912841796898,0.16521607339382172,0.11150512844324112
136,70,GRID_004307,10.572893244804396,76.30808251814976,0.6723,0.75,9,22.966912841796898,0.16521607339382172,0.11150512844324112
131,171,GRID_004308,10.572893244804396,76.31808251814977,0.6174000000000001,0.75,12,22.966912841796898,0.16521607339382172,0.11150512844324112
174,75,GRID_004309,10.572893244804396,76.32808251814977,0.5188,0.75,16,22.966912841796898,0.16521607339382172,0.11150512844324112
88,56,GRID_004310,10.572893244804396,76.33808251814978,0.5128,0.75,3,22.966912841796898,0.16521607339382172,0.11150512844324112
246,43,GRID_004311,10.572893244804396,76.34808251814978,0.47940000000000005,0.75,1,22.966912841796898,0.16521607339382172,0.11150512844324112
346,48,GRID_004312,10.572893244804396,76.35808251814979,0.7351000000000001,0.75,4,22.966912841796898,0.16521607339382172,0.11150512844324112
125,72,GRID_004313,10.572893244804396,76.36808251814979,0.6125,0.75,6,22.966912841796898,0.16521607339382172,0.11150512844324112
328,165,GRID_004314,10.572893244804396,76.3980825181498,0.7817000000000001,0.3125,3,22.166894531250023,0.765216052532196,1.111505150794983
72,103,GRID_004315,10.572893244804396,76.42808251814982,0.8242,0.3125,3,22.166894531250023,0.765216052532196,1.111505150794983
203,94,GRID_004316,10.572893244804396,76.44808251814983,0.8497,0.3125,3,22.166894531250023,0.765216052532196,1.111505150794983
302,64,GRID_004317,10.572893244804396,76.50808251814986,0.7469,0.3125,2,22.166894531250023,0.765216052532196,1.111505150794983
260,61,GRID_004318,10.572893244804396,76.51808251814987,0.7805000000000001,0.3125,1,22.166894531250023,0.765216052532196,1.111505150794983
274,68,GRID_004319,10.572893244804396,76.52808251814987,0.7586,0.3125,2,22.166894531250023,0.765216052532196,1.111505150794983
310,64,GRID_004320,10.572893244804396,76.53808251814988,0.5842,0.3125,1,22.166894531250023,0.765216052532196,1.111505150794983
128,86,GRID_004321,10.572893244804396,76.54808251814988,0.8545,0.3125,1,22.166894531250023,0.765216052532196,1.111505150794983
0,74,GRID_004322,10.572893244804396,76.60808251814991,0.7293000000000001,0.3125,0,22.166894531250023,0.765216052532196,1.111505150794983
1,114,GRID_004323,10.572893244804396,76.69808251814996,0.8271000000000001,0.1875,7,21.166894531250023,2.265216112136841,1.7115051746368408
344,117,GRID_004324,10.572893244804396,76.70808251814996,0.7785000000000001,0.1875,5,21.166894531250023,2.265216112136841,1.7115051746368408
332,122,GRID_004325,10.572893244804396,76.71808251814997,0.7175,0.1875,3,21.166894531250023,2.265216112136841,1.7115051746368408
344,142,GRID_004326,10.572893244804396,76.72808251814998,0.7337,0.1875,7,21.166894531250023,2.265216112136841,1.7115051746368408
351,208,GRID_004327,10.572893244804396,76.73808251814998,0.7371000000000001,0.1875,13,21.166894531250023,2.265216112136841,1.7115051746368408
331,253,GRID_004328,10.572893244804396,76.74808251814999,0.7884,0.1875,13,21.166894531250023,2.265216112136841,1.7115051746368408
0,0,GRID_004329,10.582893244804396,75.95808251814958,,0.8125,0,26.366906738281273,4.76521635055542,-1.888494849205017
303,144,GRID_004330,10.582893244804396,76.28808251814975,0.6648000000000001,0.75,3,22.966912841796898,0.16521607339382172,0.11150512844324112
265,313,GRID_004331,10.582893244804396,76.29808251814976,0.6725,0.75,6,22.966912841796898,0.16521607339382172,0.11150512844324112
175,199,GRID_004332,10.582893244804396,76.30808251814976,0.6092000000000001,0.75,15,22.966912841796898,0.16521607339382172,0.11150512844324112
219,475,GRID_004333,10.582893244804396,76.32808251814977,0.35200000000000004,0.75,12,22.966912841796898,0.16521607339382172,0.11150512844324112
139,394,GRID_004334,10.582893244804396,76.33808251814978,0.5978,0.75,27,22.966912841796898,0.16521607339382172,0.11150512844324112
148,252,GRID_004335,10.582893244804396,76.34808251814978,0.5156000000000001,0.75,21,22.966912841796898,0.16521607339382172,0.11150512844324112
190,68,GRID_004336,10.582893244804396,76.35808251814979,0.5328,0.75,11,22.966912841796898,0.16521607339382172,0.11150512844324112
265,59,GRID_004337,10.582893244804396,76.52808251814987,0.5672,0.3125,1,22.166894531250023,0.765216052532196,1.111505150794983
24,82,GRID_004338,10.582893244804396,76.53808251814988,0.8511000000000001,0.3125,2,22.166894531250023,0.765216052532196,1.111505150794983
42,68,GRID_004339,10.582893244804396,76.54808251814988,0.8483,0.3125,3,22.166894531250023,0.765216052532196,1.111505150794983
199,61,GRID_004340,10.582893244804396,76.55808251814989,0.8142,0.3125,0,22.166894531250023,0.765216052532196,1.111505150794983
180,67,GRID_004341,10.582893244804396,76.5680825181499,0.7549,0.3125,1,22.166894531250023,0.765216052532196,1.111505150794983
180,85,GRID_004342,10.582893244804396,76.66808251814994,0.8133,0.1875,1,21.166894531250023,2.265216112136841,1.7115051746368408
190,95,GRID_004343,10.582893244804396,76.69808251814996,0.7544000000000001,0.1875,1,21.166894531250023,2.265216112136841,1.7115051746368408
190,98,GRID_004344,10.582893244804396,76.70808251814996,0.5916,0.1875,1,21.166894531250023,2.265216112136841,1.7115051746368408
214,107,GRID_004345,10.582893244804396,76.71808251814997,0.7041000000000001,0.1875,0,21.166894531250023,2.265216112136841,1.7115051746368408
252,117,GRID_004346,10.582893244804396,76.72808251814998,0.7425,0.1875,1,21.166894531250023,2.265216112136841,1.7115051746368408
207,135,GRID_004347,10.582893244804396,76.73808251814998,0.7978000000000001,0.1875,2,21.166894531250023,2.265216112136841,1.7115051746368408
252,138,GRID_004348,10.582893244804396,76.74808251814999,0.8087000000000001,0.1875,1,21.166894531250023,2.265216112136841,1.7115051746368408
307,512,GRID_004349,10.592893244804396,76.32808251814977,0.5189,0.75,5,22.966912841796898,0.16521607339382172,0.11150512844324112
8,303,GRID_004350,10.592893244804396,76.33808251814978,0.27140000000000003,0.75,23,22.966912841796898,0.16521607339382172,0.11150512844324112
26,257,GRID_004351,10.592893244804396,76.34808251814978,0.6178,0.75,13,22.966912841796898,0.16521607339382172,0.11150512844324112
251,84,GRID_004352,10.592893244804396,76.5680825181499,0.8179000000000001,0.3125,2,22.166894531250023,0.765216052532196,1.111505150794983
351,91,GRID_004353,10.592893244804396,76.5780825181499,0.672,0.3125,2,22.166894531250023,0.765216052532196,1.111505150794983
347,80,GRID_004354,10.592893244804396,76.62808251814992,0.63,0.1875,1,21.166894531250023,2.265216112136841,1.7115051746368408
39,81,GRID_004355,10.592893244804396,76.63808251814993,0.6409,0.1875,1,21.166894531250023,2.265216112136841,1.7115051746368408
244,93,GRID_004356,10.592893244804396,76.66808251814994,0.8292,0.1875,1,21.166894531250023,2.265216112136841,1.7115051746368408
0,97,GRID_004357,10.592893244804396,76.67808251814995,0.7089000000000001,0.1875,0,21.166894531250023,2.265216112136841,1.7115051746368408
212,105,GRID_004358,10.592893244804396,76.68808251814995,0.7429,0.1875,1,21.166894531250023,2.265216112136841,1.7115051746368408
161,123,GRID_004359,10.592893244804396,76.69808251814996,0.8352,0.1875,0,21.166894531250023,2.265216112136841,1.7115051746368408
293,113,GRID_004360,10.592893244804396,76.70808251814996,0.7583000000000001,0.1875,1,21.166894531250023,2.265216112136841,1.7115051746368408
330,114,GRID_004361,10.592893244804396,76.71808251814997,0.7785000000000001,0.1875,1,21.166894531250023,2.265216112136841,1.7115051746368408
207,123,GRID_004362,10.592893244804396,76.72808251814998,0.8076,0.1875,0,21.166894531250023,2.265216112136841,1.7115051746368408
234,140,GRID_004363,10.592893244804396,76.73808251814998,0.8200000000000001,0.1875,1,21.166894531250023,2.265216112136841,1.7115051746368408
64,126,GRID_004364,10.592893244804396,76.74808251814999,0.7959,0.1875,1,21.166894531250023,2.265216112136841,1.7115051746368408
29,392,GRID_004365,10.602893244804395,76.32808251814977,0.4939,0.75,19,22.966912841796898,0.16521607339382172,0.11150512844324112
192,169,GRID_004366,10.602893244804395,76.34808251814978,0.67,0.75,5,22.966912841796898,0.16521607339382172,0.11150512844324112
305,53,GRID_004367,10.602893244804395,76.47808251814985,0.7156,0.3125,1,22.166894531250023,0.765216052532196,1.111505150794983
303,71,GRID_004368,10.602893244804395,76.5680825181499,0.7816000000000001,0.3125,1,22.166894531250023,0.765216052532196,1.111505150794983
350,91,GRID_004369,10.602893244804395,76.5780825181499,0.7644000000000001,0.3125,1,22.166894531250023,0.765216052532196,1.111505150794983
108,85,GRID_004370,10.602893244804395,76.63808251814993,0.7122,0.1875,1,21.166894531250023,2.265216112136841,1.7115051746368408
161,96,GRID_004371,10.602893244804395,76.65808251814994,0.7663000000000001,0.1875,1,21.166894531250023,2.265216112136841,1.7115051746368408
17,85,GRID_004372,10.602893244804395,76.66808251814994,0.8097000000000001,0.1875,1,21.166894531250023,2.265216112136841,1.7115051746368408
254,89,GRID_004373,10.602893244804395,76.67808251814995,0.6139,0.1875,1,21.166894531250023,2.265216112136841,1.7115051746368408
13,95,GRID_004374,10.602893244804395,76.68808251814995,0.6698000000000001,0.1875,1,21.166894531250023,2.265216112136841,1.7115051746368408
207,95,GRID_004375,10.602893244804395,76.69808251814996,0.7759,0.1875,1,21.166894531250023,2.265216112136841,1.7115051746368408
225,101,GRID_004376,10.602893244804395,76.70808251814996,0.7715000000000001,0.1875,1,21.166894531250023,2.265216112136841,1.7115051746368408
261,110,GRID_004377,10.602893244804395,76.71808251814997,0.8084,0.1875,1,21.166894531250023,2.265216112136841,1.7115051746368408
266,123,GRID_004378,10.602893244804395,76.72808251814998,0.8224,0.1875,2,21.166894531250023,2.265216112136841,1.7115051746368408
336,128,GRID_004379,10.602893244804395,76.73808251814998,0.7919,0.1875,1,21.166894531250023,2.265216112136841,1.7115051746368408
54,126,GRID_004380,10.602893244804395,76.74808251814999,0.7733,0.1875,1,21.166894531250023,2.265216112136841,1.7115051746368408
297,66,GRID_004381,10.612893244804397,76.29808251814976,0.8679,0.75,4,22.966912841796898,0.16521607339382172,0.11150512844324112
213,64,GRID_004382,10.612893244804397,76.30808251814976,0.6761,0.75,2,22.966912841796898,0.16521607339382172,0.11150512844324112
236,124,GRID_004383,10.612893244804397,76.31808251814977,0.5692,0.75,4,22.966912841796898,0.16521607339382172,0.11150512844324112
123,76,GRID_004384,10.612893244804397,76.62808251814992,0.6755,0.1875,0,21.166894531250023,2.265216112136841,1.7115051746368408
180,82,GRID_004385,10.612893244804397,76.65808251814994,0.756,0.1875,1,21.166894531250023,2.265216112136841,1.7115051746368408
241,87,GRID_004386,10.612893244804397,76.66808251814994,0.7636000000000001,0.1875,1,21.166894531250023,2.265216112136841,1.7115051746368408
244,103,GRID_004387,10.612893244804397,76.69808251814996,0.6813,0.1875,1,21.166894531250023,2.265216112136841,1.7115051746368408
55,102,GRID_004388,10.612893244804397,76.70808251814996,0.7154,0.1875,1,21.166894531250023,2.265216112136841,1.7115051746368408
29,109,GRID_004389,10.612893244804397,76.71808251814997,0.7678,0.1875,1,21.166894531250023,2.265216112136841,1.7115051746368408
282,111,GRID_004390,10.612893244804397,76.72808251814998,0.7214,0.1875,1,21.166894531250023,2.265216112136841,1.7115051746368408
321,112,GRID_004391,10.612893244804397,76.73808251814998,0.7034,0.1875,1,21.166894531250023,2.265216112136841,1.7115051746368408
106,61,GRID_004392,10.622893244804397,76.29808251814976,0.6369,0.75,2,22.966912841796898,0.16521607339382172,0.11150512844324112
288,104,GRID_004393,10.622893244804397,76.30808251814976,0.6322,0.75,1,22.966912841796898,0.16521607339382172,0.11150512844324112
307,159,GRID_004394,10.622893244804397,76.31808251814977,0.48410000000000003,0.75,9,22.966912841796898,0.16521607339382172,0.11150512844324112
270,75,GRID_004395,10.622893244804397,76.62808251814992,0.6475000000000001,0.1875,0,21.166894531250023,2.265216112136841,1.7115051746368408
217,81,GRID_004396,10.622893244804397,76.63808251814993,0.6993,0.1875,1,21.166894531250023,2.265216112136841,1.7115051746368408
270,86,GRID_004397,10.622893244804397,76.66808251814994,0.727,0.1875,1,21.166894531250023,2.265216112136841,1.7115051746368408
341,93,GRID_004398,10.622893244804397,76.67808251814995,0.7645000000000001,0.1875,0,21.166894531250023,2.265216112136841,1.7115051746368408
180,98,GRID_004399,10.622893244804397,76.68808251814995,0.7307,0.1875,0,21.166894531250023,2.265216112136841,1.7115051746368408
45,58,GRID_004400,10.632893244804396,76.23808251814972,0.876,0.75,3,22.966912841796898,0.16521607339382172,0.11150512844324112
13,71,GRID_004401,10.632893244804396,76.29808251814976,0.613,0.75,6,22.966912841796898,0.16521607339382172,0.11150512844324112
348,74,GRID_004402,10.632893244804396,76.55808251814989,0.7361000000000001,0.3125,1,22.166894531250023,0.765216052532196,1.111505150794983
10,38,GRID_004403,10.642893244804394,76.21808251814971,0.7586,0.75,4,22.966912841796898,0.16521607339382172,0.11150512844324112
306,61,GRID_004404,10.642893244804394,76.23808251814972,0.6598,0.75,5,22.966912841796898,0.16521607339382172,0.11150512844324112
9,48,GRID_004405,10.642893244804394,76.24808251814973,0.6025,0.75,2,22.966912841796898,0.16521607339382172,0.11150512844324112
69,32,GRID_004406,10.642893244804394,76.25808251814973,0.6162000000000001,0.75,1,22.966912841796898,0.16521607339382172,0.11150512844324112
144,37,GRID_004407,10.642893244804394,76.28808251814975,0.5183,0.75,1,22.966912841796898,0.16521607339382172,0.11150512844324112
186,47,GRID_004408,10.642893244804394,76.29808251814976,0.6016,0.75,1,22.966912841796898,0.16521607339382172,0.11150512844324112
133,92,GRID_004409,10.642893244804394,76.30808251814976,0.7542,0.75,7,22.966912841796898,0.16521607339382172,0.11150512844324112
285,74,GRID_004410,10.652893244804394,76.22808251814972,0.8662000000000001,0.75,2,22.966912841796898,0.16521607339382172,0.11150512844324112
116,40,GRID_004411,10.652893244804394,76.23808251814972,0.5155000000000001,0.75,3,22.966912841796898,0.16521607339382172,0.11150512844324112
45,30,GRID_004412,10.652893244804394,76.24808251814973,0.5169,0.75,1,22.966912841796898,0.16521607339382172,0.11150512844324112
207,28,GRID_004413,10.652893244804394,76.25808251814973,0.3573,0.75,0,22.966912841796898,0.16521607339382172,0.11150512844324112
188,45,GRID_004414,10.652893244804394,76.26808251814974,0.4541,0.75,5,22.966912841796898,0.16521607339382172,0.11150512844324112
213,66,GRID_004415,10.652893244804394,76.27808251814974,0.6289,0.75,5,22.966912841796898,0.16521607339382172,0.11150512844324112
178,60,GRID_004416,10.652893244804394,76.28808251814975,0.6058,0.75,3,22.966912841796898,0.16521607339382172,0.11150512844324112
125,134,GRID_004417,10.652893244804394,76.29808251814976,0.668,0.75,4,22.966912841796898,0.16521607339382172,0.11150512844324112
269,131,GRID_004418,10.652893244804394,76.30808251814976,0.7456,0.75,10,22.966912841796898,0.16521607339382172,0.11150512844324112
215,121,GRID_004419,10.652893244804394,76.31808251814977,0.6674,0.75,9,22.966912841796898,0.16521607339382172,0.11150512844324112
40,28,GRID_004420,10.662893244804394,76.21808251814971,0.20550000000000002,0.75,2,22.966912841796898,0.16521607339382172,0.11150512844324112
338,71,GRID_004421,10.662893244804394,76.22808251814972,0.6186,0.75,9,22.966912841796898,0.16521607339382172,0.11150512844324112
12,36,GRID_004422,10.662893244804394,76.23808251814972,0.27890000000000004,0.75,2,22.966912841796898,0.16521607339382172,0.11150512844324112
0,29,GRID_004423,10.662893244804394,76.24808251814973,0.4441,0.75,1,22.966912841796898,0.16521607339382172,0.11150512844324112
262,51,GRID_004424,10.662893244804394,76.25808251814973,0.4293,0.75,4,22.966912841796898,0.16521607339382172,0.11150512844324112
41,115,GRID_004425,10.662893244804394,76.26808251814974,0.5999,0.75,6,22.966912841796898,0.16521607339382172,0.11150512844324112
211,76,GRID_004426,10.662893244804394,76.27808251814974,0.7287,0.75,6,22.966912841796898,0.16521607339382172,0.11150512844324112
216,328,GRID_004427,10.662893244804394,76.28808251814975,0.62,0.75,14,22.966912841796898,0.16521607339382172,0.11150512844324112
115,389,GRID_004428,10.662893244804394,76.29808251814976,0.784,0.75,5,22.966912841796898,0.16521607339382172,0.11150512844324112
45,28,GRID_004429,10.672893244804394,76.22808251814972,0.3699,0.75,1,22.966912841796898,0.16521607339382172,0.11150512844324112
224,33,GRID_004430,10.672893244804394,76.23808251814972,0.45530000000000004,0.75,3,22.966912841796898,0.16521607339382172,0.11150512844324112
132,47,GRID_004431,10.672893244804394,76.24808251814973,0.46690000000000004,0.75,2,22.966912841796898,0.16521607339382172,0.11150512844324112
179,70,GRID_004432,10.672893244804394,76.25808251814973,0.6719,0.75,5,22.966912841796898,0.16521607339382172,0.11150512844324112
228,59,GRID_004433,10.672893244804394,76.26808251814974,0.7445,0.75,5,22.966912841796898,0.16521607339382172,0.11150512844324112
210,147,GRID_004434,10.672893244804394,76.27808251814974,0.7379,0.75,18,22.966912841796898,0.16521607339382172,0.11150512844324112
308,359,GRID_004435,10.672893244804394,76.28808251814975,0.8677,0.75,2,22.966912841796898,0.16521607339382172,0.11150512844324112
253,61,GRID_004436,10.682893244804394,76.22808251814972,0.5491,0.75,3,22.966912841796898,0.16521607339382172,0.11150512844324112
190,43,GRID_004437,10.682893244804394,76.23808251814972,0.8306,0.75,3,22.966912841796898,0.16521607339382172,0.11150512844324112
116,48,GRID_004438,10.682893244804394,76.24808251814973,0.8773000000000001,0.75,5,22.966912841796898,0.16521607339382172,0.11150512844324112
223,114,GRID_004439,10.682893244804394,76.25808251814973,0.9093,0.75,6,22.966912841796898,0.16521607339382172,0.11150512844324112
195,61,GRID_004440,10.682893244804394,76.26808251814974,0.864,0.75,3,22.966912841796898,0.16521607339382172,0.11150512844324112
202,307,GRID_004441,10.682893244804394,76.27808251814974,0.8727,0.75,11,22.966912841796898,0.16521607339382172,0.11150512844324112
24,184,GRID_004442,10.682893244804394,76.28808251814975,0.8802000000000001,0.75,14,22.966912841796898,0.16521607339382172,0.11150512844324112
181,95,GRID_004443,10.692893244804392,76.23808251814972,0.882,0.75,6,22.966912841796898,0.16521607339382172,0.11150512844324112
197,96,GRID_004444,10.692893244804392,76.24808251814973,0.5621,0.75,4,22.966912841796898,0.16521607339382172,0.11150512844324112
44,145,GRID_004445,10.692893244804392,76.25808251814973,0.6049,0.75,7,22.966912841796898,0.16521607339382172,0.11150512844324112
276,85,GRID_004446,10.692893244804392,76.26808251814974,0.7982,0.75,3,22.966912841796898,0.16521607339382172,0.11150512844324112
22,117,GRID_004447,10.692893244804392,76.27808251814974,0.8886000000000001,0.75,17,22.966912841796898,0.16521607339382172,0.11150512844324112
340,122,GRID_004448,10.702893244804391,76.22808251814972,0.8745,0.375,5,22.966912841796898,0.6652160882949829,0.31150513887405396
13,127,GRID_004449,10.702893244804391,76.23808251814972,0.895,0.375,6,22.966912841796898,0.6652160882949829,0.31150513887405396
97,93,GRID_004450,10.702893244804391,76.24808251814973,0.8751,0.375,5,22.966912841796898,0.6652160882949829,0.31150513887405396
19,57,GRID_004451,10.702893244804391,76.25808251814973,0.8063,0.375,1,22.966912841796898,0.6652160882949829,0.31150513887405396
30,33,GRID_004452,10.702893244804391,76.28808251814975,0.7823,0.375,1,22.966912841796898,0.6652160882949829,0.31150513887405396
311,59,GRID_004453,10.702893244804391,76.29808251814976,0.8320000000000001,0.375,3,22.966912841796898,0.6652160882949829,0.31150513887405396
20,46,GRID_004454,10.712893244804391,76.22808251814972,0.5062,0.375,2,22.966912841796898,0.6652160882949829,0.31150513887405396
191,63,GRID_004455,10.712893244804391,76.23808251814972,0.8607,0.375,6,22.966912841796898,0.6652160882949829,0.31150513887405396
196,66,GRID_004456,10.712893244804391,76.24808251814973,0.5793,0.375,3,22.966912841796898,0.6652160882949829,0.31150513887405396
236,86,GRID_004457,10.712893244804391,76.25808251814973,0.7942,0.375,5,22.966912841796898,0.6652160882949829,0.31150513887405396
108,41,GRID_004458,10.712893244804391,76.28808251814975,0.8617,0.375,1,22.966912841796898,0.6652160882949829,0.31150513887405396
150,54,GRID_004459,10.712893244804391,76.29808251814976,0.8520000000000001,0.375,1,22.966912841796898,0.6652160882949829,0.31150513887405396
61,29,GRID_004460,10.712893244804391,76.30808251814976,0.8370000000000001,0.375,1,22.966912841796898,0.6652160882949829,0.31150513887405396
233,37,GRID_004461,10.722893244804393,76.20808251814971,0.807,0.375,2,22.966912841796898,0.6652160882949829,0.31150513887405396
111,58,GRID_004462,10.722893244804393,76.21808251814971,0.7206,0.375,3,22.966912841796898,0.6652160882949829,0.31150513887405396
159,58,GRID_004463,10.722893244804393,76.22808251814972,0.9109,0.375,3,22.966912841796898,0.6652160882949829,0.31150513887405396
222,92,GRID_004464,10.722893244804393,76.23808251814972,0.6294000000000001,0.375,9,22.966912841796898,0.6652160882949829,0.31150513887405396
163,47,GRID_004465,10.722893244804393,76.30808251814976,0.8676,0.375,3,22.966912841796898,0.6652160882949829,0.31150513887405396
10,42,GRID_004466,10.732893244804393,76.20808251814971,0.5197,0.375,1,22.966912841796898,0.6652160882949829,0.31150513887405396
195,124,GRID_004467,10.732893244804393,76.21808251814971,0.7749,0.375,6,22.966912841796898,0.6652160882949829,0.31150513887405396
245,96,GRID_004468,10.732893244804393,76.22808251814972,0.9208000000000001,0.375,7,22.966912841796898,0.6652160882949829,0.31150513887405396
330,27,GRID_004469,10.732893244804393,76.30808251814976,0.7968000000000001,0.375,1,22.966912841796898,0.6652160882949829,0.31150513887405396
262,67,GRID_004470,10.732893244804393,76.31808251814977,0.8868,0.375,2,22.966912841796898,0.6652160882949829,0.31150513887405396
346,28,GRID_004471,10.742893244804392,76.1980825181497,0.7651,0.375,1,22.966912841796898,0.6652160882949829,0.31150513887405396
248,59,GRID_004472,10.742893244804392,76.20808251814971,0.8548,0.375,5,22.966912841796898,0.6652160882949829,0.31150513887405396
55,42,GRID_004473,10.742893244804392,76.21808251814971,0.8079000000000001,0.375,1,22.966912841796898,0.6652160882949829,0.31150513887405396
212,529,GRID_004474,10.902893244804387,76.66808251814994,0.8389000000000001,0.0625,25,23.166894531250023,5.76521635055542,3.011505126953125
211,1031,GRID_004475,10.912893244804389,76.66808251814994,0.8236,0.0625,33,23.166894531250023,5.76521635055542,3.011505126953125
194,1276,GRID_004476,10.912893244804389,76.67808251814995,0.3524,0.0625,44,23.166894531250023,5.76521635055542,3.011505126953125
29,1631,GRID_004477,10.912893244804389,76.69808251814996,0.8434,0.0625,32,23.166894531250023,5.76521635055542,3.011505126953125
12,1523,GRID_004478,10.912893244804389,76.70808251814996,0.8211,0.0625,25,23.166894531250023,5.76521635055542,3.011505126953125
81,574,GRID_004479,10.912893244804389,76.73808251814998,0.8336,0.0625,10,23.166894531250023,5.76521635055542,3.011505126953125
26,1366,GRID_004480,10.922893244804389,76.67808251814995,0.8605,0.0625,25,23.166894531250023,5.76521635055542,3.011505126953125
31,989,GRID_004481,10.922893244804389,76.69808251814996,0.8485,0.0625,28,23.166894531250023,5.76521635055542,3.011505126953125
8,872,GRID_004482,10.922893244804389,76.70808251814996,0.8470000000000001,0.0625,15,23.166894531250023,5.76521635055542,3.011505126953125
4,720,GRID_004483,10.922893244804389,76.71808251814997,0.8408,0.0625,17,23.166894531250023,5.76521635055542,3.011505126953125
0,673,GRID_004484,10.922893244804389,76.72808251814998,0.8220000000000001,0.0625,19,23.166894531250023,5.76521635055542,3.011505126953125
79,514,GRID_004485,10.922893244804389,76.73808251814998,0.7708,0.0625,17,23.166894531250023,5.76521635055542,3.011505126953125
147,81,GRID_004486,10.932893244804388,76.52808251814987,0.8136,0.1875,2,22.966912841796898,2.4652161598205566,0.6115051507949829
244,96,GRID_004487,10.932893244804388,76.53808251814988,0.3805,0.1875,3,22.966912841796898,2.4652161598205566,0.6115051507949829
150,328,GRID_004488,10.932893244804388,76.54808251814988,0.38680000000000003,0.1875,17,22.966912841796898,2.4652161598205566,0.6115051507949829
197,158,GRID_004489,10.932893244804388,76.55808251814989,0.32030000000000003,0.1875,17,22.966912841796898,2.4652161598205566,0.6115051507949829
316,835,GRID_004490,10.932893244804388,76.60808251814991,0.13670000000000002,0.1875,7,22.966912841796898,2.4652161598205566,0.6115051507949829
241,1142,GRID_004491,10.932893244804388,76.61808251814992,0.8081,0.1875,22,22.966912841796898,2.4652161598205566,0.6115051507949829
191,1608,GRID_004492,10.932893244804388,76.63808251814993,0.7979,0.0625,38,23.166894531250023,5.76521635055542,3.011505126953125
176,1532,GRID_004493,10.932893244804388,76.64808251814993,0.7983,0.0625,42,23.166894531250023,5.76521635055542,3.011505126953125
307,1891,GRID_004494,10.932893244804388,76.65808251814994,0.8483,0.0625,7,23.166894531250023,5.76521635055542,3.011505126953125
60,1510,GRID_004495,10.932893244804388,76.66808251814994,0.774,0.0625,41,23.166894531250023,5.76521635055542,3.011505126953125
54,998,GRID_004496,10.932893244804388,76.67808251814995,0.8608,0.0625,15,23.166894531250023,5.76521635055542,3.011505126953125
0,965,GRID_004497,10.932893244804388,76.68808251814995,0.8486,0.0625,26,23.166894531250023,5.76521635055542,3.011505126953125
11,623,GRID_004498,10.932893244804388,76.70808251814996,0.8162,0.0625,9,23.166894531250023,5.76521635055542,3.011505126953125
296,153,GRID_004499,10.942893244804388,76.52808251814987,0.2695,0.1875,3,22.966912841796898,2.4652161598205566,0.6115051507949829
244,200,GRID_004500,10.942893244804388,76.53808251814988,0.32180000000000003,0.1875,12,22.966912841796898,2.4652161598205566,0.6115051507949829
49,240,GRID_004501,10.942893244804388,76.54808251814988,0.3134,0.1875,17,22.966912841796898,2.4652161598205566,0.6115051507949829
187,195,GRID_004502,10.942893244804388,76.55808251814989,0.2087,0.1875,11,22.966912841796898,2.4652161598205566,0.6115051507949829
219,819,GRID_004503,10.942893244804388,76.59808251814991,0.21930000000000002,0.1875,16,22.966912841796898,2.4652161598205566,0.6115051507949829
215,1778,GRID_004504,10.942893244804388,76.61808251814992,0.7922,0.1875,43,22.966912841796898,2.4652161598205566,0.6115051507949829
355,2042,GRID_004505,10.942893244804388,76.62808251814992,0.8129000000000001,0.0625,4,23.166894531250023,5.76521635055542,3.011505126953125
38,1696,GRID_004506,10.942893244804388,76.63808251814993,0.8627,0.0625,10,23.166894531250023,5.76521635055542,3.011505126953125
359,1529,GRID_004507,10.942893244804388,76.64808251814993,0.8588,0.0625,18,23.166894531250023,5.76521635055542,3.011505126953125
340,1618,GRID_004508,10.942893244804388,76.65808251814994,0.8371000000000001,0.0625,35,23.166894531250023,5.76521635055542,3.011505126953125
95,1537,GRID_004509,10.942893244804388,76.66808251814994,0.784,0.0625,34,23.166894531250023,5.76521635055542,3.011505126953125
350,76,GRID_004510,10.952893244804388,76.51808251814987,0.545,0.1875,1,21.266900634765648,2.4652161598205566,-0.488494873046875
178,155,GRID_004511,10.952893244804388,76.52808251814987,0.5651,0.1875,4,21.266900634765648,2.4652161598205566,-0.488494873046875
282,211,GRID_004512,10.952893244804388,76.53808251814988,0.442,0.1875,15,21.266900634765648,2.4652161598205566,-0.488494873046875
294,214,GRID_004513,10.952893244804388,76.54808251814988,0.43360000000000004,0.1875,10,21.266900634765648,2.4652161598205566,-0.488494873046875
9,334,GRID_004514,10.952893244804388,76.55808251814989,0.3982,0.1875,28,21.266900634765648,2.4652161598205566,-0.488494873046875
353,299,GRID_004515,10.952893244804388,76.5680825181499,0.6212,0.1875,17,21.266900634765648,2.4652161598205566,-0.488494873046875
297,547,GRID_004516,10.952893244804388,76.5780825181499,0.5185000000000001,0.1875,16,21.266900634765648,2.4652161598205566,-0.488494873046875
275,1694,GRID_004517,10.952893244804388,76.61808251814992,0.8646,0.1875,18,21.266900634765648,2.4652161598205566,-0.488494873046875
43,1752,GRID_004518,10.952893244804388,76.62808251814992,0.8382000000000001,0.0,34,21.266900634765648,5.165215969085693,0.9115051627159119
177,88,GRID_004519,10.962893244804388,76.47808251814985,0.8394,0.1875,2,21.266900634765648,2.4652161598205566,-0.488494873046875
122,79,GRID_004520,10.962893244804388,76.48808251814985,0.4535,0.1875,2,21.266900634765648,2.4652161598205566,-0.488494873046875
312,79,GRID_004521,10.962893244804388,76.49808251814986,0.8594,0.1875,4,21.266900634765648,2.4652161598205566,-0.488494873046875
333,90,GRID_004522,10.962893244804388,76.50808251814986,0.4345,0.1875,2,21.266900634765648,2.4652161598205566,-0.488494873046875
167,86,GRID_004523,10.962893244804388,76.51808251814987,0.7365,0.1875,2,21.266900634765648,2.4652161598205566,-0.488494873046875
269,360,GRID_004524,10.962893244804388,76.52808251814987,0.7638,0.1875,23,21.266900634765648,2.4652161598205566,-0.488494873046875
172,357,GRID_004525,10.962893244804388,76.53808251814988,0.19690000000000002,0.1875,18,21.266900634765648,2.4652161598205566,-0.488494873046875
95,222,GRID_004526,10.962893244804388,76.54808251814988,0.27990000000000004,0.1875,9,21.266900634765648,2.4652161598205566,-0.488494873046875
322,146,GRID_004527,10.962893244804388,76.55808251814989,0.8672000000000001,0.1875,6,21.266900634765648,2.4652161598205566,-0.488494873046875
292,576,GRID_004528,10.962893244804388,76.5880825181499,0.6067,0.1875,24,21.266900634765648,2.4652161598205566,-0.488494873046875
310,1202,GRID_004529,10.962893244804388,76.59808251814991,0.7851,0.1875,40,21.266900634765648,2.4652161598205566,-0.488494873046875
14,1437,GRID_004530,10.962893244804388,76.61808251814992,0.8450000000000001,0.1875,17,21.266900634765648,2.4652161598205566,-0.488494873046875
160,77,GRID_004531,10.972893244804387,76.47808251814985,0.8184,0.1875,2,21.266900634765648,2.4652161598205566,-0.488494873046875
345,106,GRID_004532,10.972893244804387,76.48808251814985,0.7813,0.1875,2,21.266900634765648,2.4652161598205566,-0.488494873046875
329,77,GRID_004533,10.972893244804387,76.49808251814986,0.8332,0.1875,2,21.266900634765648,2.4652161598205566,-0.488494873046875
240,72,GRID_004534,10.972893244804387,76.50808251814986,0.8011,0.1875,2,21.266900634765648,2.4652161598205566,-0.488494873046875
211,83,GRID_004535,10.972893244804387,76.51808251814987,0.6341,0.1875,3,21.266900634765648,2.4652161598205566,-0.488494873046875
318,115,GRID_004536,10.972893244804387,76.52808251814987,0.5065000000000001,0.1875,10,21.266900634765648,2.4652161598205566,-0.488494873046875
359,293,GRID_004537,10.972893244804387,76.53808251814988,0.7131000000000001,0.1875,28,21.266900634765648,2.4652161598205566,-0.488494873046875
153,252,GRID_004538,10.972893244804387,76.55808251814989,0.19940000000000002,0.1875,13,21.266900634765648,2.4652161598205566,-0.488494873046875
159,252,GRID_004539,10.972893244804387,76.5680825181499,0.8387,0.1875,15,21.266900634765648,2.4652161598205566,-0.488494873046875
302,478,GRID_004540,10.972893244804387,76.5780825181499,0.8385,0.1875,25,21.266900634765648,2.4652161598205566,-0.488494873046875
57,72,GRID_004541,10.982893244804387,76.48808251814985,0.7808,0.1875,1,21.266900634765648,2.4652161598205566,-0.488494873046875
299,77,GRID_004542,10.982893244804387,76.51808251814987,0.42410000000000003,0.1875,1,21.266900634765648,2.4652161598205566,-0.488494873046875
340,75,GRID_004543,10.982893244804387,76.52808251814987,0.18580000000000002,0.1875,1,21.266900634765648,2.4652161598205566,-0.488494873046875
350,87,GRID_004544,10.982893244804387,76.53808251814988,0.4768,0.1875,2,21.266900634765648,2.4652161598205566,-0.488494873046875
312,89,GRID_004545,10.982893244804387,76.54808251814988,0.1468,0.1875,2,21.266900634765648,2.4652161598205566,-0.488494873046875
309,195,GRID_004546,10.982893244804387,76.55808251814989,0.2437,0.1875,17,21.266900634765648,2.4652161598205566,-0.488494873046875
323,505,GRID_004547,10.982893244804387,76.5680825181499,0.5443,0.1875,20,21.266900634765648,2.4652161598205566,-0.488494873046875
126,84,GRID_004548,10.992893244804389,76.45808251814984,0.49920000000000003,0.1875,1,21.266900634765648,2.4652161598205566,-0.488494873046875
202,99,GRID_004549,10.992893244804389,76.49808251814986,0.5404,0.1875,1,21.266900634765648,2.4652161598205566,-0.488494873046875
81,94,GRID_004550,10.992893244804389,76.50808251814986,0.4466,0.1875,1,21.266900634765648,2.4652161598205566,-0.488494873046875
134,86,GRID_004551,10.992893244804389,76.51808251814987,0.0985,0.1875,1,21.266900634765648,2.4652161598205566,-0.488494873046875
139,92,GRID_004552,10.992893244804389,76.52808251814987,0.4315,0.1875,2,21.266900634765648,2.4652161598205566,-0.488494873046875
90,93,GRID_004553,10.992893244804389,76.53808251814988,0.1812,0.1875,2,21.266900634765648,2.4652161598205566,-0.488494873046875
180,87,GRID_004554,10.992893244804389,76.54808251814988,0.22,0.1875,0,21.266900634765648,2.4652161598205566,-0.488494873046875
155,94,GRID_004555,10.992893244804389,76.55808251814989,0.3372,0.1875,3,21.266900634765648,2.4652161598205566,-0.488494873046875
341,119,GRID_004556,10.992893244804389,76.5680825181499,0.4852,0.1875,3,21.266900634765648,2.4652161598205566,-0.488494873046875
328,189,GRID_004557,10.992893244804389,76.5780825181499,0.538,0.1875,10,21.266900634765648,2.4652161598205566,-0.488494873046875
207,90,GRID_004558,11.002893244804389,76.46808251814984,0.3163,0.1875,1,21.266900634765648,2.4652161598205566,-0.488494873046875
352,83,GRID_004559,11.002893244804389,76.48808251814985,0.14020000000000002,0.1875,2,21.266900634765648,2.4652161598205566,-0.488494873046875
236,88,GRID_004560,11.002893244804389,76.51808251814987,0.3885,0.1875,1,21.266900634765648,2.4652161598205566,-0.488494873046875
183,91,GRID_004561,11.002893244804389,76.52808251814987,0.1231,0.1875,2,21.266900634765648,2.4652161598205566,-0.488494873046875
209,124,GRID_004562,11.002893244804389,76.54808251814988,0.3023,0.1875,10,21.266900634765648,2.4652161598205566,-0.488494873046875
197,194,GRID_004563,11.002893244804389,76.55808251814989,0.4466,0.1875,17,21.266900634765648,2.4652161598205566,-0.488494873046875
174,214,GRID_004564,11.002893244804389,76.5680825181499,0.4757,0.1875,12,21.266900634765648,2.4652161598205566,-0.488494873046875
78,61,GRID_004565,11.012893244804388,76.45808251814984,0.6196,0.1875,1,21.266900634765648,2.4652161598205566,-0.488494873046875
319,68,GRID_004566,11.012893244804388,76.46808251814984,0.4199,0.1875,1,21.266900634765648,2.4652161598205566,-0.488494873046875
214,81,GRID_004567,11.012893244804388,76.47808251814985,0.44210000000000005,0.1875,0,21.266900634765648,2.4652161598205566,-0.488494873046875
270,82,GRID_004568,11.012893244804388,76.48808251814985,0.29560000000000003,0.1875,0,21.266900634765648,2.4652161598205566,-0.488494873046875
161,76,GRID_004569,11.012893244804388,76.49808251814986,0.112,0.1875,1,21.266900634765648,2.4652161598205566,-0.488494873046875
244,87,GRID_004570,11.012893244804388,76.50808251814986,0.12240000000000001,0.1875,1,21.266900634765648,2.4652161598205566,-0.488494873046875
343,106,GRID_004571,11.012893244804388,76.51808251814987,0.18080000000000002,0.1875,11,21.266900634765648,2.4652161598205566,-0.488494873046875
340,367,GRID_004572,11.012893244804388,76.53808251814988,0.23190000000000002,0.1875,21,21.266900634765648,2.4652161598205566,-0.488494873046875
355,436,GRID_004573,11.012893244804388,76.54808251814988,0.1272,0.1875,25,21.266900634765648,2.4652161598205566,-0.488494873046875
346,520,GRID_004574,11.012893244804388,76.55808251814989,0.41050000000000003,0.1875,24,21.266900634765648,2.4652161598205566,-0.488494873046875
310,725,GRID_004575,11.012893244804388,76.5680825181499,0.3007,0.1875,13,21.266900634765648,2.4652161598205566,-0.488494873046875
171,653,GRID_004576,11.012893244804388,76.5780825181499,0.1384,0.1875,24,21.266900634765648,2.4652161598205566,-0.488494873046875
194,72,GRID_004577,11.022893244804386,76.47808251814985,0.4818,0.1875,0,21.266900634765648,2.4652161598205566,-0.488494873046875
355,79,GRID_004578,11.022893244804386,76.48808251814985,0.2785,0.1875,1,21.266900634765648,2.4652161598205566,-0.488494873046875
63,86,GRID_004579,11.022893244804386,76.49808251814986,0.32480000000000003,0.1875,2,21.266900634765648,2.4652161598205566,-0.488494873046875
226,81,GRID_004580,11.022893244804386,76.50808251814986,0.3257,0.1875,0,21.266900634765648,2.4652161598205566,-0.488494873046875
180,88,GRID_004581,11.022893244804386,76.51808251814987,0.17120000000000002,0.1875,1,21.266900634765648,2.4652161598205566,-0.488494873046875
191,114,GRID_004582,11.022893244804386,76.52808251814987,0.1269,0.1875,10,21.266900634765648,2.4652161598205566,-0.488494873046875
188,114,GRID_004583,11.022893244804386,76.53808251814988,0.1908,0.1875,5,21.266900634765648,2.4652161598205566,-0.488494873046875
211,236,GRID_004584,11.022893244804386,76.54808251814988,0.10690000000000001,0.1875,19,21.266900634765648,2.4652161598205566,-0.488494873046875
175,334,GRID_004585,11.022893244804386,76.55808251814989,0.1247,0.1875,23,21.266900634765648,2.4652161598205566,-0.488494873046875
268,619,GRID_004586,11.022893244804386,76.5680825181499,0.1553,0.1875,22,21.266900634765648,2.4652161598205566,-0.488494873046875
164,748,GRID_004587,11.022893244804386,76.5780825181499,0.1704,0.1875,17,21.266900634765648,2.4652161598205566,-0.488494873046875
211,89,GRID_004588,11.032893244804386,76.49808251814986,0.33540000000000003,0.1875,3,21.266900634765648,2.4652161598205566,-0.488494873046875
187,119,GRID_004589,11.032893244804386,76.50808251814986,0.28450000000000003,0.1875,10,21.266900634765648,2.4652161598205566,-0.488494873046875
179,116,GRID_004590,11.032893244804386,76.51808251814987,0.171,0.1875,8,21.266900634765648,2.4652161598205566,-0.488494873046875
334,302,GRID_004591,11.032893244804386,76.52808251814987,0.1145,0.1875,25,21.266900634765648,2.4652161598205566,-0.488494873046875
166,481,GRID_004592,11.032893244804386,76.53808251814988,0.0862,0.1875,21,21.266900634765648,2.4652161598205566,-0.488494873046875
290,459,GRID_004593,11.032893244804386,76.54808251814988,0.0864,0.1875,20,21.266900634765648,2.4652161598205566,-0.488494873046875
6,651,GRID_004594,11.032893244804386,76.55808251814989,0.0782,0.1875,14,21.266900634765648,2.4652161598205566,-0.488494873046875
305,773,GRID_004595,11.032893244804386,76.5680825181499,0.1585,0.1875,9,21.266900634765648,2.4652161598205566,-0.488494873046875
22,710,GRID_004596,11.032893244804386,76.5780825181499,0.1526,0.1875,8,21.266900634765648,2.4652161598205566,-0.488494873046875
218,780,GRID_004597,11.032893244804386,76.5880825181499,0.1321,0.1875,6,21.266900634765648,2.4652161598205566,-0.488494873046875
190,343,GRID_004598,11.042893244804386,76.47808251814985,0.18150000000000002,0.1875,21,21.266900634765648,2.4652161598205566,-0.488494873046875
209,281,GRID_004599,11.042893244804386,76.48808251814985,0.4157,0.1875,12,21.266900634765648,2.4652161598205566,-0.488494873046875
174,344,GRID_004600,11.042893244804386,76.49808251814986,0.3613,0.1875,22,21.266900634765648,2.4652161598205566,-0.488494873046875
279,479,GRID_004601,11.042893244804386,76.50808251814986,0.15410000000000001,0.1875,28,21.266900634765648,2.4652161598205566,-0.488494873046875
166,704,GRID_004602,11.042893244804386,76.51808251814987,0.16640000000000002,0.1875,6,21.266900634765648,2.4652161598205566,-0.488494873046875
136,606,GRID_004603,11.042893244804386,76.52808251814987,0.112,0.1875,18,21.266900634765648,2.4652161598205566,-0.488494873046875
159,359,GRID_004604,11.042893244804386,76.53808251814988,0.07730000000000001,0.1875,22,21.266900634765648,2.4652161598205566,-0.488494873046875
271,545,GRID_004605,11.042893244804386,76.54808251814988,0.1337,0.1875,5,21.266900634765648,2.4652161598205566,-0.488494873046875
341,533,GRID_004606,11.042893244804386,76.55808251814989,0.22490000000000002,0.1875,1,21.266900634765648,2.4652161598205566,-0.488494873046875
338,579,GRID_004607,11.042893244804386,76.5680825181499,0.09330000000000001,0.1875,11,21.266900634765648,2.4652161598205566,-0.488494873046875
345,645,GRID_004608,11.042893244804386,76.5780825181499,0.2848,0.1875,18,21.266900634765648,2.4652161598205566,-0.488494873046875
114,818,GRID_004609,11.042893244804386,76.5880825181499,0.2949,0.1875,7,21.266900634765648,2.4652161598205566,-0.488494873046875
334,779,GRID_004610,11.042893244804386,76.59808251814991,0.41000000000000003,0.1875,4,21.266900634765648,2.4652161598205566,-0.488494873046875
200,686,GRID_004611,11.052893244804386,76.50808251814986,0.19260000000000002,0.1875,12,21.266900634765648,2.4652161598205566,-0.488494873046875
211,608,GRID_004612,11.052893244804386,76.51808251814987,0.30460000000000004,0.1875,10,21.266900634765648,2.4652161598205566,-0.488494873046875
151,561,GRID_004613,11.052893244804386,76.52808251814987,0.2066,0.1875,8,21.266900634765648,2.4652161598205566,-0.488494873046875
252,554,GRID_004614,11.052893244804386,76.53808251814988,0.08950000000000001,0.1875,1,21.266900634765648,2.4652161598205566,-0.488494873046875
231,531,GRID_004615,11.052893244804386,76.54808251814988,0.28250000000000003,0.1875,2,21.266900634765648,2.4652161598205566,-0.488494873046875
221,545,GRID_004616,11.052893244804386,76.55808251814989,0.301,0.1875,2,21.266900634765648,2.4652161598205566,-0.488494873046875
175,548,GRID_004617,11.052893244804386,76.5680825181499,0.1826,0.1875,4,21.266900634765648,2.4652161598205566,-0.488494873046875
219,635,GRID_004618,11.052893244804386,76.5780825181499,0.215,0.1875,12,21.266900634765648,2.4652161598205566,-0.488494873046875
72,750,GRID_004619,11.052893244804386,76.5880825181499,0.3551,0.1875,1,21.266900634765648,2.4652161598205566,-0.488494873046875
37,763,GRID_004620,11.052893244804386,76.59808251814991,0.42260000000000003,0.1875,1,21.266900634765648,2.4652161598205566,-0.488494873046875
0,0,GRID_004621,11.062893244804386,75.7880825181495,,0.75,0,26.566888427734398,5.065216064453125,-1.988494873046875
355,935,GRID_004622,11.062893244804386,76.51808251814987,0.0753,0.1875,23,21.266900634765648,2.4652161598205566,-0.488494873046875
86,736,GRID_004623,11.062893244804386,76.52808251814987,0.1559,0.1875,17,21.266900634765648,2.4652161598205566,-0.488494873046875
109,542,GRID_004624,11.062893244804386,76.53808251814988,0.5641,0.1875,4,21.266900634765648,2.4652161598205566,-0.488494873046875
344,587,GRID_004625,11.062893244804386,76.54808251814988,0.2813,0.1875,3,21.266900634765648,2.4652161598205566,-0.488494873046875
209,592,GRID_004626,11.062893244804386,76.55808251814989,0.3839,0.1875,6,21.266900634765648,2.4652161598205566,-0.488494873046875
262,662,GRID_004627,11.062893244804386,76.5680825181499,0.302,0.1875,12,21.266900634765648,2.4652161598205566,-0.488494873046875
154,816,GRID_004628,11.062893244804386,76.5780825181499,0.2242,0.1875,12,21.266900634765648,2.4652161598205566,-0.488494873046875
183,821,GRID_004629,11.062893244804386,76.5880825181499,0.17,0.1875,8,21.266900634765648,2.4652161598205566,-0.488494873046875
157,746,GRID_004630,11.062893244804386,76.59808251814991,0.4652,0.1875,9,21.266900634765648,2.4652161598205566,-0.488494873046875
219,896,GRID_004631,11.072893244804384,76.44808251814983,0.8317,0.1875,8,21.266900634765648,2.4652161598205566,-0.488494873046875
293,941,GRID_004632,11.072893244804384,76.45808251814984,0.8378,0.1875,5,21.266900634765648,2.4652161598205566,-0.488494873046875
284,1041,GRID_004633,11.072893244804384,76.46808251814984,0.7679,0.1875,23,21.266900634765648,2.4652161598205566,-0.488494873046875
343,1212,GRID_004634,11.072893244804384,76.47808251814985,0.7459,0.1875,29,21.266900634765648,2.4652161598205566,-0.488494873046875
246,969,GRID_004635,11.072893244804384,76.48808251814985,0.8351000000000001,0.1875,8,21.266900634765648,2.4652161598205566,-0.488494873046875
39,1099,GRID_004636,11.072893244804384,76.49808251814986,0.5790000000000001,0.1875,20,21.266900634765648,2.4652161598205566,-0.488494873046875
94,801,GRID_004637,11.072893244804384,76.50808251814986,0.6729,0.1875,16,21.266900634765648,2.4652161598205566,-0.488494873046875
195,804,GRID_004638,11.072893244804384,76.51808251814987,0.646,0.1875,20,21.266900634765648,2.4652161598205566,-0.488494873046875
134,601,GRID_004639,11.072893244804384,76.52808251814987,0.3967,0.1875,13,21.266900634765648,2.4652161598205566,-0.488494873046875
204,559,GRID_004640,11.072893244804384,76.53808251814988,0.6386000000000001,0.1875,4,21.266900634765648,2.4652161598205566,-0.488494873046875
168,566,GRID_004641,11.072893244804384,76.54808251814988,0.3778,0.1875,12,21.266900634765648,2.4652161598205566,-0.488494873046875
311,537,GRID_004642,11.072893244804384,76.55808251814989,0.6034,0.1875,1,21.266900634765648,2.4652161598205566,-0.488494873046875
271,578,GRID_004643,11.072893244804384,76.5680825181499,0.4964,0.1875,9,21.266900634765648,2.4652161598205566,-0.488494873046875
351,673,GRID_004644,11.072893244804384,76.5780825181499,0.3151,0.1875,11,21.266900634765648,2.4652161598205566,-0.488494873046875
354,794,GRID_004645,11.072893244804384,76.5880825181499,0.2746,0.1875,15,21.266900634765648,2.4652161598205566,-0.488494873046875
112,796,GRID_004646,11.072893244804384,76.59808251814991,0.3378,0.1875,6,21.266900634765648,2.4652161598205566,-0.488494873046875
163,940,GRID_004647,11.082893244804383,76.48808251814985,0.8443,0.1875,6,21.266900634765648,2.4652161598205566,-0.488494873046875
161,992,GRID_004648,11.082893244804383,76.49808251814986,0.8466,0.1875,14,21.266900634765648,2.4652161598205566,-0.488494873046875
135,1105,GRID_004649,11.082893244804383,76.50808251814986,0.8340000000000001,0.1875,10,21.266900634765648,2.4652161598205566,-0.488494873046875
148,925,GRID_004650,11.082893244804383,76.54808251814988,0.5039,0.1875,16,21.266900634765648,2.4652161598205566,-0.488494873046875
148,705,GRID_004651,11.082893244804383,76.55808251814989,0.4097,0.1875,20,21.266900634765648,2.4652161598205566,-0.488494873046875
147,547,GRID_004652,11.082893244804383,76.5680825181499,0.4027,0.1875,7,21.266900634765648,2.4652161598205566,-0.488494873046875
290,531,GRID_004653,11.082893244804383,76.5780825181499,0.6374000000000001,0.1875,3,21.266900634765648,2.4652161598205566,-0.488494873046875
279,572,GRID_004654,11.082893244804383,76.5880825181499,0.6359,0.1875,7,21.266900634765648,2.4652161598205566,-0.488494873046875
0,761,GRID_004655,11.082893244804383,76.59808251814991,0.8779,0.1875,13,21.266900634765648,2.4652161598205566,-0.488494873046875
127,792,GRID_004656,11.082893244804383,76.60808251814991,0.9075000000000001,0.1875,9,21.266900634765648,2.4652161598205566,-0.488494873046875
335,650,GRID_004657,11.082893244804383,76.61808251814992,0.9178000000000001,0.1875,8,21.266900634765648,2.4652161598205566,-0.488494873046875
196,1202,GRID_004658,11.092893244804385,76.47808251814985,0.8292,0.1875,27,21.266900634765648,2.4652161598205566,-0.488494873046875
170,1126,GRID_004659,11.092893244804385,76.48808251814985,0.8528,0.1875,12,21.266900634765648,2.4652161598205566,-0.488494873046875
210,1380,GRID_004660,11.092893244804385,76.49808251814986,0.7537,0.1875,20,21.266900634765648,2.4652161598205566,-0.488494873046875
184,593,GRID_004661,11.092893244804385,76.52808251814987,0.8119000000000001,0.1875,9,21.266900634765648,2.4652161598205566,-0.488494873046875
333,807,GRID_004662,11.092893244804385,76.53808251814988,0.48560000000000003,0.1875,29,21.266900634765648,2.4652161598205566,-0.488494873046875
196,1223,GRID_004663,11.092893244804385,76.54808251814988,0.46840000000000004,0.1875,16,21.266900634765648,2.4652161598205566,-0.488494873046875
131,1012,GRID_004664,11.092893244804385,76.55808251814989,0.5571,0.1875,26,21.266900634765648,2.4652161598205566,-0.488494873046875
143,529,GRID_004665,11.092893244804385,76.5880825181499,0.8195,0.1875,6,21.266900634765648,2.4652161598205566,-0.488494873046875
334,584,GRID_004666,11.092893244804385,76.59808251814991,0.8757,0.1875,10,21.266900634765648,2.4652161598205566,-0.488494873046875
308,723,GRID_004667,11.092893244804385,76.60808251814991,0.8986000000000001,0.1875,15,21.266900634765648,2.4652161598205566,-0.488494873046875
339,717,GRID_004668,11.092893244804385,76.61808251814992,0.7367,0.1875,2,21.266900634765648,2.4652161598205566,-0.488494873046875
95,709,GRID_004669,11.092893244804385,76.62808251814992,0.8943000000000001,0.0,14,21.266900634765648,5.165215969085693,0.9115051627159119
163,558,GRID_004670,11.092893244804385,76.63808251814993,0.7141000000000001,0.0,6,21.266900634765648,5.165215969085693,0.9115051627159119
90,572,GRID_004671,11.092893244804385,76.64808251814993,0.907,0.0,12,21.266900634765648,5.165215969085693,0.9115051627159119
303,599,GRID_004672,11.092893244804385,76.65808251814994,0.8304,0.0,11,21.266900634765648,5.165215969085693,0.9115051627159119
282,1095,GRID_004673,11.102893244804385,76.3880825181498,0.8399000000000001,0.1875,12,21.266900634765648,2.4652161598205566,-0.488494873046875
13,957,GRID_004674,11.102893244804385,76.43808251814983,0.8423,0.1875,13,21.266900634765648,2.4652161598205566,-0.488494873046875
237,997,GRID_004675,11.102893244804385,76.44808251814983,0.8471000000000001,0.1875,7,21.266900634765648,2.4652161598205566,-0.488494873046875
156,1328,GRID_004676,11.102893244804385,76.46808251814984,0.8563000000000001,0.1875,12,21.266900634765648,2.4652161598205566,-0.488494873046875
22,1455,GRID_004677,11.102893244804385,76.49808251814986,0.8432000000000001,0.1875,17,21.266900634765648,2.4652161598205566,-0.488494873046875
259,1310,GRID_004678,11.102893244804385,76.54808251814988,0.504,0.1875,29,21.266900634765648,2.4652161598205566,-0.488494873046875
62,1099,GRID_004679,11.102893244804385,76.55808251814989,0.8115,0.1875,27,21.266900634765648,2.4652161598205566,-0.488494873046875
134,789,GRID_004680,11.102893244804385,76.5680825181499,0.6962,0.1875,16,21.266900634765648,2.4652161598205566,-0.488494873046875
63,582,GRID_004681,11.102893244804385,76.5780825181499,0.7052,0.1875,4,21.266900634765648,2.4652161598205566,-0.488494873046875
39,560,GRID_004682,11.102893244804385,76.5880825181499,0.7106,0.1875,5,21.266900634765648,2.4652161598205566,-0.488494873046875
218,654,GRID_004683,11.102893244804385,76.59808251814991,0.8927,0.1875,12,21.266900634765648,2.4652161598205566,-0.488494873046875
262,634,GRID_004684,11.102893244804385,76.60808251814991,0.8439000000000001,0.1875,4,21.266900634765648,2.4652161598205566,-0.488494873046875
330,664,GRID_004685,11.102893244804385,76.61808251814992,0.8253,0.1875,4,21.266900634765648,2.4652161598205566,-0.488494873046875
64,650,GRID_004686,11.102893244804385,76.63808251814993,0.4657,0.0,11,21.266900634765648,5.165215969085693,0.9115051627159119
270,841,GRID_004687,11.102893244804385,76.70808251814996,0.7243,0.0,7,21.266900634765648,5.165215969085693,0.9115051627159119
290,300,GRID_004688,11.112893244804384,76.36808251814979,0.8160000000000001,0.125,17,22.766900634765648,0.065216064453125,-0.28849488496780396
48,942,GRID_004689,11.112893244804384,76.5680825181499,0.9066000000000001,0.1875,23,21.266900634765648,2.4652161598205566,-0.488494873046875
87,627,GRID_004690,11.112893244804384,76.5780825181499,0.7764000000000001,0.1875,7,21.266900634765648,2.4652161598205566,-0.488494873046875
251,173,GRID_004691,11.122893244804384,76.36808251814979,0.8200000000000001,0.125,14,22.766900634765648,0.065216064453125,-0.28849488496780396
342,576,GRID_004692,11.122893244804384,76.3980825181498,0.7091000000000001,0.1875,23,21.266900634765648,2.4652161598205566,-0.488494873046875
264,1058,GRID_004693,11.122893244804384,76.40808251814981,0.1711,0.1875,27,21.266900634765648,2.4652161598205566,-0.488494873046875
57,841,GRID_004694,11.122893244804384,76.5680825181499,0.8679,0.1875,12,21.266900634765648,2.4652161598205566,-0.488494873046875
85,656,GRID_004695,11.122893244804384,76.5780825181499,0.7481,0.1875,9,21.266900634765648,2.4652161598205566,-0.488494873046875
157,576,GRID_004696,11.122893244804384,76.5880825181499,0.8049000000000001,0.1875,5,21.266900634765648,2.4652161598205566,-0.488494873046875
150,563,GRID_004697,11.122893244804384,76.59808251814991,0.8322,0.1875,7,21.266900634765648,2.4652161598205566,-0.488494873046875
317,191,GRID_004698,11.132893244804384,76.3780825181498,0.6739,0.1875,13,21.266900634765648,2.4652161598205566,-0.488494873046875
147,1350,GRID_004699,11.132893244804384,76.44808251814983,0.8919,0.1875,8,21.266900634765648,2.4652161598205566,-0.488494873046875
124,756,GRID_004700,11.132893244804384,76.5780825181499,0.8277,0.1875,10,21.266900634765648,2.4652161598205566,-0.488494873046875
49,552,GRID_004701,11.132893244804384,76.65808251814994,0.6960000000000001,0.0,5,21.266900634765648,5.165215969085693,0.9115051627159119
284,629,GRID_004702,11.132893244804384,76.66808251814994,0.7481,0.0,11,21.266900634765648,5.165215969085693,0.9115051627159119
207,71,GRID_004703,11.142893244804384,76.32808251814977,0.7506,0.125,1,22.766900634765648,0.065216064453125,-0.28849488496780396
282,87,GRID_004704,11.142893244804384,76.33808251814978,0.7704000000000001,0.125,2,22.766900634765648,0.065216064453125,-0.28849488496780396
348,95,GRID_004705,11.142893244804384,76.34808251814978,0.3296,0.125,4,22.766900634765648,0.065216064453125,-0.28849488496780396
306,137,GRID_004706,11.142893244804384,76.35808251814979,0.7782,0.125,6,22.766900634765648,0.065216064453125,-0.28849488496780396
289,319,GRID_004707,11.142893244804384,76.36808251814979,0.5266000000000001,0.125,14,22.766900634765648,0.065216064453125,-0.28849488496780396
164,319,GRID_004708,11.142893244804384,76.3780825181498,0.5493,0.1875,14,21.266900634765648,2.4652161598205566,-0.488494873046875
183,308,GRID_004709,11.142893244804384,76.3880825181498,0.5281,0.1875,17,21.266900634765648,2.4652161598205566,-0.488494873046875
239,411,GRID_004710,11.142893244804384,76.3980825181498,0.4657,0.1875,12,21.266900634765648,2.4652161598205566,-0.488494873046875
291,723,GRID_004711,11.142893244804384,76.40808251814981,0.617,0.1875,23,21.266900634765648,2.4652161598205566,-0.488494873046875
75,1078,GRID_004712,11.142893244804384,76.41808251814982,0.5524,0.1875,18,21.266900634765648,2.4652161598205566,-0.488494873046875
308,1591,GRID_004713,11.142893244804384,76.44808251814983,0.8598,0.1875,14,21.266900634765648,2.4652161598205566,-0.488494873046875
157,1239,GRID_004714,11.142893244804384,76.55808251814989,0.7689,0.1875,30,21.266900634765648,2.4652161598205566,-0.488494873046875
74,786,GRID_004715,11.142893244804384,76.5880825181499,0.7914,0.1875,7,21.266900634765648,2.4652161598205566,-0.488494873046875
144,719,GRID_004716,11.142893244804384,76.59808251814991,0.7154,0.1875,7,21.266900634765648,2.4652161598205566,-0.488494873046875
118,497,GRID_004717,11.142893244804384,76.64808251814993,0.6842,0.0,4,21.266900634765648,5.165215969085693,0.9115051627159119
55,583,GRID_004718,11.142893244804384,76.65808251814994,0.6992,0.0,8,21.266900634765648,5.165215969085693,0.9115051627159119
309,64,GRID_004719,11.152893244804384,76.33808251814978,0.7538,0.125,3,22.766900634765648,0.065216064453125,-0.28849488496780396
90,81,GRID_004720,11.152893244804384,76.34808251814978,0.7664000000000001,0.125,1,22.766900634765648,0.065216064453125,-0.28849488496780396
278,110,GRID_004721,11.152893244804384,76.36808251814979,0.5297000000000001,0.125,5,22.766900634765648,0.065216064453125,-0.28849488496780396
293,257,GRID_004722,11.152893244804384,76.3780825181498,0.8019000000000001,0.1875,14,21.266900634765648,2.4652161598205566,-0.488494873046875
349,513,GRID_004723,11.152893244804384,76.3880825181498,0.8140000000000001,0.1875,16,21.266900634765648,2.4652161598205566,-0.488494873046875
238,710,GRID_004724,11.152893244804384,76.3980825181498,0.8825000000000001,0.1875,14,21.266900634765648,2.4652161598205566,-0.488494873046875
214,935,GRID_004725,11.152893244804384,76.40808251814981,0.1345,0.1875,31,21.266900634765648,2.4652161598205566,-0.488494873046875
238,1088,GRID_004726,11.152893244804384,76.42808251814982,0.43570000000000003,0.1875,13,21.266900634765648,2.4652161598205566,-0.488494873046875
282,1314,GRID_004727,11.152893244804384,76.44808251814983,0.8529,0.1875,17,21.266900634765648,2.4652161598205566,-0.488494873046875
316,1658,GRID_004728,11.152893244804384,76.45808251814984,0.8429000000000001,0.1875,20,21.266900634765648,2.4652161598205566,-0.488494873046875
193,893,GRID_004729,11.152893244804384,76.5880825181499,0.9252,0.1875,20,21.266900634765648,2.4652161598205566,-0.488494873046875
101,510,GRID_004730,11.152893244804384,76.64808251814993,0.7328,0.0,2,21.266900634765648,5.165215969085693,0.9115051627159119
291,55,GRID_004731,11.162893244804383,76.31808251814977,0.7498,0.125,3,22.766900634765648,0.065216064453125,-0.28849488496780396
270,62,GRID_004732,11.162893244804383,76.32808251814977,0.44430000000000003,0.125,1,22.766900634765648,0.065216064453125,-0.28849488496780396
157,73,GRID_004733,11.162893244804383,76.33808251814978,0.49060000000000004,0.125,2,22.766900634765648,0.065216064453125,-0.28849488496780396
231,85,GRID_004734,11.162893244804383,76.34808251814978,0.7486,0.125,1,22.766900634765648,0.065216064453125,-0.28849488496780396
248,96,GRID_004735,11.162893244804383,76.35808251814979,0.7005,0.125,4,22.766900634765648,0.065216064453125,-0.28849488496780396
181,166,GRID_004736,11.162893244804383,76.36808251814979,0.5585,0.125,9,22.766900634765648,0.065216064453125,-0.28849488496780396
186,288,GRID_004737,11.162893244804383,76.3780825181498,0.8244,0.1875,14,21.266900634765648,2.4652161598205566,-0.488494873046875
182,337,GRID_004738,11.162893244804383,76.3880825181498,0.7688,0.1875,12,21.266900634765648,2.4652161598205566,-0.488494873046875
290,635,GRID_004739,11.162893244804383,76.3980825181498,0.6039,0.1875,23,21.266900634765648,2.4652161598205566,-0.488494873046875
294,947,GRID_004740,11.162893244804383,76.40808251814981,0.7198,0.1875,28,21.266900634765648,2.4652161598205566,-0.488494873046875
65,1055,GRID_004741,11.162893244804383,76.41808251814982,0.7994,0.1875,16,21.266900634765648,2.4652161598205566,-0.488494873046875
334,1402,GRID_004742,11.162893244804383,76.43808251814983,0.8396,0.1875,15,21.266900634765648,2.4652161598205566,-0.488494873046875
252,1492,GRID_004743,11.162893244804383,76.44808251814983,0.8236,0.1875,25,21.266900634765648,2.4652161598205566,-0.488494873046875
217,1865,GRID_004744,11.162893244804383,76.45808251814984,0.8791,0.1875,28,21.266900634765648,2.4652161598205566,-0.488494873046875
195,1800,GRID_004745,11.162893244804383,76.47808251814985,0.8567,0.1875,8,21.266900634765648,2.4652161598205566,-0.488494873046875
134,53,GRID_004746,11.172893244804383,76.30808251814976,0.742,0.125,0,22.766900634765648,0.065216064453125,-0.28849488496780396
255,58,GRID_004747,11.172893244804383,76.31808251814977,0.6301,0.125,3,22.766900634765648,0.065216064453125,-0.28849488496780396
311,58,GRID_004748,11.172893244804383,76.32808251814977,0.6877,0.125,2,22.766900634765648,0.065216064453125,-0.28849488496780396
183,98,GRID_004749,11.172893244804383,76.33808251814978,0.7552,0.125,7,22.766900634765648,0.065216064453125,-0.28849488496780396
331,81,GRID_004750,11.172893244804383,76.34808251814978,0.6229,0.125,5,22.766900634765648,0.065216064453125,-0.28849488496780396
344,335,GRID_004751,11.172893244804383,76.35808251814979,0.6183000000000001,0.125,4,22.766900634765648,0.065216064453125,-0.28849488496780396
283,557,GRID_004752,11.172893244804383,76.36808251814979,0.4343,0.125,26,22.766900634765648,0.065216064453125,-0.28849488496780396
152,487,GRID_004753,11.172893244804383,76.3780825181498,0.24150000000000002,0.1875,25,21.266900634765648,2.4652161598205566,-0.488494873046875
247,464,GRID_004754,11.172893244804383,76.3880825181498,0.5578000000000001,0.1875,13,21.266900634765648,2.4652161598205566,-0.488494873046875
161,833,GRID_004755,11.172893244804383,76.3980825181498,0.3024,0.1875,21,21.266900634765648,2.4652161598205566,-0.488494873046875
231,881,GRID_004756,11.172893244804383,76.40808251814981,0.7332000000000001,0.1875,26,21.266900634765648,2.4652161598205566,-0.488494873046875
12,1153,GRID_004757,11.172893244804383,76.41808251814982,0.553,0.1875,2,21.266900634765648,2.4652161598205566,-0.488494873046875
208,1267,GRID_004758,11.172893244804383,76.42808251814982,0.8278000000000001,0.1875,25,21.266900634765648,2.4652161598205566,-0.488494873046875
152,1513,GRID_004759,11.172893244804383,76.43808251814983,0.8271000000000001,0.1875,33,21.266900634765648,2.4652161598205566,-0.488494873046875
311,1539,GRID_004760,11.172893244804383,76.44808251814983,0.8438,0.1875,27,21.266900634765648,2.4652161598205566,-0.488494873046875
304,1935,GRID_004761,11.172893244804383,76.45808251814984,0.8646,0.1875,20,21.266900634765648,2.4652161598205566,-0.488494873046875
46,2008,GRID_004762,11.172893244804383,76.46808251814984,0.8509,0.1875,13,21.266900634765648,2.4652161598205566,-0.488494873046875
58,1870,GRID_004763,11.172893244804383,76.48808251814985,0.8537,0.1875,6,21.266900634765648,2.4652161598205566,-0.488494873046875
308,97,GRID_004764,11.182893244804385,76.32808251814977,0.7861,0.125,12,22.766900634765648,0.065216064453125,-0.28849488496780396
239,366,GRID_004765,11.182893244804385,76.33808251814978,0.6679,0.125,10,22.766900634765648,0.065216064453125,-0.28849488496780396
162,217,GRID_004766,11.182893244804385,76.34808251814978,0.7216,0.125,16,22.766900634765648,0.065216064453125,-0.28849488496780396
195,240,GRID_004767,11.182893244804385,76.35808251814979,0.8243,0.125,11,22.766900634765648,0.065216064453125,-0.28849488496780396
194,472,GRID_004768,11.182893244804385,76.36808251814979,0.7512000000000001,0.125,25,22.766900634765648,0.065216064453125,-0.28849488496780396
258,669,GRID_004769,11.182893244804385,76.3780825181498,0.5159,0.1875,30,21.266900634765648,2.4652161598205566,-0.488494873046875
190,1042,GRID_004770,11.182893244804385,76.3880825181498,0.30910000000000004,0.1875,24,21.266900634765648,2.4652161598205566,-0.488494873046875
211,1147,GRID_004771,11.182893244804385,76.3980825181498,0.3159,0.1875,35,21.266900634765648,2.4652161598205566,-0.488494873046875
108,1354,GRID_004772,11.182893244804385,76.40808251814981,0.5235000000000001,0.1875,20,21.266900634765648,2.4652161598205566,-0.488494873046875
176,1321,GRID_004773,11.182893244804385,76.41808251814982,0.7484000000000001,0.1875,23,21.266900634765648,2.4652161598205566,-0.488494873046875
295,1574,GRID_004774,11.182893244804385,76.42808251814982,0.784,0.1875,28,21.266900634765648,2.4652161598205566,-0.488494873046875
358,2130,GRID_004775,11.182893244804385,76.46808251814984,0.7636000000000001,0.1875,3,21.266900634765648,2.4652161598205566,-0.488494873046875
226,57,GRID_004776,11.192893244804385,76.31808251814977,0.6899000000000001,0.125,1,22.766900634765648,0.065216064453125,-0.28849488496780396
236,59,GRID_004777,11.192893244804385,76.32808251814977,0.7686000000000001,0.125,2,22.766900634765648,0.065216064453125,-0.28849488496780396
338,184,GRID_004778,11.192893244804385,76.33808251814978,0.6033000000000001,0.125,17,22.766900634765648,0.065216064453125,-0.28849488496780396
307,233,GRID_004779,11.192893244804385,76.34808251814978,0.7170000000000001,0.125,17,22.766900634765648,0.065216064453125,-0.28849488496780396
251,617,GRID_004780,11.192893244804385,76.35808251814979,0.6411,0.125,21,22.766900634765648,0.065216064453125,-0.28849488496780396
265,699,GRID_004781,11.192893244804385,76.36808251814979,0.809,0.125,25,22.766900634765648,0.065216064453125,-0.28849488496780396
318,895,GRID_004782,11.192893244804385,76.3780825181498,0.6920000000000001,0.1875,14,21.266900634765648,2.4652161598205566,-0.488494873046875
315,784,GRID_004783,11.192893244804385,76.3880825181498,0.8056000000000001,0.1875,10,21.266900634765648,2.4652161598205566,-0.488494873046875
315,1158,GRID_004784,11.192893244804385,76.3980825181498,0.8094,0.1875,27,21.266900634765648,2.4652161598205566,-0.488494873046875
168,1571,GRID_004785,11.192893244804385,76.40808251814981,0.8202,0.1875,12,21.266900634765648,2.4652161598205566,-0.488494873046875
286,1573,GRID_004786,11.192893244804385,76.41808251814982,0.7976000000000001,0.1875,28,21.266900634765648,2.4652161598205566,-0.488494873046875
169,1589,GRID_004787,11.192893244804385,76.42808251814982,0.8102,0.1875,19,21.266900634765648,2.4652161598205566,-0.488494873046875
334,2232,GRID_004788,11.192893244804385,76.45808251814984,0.7774000000000001,0.1875,6,21.266900634765648,2.4652161598205566,-0.488494873046875
75,2144,GRID_004789,11.192893244804385,76.46808251814984,0.7515000000000001,0.1875,20,21.266900634765648,2.4652161598205566,-0.488494873046875
220,138,GRID_004790,11.202893244804384,76.31808251814977,0.5128,0.0625,16,22.266900634765648,-0.634783923625946,0.4115051329135895
63,146,GRID_004791,11.202893244804384,76.32808251814977,0.5762,0.0625,18,22.266900634765648,-0.634783923625946,0.4115051329135895
108,55,GRID_004792,11.202893244804384,76.33808251814978,0.6198,0.0625,0,22.266900634765648,-0.634783923625946,0.4115051329135895
266,168,GRID_004793,11.202893244804384,76.34808251814978,0.4199,0.0625,9,22.266900634765648,-0.634783923625946,0.4115051329135895
359,300,GRID_004794,11.202893244804384,76.35808251814979,0.731,0.0625,15,22.266900634765648,-0.634783923625946,0.4115051329135895
343,471,GRID_004795,11.202893244804384,76.36808251814979,0.8280000000000001,0.0625,29,22.266900634765648,-0.634783923625946,0.4115051329135895
287,480,GRID_004796,11.202893244804384,76.3780825181498,0.5362,0.125,11,17.566888427734398,2.565216064453125,0.21150512993335724
206,1030,GRID_004797,11.202893244804384,76.3880825181498,0.11410000000000001,0.125,31,17.566888427734398,2.565216064453125,0.21150512993335724
235,1312,GRID_004798,11.202893244804384,76.3980825181498,0.8149000000000001,0.125,30,17.566888427734398,2.565216064453125,0.21150512993335724
172,1716,GRID_004799,11.202893244804384,76.40808251814981,0.8217,0.125,9,17.566888427734398,2.565216064453125,0.21150512993335724
223,1618,GRID_004800,11.202893244804384,76.41808251814982,0.8275,0.125,13,17.566888427734398,2.565216064453125,0.21150512993335724
283,2086,GRID_004801,11.202893244804384,76.42808251814982,0.7907000000000001,0.125,20,17.566888427734398,2.565216064453125,0.21150512993335724
31,2004,GRID_004802,11.202893244804384,76.43808251814983,0.8519,0.125,12,17.566888427734398,2.565216064453125,0.21150512993335724
342,2158,GRID_004803,11.202893244804384,76.44808251814983,0.7384000000000001,0.125,12,17.566888427734398,2.565216064453125,0.21150512993335724
51,2165,GRID_004804,11.202893244804384,76.45808251814984,0.8006000000000001,0.125,12,17.566888427734398,2.565216064453125,0.21150512993335724
351,58,GRID_004805,11.212893244804382,76.31808251814977,0.5802,0.0625,5,22.266900634765648,-0.634783923625946,0.4115051329135895
290,66,GRID_004806,11.212893244804382,76.32808251814977,0.6894,0.0625,6,22.266900634765648,-0.634783923625946,0.4115051329135895
190,52,GRID_004807,11.212893244804382,76.33808251814978,0.5665,0.0625,1,22.266900634765648,-0.634783923625946,0.4115051329135895
290,74,GRID_004808,11.212893244804382,76.34808251814978,0.765,0.0625,4,22.266900634765648,-0.634783923625946,0.4115051329135895
287,160,GRID_004809,11.212893244804382,76.35808251814979,0.6920000000000001,0.0625,4,22.266900634765648,-0.634783923625946,0.4115051329135895
235,352,GRID_004810,11.212893244804382,76.36808251814979,0.8094,0.0625,17,22.266900634765648,-0.634783923625946,0.4115051329135895
184,493,GRID_004811,11.212893244804382,76.3780825181498,0.8220000000000001,0.125,17,17.566888427734398,2.565216064453125,0.21150512993335724
299,673,GRID_004812,11.212893244804382,76.3880825181498,0.6973,0.125,18,17.566888427734398,2.565216064453125,0.21150512993335724
318,1257,GRID_004813,11.212893244804382,76.3980825181498,0.8061,0.125,38,17.566888427734398,2.565216064453125,0.21150512993335724
345,1443,GRID_004814,11.212893244804382,76.40808251814981,0.7844,0.125,40,17.566888427734398,2.565216064453125,0.21150512993335724
26,1601,GRID_004815,11.212893244804382,76.41808251814982,0.8164,0.125,35,17.566888427734398,2.565216064453125,0.21150512993335724
351,1575,GRID_004816,11.212893244804382,76.42808251814982,0.8084,0.125,33,17.566888427734398,2.565216064453125,0.21150512993335724
158,2197,GRID_004817,11.212893244804382,76.45808251814984,0.7498,0.125,10,17.566888427734398,2.565216064453125,0.21150512993335724
177,2280,GRID_004818,11.212893244804382,76.46808251814984,0.6897,0.125,3,17.566888427734398,2.565216064453125,0.21150512993335724
353,50,GRID_004819,11.222893244804382,76.32808251814977,0.2656,0.0625,3,22.266900634765648,-0.634783923625946,0.4115051329135895
145,62,GRID_004820,11.222893244804382,76.33808251814978,0.6131,0.0625,4,22.266900634765648,-0.634783923625946,0.4115051329135895
307,63,GRID_004821,11.222893244804382,76.34808251814978,0.6279,0.0625,1,22.266900634765648,-0.634783923625946,0.4115051329135895
266,220,GRID_004822,11.222893244804382,76.35808251814979,0.7993,0.0625,18,22.266900634765648,-0.634783923625946,0.4115051329135895
251,708,GRID_004823,11.222893244804382,76.36808251814979,0.37820000000000004,0.0625,19,22.266900634765648,-0.634783923625946,0.4115051329135895
17,1110,GRID_004824,11.222893244804382,76.3980825181498,0.8129000000000001,0.125,40,17.566888427734398,2.565216064453125,0.21150512993335724
24,855,GRID_004825,11.222893244804382,76.40808251814981,0.8584,0.125,33,17.566888427734398,2.565216064453125,0.21150512993335724
241,2269,GRID_004826,11.222893244804382,76.45808251814984,0.6767000000000001,0.125,2,17.566888427734398,2.565216064453125,0.21150512993335724
356,2250,GRID_004827,11.222893244804382,76.46808251814984,0.6602,0.125,3,17.566888427734398,2.565216064453125,0.21150512993335724
341,2187,GRID_004828,11.222893244804382,76.47808251814985,0.7087,0.125,10,17.566888427734398,2.565216064453125,0.21150512993335724
21,2157,GRID_004829,11.222893244804382,76.48808251814985,0.7128,0.125,12,17.566888427734398,2.565216064453125,0.21150512993335724
13,38,GRID_004830,11.232893244804382,76.28808251814975,0.871,0.0625,1,22.266900634765648,-0.634783923625946,0.4115051329135895
102,72,GRID_004831,11.232893244804382,76.32808251814977,0.6887,0.0625,3,22.266900634765648,-0.634783923625946,0.4115051329135895
356,56,GRID_004832,11.232893244804382,76.33808251814978,0.5378000000000001,0.0625,2,22.266900634765648,-0.634783923625946,0.4115051329135895
171,98,GRID_004833,11.232893244804382,76.34808251814978,0.5890000000000001,0.0625,3,22.266900634765648,-0.634783923625946,0.4115051329135895
248,130,GRID_004834,11.232893244804382,76.35808251814979,0.7155,0.0625,4,22.266900634765648,-0.634783923625946,0.4115051329135895
330,305,GRID_004835,11.232893244804382,76.36808251814979,0.7163,0.0625,15,22.266900634765648,-0.634783923625946,0.4115051329135895
352,398,GRID_004836,11.232893244804382,76.3780825181498,0.808,0.125,16,17.566888427734398,2.565216064453125,0.21150512993335724
5,444,GRID_004837,11.232893244804382,76.3880825181498,0.8042,0.125,23,17.566888427734398,2.565216064453125,0.21150512993335724
216,587,GRID_004838,11.232893244804382,76.3980825181498,0.19140000000000001,0.125,23,17.566888427734398,2.565216064453125,0.21150512993335724
269,885,GRID_004839,11.232893244804382,76.40808251814981,0.8331000000000001,0.125,30,17.566888427734398,2.565216064453125,0.21150512993335724
157,1204,GRID_004840,11.232893244804382,76.41808251814982,0.8186,0.125,25,17.566888427734398,2.565216064453125,0.21150512993335724
80,2300,GRID_004841,11.232893244804382,76.45808251814984,0.6553,0.125,4,17.566888427734398,2.565216064453125,0.21150512993335724
96,2219,GRID_004842,11.232893244804382,76.46808251814984,0.6734,0.125,6,17.566888427734398,2.565216064453125,0.21150512993335724
163,2118,GRID_004843,11.232893244804382,76.47808251814985,0.6538,0.125,7,17.566888427734398,2.565216064453125,0.21150512993335724
243,2167,GRID_004844,11.232893244804382,76.49808251814986,0.7017,0.125,12,17.566888427734398,2.565216064453125,0.21150512993335724
75,2280,GRID_004845,11.232893244804382,76.51808251814987,0.7462000000000001,0.125,9,17.566888427734398,2.565216064453125,0.21150512993335724
323,2280,GRID_004846,11.232893244804382,76.52808251814987,0.6599,0.125,9,17.566888427734398,2.565216064453125,0.21150512993335724
266,53,GRID_004847,11.242893244804382,76.29808251814976,0.763,0.0625,2,22.266900634765648,-0.634783923625946,0.4115051329135895
352,43,GRID_004848,11.242893244804382,76.31808251814977,0.8876000000000001,0.0625,1,22.266900634765648,-0.634783923625946,0.4115051329135895
215,46,GRID_004849,11.242893244804382,76.32808251814977,0.6986,0.0625,2,22.266900634765648,-0.634783923625946,0.4115051329135895
171,61,GRID_004850,11.242893244804382,76.33808251814978,0.6873,0.0625,2,22.266900634765648,-0.634783923625946,0.4115051329135895
311,99,GRID_004851,11.242893244804382,76.34808251814978,0.7144,0.0625,3,22.266900634765648,-0.634783923625946,0.4115051329135895
267,144,GRID_004852,11.242893244804382,76.35808251814979,0.7183,0.0625,2,22.266900634765648,-0.634783923625946,0.4115051329135895
275,209,GRID_004853,11.242893244804382,76.36808251814979,0.7876000000000001,0.0625,6,22.266900634765648,-0.634783923625946,0.4115051329135895
228,344,GRID_004854,11.242893244804382,76.3780825181498,0.7064,0.125,12,17.566888427734398,2.565216064453125,0.21150512993335724
220,781,GRID_004855,11.242893244804382,76.3980825181498,0.41390000000000005,0.125,24,17.566888427734398,2.565216064453125,0.21150512993335724
291,1182,GRID_004856,11.242893244804382,76.40808251814981,0.6525000000000001,0.125,15,17.566888427734398,2.565216064453125,0.21150512993335724
350,956,GRID_004857,11.242893244804382,76.41808251814982,0.8456,0.125,16,17.566888427734398,2.565216064453125,0.21150512993335724
307,1149,GRID_004858,11.242893244804382,76.42808251814982,0.8248000000000001,0.125,26,17.566888427734398,2.565216064453125,0.21150512993335724
33,2301,GRID_004859,11.242893244804382,76.45808251814984,0.6972,0.125,13,17.566888427734398,2.565216064453125,0.21150512993335724
156,2212,GRID_004860,11.242893244804382,76.46808251814984,0.6965,0.125,4,17.566888427734398,2.565216064453125,0.21150512993335724
289,2201,GRID_004861,11.242893244804382,76.47808251814985,0.6685,0.125,4,17.566888427734398,2.565216064453125,0.21150512993335724
131,2113,GRID_004862,11.242893244804382,76.49808251814986,0.7014,0.125,3,17.566888427734398,2.565216064453125,0.21150512993335724
221,2324,GRID_004863,11.242893244804382,76.51808251814987,0.7845000000000001,0.125,12,17.566888427734398,2.565216064453125,0.21150512993335724
300,2315,GRID_004864,11.242893244804382,76.53808251814988,0.6885,0.125,10,17.566888427734398,2.565216064453125,0.21150512993335724
145,2288,GRID_004865,11.242893244804382,76.5780825181499,0.8496,0.125,2,17.566888427734398,2.565216064453125,0.21150512993335724
310,35,GRID_004866,11.25289324480438,76.26808251814974,0.8435,0.0625,2,22.266900634765648,-0.634783923625946,0.4115051329135895
52,53,GRID_004867,11.25289324480438,76.30808251814976,0.859,0.0625,2,22.266900634765648,-0.634783923625946,0.4115051329135895
72,80,GRID_004868,11.25289324480438,76.31808251814977,0.8619,0.0625,1,22.266900634765648,-0.634783923625946,0.4115051329135895
323,119,GRID_004869,11.25289324480438,76.32808251814977,0.8635,0.0625,14,22.266900634765648,-0.634783923625946,0.4115051329135895
95,142,GRID_004870,11.25289324480438,76.33808251814978,0.7182000000000001,0.0625,15,22.266900634765648,-0.634783923625946,0.4115051329135895
303,69,GRID_004871,11.25289324480438,76.34808251814978,0.6894,0.0625,0,22.266900634765648,-0.634783923625946,0.4115051329135895
353,81,GRID_004872,11.25289324480438,76.35808251814979,0.7355,0.0625,4,22.266900634765648,-0.634783923625946,0.4115051329135895
296,218,GRID_004873,11.25289324480438,76.36808251814979,0.8009000000000001,0.0625,14,22.266900634765648,-0.634783923625946,0.4115051329135895
214,849,GRID_004874,11.25289324480438,76.3880825181498,0.8015,0.125,19,17.566888427734398,2.565216064453125,0.21150512993335724
358,745,GRID_004875,11.25289324480438,76.3980825181498,0.3451,0.125,21,17.566888427734398,2.565216064453125,0.21150512993335724
326,657,GRID_004876,11.25289324480438,76.40808251814981,0.7336,0.125,9,17.566888427734398,2.565216064453125,0.21150512993335724
208,1107,GRID_004877,11.25289324480438,76.41808251814982,0.8191,0.125,28,17.566888427734398,2.565216064453125,0.21150512993335724
304,1494,GRID_004878,11.25289324480438,76.42808251814982,0.8339000000000001,0.125,32,17.566888427734398,2.565216064453125,0.21150512993335724
85,1657,GRID_004879,11.25289324480438,76.44808251814983,0.7993,0.125,41,17.566888427734398,2.565216064453125,0.21150512993335724
325,1620,GRID_004880,11.25289324480438,76.45808251814984,0.8433,0.125,34,17.566888427734398,2.565216064453125,0.21150512993335724
333,1887,GRID_004881,11.25289324480438,76.46808251814984,0.8539,0.125,41,17.566888427734398,2.565216064453125,0.21150512993335724
106,2358,GRID_004882,11.25289324480438,76.51808251814987,0.7271000000000001,0.125,9,17.566888427734398,2.565216064453125,0.21150512993335724
347,2348,GRID_004883,11.25289324480438,76.52808251814987,0.7135,0.125,7,17.566888427734398,2.565216064453125,0.21150512993335724
262,2374,GRID_004884,11.25289324480438,76.5680825181499,0.8159000000000001,0.125,10,17.566888427734398,2.565216064453125,0.21150512993335724
208,79,GRID_004885,11.26289324480438,76.26808251814974,0.7903,0.0625,6,22.266900634765648,-0.634783923625946,0.4115051329135895
264,43,GRID_004886,11.26289324480438,76.27808251814974,0.8614,0.0625,1,22.266900634765648,-0.634783923625946,0.4115051329135895
194,46,GRID_004887,11.26289324480438,76.29808251814976,0.8249000000000001,0.0625,1,22.266900634765648,-0.634783923625946,0.4115051329135895
150,71,GRID_004888,11.26289324480438,76.31808251814977,0.6644,0.0625,1,22.266900634765648,-0.634783923625946,0.4115051329135895
216,47,GRID_004889,11.26289324480438,76.32808251814977,0.662,0.0625,1,22.266900634765648,-0.634783923625946,0.4115051329135895
133,48,GRID_004890,11.26289324480438,76.33808251814978,0.6809000000000001,0.0625,3,22.266900634765648,-0.634783923625946,0.4115051329135895
0,59,GRID_004891,11.26289324480438,76.34808251814978,0.6449,0.0625,1,22.266900634765648,-0.634783923625946,0.4115051329135895
19,64,GRID_004892,11.26289324480438,76.35808251814979,0.7236,0.0625,0,22.266900634765648,-0.634783923625946,0.4115051329135895
260,630,GRID_004893,11.26289324480438,76.40808251814981,0.7584000000000001,0.125,18,17.566888427734398,2.565216064453125,0.21150512993335724
7,846,GRID_004894,11.26289324480438,76.41808251814982,0.8698,0.125,27,17.566888427734398,2.565216064453125,0.21150512993335724
253,1219,GRID_004895,11.26289324480438,76.42808251814982,0.8061,0.125,34,17.566888427734398,2.565216064453125,0.21150512993335724
82,42,GRID_004896,11.27289324480438,76.26808251814974,0.8726,0.0625,2,22.266900634765648,-0.634783923625946,0.4115051329135895
240,47,GRID_004897,11.27289324480438,76.27808251814974,0.8851,0.0625,3,22.266900634765648,-0.634783923625946,0.4115051329135895
191,36,GRID_004898,11.27289324480438,76.28808251814975,0.8686,0.0625,1,22.266900634765648,-0.634783923625946,0.4115051329135895
90,48,GRID_004899,11.27289324480438,76.30808251814976,0.5938,0.0625,0,22.266900634765648,-0.634783923625946,0.4115051329135895
57,57,GRID_004900,11.27289324480438,76.31808251814977,0.6351,0.0625,2,22.266900634765648,-0.634783923625946,0.4115051329135895
90,39,GRID_004901,11.27289324480438,76.32808251814977,0.6826,0.0625,1,22.266900634765648,-0.634783923625946,0.4115051329135895
52,54,GRID_004902,11.27289324480438,76.33808251814978,0.7080000000000001,0.0625,1,22.266900634765648,-0.634783923625946,0.4115051329135895
69,56,GRID_004903,11.27289324480438,76.34808251814978,0.7140000000000001,0.0625,1,22.266900634765648,-0.634783923625946,0.4115051329135895
329,64,GRID_004904,11.27289324480438,76.35808251814979,0.7068,0.0625,1,22.266900634765648,-0.634783923625946,0.4115051329135895
283,71,GRID_004905,11.27289324480438,76.36808251814979,0.7277,0.0625,2,22.266900634765648,-0.634783923625946,0.4115051329135895
199,33,GRID_004906,11.28289324480438,76.27808251814974,0.8370000000000001,0.0625,3,22.266900634765648,-0.634783923625946,0.4115051329135895
180,48,GRID_004907,11.28289324480438,76.28808251814975,0.8485,0.0625,0,22.266900634765648,-0.634783923625946,0.4115051329135895
330,48,GRID_004908,11.28289324480438,76.29808251814976,0.5262,0.0625,2,22.266900634765648,-0.634783923625946,0.4115051329135895
333,50,GRID_004909,11.28289324480438,76.31808251814977,0.6716000000000001,0.0625,2,22.266900634765648,-0.634783923625946,0.4115051329135895
186,43,GRID_004910,11.28289324480438,76.32808251814977,0.6896,0.0625,1,22.266900634765648,-0.634783923625946,0.4115051329135895
22,44,GRID_004911,11.28289324480438,76.33808251814978,0.6910000000000001,0.0625,1,22.266900634765648,-0.634783923625946,0.4115051329135895
296,52,GRID_004912,11.28289324480438,76.34808251814978,0.6957,0.0625,1,22.266900634765648,-0.634783923625946,0.4115051329135895
296,51,GRID_004913,11.28289324480438,76.35808251814979,0.6966,0.0625,2,22.266900634765648,-0.634783923625946,0.4115051329135895
226,74,GRID_004914,11.28289324480438,76.36808251814979,0.7437,0.0625,0,22.266900634765648,-0.634783923625946,0.4115051329135895
270,43,GRID_004915,11.29289324480438,76.28808251814975,0.5971000000000001,0.0625,1,22.266900634765648,-0.634783923625946,0.4115051329135895
24,68,GRID_004916,11.29289324480438,76.29808251814976,0.5864,0.0625,4,22.266900634765648,-0.634783923625946,0.4115051329135895
187,39,GRID_004917,11.29289324480438,76.30808251814976,0.5645,0.0625,1,22.266900634765648,-0.634783923625946,0.4115051329135895
207,33,GRID_004918,11.29289324480438,76.31808251814977,0.5683,0.0625,1,22.266900634765648,-0.634783923625946,0.4115051329135895
132,40,GRID_004919,11.29289324480438,76.32808251814977,0.6509,0.0625,2,22.266900634765648,-0.634783923625946,0.4115051329135895
350,45,GRID_004920,11.29289324480438,76.33808251814978,0.6255000000000001,0.0625,2,22.266900634765648,-0.634783923625946,0.4115051329135895
296,50,GRID_004921,11.29289324480438,76.34808251814978,0.6416000000000001,0.0625,1,22.266900634765648,-0.634783923625946,0.4115051329135895
164,61,GRID_004922,11.29289324480438,76.35808251814979,0.7020000000000001,0.0625,1,22.266900634765648,-0.634783923625946,0.4115051329135895
314,39,GRID_004923,11.30289324480438,76.31808251814977,0.634,0.0625,0,22.266900634765648,-0.634783923625946,0.4115051329135895
303,55,GRID_004924,11.30289324480438,76.33808251814978,0.6595000000000001,0.0625,0,22.266900634765648,-0.634783923625946,0.4115051329135895
174,58,GRID_004925,11.30289324480438,76.34808251814978,0.6970000000000001,0.0625,1,22.266900634765648,-0.634783923625946,0.4115051329135895
256,62,GRID_004926,11.30289324480438,76.35808251814979,0.5813,0.0625,0,22.266900634765648,-0.634783923625946,0.4115051329135895
334,92,GRID_004927,11.30289324480438,76.36808251814979,0.6822,0.0625,3,22.266900634765648,-0.634783923625946,0.4115051329135895
339,46,GRID_004928,11.31289324480438,76.28808251814975,0.6177,0.0625,5,22.266900634765648,-0.634783923625946,0.4115051329135895
147,60,GRID_004929,11.31289324480438,76.29808251814976,0.6189,0.0625,3,22.266900634765648,-0.634783923625946,0.4115051329135895
153,48,GRID_004930,11.31289324480438,76.30808251814976,0.5973,0.0625,2,22.266900634765648,-0.634783923625946,0.4115051329135895
213,43,GRID_004931,11.31289324480438,76.31808251814977,0.6367,0.0625,2,22.266900634765648,-0.634783923625946,0.4115051329135895
210,42,GRID_004932,11.31289324480438,76.32808251814977,0.6165,0.0625,2,22.266900634765648,-0.634783923625946,0.4115051329135895
336,46,GRID_004933,11.31289324480438,76.33808251814978,0.6946,0.0625,1,22.266900634765648,-0.634783923625946,0.4115051329135895
256,60,GRID_004934,11.31289324480438,76.34808251814978,0.6768000000000001,0.0625,0,22.266900634765648,-0.634783923625946,0.4115051329135895
217,64,GRID_004935,11.31289324480438,76.35808251814979,0.6703,0.0625,1,22.266900634765648,-0.634783923625946,0.4115051329135895
317,81,GRID_004936,11.31289324480438,76.36808251814979,0.7209,0.0625,2,22.266900634765648,-0.634783923625946,0.4115051329135895
69,100,GRID_004937,11.31289324480438,76.3780825181498,0.7095,0.125,1,17.566888427734398,2.565216064453125,0.21150512993335724
90,158,GRID_004938,11.31289324480438,76.3880825181498,0.6803,0.125,3,17.566888427734398,2.565216064453125,0.21150512993335724
306,15,GRID_004939,11.32289324480438,76.0080825181496,0.7426,0.25,1,22.866906738281273,0.26521608233451843,-0.988494873046875
134,30,GRID_004940,11.32289324480438,76.29808251814976,0.5545,0.0625,0,22.266900634765648,-0.634783923625946,0.4115051329135895
3,31,GRID_004941,11.32289324480438,76.30808251814976,0.5598000000000001,0.0625,2,22.266900634765648,-0.634783923625946,0.4115051329135895
65,44,GRID_004942,11.32289324480438,76.31808251814977,0.614,0.0625,2,22.266900634765648,-0.634783923625946,0.4115051329135895
238,56,GRID_004943,11.32289324480438,76.32808251814977,0.6287,0.0625,2,22.266900634765648,-0.634783923625946,0.4115051329135895
110,67,GRID_004944,11.32289324480438,76.33808251814978,0.6472,0.0625,3,22.266900634765648,-0.634783923625946,0.4115051329135895
326,56,GRID_004945,11.32289324480438,76.34808251814978,0.6628000000000001,0.0625,1,22.266900634765648,-0.634783923625946,0.4115051329135895
142,63,GRID_004946,11.32289324480438,76.35808251814979,0.6945,0.0625,3,22.266900634765648,-0.634783923625946,0.4115051329135895
0,71,GRID_004947,11.32289324480438,76.36808251814979,0.6899000000000001,0.0625,0,22.266900634765648,-0.634783923625946,0.4115051329135895
163,92,GRID_004948,11.32289324480438,76.3780825181498,0.6677000000000001,0.125,2,17.566888427734398,2.565216064453125,0.21150512993335724
356,89,GRID_004949,11.32289324480438,76.3880825181498,0.6879000000000001,0.125,3,17.566888427734398,2.565216064453125,0.21150512993335724
286,290,GRID_004950,11.32289324480438,76.3980825181498,0.6987,0.125,21,17.566888427734398,2.565216064453125,0.21150512993335724
343,41,GRID_004951,11.33289324480438,76.26808251814974,0.5133,0.0625,1,22.266900634765648,-0.634783923625946,0.4115051329135895
131,37,GRID_004952,11.33289324480438,76.27808251814974,0.5054000000000001,0.0625,1,22.266900634765648,-0.634783923625946,0.4115051329135895
157,51,GRID_004953,11.33289324480438,76.28808251814975,0.5571,0.0625,2,22.266900634765648,-0.634783923625946,0.4115051329135895
249,31,GRID_004954,11.33289324480438,76.29808251814976,0.5638000000000001,0.0625,1,22.266900634765648,-0.634783923625946,0.4115051329135895
136,52,GRID_004955,11.33289324480438,76.30808251814976,0.5829,0.0625,2,22.266900634765648,-0.634783923625946,0.4115051329135895
113,38,GRID_004956,11.33289324480438,76.31808251814977,0.6233000000000001,0.0625,1,22.266900634765648,-0.634783923625946,0.4115051329135895
328,54,GRID_004957,11.33289324480438,76.32808251814977,0.6515000000000001,0.0625,2,22.266900634765648,-0.634783923625946,0.4115051329135895
352,60,GRID_004958,11.33289324480438,76.33808251814978,0.6757000000000001,0.0625,1,22.266900634765648,-0.634783923625946,0.4115051329135895
149,63,GRID_004959,11.33289324480438,76.34808251814978,0.6803,0.0625,1,22.266900634765648,-0.634783923625946,0.4115051329135895
119,61,GRID_004960,11.33289324480438,76.35808251814979,0.6959000000000001,0.0625,2,22.266900634765648,-0.634783923625946,0.4115051329135895
357,71,GRID_004961,11.33289324480438,76.36808251814979,0.6865,0.0625,2,22.266900634765648,-0.634783923625946,0.4115051329135895
15,74,GRID_004962,11.33289324480438,76.3780825181498,0.6804,0.125,2,17.566888427734398,2.565216064453125,0.21150512993335724
290,68,GRID_004963,11.33289324480438,76.3880825181498,0.6886,0.125,1,17.566888427734398,2.565216064453125,0.21150512993335724
289,151,GRID_004964,11.33289324480438,76.3980825181498,0.6986,0.125,12,17.566888427734398,2.565216064453125,0.21150512993335724
298,417,GRID_004965,11.33289324480438,76.40808251814981,0.6915,0.125,18,17.566888427734398,2.565216064453125,0.21150512993335724
173,480,GRID_004966,11.33289324480438,76.41808251814982,0.7092,0.125,5,17.566888427734398,2.565216064453125,0.21150512993335724
202,548,GRID_004967,11.33289324480438,76.42808251814982,0.7087,0.125,8,17.566888427734398,2.565216064453125,0.21150512993335724
245,70,GRID_004968,11.34289324480438,76.05808251814963,0.6582,0.25,4,22.866906738281273,0.26521608233451843,-0.988494873046875
166,30,GRID_004969,11.34289324480438,76.25808251814973,0.5362,0.0625,0,22.266900634765648,-0.634783923625946,0.4115051329135895
6,43,GRID_004970,11.34289324480438,76.26808251814974,0.798,0.0625,1,22.266900634765648,-0.634783923625946,0.4115051329135895
132,56,GRID_004971,11.34289324480438,76.28808251814975,0.5739000000000001,0.0625,2,22.266900634765648,-0.634783923625946,0.4115051329135895
126,51,GRID_004972,11.34289324480438,76.30808251814976,0.6088,0.0625,3,22.266900634765648,-0.634783923625946,0.4115051329135895
292,48,GRID_004973,11.34289324480438,76.31808251814977,0.5832,0.0625,2,22.266900634765648,-0.634783923625946,0.4115051329135895
292,72,GRID_004974,11.34289324480438,76.32808251814977,0.6666000000000001,0.0625,8,22.266900634765648,-0.634783923625946,0.4115051329135895
80,57,GRID_004975,11.34289324480438,76.33808251814978,0.6949000000000001,0.0625,4,22.266900634765648,-0.634783923625946,0.4115051329135895
4,60,GRID_004976,11.34289324480438,76.34808251814978,0.6912,0.0625,2,22.266900634765648,-0.634783923625946,0.4115051329135895
94,57,GRID_004977,11.34289324480438,76.35808251814979,0.5436,0.0625,2,22.266900634765648,-0.634783923625946,0.4115051329135895
0,54,GRID_004978,11.34289324480438,76.36808251814979,0.6424000000000001,0.0625,2,22.266900634765648,-0.634783923625946,0.4115051329135895
150,57,GRID_004979,11.34289324480438,76.3780825181498,0.6404000000000001,0.125,1,17.566888427734398,2.565216064453125,0.21150512993335724
248,95,GRID_004980,11.34289324480438,76.3880825181498,0.6868000000000001,0.125,11,17.566888427734398,2.565216064453125,0.21150512993335724
214,131,GRID_004981,11.34289324480438,76.3980825181498,0.6876,0.125,10,17.566888427734398,2.565216064453125,0.21150512993335724
300,237,GRID_004982,11.34289324480438,76.40808251814981,0.7013,0.125,13,17.566888427734398,2.565216064453125,0.21150512993335724
253,460,GRID_004983,11.34289324480438,76.41808251814982,0.6691,0.125,16,17.566888427734398,2.565216064453125,0.21150512993335724
208,660,GRID_004984,11.34289324480438,76.42808251814982,0.6513,0.125,9,17.566888427734398,2.565216064453125,0.21150512993335724
202,696,GRID_004985,11.34289324480438,76.43808251814983,0.6966,0.125,9,17.566888427734398,2.565216064453125,0.21150512993335724
127,832,GRID_004986,11.35289324480438,76.09808251814965,0.6439,0.25,12,22.866906738281273,0.26521608233451843,-0.988494873046875
220,544,GRID_004987,11.35289324480438,76.10808251814966,0.632,0.25,9,22.866906738281273,0.26521608233451843,-0.988494873046875
219,773,GRID_004988,11.35289324480438,76.11808251814966,0.6862,0.25,14,22.866906738281273,0.26521608233451843,-0.988494873046875
192,62,GRID_004989,11.35289324480438,76.24808251814973,0.6418,0.0625,4,22.266900634765648,-0.634783923625946,0.4115051329135895
257,56,GRID_004990,11.35289324480438,76.27808251814974,0.5561,0.0625,3,22.266900634765648,-0.634783923625946,0.4115051329135895
4,41,GRID_004991,11.35289324480438,76.28808251814975,0.6297,0.0625,2,22.266900634765648,-0.634783923625946,0.4115051329135895
138,35,GRID_004992,11.35289324480438,76.29808251814976,0.45640000000000003,0.0625,1,22.266900634765648,-0.634783923625946,0.4115051329135895
244,39,GRID_004993,11.35289324480438,76.30808251814976,0.47850000000000004,0.0625,0,22.266900634765648,-0.634783923625946,0.4115051329135895
134,40,GRID_004994,11.35289324480438,76.31808251814977,0.5860000000000001,0.0625,0,22.266900634765648,-0.634783923625946,0.4115051329135895
22,84,GRID_004995,11.35289324480438,76.32808251814977,0.638,0.0625,9,22.266900634765648,-0.634783923625946,0.4115051329135895
270,40,GRID_004996,11.35289324480438,76.33808251814978,0.6289,0.0625,0,22.266900634765648,-0.634783923625946,0.4115051329135895
356,44,GRID_004997,11.35289324480438,76.34808251814978,0.6492,0.0625,2,22.266900634765648,-0.634783923625946,0.4115051329135895
192,45,GRID_004998,11.35289324480438,76.35808251814979,0.8553000000000001,0.0625,1,22.266900634765648,-0.634783923625946,0.4115051329135895
242,57,GRID_004999,11.35289324480438,76.36808251814979,0.767,0.0625,1,22.266900634765648,-0.634783923625946,0.4115051329135895
240,80,GRID_005000,11.35289324480438,76.3780825181498,0.6485000000000001,0.125,2,17.566888427734398,2.565216064453125,0.21150512993335724
274,123,GRID_005001,11.35289324480438,76.3880825181498,0.6529,0.125,15,17.566888427734398,2.565216064453125,0.21150512993335724
259,432,GRID_005002,11.35289324480438,76.3980825181498,0.6673,0.125,12,17.566888427734398,2.565216064453125,0.21150512993335724
148,418,GRID_005003,11.35289324480438,76.40808251814981,0.7403000000000001,0.125,15,17.566888427734398,2.565216064453125,0.21150512993335724
216,589,GRID_005004,11.35289324480438,76.41808251814982,0.6439,0.125,18,17.566888427734398,2.565216064453125,0.21150512993335724
174,927,GRID_005005,11.35289324480438,76.42808251814982,0.6656000000000001,0.125,22,17.566888427734398,2.565216064453125,0.21150512993335724
135,901,GRID_005006,11.35289324480438,76.43808251814983,0.8195,0.125,19,17.566888427734398,2.565216064453125,0.21150512993335724
209,39,GRID_005007,11.36289324480438,76.01808251814961,0.6969000000000001,0.25,1,22.866906738281273,0.26521608233451843,-0.988494873046875
203,785,GRID_005008,11.36289324480438,76.09808251814965,0.6202000000000001,0.25,10,22.866906738281273,0.26521608233451843,-0.988494873046875
119,769,GRID_005009,11.36289324480438,76.10808251814966,0.805,0.25,15,22.866906738281273,0.26521608233451843,-0.988494873046875
152,72,GRID_005010,11.36289324480438,76.26808251814974,0.5757,0.0625,6,22.266900634765648,-0.634783923625946,0.4115051329135895
275,43,GRID_005011,11.36289324480438,76.28808251814975,0.56,0.0625,1,22.266900634765648,-0.634783923625946,0.4115051329135895
90,60,GRID_005012,11.36289324480438,76.29808251814976,0.501,0.0625,2,22.266900634765648,-0.634783923625946,0.4115051329135895
348,46,GRID_005013,11.36289324480438,76.31808251814977,0.4612,0.0625,1,22.266900634765648,-0.634783923625946,0.4115051329135895
216,40,GRID_005014,11.36289324480438,76.32808251814977,0.5671,0.0625,1,22.266900634765648,-0.634783923625946,0.4115051329135895
155,46,GRID_005015,11.36289324480438,76.33808251814978,0.6248,0.0625,1,22.266900634765648,-0.634783923625946,0.4115051329135895
232,50,GRID_005016,11.36289324480438,76.34808251814978,0.7684000000000001,0.0625,1,22.266900634765648,-0.634783923625946,0.4115051329135895
244,64,GRID_005017,11.36289324480438,76.35808251814979,0.9205000000000001,0.0625,3,22.266900634765648,-0.634783923625946,0.4115051329135895
282,54,GRID_005018,11.36289324480438,76.36808251814979,0.6134000000000001,0.0625,1,22.266900634765648,-0.634783923625946,0.4115051329135895
249,133,GRID_005019,11.36289324480438,76.3780825181498,0.6359,0.125,5,17.566888427734398,2.565216064453125,0.21150512993335724
235,198,GRID_005020,11.36289324480438,76.3880825181498,0.6571,0.125,8,17.566888427734398,2.565216064453125,0.21150512993335724
338,385,GRID_005021,11.36289324480438,76.3980825181498,0.7110000000000001,0.125,12,17.566888427734398,2.565216064453125,0.21150512993335724
288,456,GRID_005022,11.36289324480438,76.40808251814981,0.6725,0.125,8,17.566888427734398,2.565216064453125,0.21150512993335724
285,630,GRID_005023,11.36289324480438,76.41808251814982,0.6712,0.125,10,17.566888427734398,2.565216064453125,0.21150512993335724
314,849,GRID_005024,11.36289324480438,76.42808251814982,0.6702,0.125,20,17.566888427734398,2.565216064453125,0.21150512993335724
209,1325,GRID_005025,11.36289324480438,76.43808251814983,0.6417,0.125,16,17.566888427734398,2.565216064453125,0.21150512993335724
125,998,GRID_005026,11.36289324480438,76.44808251814983,0.7312000000000001,0.125,21,17.566888427734398,2.565216064453125,0.21150512993335724
291,59,GRID_005027,11.37289324480438,76.04808251814963,0.7486,0.25,4,22.866906738281273,0.26521608233451843,-0.988494873046875
240,544,GRID_005028,11.37289324480438,76.06808251814964,0.6086,0.25,26,22.866906738281273,0.26521608233451843,-0.988494873046875
134,858,GRID_005029,11.37289324480438,76.10808251814966,0.7291000000000001,0.25,13,22.866906738281273,0.26521608233451843,-0.988494873046875
55,76,GRID_005030,11.37289324480438,76.26808251814974,0.5821000000000001,0.0625,5,22.266900634765648,-0.634783923625946,0.4115051329135895
301,47,GRID_005031,11.37289324480438,76.28808251814975,0.5347000000000001,0.0625,2,22.266900634765648,-0.634783923625946,0.4115051329135895
25,56,GRID_005032,11.37289324480438,76.29808251814976,0.5627,0.0625,2,22.266900634765648,-0.634783923625946,0.4115051329135895
54,36,GRID_005033,11.37289324480438,76.30808251814976,0.5196000000000001,0.0625,1,22.266900634765648,-0.634783923625946,0.4115051329135895
167,44,GRID_005034,11.37289324480438,76.31808251814977,0.5513,0.0625,2,22.266900634765648,-0.634783923625946,0.4115051329135895
207,46,GRID_005035,11.37289324480438,76.32808251814977,0.5382,0.0625,1,22.266900634765648,-0.634783923625946,0.4115051329135895
333,61,GRID_005036,11.37289324480438,76.33808251814978,0.6706000000000001,0.0625,2,22.266900634765648,-0.634783923625946,0.4115051329135895
180,50,GRID_005037,11.37289324480438,76.34808251814978,0.8718,0.0625,1,22.266900634765648,-0.634783923625946,0.4115051329135895
254,70,GRID_005038,11.37289324480438,76.35808251814979,0.6921,0.0625,1,22.266900634765648,-0.634783923625946,0.4115051329135895
150,78,GRID_005039,11.37289324480438,76.36808251814979,0.6666000000000001,0.0625,2,22.266900634765648,-0.634783923625946,0.4115051329135895
260,78,GRID_005040,11.37289324480438,76.3780825181498,0.618,0.125,7,17.566888427734398,2.565216064453125,0.21150512993335724
314,204,GRID_005041,11.37289324480438,76.3880825181498,0.6465000000000001,0.125,6,17.566888427734398,2.565216064453125,0.21150512993335724
273,403,GRID_005042,11.37289324480438,76.3980825181498,0.6644,0.125,14,17.566888427734398,2.565216064453125,0.21150512993335724
250,669,GRID_005043,11.37289324480438,76.40808251814981,0.649,0.125,22,17.566888427734398,2.565216064453125,0.21150512993335724
244,805,GRID_005044,11.37289324480438,76.41808251814982,0.6206,0.125,22,17.566888427734398,2.565216064453125,0.21150512993335724
226,813,GRID_005045,11.37289324480438,76.42808251814982,0.45530000000000004,0.125,11,17.566888427734398,2.565216064453125,0.21150512993335724
275,1333,GRID_005046,11.37289324480438,76.43808251814983,0.20350000000000001,0.125,36,17.566888427734398,2.565216064453125,0.21150512993335724
178,1498,GRID_005047,11.37289324480438,76.44808251814983,0.6291,0.125,40,17.566888427734398,2.565216064453125,0.21150512993335724
302,556,GRID_005048,11.38289324480438,76.06808251814964,0.6531,0.25,27,22.866906738281273,0.26521608233451843,-0.988494873046875
140,991,GRID_005049,11.38289324480438,76.10808251814966,0.6648000000000001,0.25,17,22.866906738281273,0.26521608233451843,-0.988494873046875
169,61,GRID_005050,11.38289324480438,76.27808251814974,0.5371,0.0625,2,22.266900634765648,-0.634783923625946,0.4115051329135895
252,48,GRID_005051,11.38289324480438,76.28808251814975,0.4943,0.0625,3,22.266900634765648,-0.634783923625946,0.4115051329135895
90,53,GRID_005052,11.38289324480438,76.29808251814976,0.5319,0.0625,0,22.266900634765648,-0.634783923625946,0.4115051329135895
144,52,GRID_005053,11.38289324480438,76.30808251814976,0.5688,0.0625,2,22.266900634765648,-0.634783923625946,0.4115051329135895
236,51,GRID_005054,11.38289324480438,76.31808251814977,0.9918,0.0625,2,22.266900634765648,-0.634783923625946,0.4115051329135895
254,55,GRID_005055,11.38289324480438,76.32808251814977,0.5986,0.0625,2,22.266900634765648,-0.634783923625946,0.4115051329135895
226,52,GRID_005056,11.38289324480438,76.33808251814978,0.2157,0.0625,1,22.266900634765648,-0.634783923625946,0.4115051329135895
115,118,GRID_005057,11.38289324480438,76.34808251814978,0.6863,0.0625,17,22.266900634765648,-0.634783923625946,0.4115051329135895
249,79,GRID_005058,11.38289324480438,76.35808251814979,0.6528,0.0625,2,22.266900634765648,-0.634783923625946,0.4115051329135895
156,92,GRID_005059,11.38289324480438,76.36808251814979,0.7121000000000001,0.0625,6,22.266900634765648,-0.634783923625946,0.4115051329135895
297,94,GRID_005060,11.38289324480438,76.3780825181498,0.599,0.125,6,17.566888427734398,2.565216064453125,0.21150512993335724
276,213,GRID_005061,11.38289324480438,76.3880825181498,0.6482,0.125,5,17.566888427734398,2.565216064453125,0.21150512993335724
284,343,GRID_005062,11.38289324480438,76.3980825181498,0.6832,0.125,10,17.566888427734398,2.565216064453125,0.21150512993335724
302,500,GRID_005063,11.38289324480438,76.40808251814981,0.6812,0.125,13,17.566888427734398,2.565216064453125,0.21150512993335724
305,752,GRID_005064,11.38289324480438,76.41808251814982,0.623,0.125,21,17.566888427734398,2.565216064453125,0.21150512993335724
232,1216,GRID_005065,11.38289324480438,76.42808251814982,0.5654,0.125,26,17.566888427734398,2.565216064453125,0.21150512993335724
264,1427,GRID_005066,11.38289324480438,76.43808251814983,0.2743,0.125,27,17.566888427734398,2.565216064453125,0.21150512993335724
302,1807,GRID_005067,11.38289324480438,76.44808251814983,0.7944,0.125,26,17.566888427734398,2.565216064453125,0.21150512993335724
241,54,GRID_005068,11.392893244804378,76.28808251814975,0.67,0.0625,1,22.266900634765648,-0.634783923625946,0.4115051329135895
157,52,GRID_005069,11.392893244804378,76.30808251814976,0.6436000000000001,0.0625,2,22.266900634765648,-0.634783923625946,0.4115051329135895
300,57,GRID_005070,11.392893244804378,76.31808251814977,0.8118000000000001,0.0625,3,22.266900634765648,-0.634783923625946,0.4115051329135895
131,80,GRID_005071,11.392893244804378,76.32808251814977,0.8838,0.0625,12,22.266900634765648,-0.634783923625946,0.4115051329135895
134,53,GRID_005072,11.392893244804378,76.33808251814978,0.8113,0.0625,1,22.266900634765648,-0.634783923625946,0.4115051329135895
349,60,GRID_005073,11.392893244804378,76.34808251814978,0.8438,0.0625,3,22.266900634765648,-0.634783923625946,0.4115051329135895
307,162,GRID_005074,11.392893244804378,76.35808251814979,0.6045,0.0625,17,22.266900634765648,-0.634783923625946,0.4115051329135895
151,364,GRID_005075,11.392893244804378,76.36808251814979,0.6221,0.0625,19,22.266900634765648,-0.634783923625946,0.4115051329135895
136,164,GRID_005076,11.392893244804378,76.3780825181498,0.9760000000000001,0.125,15,17.566888427734398,2.565216064453125,0.21150512993335724
346,122,GRID_005077,11.392893244804378,76.3880825181498,0.8103,0.125,5,17.566888427734398,2.565216064453125,0.21150512993335724
290,214,GRID_005078,11.392893244804378,76.3980825181498,0.6482,0.125,11,17.566888427734398,2.565216064453125,0.21150512993335724
295,419,GRID_005079,11.392893244804378,76.40808251814981,0.6531,0.125,14,17.566888427734398,2.565216064453125,0.21150512993335724
284,872,GRID_005080,11.392893244804378,76.41808251814982,0.6144000000000001,0.125,26,17.566888427734398,2.565216064453125,0.21150512993335724
315,1141,GRID_005081,11.392893244804378,76.42808251814982,0.6428,0.125,29,17.566888427734398,2.565216064453125,0.21150512993335724
263,1355,GRID_005082,11.392893244804378,76.43808251814983,0.6684,0.125,12,17.566888427734398,2.565216064453125,0.21150512993335724
315,1511,GRID_005083,11.392893244804378,76.44808251814983,0.7988000000000001,0.125,9,17.566888427734398,2.565216064453125,0.21150512993335724
276,1859,GRID_005084,11.392893244804378,76.45808251814984,0.8453,0.125,21,17.566888427734398,2.565216064453125,0.21150512993335724
325,1138,GRID_005085,11.402893244804378,76.09808251814965,0.5379,0.25,23,22.866906738281273,0.26521608233451843,-0.988494873046875
261,1469,GRID_005086,11.402893244804378,76.11808251814966,0.6025,0.25,25,22.866906738281273,0.26521608233451843,-0.988494873046875
130,66,GRID_005087,11.402893244804378,76.28808251814975,0.9061,0.0625,2,22.266900634765648,-0.634783923625946,0.4115051329135895
302,82,GRID_005088,11.402893244804378,76.29808251814976,0.7977000000000001,0.0625,8,22.266900634765648,-0.634783923625946,0.4115051329135895
261,60,GRID_005089,11.402893244804378,76.30808251814976,0.8937,0.0625,1,22.266900634765648,-0.634783923625946,0.4115051329135895
101,48,GRID_005090,11.402893244804378,76.31808251814977,0.7588,0.0625,1,22.266900634765648,-0.634783923625946,0.4115051329135895
90,56,GRID_005091,11.402893244804378,76.32808251814977,0.7436,0.0625,0,22.266900634765648,-0.634783923625946,0.4115051329135895
143,61,GRID_005092,11.402893244804378,76.33808251814978,0.8991,0.0625,1,22.266900634765648,-0.634783923625946,0.4115051329135895
244,74,GRID_005093,11.402893244804378,76.34808251814978,0.7577,0.0625,1,22.266900634765648,-0.634783923625946,0.4115051329135895
300,91,GRID_005094,11.402893244804378,76.35808251814979,0.5514,0.0625,7,22.266900634765648,-0.634783923625946,0.4115051329135895
282,351,GRID_005095,11.402893244804378,76.36808251814979,0.5449,0.0625,27,22.266900634765648,-0.634783923625946,0.4115051329135895
90,370,GRID_005096,11.402893244804378,76.3780825181498,0.6042000000000001,0.125,23,17.566888427734398,2.565216064453125,0.21150512993335724
136,158,GRID_005097,11.402893244804378,76.3880825181498,0.6551,0.125,12,17.566888427734398,2.565216064453125,0.21150512993335724
162,336,GRID_005098,11.402893244804378,76.3980825181498,0.5907,0.125,12,17.566888427734398,2.565216064453125,0.21150512993335724
293,337,GRID_005099,11.402893244804378,76.40808251814981,0.611,0.125,13,17.566888427734398,2.565216064453125,0.21150512993335724
0,504,GRID_005100,11.402893244804378,76.41808251814982,0.6381,0.125,17,17.566888427734398,2.565216064453125,0.21150512993335724
285,763,GRID_005101,11.402893244804378,76.42808251814982,0.6367,0.125,22,17.566888427734398,2.565216064453125,0.21150512993335724
350,1233,GRID_005102,11.402893244804378,76.43808251814983,0.6734,0.125,34,17.566888427734398,2.565216064453125,0.21150512993335724
311,1451,GRID_005103,11.402893244804378,76.44808251814983,0.7128,0.125,27,17.566888427734398,2.565216064453125,0.21150512993335724
25,1736,GRID_005104,11.402893244804378,76.45808251814984,0.8476,0.125,34,17.566888427734398,2.565216064453125,0.21150512993335724
0,0,GRID_005105,11.412893244804378,75.66808251814943,,0.5625,0,25.466912841796898,3.065216064453125,-1.888494849205017
260,47,GRID_005106,11.412893244804378,75.9880825181496,0.8226,0.25,3,22.866906738281273,0.26521608233451843,-0.988494873046875
263,181,GRID_005107,11.412893244804378,76.04808251814963,0.7604000000000001,0.25,10,22.866906738281273,0.26521608233451843,-0.988494873046875
260,296,GRID_005108,11.412893244804378,76.05808251814963,0.7838,0.25,15,22.866906738281273,0.26521608233451843,-0.988494873046875
259,955,GRID_005109,11.412893244804378,76.08808251814965,0.6002000000000001,0.25,23,22.866906738281273,0.26521608233451843,-0.988494873046875
52,1714,GRID_005110,11.412893244804378,76.10808251814966,0.6213000000000001,0.25,14,22.866906738281273,0.26521608233451843,-0.988494873046875
318,1642,GRID_005111,11.412893244804378,76.11808251814966,0.5767,0.25,7,22.866906738281273,0.26521608233451843,-0.988494873046875
161,71,GRID_005112,11.412893244804378,76.30808251814976,0.8701000000000001,0.0625,0,22.266900634765648,-0.634783923625946,0.4115051329135895
90,79,GRID_005113,11.412893244804378,76.31808251814977,0.9101,0.0625,0,22.266900634765648,-0.634783923625946,0.4115051329135895
180,67,GRID_005114,11.412893244804378,76.32808251814977,0.6478,0.0625,1,22.266900634765648,-0.634783923625946,0.4115051329135895
39,124,GRID_005115,11.412893244804378,76.33808251814978,0.7444000000000001,0.0625,7,22.266900634765648,-0.634783923625946,0.4115051329135895
183,77,GRID_005116,11.412893244804378,76.34808251814978,0.5443,0.0625,2,22.266900634765648,-0.634783923625946,0.4115051329135895
239,76,GRID_005117,11.412893244804378,76.35808251814979,0.5751000000000001,0.0625,1,22.266900634765648,-0.634783923625946,0.4115051329135895
245,234,GRID_005118,11.412893244804378,76.36808251814979,0.5801000000000001,0.0625,16,22.266900634765648,-0.634783923625946,0.4115051329135895
284,456,GRID_005119,11.412893244804378,76.3780825181498,0.5816,0.125,16,17.566888427734398,2.565216064453125,0.21150512993335724
128,425,GRID_005120,11.412893244804378,76.3880825181498,0.7433000000000001,0.125,21,17.566888427734398,2.565216064453125,0.21150512993335724
288,228,GRID_005121,11.412893244804378,76.3980825181498,0.5893,0.125,15,17.566888427734398,2.565216064453125,0.21150512993335724
165,434,GRID_005122,11.412893244804378,76.40808251814981,0.7681,0.125,16,17.566888427734398,2.565216064453125,0.21150512993335724
297,792,GRID_005123,11.412893244804378,76.43808251814983,0.6634,0.125,16,17.566888427734398,2.565216064453125,0.21150512993335724
288,1075,GRID_005124,11.412893244804378,76.44808251814983,0.7038,0.125,17,17.566888427734398,2.565216064453125,0.21150512993335724
355,1413,GRID_005125,11.412893244804378,76.45808251814984,0.7437,0.125,16,17.566888427734398,2.565216064453125,0.21150512993335724
0,0,GRID_005126,11.422893244804378,75.65808251814943,,0.5625,0,25.466912841796898,3.065216064453125,-1.888494849205017
60,73,GRID_005127,11.422893244804378,75.9980825181496,0.8331000000000001,0.25,1,22.866906738281273,0.26521608233451843,-0.988494873046875
25,73,GRID_005128,11.422893244804378,76.0080825181496,0.8034,0.25,1,22.866906738281273,0.26521608233451843,-0.988494873046875
263,137,GRID_005129,11.422893244804378,76.04808251814963,0.7795000000000001,0.25,11,22.866906738281273,0.26521608233451843,-0.988494873046875
12,806,GRID_005130,11.422893244804378,76.07808251814964,0.6823,0.25,21,22.866906738281273,0.26521608233451843,-0.988494873046875
346,850,GRID_005131,11.422893244804378,76.08808251814965,0.6742,0.25,25,22.866906738281273,0.26521608233451843,-0.988494873046875
16,920,GRID_005132,11.422893244804378,76.09808251814965,0.6409,0.25,24,22.866906738281273,0.26521608233451843,-0.988494873046875
245,1193,GRID_005133,11.422893244804378,76.10808251814966,0.4652,0.25,33,22.866906738281273,0.26521608233451843,-0.988494873046875
51,105,GRID_005134,11.422893244804378,76.29808251814976,0.9045000000000001,0.0625,3,22.266900634765648,-0.634783923625946,0.4115051329135895
246,102,GRID_005135,11.422893244804378,76.30808251814976,0.9165000000000001,0.0625,1,22.266900634765648,-0.634783923625946,0.4115051329135895
96,77,GRID_005136,11.422893244804378,76.31808251814977,0.8688,0.0625,2,22.266900634765648,-0.634783923625946,0.4115051329135895
153,82,GRID_005137,11.422893244804378,76.32808251814977,0.7015,0.0625,0,22.266900634765648,-0.634783923625946,0.4115051329135895
184,72,GRID_005138,11.422893244804378,76.33808251814978,0.599,0.0625,2,22.266900634765648,-0.634783923625946,0.4115051329135895
294,329,GRID_005139,11.422893244804378,76.34808251814978,0.5641,0.0625,22,22.266900634765648,-0.634783923625946,0.4115051329135895
138,352,GRID_005140,11.422893244804378,76.35808251814979,0.5814,0.0625,23,22.266900634765648,-0.634783923625946,0.4115051329135895
194,139,GRID_005141,11.422893244804378,76.36808251814979,0.5397000000000001,0.0625,5,22.266900634765648,-0.634783923625946,0.4115051329135895
277,392,GRID_005142,11.422893244804378,76.3780825181498,0.5207,0.125,18,17.566888427734398,2.565216064453125,0.21150512993335724
270,757,GRID_005143,11.422893244804378,76.3880825181498,0.5032,0.125,30,17.566888427734398,2.565216064453125,0.21150512993335724
165,690,GRID_005144,11.422893244804378,76.3980825181498,0.5686,0.125,28,17.566888427734398,2.565216064453125,0.21150512993335724
145,429,GRID_005145,11.422893244804378,76.40808251814981,0.6094,0.125,19,17.566888427734398,2.565216064453125,0.21150512993335724
223,799,GRID_005146,11.422893244804378,76.41808251814982,0.6241,0.125,11,17.566888427734398,2.565216064453125,0.21150512993335724
336,100,GRID_005147,11.432893244804378,76.03808251814962,0.7744000000000001,0.25,2,22.866906738281273,0.26521608233451843,-0.988494873046875
237,120,GRID_005148,11.432893244804378,76.04808251814963,0.7333000000000001,0.25,6,22.866906738281273,0.26521608233451843,-0.988494873046875
336,534,GRID_005149,11.432893244804378,76.07808251814964,0.7134,0.25,12,22.866906738281273,0.26521608233451843,-0.988494873046875
320,597,GRID_005150,11.432893244804378,76.08808251814965,0.6755,0.25,9,22.866906738281273,0.26521608233451843,-0.988494873046875
235,737,GRID_005151,11.432893244804378,76.09808251814965,0.6328,0.25,11,22.866906738281273,0.26521608233451843,-0.988494873046875
303,1000,GRID_005152,11.432893244804378,76.10808251814966,0.5238,0.25,20,22.866906738281273,0.26521608233451843,-0.988494873046875
206,229,GRID_005153,11.432893244804378,76.30808251814976,0.8829,0.0625,4,22.266900634765648,-0.634783923625946,0.4115051329135895
180,116,GRID_005154,11.432893244804378,76.31808251814977,0.7948000000000001,0.0625,9,22.266900634765648,-0.634783923625946,0.4115051329135895
136,82,GRID_005155,11.432893244804378,76.32808251814977,0.9219,0.0625,3,22.266900634765648,-0.634783923625946,0.4115051329135895
266,149,GRID_005156,11.432893244804378,76.33808251814978,0.5785,0.0625,12,22.266900634765648,-0.634783923625946,0.4115051329135895
170,350,GRID_005157,11.432893244804378,76.34808251814978,0.6134000000000001,0.0625,18,22.266900634765648,-0.634783923625946,0.4115051329135895
274,520,GRID_005158,11.432893244804378,76.35808251814979,0.5106,0.0625,20,22.266900634765648,-0.634783923625946,0.4115051329135895
131,370,GRID_005159,11.432893244804378,76.36808251814979,0.6168,0.0625,21,22.266900634765648,-0.634783923625946,0.4115051329135895
281,270,GRID_005160,11.432893244804378,76.3780825181498,0.5027,0.125,11,17.566888427734398,2.565216064453125,0.21150512993335724
317,533,GRID_005161,11.432893244804378,76.3880825181498,0.39380000000000004,0.125,21,17.566888427734398,2.565216064453125,0.21150512993335724
136,864,GRID_005162,11.432893244804378,76.3980825181498,0.5616,0.125,26,17.566888427734398,2.565216064453125,0.21150512993335724
142,632,GRID_005163,11.432893244804378,76.40808251814981,0.5404,0.125,21,17.566888427734398,2.565216064453125,0.21150512993335724
116,16,GRID_005164,11.442893244804376,75.77808251814949,0.7517,0.5625,1,25.466912841796898,3.065216064453125,-1.888494849205017
283,123,GRID_005165,11.442893244804376,76.03808251814962,0.7721,0.25,5,22.866906738281273,0.26521608233451843,-0.988494873046875
228,212,GRID_005166,11.442893244804376,76.04808251814963,0.7699,0.25,10,22.866906738281273,0.26521608233451843,-0.988494873046875
235,412,GRID_005167,11.442893244804376,76.07808251814964,0.6595000000000001,0.25,7,22.866906738281273,0.26521608233451843,-0.988494873046875
296,503,GRID_005168,11.442893244804376,76.08808251814965,0.6817000000000001,0.25,11,22.866906738281273,0.26521608233451843,-0.988494873046875
300,709,GRID_005169,11.442893244804376,76.09808251814965,0.6133000000000001,0.25,13,22.866906738281273,0.26521608233451843,-0.988494873046875
334,852,GRID_005170,11.442893244804376,76.10808251814966,0.5485,0.25,17,22.866906738281273,0.26521608233451843,-0.988494873046875
309,1309,GRID_005171,11.442893244804376,76.11808251814966,0.4822,0.25,34,22.866906738281273,0.26521608233451843,-0.988494873046875
227,359,GRID_005172,11.442893244804376,76.28808251814975,0.7638,0.0625,7,22.266900634765648,-0.634783923625946,0.4115051329135895
107,260,GRID_005173,11.442893244804376,76.29808251814976,0.6139,0.0625,14,22.266900634765648,-0.634783923625946,0.4115051329135895
292,342,GRID_005174,11.442893244804376,76.30808251814976,0.5494,0.0625,15,22.266900634765648,-0.634783923625946,0.4115051329135895
107,370,GRID_005175,11.442893244804376,76.31808251814977,0.5987,0.0625,20,22.266900634765648,-0.634783923625946,0.4115051329135895
212,186,GRID_005176,11.442893244804376,76.32808251814977,0.5287000000000001,0.0625,14,22.266900634765648,-0.634783923625946,0.4115051329135895
162,212,GRID_005177,11.442893244804376,76.33808251814978,0.5912000000000001,0.0625,20,22.266900634765648,-0.634783923625946,0.4115051329135895
282,630,GRID_005178,11.442893244804376,76.35808251814979,0.5282,0.0625,23,22.266900634765648,-0.634783923625946,0.4115051329135895
167,779,GRID_005179,11.442893244804376,76.36808251814979,0.5395,0.0625,24,22.266900634765648,-0.634783923625946,0.4115051329135895
146,588,GRID_005180,11.442893244804376,76.3780825181498,0.5048,0.125,27,17.566888427734398,2.565216064453125,0.21150512993335724
173,455,GRID_005181,11.442893244804376,76.3880825181498,0.4859,0.125,11,17.566888427734398,2.565216064453125,0.21150512993335724
141,36,GRID_005182,11.452893244804375,75.77808251814949,0.6576000000000001,0.375,5,23.766900634765648,0.565216064453125,-1.1884949207305908
48,68,GRID_005183,11.452893244804375,75.96808251814959,0.8399000000000001,0.125,2,20.866906738281273,0.9652161002159119,-0.488494873046875
0,37,GRID_005184,11.452893244804375,75.97808251814959,0.8114,0.125,0,20.866906738281273,0.9652161002159119,-0.488494873046875
192,102,GRID_005185,11.452893244804375,76.0080825181496,0.7762,0.125,1,20.866906738281273,0.9652161002159119,-0.488494873046875
213,177,GRID_005186,11.452893244804375,76.03808251814962,0.7993,0.125,6,20.866906738281273,0.9652161002159119,-0.488494873046875
244,457,GRID_005187,11.452893244804375,76.04808251814963,0.7783,0.125,11,20.866906738281273,0.9652161002159119,-0.488494873046875
216,355,GRID_005188,11.452893244804375,76.05808251814963,0.7597,0.125,9,20.866906738281273,0.9652161002159119,-0.488494873046875
223,576,GRID_005189,11.452893244804375,76.06808251814964,0.7509,0.125,18,20.866906738281273,0.9652161002159119,-0.488494873046875
172,725,GRID_005190,11.452893244804375,76.07808251814964,0.6485000000000001,0.125,28,20.866906738281273,0.9652161002159119,-0.488494873046875
252,646,GRID_005191,11.452893244804375,76.08808251814965,0.6381,0.125,4,20.866906738281273,0.9652161002159119,-0.488494873046875
191,622,GRID_005192,11.452893244804375,76.09808251814965,0.6091,0.125,10,20.866906738281273,0.9652161002159119,-0.488494873046875
323,812,GRID_005193,11.452893244804375,76.10808251814966,0.6131,0.125,27,20.866906738281273,0.9652161002159119,-0.488494873046875
352,1022,GRID_005194,11.452893244804375,76.11808251814966,0.5780000000000001,0.125,29,20.866906738281273,0.9652161002159119,-0.488494873046875
267,1178,GRID_005195,11.452893244804375,76.12808251814967,0.4893,0.0625,24,20.366906738281273,0.6652160882949829,0.811505138874054
279,209,GRID_005196,11.452893244804375,76.28808251814975,0.5342,0.0625,17,20.366906738281273,0.6652160882949829,0.811505138874054
269,339,GRID_005197,11.452893244804375,76.32808251814977,0.49100000000000005,0.0625,22,20.366906738281273,0.6652160882949829,0.811505138874054
173,503,GRID_005198,11.452893244804375,76.33808251814978,0.5676,0.0625,15,20.366906738281273,0.6652160882949829,0.811505138874054
169,375,GRID_005199,11.452893244804375,76.34808251814978,0.508,0.0625,16,20.366906738281273,0.6652160882949829,0.811505138874054
278,578,GRID_005200,11.452893244804375,76.35808251814979,0.48160000000000003,0.0625,22,20.366906738281273,0.6652160882949829,0.811505138874054
130,1,GRID_005201,11.462893244804375,75.63808251814942,0.07300000000000001,0.375,2,23.766900634765648,0.565216064453125,-1.1884949207305908
0,0,GRID_005202,11.462893244804375,75.64808251814942,,0.375,0,23.766900634765648,0.565216064453125,-1.1884949207305908
254,48,GRID_005203,11.462893244804375,75.9880825181496,0.806,0.125,2,20.866906738281273,0.9652161002159119,-0.488494873046875
270,50,GRID_005204,11.462893244804375,76.01808251814961,0.7935,0.125,2,20.866906738281273,0.9652161002159119,-0.488494873046875
208,259,GRID_005205,11.462893244804375,76.03808251814962,0.7756000000000001,0.125,6,20.866906738281273,0.9652161002159119,-0.488494873046875
230,451,GRID_005206,11.462893244804375,76.04808251814963,0.7903,0.125,13,20.866906738281273,0.9652161002159119,-0.488494873046875
199,667,GRID_005207,11.462893244804375,76.05808251814963,0.7851,0.125,26,20.866906738281273,0.9652161002159119,-0.488494873046875
121,810,GRID_005208,11.462893244804375,76.08808251814965,0.7199,0.125,17,20.866906738281273,0.9652161002159119,-0.488494873046875
212,953,GRID_005209,11.462893244804375,76.09808251814965,0.6067,0.125,23,20.866906738281273,0.9652161002159119,-0.488494873046875
171,1232,GRID_005210,11.462893244804375,76.10808251814966,0.5463,0.125,33,20.866906738281273,0.9652161002159119,-0.488494873046875
162,1025,GRID_005211,11.462893244804375,76.11808251814966,0.526,0.125,16,20.866906738281273,0.9652161002159119,-0.488494873046875
220,453,GRID_005212,11.462893244804375,76.29808251814976,0.651,0.0625,22,20.366906738281273,0.6652160882949829,0.811505138874054
258,850,GRID_005213,11.462893244804375,76.30808251814976,0.38920000000000005,0.0625,19,20.366906738281273,0.6652160882949829,0.811505138874054
129,734,GRID_005214,11.462893244804375,76.31808251814977,0.5922000000000001,0.0625,24,20.366906738281273,0.6652160882949829,0.811505138874054
169,581,GRID_005215,11.462893244804375,76.32808251814977,0.554,0.0625,18,20.366906738281273,0.6652160882949829,0.811505138874054
238,627,GRID_005216,11.462893244804375,76.33808251814978,0.5552,0.0625,16,20.366906738281273,0.6652160882949829,0.811505138874054
133,879,GRID_005217,11.462893244804375,76.34808251814978,0.5880000000000001,0.0625,29,20.366906738281273,0.6652160882949829,0.811505138874054
8,20,GRID_005218,11.472893244804377,75.63808251814942,0.2156,0.375,1,23.766900634765648,0.565216064453125,-1.1884949207305908
175,16,GRID_005219,11.472893244804377,75.64808251814942,0.6441,0.375,4,23.766900634765648,0.565216064453125,-1.1884949207305908
98,14,GRID_005220,11.472893244804377,75.65808251814943,0.19720000000000001,0.375,1,23.766900634765648,0.565216064453125,-1.1884949207305908
14,21,GRID_005221,11.472893244804377,75.73808251814947,0.7757000000000001,0.375,3,23.766900634765648,0.565216064453125,-1.1884949207305908
237,40,GRID_005222,11.472893244804377,75.9880825181496,0.8266,0.125,1,20.866906738281273,0.9652161002159119,-0.488494873046875
275,42,GRID_005223,11.472893244804377,75.9980825181496,0.8156,0.125,1,20.866906738281273,0.9652161002159119,-0.488494873046875
180,62,GRID_005224,11.472893244804377,76.0080825181496,0.5228,0.125,0,20.866906738281273,0.9652161002159119,-0.488494873046875
219,71,GRID_005225,11.472893244804377,76.02808251814962,0.7465,0.125,6,20.866906738281273,0.9652161002159119,-0.488494873046875
279,254,GRID_005226,11.472893244804377,76.03808251814962,0.7896000000000001,0.125,10,20.866906738281273,0.9652161002159119,-0.488494873046875
199,391,GRID_005227,11.472893244804377,76.04808251814963,0.7612,0.125,9,20.866906738281273,0.9652161002159119,-0.488494873046875
289,658,GRID_005228,11.472893244804377,76.05808251814963,0.8019000000000001,0.125,23,20.866906738281273,0.9652161002159119,-0.488494873046875
202,1075,GRID_005229,11.472893244804377,76.08808251814965,0.6598,0.125,27,20.866906738281273,0.9652161002159119,-0.488494873046875
193,1038,GRID_005230,11.472893244804377,76.09808251814965,0.7108,0.125,13,20.866906738281273,0.9652161002159119,-0.488494873046875
132,1480,GRID_005231,11.472893244804377,76.10808251814966,0.6417,0.125,17,20.866906738281273,0.9652161002159119,-0.488494873046875
196,1549,GRID_005232,11.472893244804377,76.11808251814966,0.5056,0.125,41,20.866906738281273,0.9652161002159119,-0.488494873046875
158,1713,GRID_005233,11.472893244804377,76.12808251814967,0.6147,0.0625,19,20.366906738281273,0.6652160882949829,0.811505138874054
132,1560,GRID_005234,11.472893244804377,76.13808251814967,0.8425,0.0625,27,20.366906738281273,0.6652160882949829,0.811505138874054
170,602,GRID_005235,11.472893244804377,76.27808251814974,0.5544,0.0625,27,20.366906738281273,0.6652160882949829,0.811505138874054
281,394,GRID_005236,11.472893244804377,76.29808251814976,0.6634,0.0625,23,20.366906738281273,0.6652160882949829,0.811505138874054
298,720,GRID_005237,11.472893244804377,76.30808251814976,0.5928,0.0625,5,20.366906738281273,0.6652160882949829,0.811505138874054
245,852,GRID_005238,11.472893244804377,76.31808251814977,0.382,0.0625,13,20.366906738281273,0.6652160882949829,0.811505138874054
213,814,GRID_005239,11.472893244804377,76.32808251814977,0.5303,0.0625,16,20.366906738281273,0.6652160882949829,0.811505138874054
165,1017,GRID_005240,11.472893244804377,76.33808251814978,0.6022000000000001,0.0625,10,20.366906738281273,0.6652160882949829,0.811505138874054
231,19,GRID_005241,11.482893244804377,75.63808251814942,0.20270000000000002,0.375,1,23.766900634765648,0.565216064453125,-1.1884949207305908
52,22,GRID_005242,11.482893244804377,75.64808251814942,0.3089,0.375,1,23.766900634765648,0.565216064453125,-1.1884949207305908
259,48,GRID_005243,11.482893244804377,75.9980825181496,0.7468,0.125,3,20.866906738281273,0.9652161002159119,-0.488494873046875
282,47,GRID_005244,11.482893244804377,76.0080825181496,0.7288,0.125,1,20.866906738281273,0.9652161002159119,-0.488494873046875
268,112,GRID_005245,11.482893244804377,76.01808251814961,0.8165,0.125,3,20.866906738281273,0.9652161002159119,-0.488494873046875
275,203,GRID_005246,11.482893244804377,76.02808251814962,0.7796000000000001,0.125,9,20.866906738281273,0.9652161002159119,-0.488494873046875
230,483,GRID_005247,11.482893244804377,76.03808251814962,0.8340000000000001,0.125,17,20.866906738281273,0.9652161002159119,-0.488494873046875
153,643,GRID_005248,11.482893244804377,76.04808251814963,0.8539,0.125,19,20.866906738281273,0.9652161002159119,-0.488494873046875
293,627,GRID_005249,11.482893244804377,76.05808251814963,0.8397,0.125,13,20.866906738281273,0.9652161002159119,-0.488494873046875
336,809,GRID_005250,11.482893244804377,76.06808251814964,0.8172,0.125,21,20.866906738281273,0.9652161002159119,-0.488494873046875
298,1666,GRID_005251,11.482893244804377,76.10808251814966,0.7758,0.125,14,20.866906738281273,0.9652161002159119,-0.488494873046875
22,1589,GRID_005252,11.482893244804377,76.11808251814966,0.6842,0.125,24,20.866906738281273,0.9652161002159119,-0.488494873046875
9,1461,GRID_005253,11.482893244804377,76.12808251814967,0.6088,0.0625,22,20.366906738281273,0.6652160882949829,0.811505138874054
37,1335,GRID_005254,11.482893244804377,76.13808251814967,0.7170000000000001,0.0625,18,20.366906738281273,0.6652160882949829,0.811505138874054
243,463,GRID_005255,11.482893244804377,76.25808251814973,0.6869000000000001,0.0625,10,20.366906738281273,0.6652160882949829,0.811505138874054
91,655,GRID_005256,11.482893244804377,76.28808251814975,0.5968,0.0625,25,20.366906738281273,0.6652160882949829,0.811505138874054
177,470,GRID_005257,11.482893244804377,76.29808251814976,0.9956,0.0625,21,20.366906738281273,0.6652160882949829,0.811505138874054
298,581,GRID_005258,11.482893244804377,76.30808251814976,0.4312,0.0625,12,20.366906738281273,0.6652160882949829,0.811505138874054
345,989,GRID_005259,11.482893244804377,76.32808251814977,0.7827000000000001,0.0625,10,20.366906738281273,0.6652160882949829,0.811505138874054
69,19,GRID_005260,11.492893244804376,75.63808251814942,0.7353000000000001,0.375,1,23.766900634765648,0.565216064453125,-1.1884949207305908
12,21,GRID_005261,11.492893244804376,75.72808251814946,0.7901,0.375,3,23.766900634765648,0.565216064453125,-1.1884949207305908
190,8,GRID_005262,11.492893244804376,75.73808251814947,0.7598,0.375,2,23.766900634765648,0.565216064453125,-1.1884949207305908
152,49,GRID_005263,11.492893244804376,75.9880825181496,0.8538,0.125,3,20.866906738281273,0.9652161002159119,-0.488494873046875
180,46,GRID_005264,11.492893244804376,75.9980825181496,0.7585000000000001,0.125,1,20.866906738281273,0.9652161002159119,-0.488494873046875
125,59,GRID_005265,11.492893244804376,76.0080825181496,0.8033,0.125,2,20.866906738281273,0.9652161002159119,-0.488494873046875
244,148,GRID_005266,11.492893244804376,76.01808251814961,0.8226,0.125,14,20.866906738281273,0.9652161002159119,-0.488494873046875
172,346,GRID_005267,11.492893244804376,76.02808251814962,0.8287,0.125,19,20.866906738281273,0.9652161002159119,-0.488494873046875
239,466,GRID_005268,11.492893244804376,76.03808251814962,0.8043,0.125,12,20.866906738281273,0.9652161002159119,-0.488494873046875
260,778,GRID_005269,11.492893244804376,76.04808251814963,0.7869,0.125,29,20.866906738281273,0.9652161002159119,-0.488494873046875
107,810,GRID_005270,11.492893244804376,76.05808251814963,0.8396,0.125,20,20.866906738281273,0.9652161002159119,-0.488494873046875
292,816,GRID_005271,11.492893244804376,76.06808251814964,0.8277,0.125,22,20.866906738281273,0.9652161002159119,-0.488494873046875
250,1274,GRID_005272,11.492893244804376,76.07808251814964,0.8087000000000001,0.125,17,20.866906738281273,0.9652161002159119,-0.488494873046875
331,1584,GRID_005273,11.492893244804376,76.08808251814965,0.8576,0.125,9,20.866906738281273,0.9652161002159119,-0.488494873046875
98,1386,GRID_005274,11.492893244804376,76.09808251814965,0.8558,0.125,8,20.866906738281273,0.9652161002159119,-0.488494873046875
7,1394,GRID_005275,11.492893244804376,76.10808251814966,0.8227,0.125,9,20.866906738281273,0.9652161002159119,-0.488494873046875
8,1534,GRID_005276,11.492893244804376,76.11808251814966,0.7925000000000001,0.125,21,20.866906738281273,0.9652161002159119,-0.488494873046875
129,1238,GRID_005277,11.492893244804376,76.12808251814967,0.1605,0.0625,20,20.366906738281273,0.6652160882949829,0.811505138874054
105,1070,GRID_005278,11.492893244804376,76.13808251814967,0.6547000000000001,0.0625,10,20.366906738281273,0.6652160882949829,0.811505138874054
89,920,GRID_005279,11.492893244804376,76.14808251814968,0.7965,0.0625,5,20.366906738281273,0.6652160882949829,0.811505138874054
101,856,GRID_005280,11.492893244804376,76.1880825181497,0.7993,0.0625,8,20.366906738281273,0.6652160882949829,0.811505138874054
122,132,GRID_005281,11.492893244804376,76.22808251814972,0.7745000000000001,0.0625,10,20.366906738281273,0.6652160882949829,0.811505138874054
129,877,GRID_005282,11.492893244804376,76.25808251814973,0.6976,0.0625,12,20.366906738281273,0.6652160882949829,0.811505138874054
210,763,GRID_005283,11.492893244804376,76.26808251814974,0.5974,0.0625,16,20.366906738281273,0.6652160882949829,0.811505138874054
112,814,GRID_005284,11.492893244804376,76.27808251814974,0.6281,0.0625,8,20.366906738281273,0.6652160882949829,0.811505138874054
237,867,GRID_005285,11.492893244804376,76.29808251814976,0.5803,0.0625,6,20.366906738281273,0.6652160882949829,0.811505138874054
170,730,GRID_005286,11.492893244804376,76.30808251814976,0.7593000000000001,0.0625,12,20.366906738281273,0.6652160882949829,0.811505138874054
187,789,GRID_005287,11.492893244804376,76.31808251814977,0.6381,0.0625,16,20.366906738281273,0.6652160882949829,0.811505138874054
281,821,GRID_005288,11.492893244804376,76.32808251814977,0.6284000000000001,0.0625,7,20.366906738281273,0.6652160882949829,0.811505138874054
199,236,GRID_005289,11.502893244804376,76.01808251814961,0.8158000000000001,0.125,15,20.866906738281273,0.9652161002159119,-0.488494873046875
291,509,GRID_005290,11.502893244804376,76.02808251814962,0.8237,0.125,28,20.866906738281273,0.9652161002159119,-0.488494873046875
174,774,GRID_005291,11.502893244804376,76.03808251814962,0.8296,0.125,33,20.866906738281273,0.9652161002159119,-0.488494873046875
228,959,GRID_005292,11.502893244804376,76.04808251814963,0.7916000000000001,0.125,36,20.866906738281273,0.9652161002159119,-0.488494873046875
119,956,GRID_005293,11.502893244804376,76.05808251814963,0.8469,0.125,25,20.866906738281273,0.9652161002159119,-0.488494873046875
275,980,GRID_005294,11.502893244804376,76.06808251814964,0.8437,0.125,15,20.866906738281273,0.9652161002159119,-0.488494873046875
276,1153,GRID_005295,11.502893244804376,76.07808251814964,0.8294,0.125,27,20.866906738281273,0.9652161002159119,-0.488494873046875
204,1631,GRID_005296,11.502893244804376,76.08808251814965,0.8397,0.125,26,20.866906738281273,0.9652161002159119,-0.488494873046875
36,1496,GRID_005297,11.502893244804376,76.09808251814965,0.8681000000000001,0.125,15,20.866906738281273,0.9652161002159119,-0.488494873046875
77,1218,GRID_005298,11.502893244804376,76.10808251814966,0.8440000000000001,0.125,12,20.866906738281273,0.9652161002159119,-0.488494873046875
357,1182,GRID_005299,11.502893244804376,76.11808251814966,0.8086,0.125,15,20.866906738281273,0.9652161002159119,-0.488494873046875
3,1104,GRID_005300,11.502893244804376,76.12808251814967,0.7296,0.0625,13,20.366906738281273,0.6652160882949829,0.811505138874054
76,974,GRID_005301,11.502893244804376,76.13808251814967,0.6175,0.0625,8,20.366906738281273,0.6652160882949829,0.811505138874054
270,864,GRID_005302,11.502893244804376,76.14808251814968,0.7357,0.0625,0,20.366906738281273,0.6652160882949829,0.811505138874054
346,418,GRID_005303,11.502893244804376,76.1980825181497,0.7685000000000001,0.0625,32,20.366906738281273,0.6652160882949829,0.811505138874054
355,515,GRID_005304,11.502893244804376,76.20808251814971,0.7858,0.0625,33,20.366906738281273,0.6652160882949829,0.811505138874054
82,340,GRID_005305,11.502893244804376,76.21808251814971,0.7971,0.0625,19,20.366906738281273,0.6652160882949829,0.811505138874054
85,129,GRID_005306,11.502893244804376,76.22808251814972,0.7597,0.0625,6,20.366906738281273,0.6652160882949829,0.811505138874054
247,318,GRID_005307,11.502893244804376,76.23808251814972,0.7104,0.0625,10,20.366906738281273,0.6652160882949829,0.811505138874054
248,806,GRID_005308,11.502893244804376,76.24808251814973,0.6282,0.0625,30,20.366906738281273,0.6652160882949829,0.811505138874054
339,886,GRID_005309,11.502893244804376,76.26808251814974,0.6903,0.0625,3,20.366906738281273,0.6652160882949829,0.811505138874054
92,845,GRID_005310,11.502893244804376,76.27808251814974,0.7254,0.0625,7,20.366906738281273,0.6652160882949829,0.811505138874054
98,835,GRID_005311,11.502893244804376,76.28808251814975,0.61,0.0625,3,20.366906738281273,0.6652160882949829,0.811505138874054
278,811,GRID_005312,11.502893244804376,76.29808251814976,0.8290000000000001,0.0625,6,20.366906738281273,0.6652160882949829,0.811505138874054
169,258,GRID_005313,11.512893244804376,75.9880825181496,0.8121,0.125,6,20.866906738281273,0.9652161002159119,-0.488494873046875
215,366,GRID_005314,11.512893244804376,75.9980825181496,0.7149,0.125,20,20.866906738281273,0.9652161002159119,-0.488494873046875
176,543,GRID_005315,11.512893244804376,76.0080825181496,0.6692,0.125,23,20.866906738281273,0.9652161002159119,-0.488494873046875
292,873,GRID_005316,11.512893244804376,76.03808251814962,0.8254,0.125,11,20.866906738281273,0.9652161002159119,-0.488494873046875
293,1000,GRID_005317,11.512893244804376,76.04808251814963,0.8458,0.125,16,20.866906738281273,0.9652161002159119,-0.488494873046875
229,1603,GRID_005318,11.512893244804376,76.07808251814964,0.8331000000000001,0.125,31,20.866906738281273,0.9652161002159119,-0.488494873046875
249,1976,GRID_005319,11.512893244804376,76.08808251814965,0.8402000000000001,0.125,15,20.866906738281273,0.9652161002159119,-0.488494873046875
127,1770,GRID_005320,11.512893244804376,76.09808251814965,0.8035,0.125,21,20.866906738281273,0.9652161002159119,-0.488494873046875
103,1385,GRID_005321,11.512893244804376,76.10808251814966,0.774,0.125,19,20.866906738281273,0.9652161002159119,-0.488494873046875
351,1229,GRID_005322,11.512893244804376,76.11808251814966,0.7934,0.125,5,20.866906738281273,0.9652161002159119,-0.488494873046875
118,951,GRID_005323,11.512893244804376,76.12808251814967,0.8044,0.0625,11,20.366906738281273,0.6652160882949829,0.811505138874054
162,901,GRID_005324,11.512893244804376,76.13808251814967,0.6604,0.0625,4,20.366906738281273,0.6652160882949829,0.811505138874054
169,851,GRID_005325,11.512893244804376,76.14808251814968,0.6513,0.0625,4,20.366906738281273,0.6652160882949829,0.811505138874054
165,279,GRID_005326,11.512893244804376,76.20808251814971,0.7966000000000001,0.0625,18,20.366906738281273,0.6652160882949829,0.811505138874054
128,154,GRID_005327,11.512893244804376,76.21808251814971,0.7913,0.0625,8,20.366906738281273,0.6652160882949829,0.811505138874054
237,210,GRID_005328,11.512893244804376,76.22808251814972,0.7461,0.0625,15,20.366906738281273,0.6652160882949829,0.811505138874054
261,777,GRID_005329,11.512893244804376,76.24808251814973,0.6075,0.0625,27,20.366906738281273,0.6652160882949829,0.811505138874054
157,858,GRID_005330,11.512893244804376,76.25808251814973,0.8974000000000001,0.0625,2,20.366906738281273,0.6652160882949829,0.811505138874054
276,864,GRID_005331,11.512893244804376,76.26808251814974,0.6497,0.0625,1,20.366906738281273,0.6652160882949829,0.811505138874054
350,885,GRID_005332,11.512893244804376,76.27808251814974,0.8603000000000001,0.0625,5,20.366906738281273,0.6652160882949829,0.811505138874054
116,33,GRID_005333,11.522893244804376,75.77808251814949,0.7735000000000001,0.375,1,23.766900634765648,0.565216064453125,-1.1884949207305908
326,37,GRID_005334,11.522893244804376,75.7880825181495,0.7794000000000001,0.375,0,23.766900634765648,0.565216064453125,-1.1884949207305908
7,391,GRID_005335,11.522893244804376,75.85808251814953,0.8051,0.375,18,23.766900634765648,0.565216064453125,-1.1884949207305908
179,393,GRID_005336,11.522893244804376,75.9880825181496,0.8569,0.125,12,20.866906738281273,0.9652161002159119,-0.488494873046875
199,678,GRID_005337,11.522893244804376,75.9980825181496,0.8439000000000001,0.125,36,20.866906738281273,0.9652161002159119,-0.488494873046875
123,970,GRID_005338,11.522893244804376,76.0080825181496,0.8712000000000001,0.125,14,20.866906738281273,0.9652161002159119,-0.488494873046875
115,776,GRID_005339,11.522893244804376,76.01808251814961,0.8273,0.125,6,20.866906738281273,0.9652161002159119,-0.488494873046875
307,802,GRID_005340,11.522893244804376,76.03808251814962,0.8359000000000001,0.125,6,20.866906738281273,0.9652161002159119,-0.488494873046875
264,1358,GRID_005341,11.522893244804376,76.05808251814963,0.8347,0.125,15,20.866906738281273,0.9652161002159119,-0.488494873046875
219,1555,GRID_005342,11.522893244804376,76.06808251814964,0.8777,0.125,17,20.866906738281273,0.9652161002159119,-0.488494873046875
275,1911,GRID_005343,11.522893244804376,76.07808251814964,0.8739,0.125,15,20.866906738281273,0.9652161002159119,-0.488494873046875
3,1621,GRID_005344,11.522893244804376,76.08808251814965,0.8688,0.125,25,20.866906738281273,0.9652161002159119,-0.488494873046875
116,1687,GRID_005345,11.522893244804376,76.09808251814965,0.8615,0.125,20,20.866906738281273,0.9652161002159119,-0.488494873046875
114,1434,GRID_005346,11.522893244804376,76.10808251814966,0.7371000000000001,0.125,18,20.866906738281273,0.9652161002159119,-0.488494873046875
48,1075,GRID_005347,11.522893244804376,76.11808251814966,0.8160000000000001,0.125,8,20.866906738281273,0.9652161002159119,-0.488494873046875
40,948,GRID_005348,11.522893244804376,76.12808251814967,0.7296,0.0625,16,20.366906738281273,0.6652160882949829,0.811505138874054
33,839,GRID_005349,11.522893244804376,76.13808251814967,0.7547,0.0625,4,20.366906738281273,0.6652160882949829,0.811505138874054
23,839,GRID_005350,11.522893244804376,76.14808251814968,0.6776,0.0625,9,20.366906738281273,0.6652160882949829,0.811505138874054
233,737,GRID_005351,11.522893244804376,76.16808251814969,0.7786000000000001,0.0625,33,20.366906738281273,0.6652160882949829,0.811505138874054
145,770,GRID_005352,11.522893244804376,76.1780825181497,0.778,0.0625,30,20.366906738281273,0.6652160882949829,0.811505138874054
190,838,GRID_005353,11.522893244804376,76.1880825181497,0.7764000000000001,0.0625,18,20.366906738281273,0.6652160882949829,0.811505138874054
147,576,GRID_005354,11.522893244804376,76.1980825181497,0.8178000000000001,0.0625,28,20.366906738281273,0.6652160882949829,0.811505138874054
148,649,GRID_005355,11.522893244804376,76.20808251814971,0.7915000000000001,0.0625,17,20.366906738281273,0.6652160882949829,0.811505138874054
172,460,GRID_005356,11.522893244804376,76.21808251814971,0.7709,0.0625,29,20.366906738281273,0.6652160882949829,0.811505138874054
174,858,GRID_005357,11.522893244804376,76.25808251814973,0.8541000000000001,0.0625,4,20.366906738281273,0.6652160882949829,0.811505138874054
0,0,GRID_005358,11.532893244804375,75.56808251814938,,0.75,0,26.866906738281273,4.865216255187988,-1.6884949207305908
0,0,GRID_005359,11.532893244804375,75.57808251814939,,0.75,0,26.866906738281273,4.865216255187988,-1.6884949207305908
191,708,GRID_005360,11.532893244804375,75.9880825181496,0.8285,0.125,29,20.866906738281273,0.9652161002159119,-0.488494873046875
113,1022,GRID_005361,11.532893244804375,76.0080825181496,0.8420000000000001,0.125,8,20.866906738281273,0.9652161002159119,-0.488494873046875
86,801,GRID_005362,11.532893244804375,76.01808251814961,0.7985,0.125,11,20.866906738281273,0.9652161002159119,-0.488494873046875
220,804,GRID_005363,11.532893244804375,76.02808251814962,0.7945,0.125,5,20.866906738281273,0.9652161002159119,-0.488494873046875
268,759,GRID_005364,11.532893244804375,76.03808251814962,0.8200000000000001,0.125,3,20.866906738281273,0.9652161002159119,-0.488494873046875
323,841,GRID_005365,11.532893244804375,76.04808251814963,0.8604,0.125,20,20.866906738281273,0.9652161002159119,-0.488494873046875
337,1168,GRID_005366,11.532893244804375,76.05808251814963,0.8587,0.125,22,20.866906738281273,0.9652161002159119,-0.488494873046875
301,1342,GRID_005367,11.532893244804375,76.06808251814964,0.8653000000000001,0.125,29,20.866906738281273,0.9652161002159119,-0.488494873046875
315,1687,GRID_005368,11.532893244804375,76.07808251814964,0.8637,0.125,30,20.866906738281273,0.9652161002159119,-0.488494873046875
115,1640,GRID_005369,11.532893244804375,76.08808251814965,0.7861,0.125,25,20.866906738281273,0.9652161002159119,-0.488494873046875
8,1307,GRID_005370,11.532893244804375,76.09808251814965,0.8397,0.125,14,20.866906738281273,0.9652161002159119,-0.488494873046875
25,1345,GRID_005371,11.532893244804375,76.10808251814966,0.7479,0.125,14,20.866906738281273,0.9652161002159119,-0.488494873046875
29,1126,GRID_005372,11.532893244804375,76.11808251814966,0.8431000000000001,0.125,11,20.866906738281273,0.9652161002159119,-0.488494873046875
90,881,GRID_005373,11.532893244804375,76.12808251814967,0.7871,0.0625,10,20.366906738281273,0.6652160882949829,0.811505138874054
17,855,GRID_005374,11.532893244804375,76.13808251814967,0.7777000000000001,0.0625,8,20.366906738281273,0.6652160882949829,0.811505138874054
250,830,GRID_005375,11.532893244804375,76.15808251814968,0.7078,0.0625,4,20.366906738281273,0.6652160882949829,0.811505138874054
273,874,GRID_005376,11.532893244804375,76.1880825181497,0.801,0.0625,2,20.366906738281273,0.6652160882949829,0.811505138874054
110,851,GRID_005377,11.532893244804375,76.1980825181497,0.7634000000000001,0.0625,5,20.366906738281273,0.6652160882949829,0.811505138874054
217,27,GRID_005378,11.542893244804375,75.74808251814947,0.7010000000000001,0.375,2,23.766900634765648,0.565216064453125,-1.1884949207305908
259,38,GRID_005379,11.542893244804375,75.75808251814948,0.784,0.375,3,23.766900634765648,0.565216064453125,-1.1884949207305908
240,41,GRID_005380,11.542893244804375,75.83808251814952,0.7548,0.375,8,23.766900634765648,0.565216064453125,-1.1884949207305908
267,37,GRID_005381,11.542893244804375,75.84808251814952,0.7481,0.375,2,23.766900634765648,0.565216064453125,-1.1884949207305908
25,1244,GRID_005382,11.542893244804375,75.9880825181496,0.8465,0.125,25,20.866906738281273,0.9652161002159119,-0.488494873046875
100,1074,GRID_005383,11.542893244804375,75.9980825181496,0.8539,0.125,23,20.866906738281273,0.9652161002159119,-0.488494873046875
77,872,GRID_005384,11.542893244804375,76.0080825181496,0.8240000000000001,0.125,10,20.866906738281273,0.9652161002159119,-0.488494873046875
1,871,GRID_005385,11.542893244804375,76.01808251814961,0.8003,0.125,6,20.866906738281273,0.9652161002159119,-0.488494873046875
168,772,GRID_005386,11.542893244804375,76.02808251814962,0.7757000000000001,0.125,4,20.866906738281273,0.9652161002159119,-0.488494873046875
235,756,GRID_005387,11.542893244804375,76.03808251814962,0.6871,0.125,2,20.866906738281273,0.9652161002159119,-0.488494873046875
291,770,GRID_005388,11.542893244804375,76.04808251814963,0.7846000000000001,0.125,2,20.866906738281273,0.9652161002159119,-0.488494873046875
293,934,GRID_005389,11.542893244804375,76.05808251814963,0.8365,0.125,7,20.866906738281273,0.9652161002159119,-0.488494873046875
309,1038,GRID_005390,11.542893244804375,76.06808251814964,0.8544,0.125,13,20.866906738281273,0.9652161002159119,-0.488494873046875
295,1345,GRID_005391,11.542893244804375,76.07808251814964,0.8277,0.125,22,20.866906738281273,0.9652161002159119,-0.488494873046875
328,1426,GRID_005392,11.542893244804375,76.08808251814965,0.8005,0.125,29,20.866906738281273,0.9652161002159119,-0.488494873046875
10,1407,GRID_005393,11.542893244804375,76.09808251814965,0.7393000000000001,0.125,32,20.866906738281273,0.9652161002159119,-0.488494873046875
68,1106,GRID_005394,11.542893244804375,76.10808251814966,0.8332,0.125,10,20.866906738281273,0.9652161002159119,-0.488494873046875
314,1043,GRID_005395,11.542893244804375,76.11808251814966,0.8197,0.125,5,20.866906738281273,0.9652161002159119,-0.488494873046875
57,931,GRID_005396,11.542893244804375,76.12808251814967,0.7886000000000001,0.0625,7,20.366906738281273,0.6652160882949829,0.811505138874054
77,834,GRID_005397,11.542893244804375,76.13808251814967,0.7803,0.0625,7,20.366906738281273,0.6652160882949829,0.811505138874054
175,865,GRID_005398,11.542893244804375,76.14808251814968,0.7282000000000001,0.0625,5,20.366906738281273,0.6652160882949829,0.811505138874054
70,864,GRID_005399,11.542893244804375,76.15808251814968,0.6896,0.0625,4,20.366906738281273,0.6652160882949829,0.811505138874054
274,78,GRID_005400,11.552893244804377,75.76808251814948,0.773,0.375,4,23.766900634765648,0.565216064453125,-1.1884949207305908
166,31,GRID_005401,11.552893244804377,75.7880825181495,0.8015,0.375,2,23.766900634765648,0.565216064453125,-1.1884949207305908
346,27,GRID_005402,11.552893244804377,75.7980825181495,0.796,0.375,2,23.766900634765648,0.565216064453125,-1.1884949207305908
150,37,GRID_005403,11.552893244804377,75.84808251814952,0.7208,0.375,1,23.766900634765648,0.565216064453125,-1.1884949207305908
27,1375,GRID_005404,11.552893244804377,75.96808251814959,0.8510000000000001,0.125,13,20.866906738281273,0.9652161002159119,-0.488494873046875
64,1121,GRID_005405,11.552893244804377,75.97808251814959,0.7784000000000001,0.125,17,20.866906738281273,0.9652161002159119,-0.488494873046875
333,962,GRID_005406,11.552893244804377,75.9880825181496,0.8649,0.125,12,20.866906738281273,0.9652161002159119,-0.488494873046875
78,986,GRID_005407,11.552893244804377,75.9980825181496,0.8616,0.125,11,20.866906738281273,0.9652161002159119,-0.488494873046875
51,905,GRID_005408,11.552893244804377,76.0080825181496,0.8183,0.125,7,20.866906738281273,0.9652161002159119,-0.488494873046875
348,791,GRID_005409,11.552893244804377,76.01808251814961,0.8322,0.125,1,20.866906738281273,0.9652161002159119,-0.488494873046875
333,774,GRID_005410,11.552893244804377,76.02808251814962,0.7665000000000001,0.125,1,20.866906738281273,0.9652161002159119,-0.488494873046875
74,757,GRID_005411,11.552893244804377,76.03808251814962,0.6910000000000001,0.125,7,20.866906738281273,0.9652161002159119,-0.488494873046875
335,790,GRID_005412,11.552893244804377,76.04808251814963,0.7943,0.125,2,20.866906738281273,0.9652161002159119,-0.488494873046875
1,822,GRID_005413,11.552893244804377,76.05808251814963,0.8411000000000001,0.125,7,20.866906738281273,0.9652161002159119,-0.488494873046875
28,1115,GRID_005414,11.552893244804377,76.08808251814965,0.7808,0.125,16,20.866906738281273,0.9652161002159119,-0.488494873046875
46,926,GRID_005415,11.552893244804377,76.10808251814966,0.8171,0.125,16,20.866906738281273,0.9652161002159119,-0.488494873046875
160,853,GRID_005416,11.552893244804377,76.11808251814966,0.792,0.125,2,20.866906738281273,0.9652161002159119,-0.488494873046875
355,880,GRID_005417,11.552893244804377,76.12808251814967,0.8093,0.0625,14,20.366906738281273,0.6652160882949829,0.811505138874054
83,859,GRID_005418,11.552893244804377,76.13808251814967,0.7751,0.0625,2,20.366906738281273,0.6652160882949829,0.811505138874054
152,868,GRID_005419,11.552893244804377,76.15808251814968,0.6563,0.0625,4,20.366906738281273,0.6652160882949829,0.811505138874054
20,863,GRID_005420,11.552893244804377,76.16808251814969,0.7219,0.0625,2,20.366906738281273,0.6652160882949829,0.811505138874054
0,0,GRID_005421,11.562893244804377,75.57808251814939,,0.75,0,26.866906738281273,4.865216255187988,-1.6884949207305908
209,44,GRID_005422,11.562893244804377,75.82808251814951,0.7828,0.375,1,23.766900634765648,0.565216064453125,-1.1884949207305908
320,46,GRID_005423,11.562893244804377,75.83808251814952,0.7748,0.375,1,23.766900634765648,0.565216064453125,-1.1884949207305908
335,954,GRID_005424,11.562893244804377,75.94808251814958,0.8228000000000001,0.125,9,20.866906738281273,0.9652161002159119,-0.488494873046875
188,1212,GRID_005425,11.562893244804377,75.96808251814959,0.7884,0.125,20,20.866906738281273,0.9652161002159119,-0.488494873046875
180,1143,GRID_005426,11.562893244804377,75.97808251814959,0.8350000000000001,0.125,27,20.866906738281273,0.9652161002159119,-0.488494873046875
132,964,GRID_005427,11.562893244804377,75.9880825181496,0.8556,0.125,16,20.866906738281273,0.9652161002159119,-0.488494873046875
319,983,GRID_005428,11.562893244804377,75.9980825181496,0.8589,0.125,15,20.866906738281273,0.9652161002159119,-0.488494873046875
248,789,GRID_005429,11.562893244804377,76.01808251814961,0.8561000000000001,0.125,2,20.866906738281273,0.9652161002159119,-0.488494873046875
64,756,GRID_005430,11.562893244804377,76.02808251814962,0.8098000000000001,0.125,1,20.866906738281273,0.9652161002159119,-0.488494873046875
255,784,GRID_005431,11.562893244804377,76.03808251814962,0.7982,0.125,5,20.866906738281273,0.9652161002159119,-0.488494873046875
154,815,GRID_005432,11.562893244804377,76.04808251814963,0.8101,0.125,8,20.866906738281273,0.9652161002159119,-0.488494873046875
284,775,GRID_005433,11.562893244804377,76.10808251814966,0.8373,0.125,3,20.866906738281273,0.9652161002159119,-0.488494873046875
171,821,GRID_005434,11.562893244804377,76.11808251814966,0.8024,0.125,7,20.866906738281273,0.9652161002159119,-0.488494873046875
265,829,GRID_005435,11.562893244804377,76.12808251814967,0.7200000000000001,0.0625,5,20.366906738281273,0.6652160882949829,0.811505138874054
52,826,GRID_005436,11.562893244804377,76.13808251814967,0.8338,0.0625,5,20.366906738281273,0.6652160882949829,0.811505138874054
345,862,GRID_005437,11.562893244804377,76.15808251814968,0.7993,0.0625,6,20.366906738281273,0.6652160882949829,0.811505138874054
170,18,GRID_005438,11.572893244804376,75.72808251814946,0.5138,0.375,2,23.766900634765648,0.565216064453125,-1.1884949207305908
161,57,GRID_005439,11.572893244804376,75.75808251814948,0.8191,0.375,5,23.766900634765648,0.565216064453125,-1.1884949207305908
221,45,GRID_005440,11.572893244804376,75.76808251814948,0.7674000000000001,0.375,3,23.766900634765648,0.565216064453125,-1.1884949207305908
331,58,GRID_005441,11.572893244804376,75.82808251814951,0.7321000000000001,0.375,4,23.766900634765648,0.565216064453125,-1.1884949207305908
196,52,GRID_005442,11.572893244804376,75.84808251814952,0.5715,0.375,1,23.766900634765648,0.565216064453125,-1.1884949207305908
111,50,GRID_005443,11.572893244804376,75.85808251814953,0.6639,0.375,1,23.766900634765648,0.565216064453125,-1.1884949207305908
251,86,GRID_005444,11.572893244804376,75.86808251814954,0.7131000000000001,0.375,6,23.766900634765648,0.565216064453125,-1.1884949207305908
38,746,GRID_005445,11.572893244804376,75.92808251814957,0.6612,0.125,9,20.866906738281273,0.9652161002159119,-0.488494873046875
230,1399,GRID_005446,11.572893244804376,75.95808251814958,0.6246,0.125,19,20.866906738281273,0.9652161002159119,-0.488494873046875
61,1424,GRID_005447,11.572893244804376,75.96808251814959,0.1302,0.125,7,20.866906738281273,0.9652161002159119,-0.488494873046875
98,1230,GRID_005448,11.572893244804376,75.97808251814959,0.7367,0.125,14,20.866906738281273,0.9652161002159119,-0.488494873046875
22,775,GRID_005449,11.572893244804376,76.08808251814965,0.7803,0.125,6,20.866906738281273,0.9652161002159119,-0.488494873046875
0,763,GRID_005450,11.572893244804376,76.09808251814965,0.7969,0.125,2,20.866906738281273,0.9652161002159119,-0.488494873046875
106,769,GRID_005451,11.572893244804376,76.12808251814967,0.7059000000000001,0.0625,1,20.366906738281273,0.6652160882949829,0.811505138874054
220,814,GRID_005452,11.572893244804376,76.13808251814967,0.8096,0.0625,5,20.366906738281273,0.6652160882949829,0.811505138874054
124,825,GRID_005453,11.572893244804376,76.14808251814968,0.8157000000000001,0.0625,3,20.366906738281273,0.6652160882949829,0.811505138874054
300,803,GRID_005454,11.572893244804376,76.15808251814968,0.8248000000000001,0.0625,6,20.366906738281273,0.6652160882949829,0.811505138874054
259,35,GRID_005455,11.582893244804374,75.76808251814948,0.7759,0.375,2,23.766900634765648,0.565216064453125,-1.1884949207305908
112,32,GRID_005456,11.582893244804374,75.7980825181495,0.735,0.375,2,23.766900634765648,0.565216064453125,-1.1884949207305908
61,73,GRID_005457,11.582893244804374,75.82808251814951,0.7569,0.375,1,23.766900634765648,0.565216064453125,-1.1884949207305908
183,91,GRID_005458,11.582893244804374,75.85808251814953,0.7338,0.375,19,23.766900634765648,0.565216064453125,-1.1884949207305908
200,860,GRID_005459,11.582893244804374,75.89808251814955,0.6990000000000001,0.125,29,20.866906738281273,0.9652161002159119,-0.488494873046875
32,1358,GRID_005460,11.582893244804374,75.96808251814959,0.8313,0.125,17,20.866906738281273,0.9652161002159119,-0.488494873046875
42,1376,GRID_005461,11.582893244804374,75.97808251814959,0.6527000000000001,0.125,21,20.866906738281273,0.9652161002159119,-0.488494873046875
67,794,GRID_005462,11.582893244804374,75.9980825181496,0.7816000000000001,0.125,8,20.866906738281273,0.9652161002159119,-0.488494873046875
304,817,GRID_005463,11.582893244804374,76.0080825181496,0.8868,0.125,8,20.866906738281273,0.9652161002159119,-0.488494873046875
257,751,GRID_005464,11.582893244804374,76.01808251814961,0.803,0.125,3,20.866906738281273,0.9652161002159119,-0.488494873046875
219,827,GRID_005465,11.582893244804374,76.06808251814964,0.807,0.125,1,20.866906738281273,0.9652161002159119,-0.488494873046875
58,818,GRID_005466,11.582893244804374,76.13808251814967,0.8431000000000001,0.0625,8,20.366906738281273,0.6652160882949829,0.811505138874054
10,796,GRID_005467,11.582893244804374,76.14808251814968,0.8145,0.0625,5,20.366906738281273,0.6652160882949829,0.811505138874054
62,794,GRID_005468,11.582893244804374,76.15808251814968,0.802,0.0625,6,20.366906738281273,0.6652160882949829,0.811505138874054
0,0,GRID_005469,11.592893244804374,75.54808251814937,,0.75,0,26.866906738281273,4.865216255187988,-1.6884949207305908
272,41,GRID_005470,11.592893244804374,75.81808251814951,0.7671,0.375,3,23.766900634765648,0.565216064453125,-1.1884949207305908
8,48,GRID_005471,11.592893244804374,75.83808251814952,0.4811,0.375,2,23.766900634765648,0.565216064453125,-1.1884949207305908
238,112,GRID_005472,11.592893244804374,75.85808251814953,0.7841,0.375,11,23.766900634765648,0.565216064453125,-1.1884949207305908
159,291,GRID_005473,11.592893244804374,75.86808251814954,0.7761,0.375,11,23.766900634765648,0.565216064453125,-1.1884949207305908
225,422,GRID_005474,11.592893244804374,75.87808251814954,0.7471,0.125,26,20.866906738281273,0.9652161002159119,-0.488494873046875
265,738,GRID_005475,11.592893244804374,75.88808251814955,0.5424,0.125,32,20.866906738281273,0.9652161002159119,-0.488494873046875
90,779,GRID_005476,11.592893244804374,75.91808251814956,0.6767000000000001,0.125,3,20.866906738281273,0.9652161002159119,-0.488494873046875
280,846,GRID_005477,11.592893244804374,75.92808251814957,0.41340000000000005,0.125,6,20.866906738281273,0.9652161002159119,-0.488494873046875
76,1045,GRID_005478,11.592893244804374,75.97808251814959,0.7021000000000001,0.125,9,20.866906738281273,0.9652161002159119,-0.488494873046875
119,949,GRID_005479,11.592893244804374,75.9880825181496,0.5213,0.125,8,20.866906738281273,0.9652161002159119,-0.488494873046875
85,782,GRID_005480,11.592893244804374,75.9980825181496,0.6552,0.125,4,20.866906738281273,0.9652161002159119,-0.488494873046875
81,740,GRID_005481,11.592893244804374,76.01808251814961,0.8362,0.125,5,20.866906738281273,0.9652161002159119,-0.488494873046875
290,789,GRID_005482,11.592893244804374,76.03808251814962,0.8296,0.125,6,20.866906738281273,0.9652161002159119,-0.488494873046875
332,52,GRID_005483,11.602893244804374,75.82808251814951,0.7976000000000001,0.375,3,23.766900634765648,0.565216064453125,-1.1884949207305908
154,65,GRID_005484,11.602893244804374,75.83808251814952,0.7902,0.375,3,23.766900634765648,0.565216064453125,-1.1884949207305908
273,73,GRID_005485,11.602893244804374,75.84808251814952,0.7932,0.375,2,23.766900634765648,0.565216064453125,-1.1884949207305908
254,201,GRID_005486,11.602893244804374,75.85808251814953,0.8023,0.375,9,23.766900634765648,0.565216064453125,-1.1884949207305908
48,310,GRID_005487,11.602893244804374,75.86808251814954,0.8330000000000001,0.375,23,23.766900634765648,0.565216064453125,-1.1884949207305908
349,469,GRID_005488,11.602893244804374,75.87808251814954,0.8201,0.125,20,20.866906738281273,0.9652161002159119,-0.488494873046875
15,590,GRID_005489,11.602893244804374,75.88808251814955,0.7483000000000001,0.125,17,20.866906738281273,0.9652161002159119,-0.488494873046875
182,936,GRID_005490,11.602893244804374,75.90808251814956,0.6408,0.125,4,20.866906738281273,0.9652161002159119,-0.488494873046875
87,818,GRID_005491,11.602893244804374,75.91808251814956,0.6802,0.125,8,20.866906738281273,0.9652161002159119,-0.488494873046875
157,1274,GRID_005492,11.602893244804374,75.97808251814959,0.6712,0.125,17,20.866906738281273,0.9652161002159119,-0.488494873046875
120,1153,GRID_005493,11.602893244804374,75.9880825181496,0.6326,0.125,22,20.866906738281273,0.9652161002159119,-0.488494873046875
88,790,GRID_005494,11.602893244804374,75.9980825181496,0.7394000000000001,0.125,10,20.866906738281273,0.9652161002159119,-0.488494873046875
7,1266,GRID_005495,11.602893244804374,76.11808251814966,0.8062,0.125,14,20.866906738281273,0.9652161002159119,-0.488494873046875
337,25,GRID_005496,11.612893244804374,75.7880825181495,0.7959,0.375,2,23.766900634765648,0.565216064453125,-1.1884949207305908
287,105,GRID_005497,11.612893244804374,75.7980825181495,0.8234,0.375,5,23.766900634765648,0.565216064453125,-1.1884949207305908
132,51,GRID_005498,11.612893244804374,75.83808251814952,0.7964,0.375,2,23.766900634765648,0.565216064453125,-1.1884949207305908
175,99,GRID_005499,11.612893244804374,75.84808251814952,0.8002,0.375,3,23.766900634765648,0.565216064453125,-1.1884949207305908
336,132,GRID_005500,11.612893244804374,75.85808251814953,0.8099000000000001,0.375,13,23.766900634765648,0.565216064453125,-1.1884949207305908
233,212,GRID_005501,11.612893244804374,75.86808251814954,0.7881,0.375,21,23.766900634765648,0.565216064453125,-1.1884949207305908
228,304,GRID_005502,11.612893244804374,75.87808251814954,0.7888000000000001,0.125,10,20.866906738281273,0.9652161002159119,-0.488494873046875
280,457,GRID_005503,11.612893244804374,75.88808251814955,0.7621,0.125,27,20.866906738281273,0.9652161002159119,-0.488494873046875
71,788,GRID_005504,11.612893244804374,75.90808251814956,0.8081,0.125,5,20.866906738281273,0.9652161002159119,-0.488494873046875
43,756,GRID_005505,11.612893244804374,75.91808251814956,0.5614,0.125,2,20.866906738281273,0.9652161002159119,-0.488494873046875
323,822,GRID_005506,11.612893244804374,75.92808251814957,0.7006,0.125,11,20.866906738281273,0.9652161002159119,-0.488494873046875
62,1010,GRID_005507,11.612893244804374,75.9880825181496,0.6703,0.125,13,20.866906738281273,0.9652161002159119,-0.488494873046875
89,811,GRID_005508,11.612893244804374,75.9980825181496,0.7000000000000001,0.125,10,20.866906738281273,0.9652161002159119,-0.488494873046875
220,48,GRID_005509,11.622893244804374,75.77808251814949,0.796,0.375,2,23.766900634765648,0.565216064453125,-1.1884949207305908
294,41,GRID_005510,11.622893244804374,75.8080825181495,0.7871,0.375,4,23.766900634765648,0.565216064453125,-1.1884949207305908
337,91,GRID_005511,11.622893244804374,75.82808251814951,0.8252,0.375,4,23.766900634765648,0.565216064453125,-1.1884949207305908
58,80,GRID_005512,11.622893244804374,75.83808251814952,0.8138000000000001,0.375,2,23.766900634765648,0.565216064453125,-1.1884949207305908
134,65,GRID_005513,11.622893244804374,75.84808251814952,0.8031,0.375,3,23.766900634765648,0.565216064453125,-1.1884949207305908
222,197,GRID_005514,11.622893244804374,75.85808251814953,0.8041,0.375,15,23.766900634765648,0.565216064453125,-1.1884949207305908
223,516,GRID_005515,11.622893244804374,75.86808251814954,0.7825000000000001,0.375,27,23.766900634765648,0.565216064453125,-1.1884949207305908
200,634,GRID_005516,11.622893244804374,75.87808251814954,0.7906000000000001,0.125,17,20.866906738281273,0.9652161002159119,-0.488494873046875
152,760,GRID_005517,11.622893244804374,75.88808251814955,0.7965,0.125,5,20.866906738281273,0.9652161002159119,-0.488494873046875
50,802,GRID_005518,11.622893244804374,75.9980825181496,0.6672,0.125,6,20.866906738281273,0.9652161002159119,-0.488494873046875
76,734,GRID_005519,11.622893244804374,76.0080825181496,0.6726000000000001,0.125,0,20.866906738281273,0.9652161002159119,-0.488494873046875
222,729,GRID_005520,11.622893244804374,76.01808251814961,0.6154000000000001,0.125,4,20.866906738281273,0.9652161002159119,-0.488494873046875
258,769,GRID_005521,11.622893244804374,76.08808251814965,0.6761,0.125,3,20.866906738281273,0.9652161002159119,-0.488494873046875
224,883,GRID_005522,11.622893244804374,76.09808251814965,0.8293,0.125,8,20.866906738281273,0.9652161002159119,-0.488494873046875
116,13,GRID_005523,11.632893244804372,75.75808251814948,0.6874,0.375,0,23.766900634765648,0.565216064453125,-1.1884949207305908
276,49,GRID_005524,11.632893244804372,75.81808251814951,0.769,0.375,1,23.766900634765648,0.565216064453125,-1.1884949207305908
232,72,GRID_005525,11.632893244804372,75.82808251814951,0.8170000000000001,0.375,1,23.766900634765648,0.565216064453125,-1.1884949207305908
126,68,GRID_005526,11.632893244804372,75.83808251814952,0.8263,0.375,5,23.766900634765648,0.565216064453125,-1.1884949207305908
319,122,GRID_005527,11.632893244804372,75.84808251814952,0.8266,0.375,11,23.766900634765648,0.565216064453125,-1.1884949207305908
322,268,GRID_005528,11.632893244804372,75.85808251814953,0.8255,0.375,7,23.766900634765648,0.565216064453125,-1.1884949207305908
238,330,GRID_005529,11.632893244804372,75.86808251814954,0.8056000000000001,0.375,20,23.766900634765648,0.565216064453125,-1.1884949207305908
344,590,GRID_005530,11.632893244804372,75.87808251814954,0.7967000000000001,0.125,15,20.866906738281273,0.9652161002159119,-0.488494873046875
229,688,GRID_005531,11.632893244804372,75.88808251814955,0.7982,0.125,18,20.866906738281273,0.9652161002159119,-0.488494873046875
208,1001,GRID_005532,11.632893244804372,75.91808251814956,0.7604000000000001,0.125,11,20.866906738281273,0.9652161002159119,-0.488494873046875
87,769,GRID_005533,11.632893244804372,75.92808251814957,0.5063,0.125,10,20.866906738281273,0.9652161002159119,-0.488494873046875
194,47,GRID_005534,11.642893244804371,75.8080825181495,0.7947000000000001,0.375,2,23.766900634765648,0.565216064453125,-1.1884949207305908
268,42,GRID_005535,11.642893244804371,75.81808251814951,0.8068000000000001,0.375,4,23.766900634765648,0.565216064453125,-1.1884949207305908
239,76,GRID_005536,11.642893244804371,75.82808251814951,0.8005,0.375,2,23.766900634765648,0.565216064453125,-1.1884949207305908
280,180,GRID_005537,11.642893244804371,75.83808251814952,0.8159000000000001,0.375,7,23.766900634765648,0.565216064453125,-1.1884949207305908
53,290,GRID_005538,11.642893244804371,75.84808251814952,0.8150000000000001,0.375,3,23.766900634765648,0.565216064453125,-1.1884949207305908
302,305,GRID_005539,11.642893244804371,75.85808251814953,0.8258000000000001,0.375,6,23.766900634765648,0.565216064453125,-1.1884949207305908
248,349,GRID_005540,11.642893244804371,75.86808251814954,0.8268000000000001,0.375,17,23.766900634765648,0.565216064453125,-1.1884949207305908
183,665,GRID_005541,11.642893244804371,75.87808251814954,0.7909,0.125,20,20.866906738281273,0.9652161002159119,-0.488494873046875
274,850,GRID_005542,11.642893244804371,75.88808251814955,0.7921,0.125,26,20.866906738281273,0.9652161002159119,-0.488494873046875
156,949,GRID_005543,11.642893244804371,75.91808251814956,0.7692,0.125,14,20.866906738281273,0.9652161002159119,-0.488494873046875
21,18,GRID_005544,11.652893244804371,75.75808251814948,0.6512,0.375,1,23.766900634765648,0.565216064453125,-1.1884949207305908
244,44,GRID_005545,11.652893244804371,75.76808251814948,0.7429,0.375,1,23.766900634765648,0.565216064453125,-1.1884949207305908
250,41,GRID_005546,11.652893244804371,75.7880825181495,0.7737,0.375,2,23.766900634765648,0.565216064453125,-1.1884949207305908
306,80,GRID_005547,11.652893244804371,75.7980825181495,0.7819,0.375,3,23.766900634765648,0.565216064453125,-1.1884949207305908
72,120,GRID_005548,11.652893244804371,75.8080825181495,0.8294,0.375,17,23.766900634765648,0.565216064453125,-1.1884949207305908
263,51,GRID_005549,11.652893244804371,75.81808251814951,0.8073,0.375,4,23.766900634765648,0.565216064453125,-1.1884949207305908
149,140,GRID_005550,11.652893244804371,75.82808251814951,0.5698,0.375,3,23.766900634765648,0.565216064453125,-1.1884949207305908
212,152,GRID_005551,11.652893244804371,75.83808251814952,0.8189000000000001,0.375,5,23.766900634765648,0.565216064453125,-1.1884949207305908
172,356,GRID_005552,11.652893244804371,75.85808251814953,0.8368,0.375,19,23.766900634765648,0.565216064453125,-1.1884949207305908
250,411,GRID_005553,11.652893244804371,75.86808251814954,0.8064,0.375,13,23.766900634765648,0.565216064453125,-1.1884949207305908
230,640,GRID_005554,11.652893244804371,75.87808251814954,0.8202,0.125,16,20.866906738281273,0.9652161002159119,-0.488494873046875
186,881,GRID_005555,11.652893244804371,75.88808251814955,0.787,0.125,27,20.866906738281273,0.9652161002159119,-0.488494873046875
247,1007,GRID_005556,11.652893244804371,75.89808251814955,0.7935,0.125,22,20.866906738281273,0.9652161002159119,-0.488494873046875
81,1349,GRID_005557,11.652893244804371,75.90808251814956,0.8358,0.125,20,20.866906738281273,0.9652161002159119,-0.488494873046875
90,884,GRID_005558,11.652893244804371,76.28808251814975,0.6991,0.0625,0,20.366906738281273,0.6652160882949829,0.811505138874054
270,21,GRID_005559,11.662893244804373,75.76808251814948,0.7693,0.375,1,23.766900634765648,0.565216064453125,-1.1884949207305908
246,63,GRID_005560,11.662893244804373,75.7980825181495,0.7752,0.375,7,23.766900634765648,0.565216064453125,-1.1884949207305908
122,107,GRID_005561,11.662893244804373,75.8080825181495,0.8190000000000001,0.375,12,23.766900634765648,0.565216064453125,-1.1884949207305908
273,55,GRID_005562,11.662893244804373,75.81808251814951,0.7861,0.375,2,23.766900634765648,0.565216064453125,-1.1884949207305908
194,83,GRID_005563,11.662893244804373,75.82808251814951,0.8174,0.375,7,23.766900634765648,0.565216064453125,-1.1884949207305908
190,248,GRID_005564,11.662893244804373,75.83808251814952,0.8304,0.375,12,23.766900634765648,0.565216064453125,-1.1884949207305908
142,627,GRID_005565,11.662893244804373,75.86808251814954,0.7769,0.375,22,23.766900634765648,0.565216064453125,-1.1884949207305908
180,631,GRID_005566,11.662893244804373,75.87808251814954,0.8310000000000001,0.125,15,20.866906738281273,0.9652161002159119,-0.488494873046875
334,853,GRID_005567,11.662893244804373,75.88808251814955,0.8156,0.125,31,20.866906738281273,0.9652161002159119,-0.488494873046875
183,749,GRID_005568,11.662893244804373,76.08808251814965,0.7652,0.125,3,20.866906738281273,0.9652161002159119,-0.488494873046875
192,891,GRID_005569,11.662893244804373,76.26808251814974,0.6338,0.0625,4,20.366906738281273,0.6652160882949829,0.811505138874054
57,892,GRID_005570,11.662893244804373,76.27808251814974,0.5751000000000001,0.0625,4,20.366906738281273,0.6652160882949829,0.811505138874054
194,881,GRID_005571,11.662893244804373,76.28808251814975,0.5756,0.0625,3,20.366906738281273,0.6652160882949829,0.811505138874054
214,22,GRID_005572,11.672893244804373,75.73808251814947,0.743,0.375,1,23.766900634765648,0.565216064453125,-1.1884949207305908
164,19,GRID_005573,11.672893244804373,75.74808251814947,0.7297,0.375,1,23.766900634765648,0.565216064453125,-1.1884949207305908
176,40,GRID_005574,11.672893244804373,75.75808251814948,0.7356,0.375,3,23.766900634765648,0.565216064453125,-1.1884949207305908
239,47,GRID_005575,11.672893244804373,75.7880825181495,0.7547,0.375,1,23.766900634765648,0.565216064453125,-1.1884949207305908
292,123,GRID_005576,11.672893244804373,75.7980825181495,0.7896000000000001,0.375,12,23.766900634765648,0.565216064453125,-1.1884949207305908
92,119,GRID_005577,11.672893244804373,75.8080825181495,0.8242,0.375,10,23.766900634765648,0.565216064453125,-1.1884949207305908
218,65,GRID_005578,11.672893244804373,75.81808251814951,0.7864,0.375,3,23.766900634765648,0.565216064453125,-1.1884949207305908
232,244,GRID_005579,11.672893244804373,75.82808251814951,0.7977000000000001,0.375,25,23.766900634765648,0.565216064453125,-1.1884949207305908
204,865,GRID_005580,11.672893244804373,75.85808251814953,0.8462000000000001,0.375,27,23.766900634765648,0.565216064453125,-1.1884949207305908
176,1023,GRID_005581,11.672893244804373,75.86808251814954,0.8184,0.375,31,23.766900634765648,0.565216064453125,-1.1884949207305908
283,771,GRID_005582,11.672893244804373,75.87808251814954,0.8312,0.125,27,20.866906738281273,0.9652161002159119,-0.488494873046875
228,1297,GRID_005583,11.672893244804373,75.88808251814955,0.7721,0.125,12,20.866906738281273,0.9652161002159119,-0.488494873046875
202,1231,GRID_005584,11.672893244804373,75.89808251814955,0.7931,0.125,31,20.866906738281273,0.9652161002159119,-0.488494873046875
265,726,GRID_005585,11.672893244804373,76.03808251814962,0.6122000000000001,0.125,1,20.866906738281273,0.9652161002159119,-0.488494873046875
339,743,GRID_005586,11.672893244804373,76.04808251814963,0.6799000000000001,0.125,3,20.866906738281273,0.9652161002159119,-0.488494873046875
27,895,GRID_005587,11.672893244804373,76.25808251814973,0.6638000000000001,0.0625,2,20.366906738281273,0.6652160882949829,0.811505138874054
192,872,GRID_005588,11.672893244804373,76.26808251814974,0.5242,0.0625,2,20.366906738281273,0.6652160882949829,0.811505138874054
83,863,GRID_005589,11.672893244804373,76.27808251814974,0.5545,0.0625,2,20.366906738281273,0.6652160882949829,0.811505138874054
224,898,GRID_005590,11.672893244804373,76.29808251814976,0.6768000000000001,0.0625,4,20.366906738281273,0.6652160882949829,0.811505138874054
288,23,GRID_005591,11.682893244804372,75.73808251814947,0.7933,0.375,1,23.766900634765648,0.565216064453125,-1.1884949207305908
160,26,GRID_005592,11.682893244804372,75.74808251814947,0.7448,0.375,1,23.766900634765648,0.565216064453125,-1.1884949207305908
214,38,GRID_005593,11.682893244804372,75.75808251814948,0.767,0.375,2,23.766900634765648,0.565216064453125,-1.1884949207305908
158,40,GRID_005594,11.682893244804372,75.76808251814948,0.782,0.375,5,23.766900634765648,0.565216064453125,-1.1884949207305908
219,100,GRID_005595,11.682893244804372,75.77808251814949,0.7757000000000001,0.375,3,23.766900634765648,0.565216064453125,-1.1884949207305908
240,38,GRID_005596,11.682893244804372,75.7880825181495,0.7613000000000001,0.375,1,23.766900634765648,0.565216064453125,-1.1884949207305908
134,61,GRID_005597,11.682893244804372,75.7980825181495,0.8221,0.375,2,23.766900634765648,0.565216064453125,-1.1884949207305908
208,98,GRID_005598,11.682893244804372,75.8080825181495,0.8135,0.375,9,23.766900634765648,0.565216064453125,-1.1884949207305908
210,264,GRID_005599,11.682893244804372,75.81808251814951,0.7952,0.375,20,23.766900634765648,0.565216064453125,-1.1884949207305908
260,375,GRID_005600,11.682893244804372,75.82808251814951,0.8114,0.375,16,23.766900634765648,0.565216064453125,-1.1884949207305908
315,885,GRID_005601,11.682893244804372,75.85808251814953,0.8403,0.375,26,23.766900634765648,0.565216064453125,-1.1884949207305908
121,1127,GRID_005602,11.682893244804372,75.86808251814954,0.8773000000000001,0.375,7,23.766900634765648,0.565216064453125,-1.1884949207305908
158,831,GRID_005603,11.682893244804372,75.87808251814954,0.8534,0.125,10,20.866906738281273,0.9652161002159119,-0.488494873046875
227,935,GRID_005604,11.682893244804372,75.88808251814955,0.8501000000000001,0.125,21,20.866906738281273,0.9652161002159119,-0.488494873046875
256,1232,GRID_005605,11.682893244804372,75.89808251814955,0.8492000000000001,0.125,30,20.866906738281273,0.9652161002159119,-0.488494873046875
105,1544,GRID_005606,11.682893244804372,75.90808251814956,0.8505,0.125,19,20.866906738281273,0.9652161002159119,-0.488494873046875
314,722,GRID_005607,11.682893244804372,76.02808251814962,0.6639,0.125,0,20.866906738281273,0.9652161002159119,-0.488494873046875
180,889,GRID_005608,11.682893244804372,76.25808251814973,0.5382,0.0625,0,20.366906738281273,0.6652160882949829,0.811505138874054
39,898,GRID_005609,11.682893244804372,76.26808251814974,0.6601,0.0625,2,20.366906738281273,0.6652160882949829,0.811505138874054
262,883,GRID_005610,11.682893244804372,76.27808251814974,0.5759000000000001,0.0625,4,20.366906738281273,0.6652160882949829,0.811505138874054
83,895,GRID_005611,11.682893244804372,76.28808251814975,0.6746,0.0625,5,20.366906738281273,0.6652160882949829,0.811505138874054
202,867,GRID_005612,11.682893244804372,76.29808251814976,0.5949,0.0625,1,20.366906738281273,0.6652160882949829,0.811505138874054
226,44,GRID_005613,11.692893244804372,75.70808251814945,0.7167,0.375,1,23.766900634765648,0.565216064453125,-1.1884949207305908
317,41,GRID_005614,11.692893244804372,75.71808251814946,0.7327,0.375,2,23.766900634765648,0.565216064453125,-1.1884949207305908
130,55,GRID_005615,11.692893244804372,75.72808251814946,0.7845000000000001,0.375,4,23.766900634765648,0.565216064453125,-1.1884949207305908
270,62,GRID_005616,11.692893244804372,75.74808251814947,0.7964,0.375,5,23.766900634765648,0.565216064453125,-1.1884949207305908
233,181,GRID_005617,11.692893244804372,75.75808251814948,0.8234,0.375,9,23.766900634765648,0.565216064453125,-1.1884949207305908
175,140,GRID_005618,11.692893244804372,75.77808251814949,0.7969,0.375,8,23.766900634765648,0.565216064453125,-1.1884949207305908
185,268,GRID_005619,11.692893244804372,75.7880825181495,0.8424,0.375,15,23.766900634765648,0.565216064453125,-1.1884949207305908
162,93,GRID_005620,11.692893244804372,75.7980825181495,0.8074,0.375,3,23.766900634765648,0.565216064453125,-1.1884949207305908
268,153,GRID_005621,11.692893244804372,75.8080825181495,0.8035,0.375,9,23.766900634765648,0.565216064453125,-1.1884949207305908
262,302,GRID_005622,11.692893244804372,75.81808251814951,0.8179000000000001,0.375,11,23.766900634765648,0.565216064453125,-1.1884949207305908
238,501,GRID_005623,11.692893244804372,75.82808251814951,0.8202,0.375,14,23.766900634765648,0.565216064453125,-1.1884949207305908
234,959,GRID_005624,11.692893244804372,75.85808251814953,0.12350000000000001,0.375,24,23.766900634765648,0.565216064453125,-1.1884949207305908
227,1388,GRID_005625,11.692893244804372,75.86808251814954,0.8369000000000001,0.375,25,23.766900634765648,0.565216064453125,-1.1884949207305908
117,1071,GRID_005626,11.692893244804372,75.87808251814954,0.8592000000000001,0.125,22,20.866906738281273,0.9652161002159119,-0.488494873046875
216,1205,GRID_005627,11.692893244804372,75.88808251814955,0.8054,0.125,29,20.866906738281273,0.9652161002159119,-0.488494873046875
172,1463,GRID_005628,11.692893244804372,75.89808251814955,0.8497,0.125,33,20.866906738281273,0.9652161002159119,-0.488494873046875
219,1962,GRID_005629,11.692893244804372,75.90808251814956,0.8576,0.125,23,20.866906738281273,0.9652161002159119,-0.488494873046875
169,888,GRID_005630,11.692893244804372,76.26808251814974,0.7413000000000001,0.0625,4,20.366906738281273,0.6652160882949829,0.811505138874054
106,898,GRID_005631,11.692893244804372,76.27808251814974,0.4506,0.0625,5,20.366906738281273,0.6652160882949829,0.811505138874054
165,908,GRID_005632,11.692893244804372,76.28808251814975,0.6757000000000001,0.0625,4,20.366906738281273,0.6652160882949829,0.811505138874054
224,905,GRID_005633,11.692893244804372,76.29808251814976,0.7885000000000001,0.0625,4,20.366906738281273,0.6652160882949829,0.811505138874054
170,871,GRID_005634,11.692893244804372,76.30808251814976,0.7252000000000001,0.0625,1,20.366906738281273,0.6652160882949829,0.811505138874054
180,896,GRID_005635,11.692893244804372,76.31808251814977,0.7297,0.0625,3,20.366906738281273,0.6652160882949829,0.811505138874054
143,859,GRID_005636,11.692893244804372,76.32808251814977,0.5363,0.0625,2,20.366906738281273,0.6652160882949829,0.811505138874054
198,895,GRID_005637,11.692893244804372,76.33808251814978,0.5595,0.0625,3,20.366906738281273,0.6652160882949829,0.811505138874054
256,43,GRID_005638,11.702893244804372,75.71808251814946,0.7789,0.5,2,22.366906738281273,0.36521607637405396,0.4115051329135895
226,182,GRID_005639,11.702893244804372,75.7980825181495,0.8379000000000001,0.5,6,22.366906738281273,0.36521607637405396,0.4115051329135895
145,342,GRID_005640,11.702893244804372,75.8080825181495,0.8663000000000001,0.5,23,22.366906738281273,0.36521607637405396,0.4115051329135895
210,392,GRID_005641,11.702893244804372,75.81808251814951,0.8229000000000001,0.5,16,22.366906738281273,0.36521607637405396,0.4115051329135895
212,527,GRID_005642,11.702893244804372,75.82808251814951,0.8052,0.5,11,22.366906738281273,0.36521607637405396,0.4115051329135895
281,1141,GRID_005643,11.702893244804372,75.84808251814952,0.4944,0.5,31,22.366906738281273,0.36521607637405396,0.4115051329135895
6,1554,GRID_005644,11.702893244804372,75.86808251814954,0.7557,0.5,31,22.366906738281273,0.36521607637405396,0.4115051329135895
95,1615,GRID_005645,11.702893244804372,75.87808251814954,0.8671000000000001,0.125,30,19.366906738281273,1.965216040611267,1.111505150794983
320,1538,GRID_005646,11.702893244804372,75.88808251814955,0.8507,0.125,26,19.366906738281273,1.965216040611267,1.111505150794983
237,742,GRID_005647,11.702893244804372,76.14808251814968,0.5875,0.0,2,19.766900634765648,2.1652162075042725,2.1115052700042725
94,924,GRID_005648,11.702893244804372,76.27808251814974,0.65,0.0,2,19.766900634765648,2.1652162075042725,2.1115052700042725
163,899,GRID_005649,11.702893244804372,76.28808251814975,0.7796000000000001,0.0,2,19.766900634765648,2.1652162075042725,2.1115052700042725
212,933,GRID_005650,11.702893244804372,76.29808251814976,0.7744000000000001,0.0,2,19.766900634765648,2.1652162075042725,2.1115052700042725
77,899,GRID_005651,11.702893244804372,76.30808251814976,0.7168,0.0,3,19.766900634765648,2.1652162075042725,2.1115052700042725
218,903,GRID_005652,11.702893244804372,76.31808251814977,0.7177,0.0,1,19.766900634765648,2.1652162075042725,2.1115052700042725
0,917,GRID_005653,11.702893244804372,76.32808251814977,0.6332,0.0,2,19.766900634765648,2.1652162075042725,2.1115052700042725
307,893,GRID_005654,11.702893244804372,76.33808251814978,0.6148,0.0,3,19.766900634765648,2.1652162075042725,2.1115052700042725
63,869,GRID_005655,11.702893244804372,76.34808251814978,0.6866,0.0,3,19.766900634765648,2.1652162075042725,2.1115052700042725
331,865,GRID_005656,11.702893244804372,76.35808251814979,0.6153000000000001,0.0,3,19.766900634765648,2.1652162075042725,2.1115052700042725
34,627,GRID_005657,11.712893244804372,75.76808251814948,0.8295,0.5,20,22.366906738281273,0.36521607637405396,0.4115051329135895
150,265,GRID_005658,11.712893244804372,75.7980825181495,0.7505000000000001,0.5,15,22.366906738281273,0.36521607637405396,0.4115051329135895
321,481,GRID_005659,11.712893244804372,75.8080825181495,0.1764,0.5,18,22.366906738281273,0.36521607637405396,0.4115051329135895
283,602,GRID_005660,11.712893244804372,75.81808251814951,0.8270000000000001,0.5,25,22.366906738281273,0.36521607637405396,0.4115051329135895
97,729,GRID_005661,11.712893244804372,75.9980825181496,0.766,0.125,1,19.366906738281273,1.965216040611267,1.111505150794983
34,747,GRID_005662,11.712893244804372,76.0080825181496,0.7111000000000001,0.125,0,19.366906738281273,1.965216040611267,1.111505150794983
176,938,GRID_005663,11.712893244804372,76.26808251814974,0.7326,0.0,4,19.766900634765648,2.1652162075042725,2.1115052700042725
114,951,GRID_005664,11.712893244804372,76.27808251814974,0.8451000000000001,0.0,4,19.766900634765648,2.1652162075042725,2.1115052700042725
217,942,GRID_005665,11.712893244804372,76.28808251814975,0.756,0.0,2,19.766900634765648,2.1652162075042725,2.1115052700042725
90,918,GRID_005666,11.712893244804372,76.30808251814976,0.7071000000000001,0.0,0,19.766900634765648,2.1652162075042725,2.1115052700042725
340,912,GRID_005667,11.712893244804372,76.31808251814977,0.7206,0.0,3,19.766900634765648,2.1652162075042725,2.1115052700042725
21,904,GRID_005668,11.712893244804372,76.32808251814977,0.6456000000000001,0.0,2,19.766900634765648,2.1652162075042725,2.1115052700042725
242,873,GRID_005669,11.712893244804372,76.33808251814978,0.5401,0.0,2,19.766900634765648,2.1652162075042725,2.1115052700042725
244,873,GRID_005670,11.712893244804372,76.34808251814978,0.6362,0.0,1,19.766900634765648,2.1652162075042725,2.1115052700042725
106,49,GRID_005671,11.722893244804371,75.70808251814945,0.7499,0.5,4,22.366906738281273,0.36521607637405396,0.4115051329135895
304,95,GRID_005672,11.722893244804371,75.72808251814946,0.7939,0.5,5,22.366906738281273,0.36521607637405396,0.4115051329135895
85,501,GRID_005673,11.722893244804371,75.7980825181495,0.6392,0.5,15,22.366906738281273,0.36521607637405396,0.4115051329135895
174,435,GRID_005674,11.722893244804371,75.8080825181495,0.2626,0.5,13,22.366906738281273,0.36521607637405396,0.4115051329135895
221,858,GRID_005675,11.722893244804371,75.81808251814951,0.1832,0.5,15,22.366906738281273,0.36521607637405396,0.4115051329135895
298,1000,GRID_005676,11.722893244804371,75.85808251814953,0.7014,0.5,11,22.366906738281273,0.36521607637405396,0.4115051329135895
48,731,GRID_005677,11.722893244804371,75.9980825181496,0.6156,0.125,4,19.366906738281273,1.965216040611267,1.111505150794983
19,903,GRID_005678,11.722893244804371,76.27808251814974,0.5033,0.0,2,19.766900634765648,2.1652162075042725,2.1115052700042725
209,877,GRID_005679,11.722893244804371,76.30808251814976,0.7462000000000001,0.0,3,19.766900634765648,2.1652162075042725,2.1115052700042725
190,881,GRID_005680,11.722893244804371,76.31808251814977,0.7335,0.0,1,19.766900634765648,2.1652162075042725,2.1115052700042725
151,887,GRID_005681,11.722893244804371,76.32808251814977,0.6334000000000001,0.0,2,19.766900634765648,2.1652162075042725,2.1115052700042725
114,887,GRID_005682,11.722893244804371,76.33808251814978,0.6683,0.0,1,19.766900634765648,2.1652162075042725,2.1115052700042725
62,739,GRID_005683,11.732893244804371,75.7980825181495,0.5219,0.5,22,22.366906738281273,0.36521607637405396,0.4115051329135895
239,579,GRID_005684,11.732893244804371,75.8080825181495,0.0376,0.5,18,22.366906738281273,0.36521607637405396,0.4115051329135895
192,803,GRID_005685,11.732893244804371,75.81808251814951,0.6015,0.5,24,22.366906738281273,0.36521607637405396,0.4115051329135895
11,808,GRID_005686,11.732893244804371,75.82808251814951,0.7111000000000001,0.5,18,22.366906738281273,0.36521607637405396,0.4115051329135895
132,823,GRID_005687,11.732893244804371,75.83808251814952,0.7005,0.5,3,22.366906738281273,0.36521607637405396,0.4115051329135895
358,864,GRID_005688,11.732893244804371,75.86808251814954,0.09580000000000001,0.5,12,22.366906738281273,0.36521607637405396,0.4115051329135895
68,819,GRID_005689,11.732893244804371,75.88808251814955,0.8551000000000001,0.125,10,19.366906738281273,1.965216040611267,1.111505150794983
188,926,GRID_005690,11.732893244804371,76.30808251814976,0.7546,0.0,3,19.766900634765648,2.1652162075042725,2.1115052700042725
253,942,GRID_005691,11.732893244804371,76.31808251814977,0.6415000000000001,0.0,4,19.766900634765648,2.1652162075042725,2.1115052700042725
141,937,GRID_005692,11.732893244804371,76.32808251814977,0.6829000000000001,0.0,3,19.766900634765648,2.1652162075042725,2.1115052700042725
333,135,GRID_005693,11.742893244804373,75.73808251814947,0.8380000000000001,0.5,23,22.366906738281273,0.36521607637405396,0.4115051329135895
357,264,GRID_005694,11.742893244804373,75.74808251814947,0.8531000000000001,0.5,20,22.366906738281273,0.36521607637405396,0.4115051329135895
13,663,GRID_005695,11.742893244804373,75.76808251814948,0.7297,0.5,26,22.366906738281273,0.36521607637405396,0.4115051329135895
285,861,GRID_005696,11.742893244804373,75.77808251814949,0.2636,0.5,30,22.366906738281273,0.36521607637405396,0.4115051329135895
317,1162,GRID_005697,11.742893244804373,75.7880825181495,0.2248,0.5,8,22.366906738281273,0.36521607637405396,0.4115051329135895
139,827,GRID_005698,11.742893244804373,75.7980825181495,0.1223,0.5,21,22.366906738281273,0.36521607637405396,0.4115051329135895
243,852,GRID_005699,11.742893244804373,75.8080825181495,0.1568,0.5,31,22.366906738281273,0.36521607637405396,0.4115051329135895
178,1040,GRID_005700,11.742893244804373,75.81808251814951,0.81,0.5,4,22.366906738281273,0.36521607637405396,0.4115051329135895
157,779,GRID_005701,11.742893244804373,76.15808251814968,0.8133,0.0,4,19.766900634765648,2.1652162075042725,2.1115052700042725
176,794,GRID_005702,11.742893244804373,76.16808251814969,0.767,0.0,5,19.766900634765648,2.1652162075042725,2.1115052700042725
238,930,GRID_005703,11.742893244804373,76.28808251814975,0.3642,0.0,4,19.766900634765648,2.1652162075042725,2.1115052700042725
136,965,GRID_005704,11.742893244804373,76.30808251814976,0.802,0.0,5,19.766900634765648,2.1652162075042725,2.1115052700042725
71,945,GRID_005705,11.742893244804373,76.31808251814977,0.767,0.0,5,19.766900634765648,2.1652162075042725,2.1115052700042725
62,85,GRID_005706,11.75289324480437,75.67808251814944,0.8274,0.5,6,22.366906738281273,0.36521607637405396,0.4115051329135895
5,40,GRID_005707,11.75289324480437,75.68808251814944,0.8202,0.5,4,22.366906738281273,0.36521607637405396,0.4115051329135895
150,60,GRID_005708,11.75289324480437,75.69808251814945,0.8326,0.5,6,22.366906738281273,0.36521607637405396,0.4115051329135895
119,62,GRID_005709,11.75289324480437,75.72808251814946,0.8084,0.5,5,22.366906738281273,0.36521607637405396,0.4115051329135895
290,64,GRID_005710,11.75289324480437,75.73808251814947,0.8198000000000001,0.5,4,22.366906738281273,0.36521607637405396,0.4115051329135895
328,248,GRID_005711,11.75289324480437,75.75808251814948,0.8379000000000001,0.5,21,22.366906738281273,0.36521607637405396,0.4115051329135895
307,385,GRID_005712,11.75289324480437,75.76808251814948,0.47000000000000003,0.5,12,22.366906738281273,0.36521607637405396,0.4115051329135895
348,585,GRID_005713,11.75289324480437,75.77808251814949,0.7617,0.5,21,22.366906738281273,0.36521607637405396,0.4115051329135895
334,474,GRID_005714,11.75289324480437,75.7880825181495,0.7316,0.5,14,22.366906738281273,0.36521607637405396,0.4115051329135895
324,672,GRID_005715,11.75289324480437,75.8080825181495,0.7937000000000001,0.5,11,22.366906738281273,0.36521607637405396,0.4115051329135895
342,765,GRID_005716,11.75289324480437,75.81808251814951,0.8289000000000001,0.5,4,22.366906738281273,0.36521607637405396,0.4115051329135895
34,759,GRID_005717,11.75289324480437,75.82808251814951,0.6153000000000001,0.5,3,22.366906738281273,0.36521607637405396,0.4115051329135895
169,819,GRID_005718,11.75289324480437,76.15808251814968,0.40900000000000003,0.0,7,19.766900634765648,2.1652162075042725,2.1115052700042725
180,824,GRID_005719,11.75289324480437,76.16808251814969,0.37260000000000004,0.0,3,19.766900634765648,2.1652162075042725,2.1115052700042725
260,1067,GRID_005720,11.75289324480437,76.27808251814974,0.46380000000000005,0.0,11,19.766900634765648,2.1652162075042725,2.1115052700042725
149,1011,GRID_005721,11.75289324480437,76.28808251814975,0.6374000000000001,0.0,3,19.766900634765648,2.1652162075042725,2.1115052700042725
141,943,GRID_005722,11.75289324480437,76.29808251814976,0.5622,0.0,3,19.766900634765648,2.1652162075042725,2.1115052700042725
327,970,GRID_005723,11.75289324480437,76.30808251814976,0.7797000000000001,0.0,2,19.766900634765648,2.1652162075042725,2.1115052700042725
0,25,GRID_005724,11.76289324480437,75.67808251814944,0.7602,0.5,0,22.366906738281273,0.36521607637405396,0.4115051329135895
270,46,GRID_005725,11.76289324480437,75.68808251814944,0.8187000000000001,0.5,3,22.366906738281273,0.36521607637405396,0.4115051329135895
253,55,GRID_005726,11.76289324480437,75.70808251814945,0.8132,0.5,2,22.366906738281273,0.36521607637405396,0.4115051329135895
250,62,GRID_005727,11.76289324480437,75.71808251814946,0.8210000000000001,0.5,4,22.366906738281273,0.36521607637405396,0.4115051329135895
13,144,GRID_005728,11.76289324480437,75.75808251814948,0.8394,0.5,8,22.366906738281273,0.36521607637405396,0.4115051329135895
344,179,GRID_005729,11.76289324480437,75.76808251814948,0.8438,0.5,3,22.366906738281273,0.36521607637405396,0.4115051329135895
270,242,GRID_005730,11.76289324480437,75.77808251814949,0.8349000000000001,0.5,5,22.366906738281273,0.36521607637405396,0.4115051329135895
272,353,GRID_005731,11.76289324480437,75.7880825181495,0.8414,0.5,4,22.366906738281273,0.36521607637405396,0.4115051329135895
354,430,GRID_005732,11.76289324480437,75.7980825181495,0.8400000000000001,0.5,15,22.366906738281273,0.36521607637405396,0.4115051329135895
344,461,GRID_005733,11.76289324480437,75.8080825181495,0.8151,0.5,14,22.366906738281273,0.36521607637405396,0.4115051329135895
285,565,GRID_005734,11.76289324480437,75.81808251814951,0.6382,0.5,9,22.366906738281273,0.36521607637405396,0.4115051329135895
357,748,GRID_005735,11.76289324480437,75.82808251814951,0.39490000000000003,0.5,2,22.366906738281273,0.36521607637405396,0.4115051329135895
51,736,GRID_005736,11.76289324480437,75.86808251814954,0.6569,0.5,2,22.366906738281273,0.36521607637405396,0.4115051329135895
287,820,GRID_005737,11.76289324480437,76.15808251814968,0.8351000000000001,0.0,3,19.766900634765648,2.1652162075042725,2.1115052700042725
106,802,GRID_005738,11.76289324480437,76.16808251814969,0.8045,0.0,2,19.766900634765648,2.1652162075042725,2.1115052700042725
8,984,GRID_005739,11.76289324480437,76.28808251814975,0.7294,0.0,8,19.766900634765648,2.1652162075042725,2.1115052700042725
46,1016,GRID_005740,11.76289324480437,76.29808251814976,0.7927000000000001,0.0,10,19.766900634765648,2.1652162075042725,2.1115052700042725
282,44,GRID_005741,11.77289324480437,75.67808251814944,0.8375,0.5,4,22.366906738281273,0.36521607637405396,0.4115051329135895
171,143,GRID_005742,11.77289324480437,75.69808251814945,0.8136,0.5,9,22.366906738281273,0.36521607637405396,0.4115051329135895
144,148,GRID_005743,11.77289324480437,75.72808251814946,0.8679,0.5,8,22.366906738281273,0.36521607637405396,0.4115051329135895
309,122,GRID_005744,11.77289324480437,75.76808251814948,0.8442000000000001,0.5,4,22.366906738281273,0.36521607637405396,0.4115051329135895
1,281,GRID_005745,11.77289324480437,75.77808251814949,0.7957000000000001,0.5,23,22.366906738281273,0.36521607637405396,0.4115051329135895
319,317,GRID_005746,11.77289324480437,75.7880825181495,0.7241000000000001,0.5,14,22.366906738281273,0.36521607637405396,0.4115051329135895
335,528,GRID_005747,11.77289324480437,75.7980825181495,0.9597,0.5,21,22.366906738281273,0.36521607637405396,0.4115051329135895
22,590,GRID_005748,11.77289324480437,75.8080825181495,0.8399000000000001,0.5,10,22.366906738281273,0.36521607637405396,0.4115051329135895
9,647,GRID_005749,11.77289324480437,75.81808251814951,0.5167,0.5,13,22.366906738281273,0.36521607637405396,0.4115051329135895
260,709,GRID_005750,11.77289324480437,75.82808251814951,0.1125,0.5,20,22.366906738281273,0.36521607637405396,0.4115051329135895
35,773,GRID_005751,11.77289324480437,75.84808251814952,0.4612,0.5,6,22.366906738281273,0.36521607637405396,0.4115051329135895
259,773,GRID_005752,11.77289324480437,76.14808251814968,0.7502000000000001,0.0,3,19.766900634765648,2.1652162075042725,2.1115052700042725
107,800,GRID_005753,11.77289324480437,76.15808251814968,0.7909,0.0,4,19.766900634765648,2.1652162075042725,2.1115052700042725
264,819,GRID_005754,11.77289324480437,76.16808251814969,0.8272,0.0,2,19.766900634765648,2.1652162075042725,2.1115052700042725
144,880,GRID_005755,11.77289324480437,76.1780825181497,0.41140000000000004,0.0,3,19.766900634765648,2.1652162075042725,2.1115052700042725
180,823,GRID_005756,11.77289324480437,76.23808251814972,0.6441,0.0,4,19.766900634765648,2.1652162075042725,2.1115052700042725
178,845,GRID_005757,11.77289324480437,76.24808251814973,0.2625,0.0,6,19.766900634765648,2.1652162075042725,2.1115052700042725
210,874,GRID_005758,11.77289324480437,76.26808251814974,0.5288,0.0,2,19.766900634765648,2.1652162075042725,2.1115052700042725
346,914,GRID_005759,11.77289324480437,76.27808251814974,0.5149,0.0,5,19.766900634765648,2.1652162075042725,2.1115052700042725
284,903,GRID_005760,11.77289324480437,76.28808251814975,0.4122,0.0,3,19.766900634765648,2.1652162075042725,2.1115052700042725
186,917,GRID_005761,11.77289324480437,76.29808251814976,0.5607,0.0,3,19.766900634765648,2.1652162075042725,2.1115052700042725
191,929,GRID_005762,11.77289324480437,76.30808251814976,0.6088,0.0,3,19.766900634765648,2.1652162075042725,2.1115052700042725
152,902,GRID_005763,11.77289324480437,76.31808251814977,0.8256,0.0,3,19.766900634765648,2.1652162075042725,2.1115052700042725
161,884,GRID_005764,11.77289324480437,76.32808251814977,0.7661,0.0,2,19.766900634765648,2.1652162075042725,2.1115052700042725
237,30,GRID_005765,11.78289324480437,75.65808251814943,0.8082,0.5,0,22.366906738281273,0.36521607637405396,0.4115051329135895
287,72,GRID_005766,11.78289324480437,75.66808251814943,0.7357,0.5,7,22.366906738281273,0.36521607637405396,0.4115051329135895
201,179,GRID_005767,11.78289324480437,75.67808251814944,0.8220000000000001,0.5,9,22.366906738281273,0.36521607637405396,0.4115051329135895
135,299,GRID_005768,11.78289324480437,75.72808251814946,0.8347,0.5,13,22.366906738281273,0.36521607637405396,0.4115051329135895
122,227,GRID_005769,11.78289324480437,75.73808251814947,0.8259000000000001,0.5,7,22.366906738281273,0.36521607637405396,0.4115051329135895
147,286,GRID_005770,11.78289324480437,75.74808251814947,0.8578,0.5,20,22.366906738281273,0.36521607637405396,0.4115051329135895
120,461,GRID_005771,11.78289324480437,75.75808251814948,0.6586000000000001,0.5,4,22.366906738281273,0.36521607637405396,0.4115051329135895
115,375,GRID_005772,11.78289324480437,75.76808251814948,0.782,0.5,19,22.366906738281273,0.36521607637405396,0.4115051329135895
175,363,GRID_005773,11.78289324480437,75.77808251814949,0.22820000000000001,0.5,25,22.366906738281273,0.36521607637405396,0.4115051329135895
163,377,GRID_005774,11.78289324480437,75.7880825181495,0.18230000000000002,0.5,14,22.366906738281273,0.36521607637405396,0.4115051329135895
157,338,GRID_005775,11.78289324480437,75.7980825181495,0.6699,0.5,12,22.366906738281273,0.36521607637405396,0.4115051329135895
305,363,GRID_005776,11.78289324480437,75.8080825181495,0.932,0.5,4,22.366906738281273,0.36521607637405396,0.4115051329135895
294,612,GRID_005777,11.78289324480437,75.81808251814951,0.8385,0.5,15,22.366906738281273,0.36521607637405396,0.4115051329135895
347,796,GRID_005778,11.78289324480437,76.15808251814968,0.7924,0.0,5,19.766900634765648,2.1652162075042725,2.1115052700042725
314,788,GRID_005779,11.78289324480437,76.16808251814969,0.6799000000000001,0.0,4,19.766900634765648,2.1652162075042725,2.1115052700042725
306,918,GRID_005780,11.78289324480437,76.24808251814973,0.5323,0.0,2,19.766900634765648,2.1652162075042725,2.1115052700042725
53,905,GRID_005781,11.78289324480437,76.25808251814973,0.7365,0.0,5,19.766900634765648,2.1652162075042725,2.1115052700042725
27,857,GRID_005782,11.78289324480437,76.26808251814974,0.1782,0.0,4,19.766900634765648,2.1652162075042725,2.1115052700042725
293,892,GRID_005783,11.78289324480437,76.27808251814974,0.8961,0.0,2,19.766900634765648,2.1652162075042725,2.1115052700042725
69,979,GRID_005784,11.78289324480437,76.28808251814975,0.3049,0.0,2,19.766900634765648,2.1652162075042725,2.1115052700042725
178,947,GRID_005785,11.78289324480437,76.29808251814976,0.646,0.0,4,19.766900634765648,2.1652162075042725,2.1115052700042725
212,978,GRID_005786,11.78289324480437,76.30808251814976,0.3794,0.0,5,19.766900634765648,2.1652162075042725,2.1115052700042725
113,941,GRID_005787,11.78289324480437,76.31808251814977,0.7604000000000001,0.0,4,19.766900634765648,2.1652162075042725,2.1115052700042725
214,910,GRID_005788,11.78289324480437,76.32808251814977,0.7154,0.0,3,19.766900634765648,2.1652162075042725,2.1115052700042725
201,921,GRID_005789,11.78289324480437,76.33808251814978,0.749,0.0,1,19.766900634765648,2.1652162075042725,2.1115052700042725
208,175,GRID_005790,11.79289324480437,75.65808251814943,0.7899,0.5,15,22.366906738281273,0.36521607637405396,0.4115051329135895
167,279,GRID_005791,11.79289324480437,75.66808251814943,0.263,0.5,21,22.366906738281273,0.36521607637405396,0.4115051329135895
200,566,GRID_005792,11.79289324480437,75.68808251814944,0.5001,0.5,19,22.366906738281273,0.36521607637405396,0.4115051329135895
153,456,GRID_005793,11.79289324480437,75.69808251814945,0.7391000000000001,0.5,9,22.366906738281273,0.36521607637405396,0.4115051329135895
208,613,GRID_005794,11.79289324480437,75.70808251814945,0.2373,0.5,18,22.366906738281273,0.36521607637405396,0.4115051329135895
207,777,GRID_005795,11.79289324480437,75.71808251814946,0.1481,0.5,29,22.366906738281273,0.36521607637405396,0.4115051329135895
116,565,GRID_005796,11.79289324480437,75.74808251814947,0.8174,0.5,18,22.366906738281273,0.36521607637405396,0.4115051329135895
239,331,GRID_005797,11.79289324480437,75.75808251814948,0.1272,0.5,14,22.366906738281273,0.36521607637405396,0.4115051329135895
285,774,GRID_005798,11.79289324480437,75.76808251814948,0.8504,0.5,12,22.366906738281273,0.36521607637405396,0.4115051329135895
117,671,GRID_005799,11.79289324480437,75.77808251814949,0.15180000000000002,0.5,30,22.366906738281273,0.36521607637405396,0.4115051329135895
98,526,GRID_005800,11.79289324480437,75.7880825181495,0.6701,0.5,18,22.366906738281273,0.36521607637405396,0.4115051329135895
172,486,GRID_005801,11.79289324480437,75.7980825181495,0.3037,0.5,19,22.366906738281273,0.36521607637405396,0.4115051329135895
301,519,GRID_005802,11.79289324480437,75.8080825181495,0.38270000000000004,0.5,17,22.366906738281273,0.36521607637405396,0.4115051329135895
214,849,GRID_005803,11.79289324480437,75.81808251814951,0.5753,0.5,11,22.366906738281273,0.36521607637405396,0.4115051329135895
45,864,GRID_005804,11.79289324480437,75.82808251814951,0.2081,0.5,5,22.366906738281273,0.36521607637405396,0.4115051329135895
294,765,GRID_005805,11.79289324480437,75.83808251814952,0.6161,0.5,3,22.366906738281273,0.36521607637405396,0.4115051329135895
344,779,GRID_005806,11.79289324480437,76.10808251814966,0.8172,0.125,6,19.366906738281273,1.965216040611267,1.111505150794983
250,775,GRID_005807,11.79289324480437,76.13808251814967,0.5913,0.0,2,19.766900634765648,2.1652162075042725,2.1115052700042725
77,767,GRID_005808,11.79289324480437,76.14808251814968,0.8111,0.0,3,19.766900634765648,2.1652162075042725,2.1115052700042725
103,774,GRID_005809,11.79289324480437,76.1880825181497,0.6937,0.0,4,19.766900634765648,2.1652162075042725,2.1115052700042725
11,799,GRID_005810,11.79289324480437,76.23808251814972,0.48600000000000004,0.0,2,19.766900634765648,2.1652162075042725,2.1115052700042725
343,811,GRID_005811,11.79289324480437,76.24808251814973,0.6512,0.0,4,19.766900634765648,2.1652162075042725,2.1115052700042725
323,877,GRID_005812,11.79289324480437,76.25808251814973,0.5768,0.0,15,19.766900634765648,2.1652162075042725,2.1115052700042725
244,863,GRID_005813,11.79289324480437,76.26808251814974,0.9062,0.0,3,19.766900634765648,2.1652162075042725,2.1115052700042725
207,970,GRID_005814,11.79289324480437,76.27808251814974,0.3766,0.0,12,19.766900634765648,2.1652162075042725,2.1115052700042725
344,905,GRID_005815,11.79289324480437,76.28808251814975,0.7065,0.0,3,19.766900634765648,2.1652162075042725,2.1115052700042725
266,947,GRID_005816,11.79289324480437,76.29808251814976,0.4727,0.0,6,19.766900634765648,2.1652162075042725,2.1115052700042725
210,1023,GRID_005817,11.79289324480437,76.30808251814976,0.6698000000000001,0.0,8,19.766900634765648,2.1652162075042725,2.1115052700042725
206,998,GRID_005818,11.79289324480437,76.31808251814977,0.6498,0.0,9,19.766900634765648,2.1652162075042725,2.1115052700042725
132,1002,GRID_005819,11.79289324480437,76.32808251814977,0.7993,0.0,10,19.766900634765648,2.1652162075042725,2.1115052700042725
85,913,GRID_005820,11.79289324480437,76.33808251814978,0.4166,0.0,4,19.766900634765648,2.1652162075042725,2.1115052700042725
326,379,GRID_005821,11.80289324480437,75.65808251814943,0.5403,0.5,30,22.366906738281273,0.36521607637405396,0.4115051329135895
355,504,GRID_005822,11.80289324480437,75.66808251814943,0.7392000000000001,0.5,16,22.366906738281273,0.36521607637405396,0.4115051329135895
180,420,GRID_005823,11.80289324480437,75.67808251814944,0.3073,0.5,10,22.366906738281273,0.36521607637405396,0.4115051329135895
216,543,GRID_005824,11.80289324480437,75.68808251814944,0.3356,0.5,11,22.366906738281273,0.36521607637405396,0.4115051329135895
300,587,GRID_005825,11.80289324480437,75.69808251814945,0.7136,0.5,21,22.366906738281273,0.36521607637405396,0.4115051329135895
275,777,GRID_005826,11.80289324480437,75.70808251814945,0.1655,0.5,23,22.366906738281273,0.36521607637405396,0.4115051329135895
356,820,GRID_005827,11.80289324480437,75.71808251814946,0.1378,0.5,27,22.366906738281273,0.36521607637405396,0.4115051329135895
13,706,GRID_005828,11.80289324480437,75.72808251814946,0.5054000000000001,0.5,19,22.366906738281273,0.36521607637405396,0.4115051329135895
35,682,GRID_005829,11.80289324480437,75.73808251814947,0.6572,0.5,10,22.366906738281273,0.36521607637405396,0.4115051329135895
335,680,GRID_005830,11.80289324480437,75.74808251814947,0.4808,0.5,5,22.366906738281273,0.36521607637405396,0.4115051329135895
213,755,GRID_005831,11.80289324480437,76.06808251814964,0.7675000000000001,0.125,2,19.366906738281273,1.965216040611267,1.111505150794983
203,778,GRID_005832,11.80289324480437,76.10808251814966,0.7646000000000001,0.125,4,19.366906738281273,1.965216040611267,1.111505150794983
262,753,GRID_005833,11.80289324480437,76.21808251814971,0.37460000000000004,0.0,6,19.766900634765648,2.1652162075042725,2.1115052700042725
184,794,GRID_005834,11.80289324480437,76.22808251814972,0.657,0.0,2,19.766900634765648,2.1652162075042725,2.1115052700042725
340,800,GRID_005835,11.80289324480437,76.23808251814972,0.30770000000000003,0.0,2,19.766900634765648,2.1652162075042725,2.1115052700042725
291,808,GRID_005836,11.80289324480437,76.24808251814973,0.2797,0.0,2,19.766900634765648,2.1652162075042725,2.1115052700042725
335,861,GRID_005837,11.80289324480437,76.27808251814974,0.7739,0.0,3,19.766900634765648,2.1652162075042725,2.1115052700042725
291,847,GRID_005838,11.80289324480437,76.28808251814975,0.41500000000000004,0.0,2,19.766900634765648,2.1652162075042725,2.1115052700042725
16,847,GRID_005839,11.80289324480437,76.29808251814976,0.5194,0.0,4,19.766900634765648,2.1652162075042725,2.1115052700042725
111,981,GRID_005840,11.80289324480437,76.30808251814976,0.7968000000000001,0.0,10,19.766900634765648,2.1652162075042725,2.1115052700042725
343,892,GRID_005841,11.80289324480437,76.31808251814977,0.7681,0.0,7,19.766900634765648,2.1652162075042725,2.1115052700042725
180,78,GRID_005842,11.81289324480437,75.6080825181494,0.8069000000000001,0.8125,8,25.166894531250023,2.765216112136841,-0.8884949088096619
333,363,GRID_005843,11.81289324480437,75.66808251814943,0.8286,0.5,13,22.366906738281273,0.36521607637405396,0.4115051329135895
91,405,GRID_005844,11.81289324480437,75.67808251814944,0.527,0.5,15,22.366906738281273,0.36521607637405396,0.4115051329135895
358,367,GRID_005845,11.81289324480437,75.69808251814945,0.2205,0.5,15,22.366906738281273,0.36521607637405396,0.4115051329135895
350,491,GRID_005846,11.81289324480437,75.70808251814945,0.7439,0.5,23,22.366906738281273,0.36521607637405396,0.4115051329135895
352,467,GRID_005847,11.81289324480437,75.71808251814946,0.7277,0.5,12,22.366906738281273,0.36521607637405396,0.4115051329135895
51,410,GRID_005848,11.81289324480437,75.72808251814946,0.6737000000000001,0.5,16,22.366906738281273,0.36521607637405396,0.4115051329135895
201,429,GRID_005849,11.81289324480437,75.73808251814947,0.7961,0.5,8,22.366906738281273,0.36521607637405396,0.4115051329135895
287,381,GRID_005850,11.81289324480437,75.74808251814947,0.8204,0.5,12,22.366906738281273,0.36521607637405396,0.4115051329135895
329,404,GRID_005851,11.81289324480437,75.75808251814948,0.8266,0.5,15,22.366906738281273,0.36521607637405396,0.4115051329135895
31,739,GRID_005852,11.81289324480437,76.05808251814963,0.7255,0.125,2,19.366906738281273,1.965216040611267,1.111505150794983
180,723,GRID_005853,11.81289324480437,76.06808251814964,0.7539,0.125,2,19.366906738281273,1.965216040611267,1.111505150794983
169,802,GRID_005854,11.81289324480437,76.13808251814967,0.6972,0.0,3,19.766900634765648,2.1652162075042725,2.1115052700042725
236,765,GRID_005855,11.81289324480437,76.14808251814968,0.5401,0.0,3,19.766900634765648,2.1652162075042725,2.1115052700042725
311,806,GRID_005856,11.81289324480437,76.1780825181497,0.6658000000000001,0.0,5,19.766900634765648,2.1652162075042725,2.1115052700042725
24,781,GRID_005857,11.81289324480437,76.1880825181497,0.7843,0.0,4,19.766900634765648,2.1652162075042725,2.1115052700042725
162,728,GRID_005858,11.81289324480437,76.1980825181497,0.44430000000000003,0.0,2,19.766900634765648,2.1652162075042725,2.1115052700042725
320,744,GRID_005859,11.81289324480437,76.20808251814971,0.5352,0.0,3,19.766900634765648,2.1652162075042725,2.1115052700042725
284,733,GRID_005860,11.81289324480437,76.21808251814971,0.5744,0.0,2,19.766900634765648,2.1652162075042725,2.1115052700042725
296,737,GRID_005861,11.81289324480437,76.22808251814972,0.46440000000000003,0.0,1,19.766900634765648,2.1652162075042725,2.1115052700042725
10,840,GRID_005862,11.81289324480437,76.32808251814977,0.7101000000000001,0.0,3,19.766900634765648,2.1652162075042725,2.1115052700042725
127,63,GRID_005863,11.82289324480437,75.62808251814941,0.7946000000000001,0.5,4,22.366906738281273,0.36521607637405396,0.4115051329135895
349,95,GRID_005864,11.82289324480437,75.66808251814943,0.8421000000000001,0.5,2,22.366906738281273,0.36521607637405396,0.4115051329135895
359,123,GRID_005865,11.82289324480437,75.67808251814944,0.5286000000000001,0.5,10,22.366906738281273,0.36521607637405396,0.4115051329135895
357,115,GRID_005866,11.82289324480437,75.68808251814944,0.6931,0.5,5,22.366906738281273,0.36521607637405396,0.4115051329135895
25,149,GRID_005867,11.82289324480437,75.69808251814945,0.8959,0.5,6,22.366906738281273,0.36521607637405396,0.4115051329135895
324,161,GRID_005868,11.82289324480437,75.70808251814945,0.7723,0.5,11,22.366906738281273,0.36521607637405396,0.4115051329135895
38,189,GRID_005869,11.82289324480437,75.71808251814946,0.8568,0.5,7,22.366906738281273,0.36521607637405396,0.4115051329135895
349,199,GRID_005870,11.82289324480437,75.72808251814946,0.8323,0.5,10,22.366906738281273,0.36521607637405396,0.4115051329135895
33,129,GRID_005871,11.82289324480437,75.73808251814947,0.8424,0.5,8,22.366906738281273,0.36521607637405396,0.4115051329135895
253,157,GRID_005872,11.82289324480437,75.74808251814947,0.8406,0.5,5,22.366906738281273,0.36521607637405396,0.4115051329135895
246,283,GRID_005873,11.82289324480437,75.75808251814948,0.8261000000000001,0.5,8,22.366906738281273,0.36521607637405396,0.4115051329135895
24,763,GRID_005874,11.82289324480437,76.07808251814964,0.6866,0.125,8,19.366906738281273,1.965216040611267,1.111505150794983
131,753,GRID_005875,11.82289324480437,76.14808251814968,0.5065000000000001,0.0,5,19.766900634765648,2.1652162075042725,2.1115052700042725
250,756,GRID_005876,11.82289324480437,76.15808251814968,0.6206,0.0,4,19.766900634765648,2.1652162075042725,2.1115052700042725
261,776,GRID_005877,11.82289324480437,76.16808251814969,0.2651,0.0,4,19.766900634765648,2.1652162075042725,2.1115052700042725
341,776,GRID_005878,11.82289324480437,76.1780825181497,0.5871000000000001,0.0,4,19.766900634765648,2.1652162075042725,2.1115052700042725
177,791,GRID_005879,11.82289324480437,76.1880825181497,0.6876,0.0,5,19.766900634765648,2.1652162075042725,2.1115052700042725
105,780,GRID_005880,11.82289324480437,76.1980825181497,0.7647,0.0,4,19.766900634765648,2.1652162075042725,2.1115052700042725
348,714,GRID_005881,11.82289324480437,76.20808251814971,0.6682,0.0,2,19.766900634765648,2.1652162075042725,2.1115052700042725
254,731,GRID_005882,11.82289324480437,76.21808251814971,0.7828,0.0,3,19.766900634765648,2.1652162075042725,2.1115052700042725
309,768,GRID_005883,11.82289324480437,76.22808251814972,0.8185,0.0,1,19.766900634765648,2.1652162075042725,2.1115052700042725
220,77,GRID_005884,11.832893244804367,75.64808251814942,0.8499,0.5,8,22.366906738281273,0.36521607637405396,0.4115051329135895
120,94,GRID_005885,11.832893244804367,75.65808251814943,0.8177000000000001,0.5,10,22.366906738281273,0.36521607637405396,0.4115051329135895
61,77,GRID_005886,11.832893244804367,75.71808251814946,0.45630000000000004,0.5,1,22.366906738281273,0.36521607637405396,0.4115051329135895
277,84,GRID_005887,11.832893244804367,75.72808251814946,0.8390000000000001,0.5,1,22.366906738281273,0.36521607637405396,0.4115051329135895
236,100,GRID_005888,11.832893244804367,75.73808251814947,0.8307,0.5,2,22.366906738281273,0.36521607637405396,0.4115051329135895
297,158,GRID_005889,11.832893244804367,75.74808251814947,0.8455,0.5,4,22.366906738281273,0.36521607637405396,0.4115051329135895
323,305,GRID_005890,11.832893244804367,75.76808251814948,0.8326,0.5,6,22.366906738281273,0.36521607637405396,0.4115051329135895
200,847,GRID_005891,11.832893244804367,76.02808251814962,0.7672,0.125,6,19.366906738281273,1.965216040611267,1.111505150794983
198,840,GRID_005892,11.832893244804367,76.03808251814962,0.7779,0.125,5,19.366906738281273,1.965216040611267,1.111505150794983
108,854,GRID_005893,11.832893244804367,76.04808251814963,0.7917000000000001,0.125,3,19.366906738281273,1.965216040611267,1.111505150794983
150,775,GRID_005894,11.832893244804367,76.05808251814963,0.7621,0.125,8,19.366906738281273,1.965216040611267,1.111505150794983
177,753,GRID_005895,11.832893244804367,76.14808251814968,0.5821000000000001,0.0,3,19.766900634765648,2.1652162075042725,2.1115052700042725
285,744,GRID_005896,11.832893244804367,76.15808251814968,0.647,0.0,4,19.766900634765648,2.1652162075042725,2.1115052700042725
239,782,GRID_005897,11.832893244804367,76.16808251814969,0.5471,0.0,2,19.766900634765648,2.1652162075042725,2.1115052700042725
212,812,GRID_005898,11.832893244804367,76.1780825181497,0.6755,0.0,7,19.766900634765648,2.1652162075042725,2.1115052700042725
24,800,GRID_005899,11.832893244804367,76.1880825181497,0.8033,0.0,5,19.766900634765648,2.1652162075042725,2.1115052700042725
46,758,GRID_005900,11.832893244804367,76.1980825181497,0.7931,0.0,3,19.766900634765648,2.1652162075042725,2.1115052700042725
117,716,GRID_005901,11.832893244804367,76.20808251814971,0.4642,0.0,3,19.766900634765648,2.1652162075042725,2.1115052700042725
16,141,GRID_005902,11.842893244804367,75.5980825181494,0.8283,0.8125,6,25.166894531250023,2.765216112136841,-0.8884949088096619
323,43,GRID_005903,11.842893244804367,75.6080825181494,0.7649,0.8125,1,25.166894531250023,2.765216112136841,-0.8884949088096619
98,53,GRID_005904,11.842893244804367,75.65808251814943,0.7703,0.5,1,22.366906738281273,0.36521607637405396,0.4115051329135895
149,109,GRID_005905,11.842893244804367,75.71808251814946,0.31880000000000003,0.5,7,22.366906738281273,0.36521607637405396,0.4115051329135895
194,130,GRID_005906,11.842893244804367,75.72808251814946,0.8948,0.5,6,22.366906738281273,0.36521607637405396,0.4115051329135895
26,108,GRID_005907,11.842893244804367,75.73808251814947,0.8444,0.5,9,22.366906738281273,0.36521607637405396,0.4115051329135895
274,125,GRID_005908,11.842893244804367,75.74808251814947,0.8383,0.5,9,22.366906738281273,0.36521607637405396,0.4115051329135895
9,218,GRID_005909,11.842893244804367,75.75808251814948,0.8247,0.5,11,22.366906738281273,0.36521607637405396,0.4115051329135895
24,455,GRID_005910,11.842893244804367,75.76808251814948,0.8377,0.5,9,22.366906738281273,0.36521607637405396,0.4115051329135895
323,419,GRID_005911,11.842893244804367,75.77808251814949,0.8568,0.5,22,22.366906738281273,0.36521607637405396,0.4115051329135895
55,860,GRID_005912,11.842893244804367,76.01808251814961,0.7814,0.125,9,19.366906738281273,1.965216040611267,1.111505150794983
43,788,GRID_005913,11.842893244804367,76.02808251814962,0.7549,0.125,5,19.366906738281273,1.965216040611267,1.111505150794983
63,765,GRID_005914,11.842893244804367,76.04808251814963,0.7063,0.125,2,19.366906738281273,1.965216040611267,1.111505150794983
167,793,GRID_005915,11.842893244804367,76.13808251814967,0.515,0.0,1,19.766900634765648,2.1652162075042725,2.1115052700042725
0,763,GRID_005916,11.842893244804367,76.14808251814968,0.5313,0.0,3,19.766900634765648,2.1652162075042725,2.1115052700042725
124,720,GRID_005917,11.842893244804367,76.15808251814968,0.618,0.0,1,19.766900634765648,2.1652162075042725,2.1115052700042725
317,762,GRID_005918,11.842893244804367,76.16808251814969,0.6126,0.0,3,19.766900634765648,2.1652162075042725,2.1115052700042725
194,785,GRID_005919,11.842893244804367,76.1780825181497,0.6741,0.0,1,19.766900634765648,2.1652162075042725,2.1115052700042725
49,755,GRID_005920,11.842893244804367,76.1880825181497,0.774,0.0,5,19.766900634765648,2.1652162075042725,2.1115052700042725
346,758,GRID_005921,11.842893244804367,76.1980825181497,0.7492000000000001,0.0,5,19.766900634765648,2.1652162075042725,2.1115052700042725
28,728,GRID_005922,11.842893244804367,76.20808251814971,0.7807000000000001,0.0,2,19.766900634765648,2.1652162075042725,2.1115052700042725
270,728,GRID_005923,11.842893244804367,76.21808251814971,0.7222000000000001,0.0,2,19.766900634765648,2.1652162075042725,2.1115052700042725
324,61,GRID_005924,11.852893244804369,75.65808251814943,0.6049,0.5,3,22.366906738281273,0.36521607637405396,0.4115051329135895
314,65,GRID_005925,11.852893244804369,75.66808251814943,0.8115,0.5,4,22.366906738281273,0.36521607637405396,0.4115051329135895
161,61,GRID_005926,11.852893244804369,75.72808251814946,0.8131,0.5,0,22.366906738281273,0.36521607637405396,0.4115051329135895
194,88,GRID_005927,11.852893244804369,75.73808251814947,0.8282,0.5,3,22.366906738281273,0.36521607637405396,0.4115051329135895
266,147,GRID_005928,11.852893244804369,75.74808251814947,0.8274,0.5,6,22.366906738281273,0.36521607637405396,0.4115051329135895
183,239,GRID_005929,11.852893244804369,75.75808251814948,0.4287,0.5,14,22.366906738281273,0.36521607637405396,0.4115051329135895
226,172,GRID_005930,11.852893244804369,75.76808251814948,0.7515000000000001,0.5,5,22.366906738281273,0.36521607637405396,0.4115051329135895
349,549,GRID_005931,11.852893244804369,75.7880825181495,0.8456,0.5,15,22.366906738281273,0.36521607637405396,0.4115051329135895
151,774,GRID_005932,11.852893244804369,76.02808251814962,0.7983,0.125,2,19.366906738281273,1.965216040611267,1.111505150794983
129,770,GRID_005933,11.852893244804369,76.03808251814962,0.8058000000000001,0.125,4,19.366906738281273,1.965216040611267,1.111505150794983
75,739,GRID_005934,11.852893244804369,76.14808251814968,0.6177,0.0,2,19.766900634765648,2.1652162075042725,2.1115052700042725
68,726,GRID_005935,11.852893244804369,76.15808251814968,0.5356000000000001,0.0,6,19.766900634765648,2.1652162075042725,2.1115052700042725
222,745,GRID_005936,11.852893244804369,76.16808251814969,0.5343,0.0,2,19.766900634765648,2.1652162075042725,2.1115052700042725
134,766,GRID_005937,11.852893244804369,76.1780825181497,0.458,0.0,3,19.766900634765648,2.1652162075042725,2.1115052700042725
74,716,GRID_005938,11.852893244804369,76.1880825181497,0.7705000000000001,0.0,1,19.766900634765648,2.1652162075042725,2.1115052700042725
254,727,GRID_005939,11.852893244804369,76.1980825181497,0.8094,0.0,3,19.766900634765648,2.1652162075042725,2.1115052700042725
85,713,GRID_005940,11.852893244804369,76.20808251814971,0.7837000000000001,0.0,4,19.766900634765648,2.1652162075042725,2.1115052700042725
328,42,GRID_005941,11.862893244804368,75.62808251814941,0.7959,0.5,6,22.366906738281273,0.36521607637405396,0.4115051329135895
221,37,GRID_005942,11.862893244804368,75.63808251814942,0.7782,0.5,3,22.366906738281273,0.36521607637405396,0.4115051329135895
326,54,GRID_005943,11.862893244804368,75.64808251814942,0.8223,0.5,3,22.366906738281273,0.36521607637405396,0.4115051329135895
264,56,GRID_005944,11.862893244804368,75.65808251814943,0.8257,0.5,2,22.366906738281273,0.36521607637405396,0.4115051329135895
208,175,GRID_005945,11.862893244804368,75.66808251814943,0.4359,0.5,8,22.366906738281273,0.36521607637405396,0.4115051329135895
112,74,GRID_005946,11.862893244804368,75.69808251814945,0.8187000000000001,0.5,5,22.366906738281273,0.36521607637405396,0.4115051329135895
322,65,GRID_005947,11.862893244804368,75.70808251814945,0.8286,0.5,1,22.366906738281273,0.36521607637405396,0.4115051329135895
268,94,GRID_005948,11.862893244804368,75.71808251814946,0.8057000000000001,0.5,9,22.366906738281273,0.36521607637405396,0.4115051329135895
178,102,GRID_005949,11.862893244804368,75.72808251814946,0.9289000000000001,0.5,5,22.366906738281273,0.36521607637405396,0.4115051329135895
275,131,GRID_005950,11.862893244804368,75.73808251814947,0.7964,0.5,9,22.366906738281273,0.36521607637405396,0.4115051329135895
353,149,GRID_005951,11.862893244804368,75.74808251814947,0.7899,0.5,8,22.366906738281273,0.36521607637405396,0.4115051329135895
43,124,GRID_005952,11.862893244804368,75.75808251814948,0.8151,0.5,5,22.366906738281273,0.36521607637405396,0.4115051329135895
287,239,GRID_005953,11.862893244804368,75.76808251814948,0.8576,0.5,5,22.366906738281273,0.36521607637405396,0.4115051329135895
272,714,GRID_005954,11.862893244804368,76.14808251814968,0.4767,0.0,4,19.766900634765648,2.1652162075042725,2.1115052700042725
90,754,GRID_005955,11.862893244804368,76.15808251814968,0.5809000000000001,0.0,4,19.766900634765648,2.1652162075042725,2.1115052700042725
18,742,GRID_005956,11.862893244804368,76.16808251814969,0.5867,0.0,3,19.766900634765648,2.1652162075042725,2.1115052700042725
305,735,GRID_005957,11.862893244804368,76.1780825181497,0.5871000000000001,0.0,4,19.766900634765648,2.1652162075042725,2.1115052700042725
358,745,GRID_005958,11.862893244804368,76.1880825181497,0.8116,0.0,3,19.766900634765648,2.1652162075042725,2.1115052700042725
34,696,GRID_005959,11.862893244804368,76.1980825181497,0.6844,0.0,1,19.766900634765648,2.1652162075042725,2.1115052700042725
257,53,GRID_005960,11.872893244804368,75.55808251814938,0.8113,0.8125,2,25.166894531250023,2.765216112136841,-0.8884949088096619
80,62,GRID_005961,11.872893244804368,75.56808251814938,0.7394000000000001,0.8125,4,25.166894531250023,2.765216112136841,-0.8884949088096619
191,27,GRID_005962,11.872893244804368,75.57808251814939,0.7621,0.8125,1,25.166894531250023,2.765216112136841,-0.8884949088096619
205,46,GRID_005963,11.872893244804368,75.58808251814939,0.8150000000000001,0.8125,2,25.166894531250023,2.765216112136841,-0.8884949088096619
180,36,GRID_005964,11.872893244804368,75.5980825181494,0.8041,0.8125,3,25.166894531250023,2.765216112136841,-0.8884949088096619
204,28,GRID_005965,11.872893244804368,75.6080825181494,0.7816000000000001,0.8125,1,25.166894531250023,2.765216112136841,-0.8884949088096619
178,30,GRID_005966,11.872893244804368,75.61808251814941,0.794,0.8125,3,25.166894531250023,2.765216112136841,-0.8884949088096619
292,38,GRID_005967,11.872893244804368,75.62808251814941,0.8111,0.5,2,22.366906738281273,0.36521607637405396,0.4115051329135895
299,51,GRID_005968,11.872893244804368,75.63808251814942,0.7959,0.5,2,22.366906738281273,0.36521607637405396,0.4115051329135895
308,61,GRID_005969,11.872893244804368,75.64808251814942,0.8307,0.5,1,22.366906738281273,0.36521607637405396,0.4115051329135895
327,67,GRID_005970,11.872893244804368,75.65808251814943,0.8277,0.5,7,22.366906738281273,0.36521607637405396,0.4115051329135895
80,66,GRID_005971,11.872893244804368,75.66808251814943,0.8342,0.5,6,22.366906738281273,0.36521607637405396,0.4115051329135895
252,49,GRID_005972,11.872893244804368,75.67808251814944,0.801,0.5,0,22.366906738281273,0.36521607637405396,0.4115051329135895
59,60,GRID_005973,11.872893244804368,75.68808251814944,0.8109000000000001,0.5,1,22.366906738281273,0.36521607637405396,0.4115051329135895
153,95,GRID_005974,11.872893244804368,75.69808251814945,0.8051,0.5,5,22.366906738281273,0.36521607637405396,0.4115051329135895
30,113,GRID_005975,11.872893244804368,75.70808251814945,0.8082,0.5,7,22.366906738281273,0.36521607637405396,0.4115051329135895
223,142,GRID_005976,11.872893244804368,75.71808251814946,0.8227,0.5,3,22.366906738281273,0.36521607637405396,0.4115051329135895
340,135,GRID_005977,11.872893244804368,75.72808251814946,0.8401000000000001,0.5,6,22.366906738281273,0.36521607637405396,0.4115051329135895
349,117,GRID_005978,11.872893244804368,75.73808251814947,0.7686000000000001,0.5,3,22.366906738281273,0.36521607637405396,0.4115051329135895
24,131,GRID_005979,11.872893244804368,75.74808251814947,0.8,0.5,3,22.366906738281273,0.36521607637405396,0.4115051329135895
304,146,GRID_005980,11.872893244804368,75.75808251814948,0.8287,0.5,7,22.366906738281273,0.36521607637405396,0.4115051329135895
357,337,GRID_005981,11.872893244804368,75.77808251814949,0.868,0.5,13,22.366906738281273,0.36521607637405396,0.4115051329135895
32,1103,GRID_005982,11.872893244804368,76.02808251814962,0.8112,0.125,12,19.366906738281273,1.965216040611267,1.111505150794983
46,870,GRID_005983,11.872893244804368,76.03808251814962,0.8571000000000001,0.125,13,19.366906738281273,1.965216040611267,1.111505150794983
191,829,GRID_005984,11.872893244804368,76.04808251814963,0.8053,0.125,7,19.366906738281273,1.965216040611267,1.111505150794983
180,839,GRID_005985,11.872893244804368,76.05808251814963,0.8175,0.125,12,19.366906738281273,1.965216040611267,1.111505150794983
11,54,GRID_005986,11.882893244804368,75.58808251814939,0.8049000000000001,0.8125,8,25.166894531250023,2.765216112136841,-0.8884949088096619
33,57,GRID_005987,11.882893244804368,75.5980825181494,0.8068000000000001,0.8125,5,25.166894531250023,2.765216112136841,-0.8884949088096619
270,80,GRID_005988,11.882893244804368,75.6080825181494,0.8002,0.8125,4,25.166894531250023,2.765216112136841,-0.8884949088096619
7,55,GRID_005989,11.882893244804368,75.61808251814941,0.8015,0.8125,3,25.166894531250023,2.765216112136841,-0.8884949088096619
38,110,GRID_005990,11.882893244804368,75.62808251814941,0.8411000000000001,0.5,7,22.366906738281273,0.36521607637405396,0.4115051329135895
107,43,GRID_005991,11.882893244804368,75.63808251814942,0.8234,0.5,4,22.366906738281273,0.36521607637405396,0.4115051329135895
311,36,GRID_005992,11.882893244804368,75.64808251814942,0.7758,0.5,3,22.366906738281273,0.36521607637405396,0.4115051329135895
158,46,GRID_005993,11.882893244804368,75.65808251814943,0.8094,0.5,3,22.366906738281273,0.36521607637405396,0.4115051329135895
246,67,GRID_005994,11.882893244804368,75.66808251814943,0.8003,0.5,1,22.366906738281273,0.36521607637405396,0.4115051329135895
50,105,GRID_005995,11.882893244804368,75.67808251814944,0.8464,0.5,1,22.366906738281273,0.36521607637405396,0.4115051329135895
196,82,GRID_005996,11.882893244804368,75.68808251814944,0.8582000000000001,0.5,4,22.366906738281273,0.36521607637405396,0.4115051329135895
358,109,GRID_005997,11.882893244804368,75.69808251814945,0.8041,0.5,6,22.366906738281273,0.36521607637405396,0.4115051329135895
313,141,GRID_005998,11.882893244804368,75.70808251814945,0.8225,0.5,5,22.366906738281273,0.36521607637405396,0.4115051329135895
333,101,GRID_005999,11.882893244804368,75.71808251814946,0.8374,0.5,2,22.366906738281273,0.36521607637405396,0.4115051329135895
41,142,GRID_006000,11.882893244804368,75.72808251814946,0.8145,0.5,1,22.366906738281273,0.36521607637405396,0.4115051329135895
96,107,GRID_006001,11.882893244804368,75.73808251814947,0.8387,0.5,1,22.366906738281273,0.36521607637405396,0.4115051329135895
324,129,GRID_006002,11.882893244804368,75.74808251814947,0.8472000000000001,0.5,3,22.366906738281273,0.36521607637405396,0.4115051329135895
239,137,GRID_006003,11.882893244804368,75.75808251814948,0.8536,0.5,5,22.366906738281273,0.36521607637405396,0.4115051329135895
8,210,GRID_006004,11.882893244804368,75.8080825181495,0.8312,0.5,7,22.366906738281273,0.36521607637405396,0.4115051329135895
333,220,GRID_006005,11.882893244804368,75.81808251814951,0.8448,0.5,7,22.366906738281273,0.36521607637405396,0.4115051329135895
297,856,GRID_006006,11.882893244804368,76.03808251814962,0.7971,0.125,11,19.366906738281273,1.965216040611267,1.111505150794983
71,880,GRID_006007,11.882893244804368,76.04808251814963,0.8376,0.125,7,19.366906738281273,1.965216040611267,1.111505150794983
16,918,GRID_006008,11.882893244804368,76.05808251814963,0.7969,0.125,10,19.366906738281273,1.965216040611267,1.111505150794983
280,84,GRID_006009,11.892893244804368,75.57808251814939,0.8124,0.8125,1,25.166894531250023,2.765216112136841,-0.8884949088096619
259,88,GRID_006010,11.892893244804368,75.58808251814939,0.78,0.8125,7,25.166894531250023,2.765216112136841,-0.8884949088096619
280,59,GRID_006011,11.892893244804368,75.5980825181494,0.8164,0.8125,9,25.166894531250023,2.765216112136841,-0.8884949088096619
190,40,GRID_006012,11.892893244804368,75.6080825181494,0.7863,0.8125,3,25.166894531250023,2.765216112136841,-0.8884949088096619
109,71,GRID_006013,11.892893244804368,75.61808251814941,0.8379000000000001,0.8125,2,25.166894531250023,2.765216112136841,-0.8884949088096619
137,53,GRID_006014,11.892893244804368,75.62808251814941,0.7927000000000001,0.5,2,22.366906738281273,0.36521607637405396,0.4115051329135895
191,42,GRID_006015,11.892893244804368,75.63808251814942,0.7903,0.5,1,22.366906738281273,0.36521607637405396,0.4115051329135895
142,74,GRID_006016,11.892893244804368,75.64808251814942,0.8139000000000001,0.5,3,22.366906738281273,0.36521607637405396,0.4115051329135895
164,51,GRID_006017,11.892893244804368,75.65808251814943,0.8183,0.5,3,22.366906738281273,0.36521607637405396,0.4115051329135895
264,49,GRID_006018,11.892893244804368,75.66808251814943,0.8155,0.5,1,22.366906738281273,0.36521607637405396,0.4115051329135895
142,63,GRID_006019,11.892893244804368,75.67808251814944,0.8418,0.5,2,22.366906738281273,0.36521607637405396,0.4115051329135895
359,60,GRID_006020,11.892893244804368,75.68808251814944,0.8144,0.5,5,22.366906738281273,0.36521607637405396,0.4115051329135895
159,68,GRID_006021,11.892893244804368,75.69808251814945,0.8210000000000001,0.5,2,22.366906738281273,0.36521607637405396,0.4115051329135895
356,75,GRID_006022,11.892893244804368,75.70808251814945,0.8182,0.5,5,22.366906738281273,0.36521607637405396,0.4115051329135895
279,86,GRID_006023,11.892893244804368,75.71808251814946,0.8286,0.5,1,22.366906738281273,0.36521607637405396,0.4115051329135895
8,92,GRID_006024,11.892893244804368,75.72808251814946,0.7914,0.5,3,22.366906738281273,0.36521607637405396,0.4115051329135895
72,104,GRID_006025,11.892893244804368,75.73808251814947,0.8059000000000001,0.5,4,22.366906738281273,0.36521607637405396,0.4115051329135895
7,99,GRID_006026,11.892893244804368,75.74808251814947,0.7904,0.5,5,22.366906738281273,0.36521607637405396,0.4115051329135895
313,120,GRID_006027,11.892893244804368,75.75808251814948,0.8197,0.5,3,22.366906738281273,0.36521607637405396,0.4115051329135895
23,121,GRID_006028,11.892893244804368,75.7980825181495,0.8130000000000001,0.5,9,22.366906738281273,0.36521607637405396,0.4115051329135895
36,100,GRID_006029,11.892893244804368,75.81808251814951,0.7643000000000001,0.5,2,22.366906738281273,0.36521607637405396,0.4115051329135895
142,743,GRID_006030,11.892893244804368,76.03808251814962,0.7604000000000001,0.125,3,19.366906738281273,1.965216040611267,1.111505150794983
171,749,GRID_006031,11.892893244804368,76.04808251814963,0.7563000000000001,0.125,3,19.366906738281273,1.965216040611267,1.111505150794983
22,741,GRID_006032,11.892893244804368,76.05808251814963,0.787,0.125,4,19.366906738281273,1.965216040611267,1.111505150794983
197,762,GRID_006033,11.892893244804368,76.06808251814964,0.7759,0.125,5,19.366906738281273,1.965216040611267,1.111505150794983
160,797,GRID_006034,11.892893244804368,76.11808251814966,0.7239,0.125,5,19.366906738281273,1.965216040611267,1.111505150794983
194,80,GRID_006035,11.902893244804368,75.5980825181494,0.7656000000000001,0.8125,2,25.166894531250023,2.765216112136841,-0.8884949088096619
277,61,GRID_006036,11.902893244804368,75.6080825181494,0.7483000000000001,0.8125,2,25.166894531250023,2.765216112136841,-0.8884949088096619
202,171,GRID_006037,11.902893244804368,75.61808251814941,0.8467,0.8125,7,25.166894531250023,2.765216112136841,-0.8884949088096619
197,164,GRID_006038,11.902893244804368,75.62808251814941,0.8560000000000001,0.5,19,22.366906738281273,0.36521607637405396,0.4115051329135895
195,218,GRID_006039,11.902893244804368,75.63808251814942,0.8366,0.5,22,22.366906738281273,0.36521607637405396,0.4115051329135895
190,283,GRID_006040,11.902893244804368,75.64808251814942,0.8407,0.5,18,22.366906738281273,0.36521607637405396,0.4115051329135895
199,256,GRID_006041,11.902893244804368,75.65808251814943,0.8347,0.5,11,22.366906738281273,0.36521607637405396,0.4115051329135895
176,226,GRID_006042,11.902893244804368,75.66808251814943,0.6339,0.5,12,22.366906738281273,0.36521607637405396,0.4115051329135895
164,156,GRID_006043,11.902893244804368,75.67808251814944,0.5626,0.5,9,22.366906738281273,0.36521607637405396,0.4115051329135895
174,123,GRID_006044,11.902893244804368,75.68808251814944,0.4254,0.5,15,22.366906738281273,0.36521607637405396,0.4115051329135895
170,118,GRID_006045,11.902893244804368,75.69808251814945,0.7212000000000001,0.5,13,22.366906738281273,0.36521607637405396,0.4115051329135895
178,149,GRID_006046,11.902893244804368,75.70808251814945,0.6476000000000001,0.5,20,22.366906738281273,0.36521607637405396,0.4115051329135895
168,115,GRID_006047,11.902893244804368,75.71808251814946,0.7237,0.5,13,22.366906738281273,0.36521607637405396,0.4115051329135895
332,132,GRID_006048,11.902893244804368,75.72808251814946,0.7718,0.5,4,22.366906738281273,0.36521607637405396,0.4115051329135895
174,86,GRID_006049,11.902893244804368,75.73808251814947,0.7544000000000001,0.5,3,22.366906738281273,0.36521607637405396,0.4115051329135895
189,94,GRID_006050,11.902893244804368,75.74808251814947,0.7647,0.5,6,22.366906738281273,0.36521607637405396,0.4115051329135895
277,545,GRID_006051,11.902893244804368,75.85808251814953,0.7868,0.5,23,22.366906738281273,0.36521607637405396,0.4115051329135895
30,838,GRID_006052,11.902893244804368,76.04808251814963,0.7617,0.125,3,19.366906738281273,1.965216040611267,1.111505150794983
97,766,GRID_006053,11.902893244804368,76.05808251814963,0.8174,0.125,4,19.366906738281273,1.965216040611267,1.111505150794983
36,399,GRID_006054,11.912893244804367,75.65808251814943,0.859,0.5,5,22.366906738281273,0.36521607637405396,0.4115051329135895
27,201,GRID_006055,11.912893244804367,75.70808251814945,0.8461000000000001,0.5,21,22.366906738281273,0.36521607637405396,0.4115051329135895
7,88,GRID_006056,11.912893244804367,75.71808251814946,0.8158000000000001,0.5,8,22.366906738281273,0.36521607637405396,0.4115051329135895
6,79,GRID_006057,11.912893244804367,75.72808251814946,0.7631,0.5,1,22.366906738281273,0.36521607637405396,0.4115051329135895
134,92,GRID_006058,11.912893244804367,75.74808251814947,0.8255,0.5,1,22.366906738281273,0.36521607637405396,0.4115051329135895
329,99,GRID_006059,11.912893244804367,75.75808251814948,0.7897000000000001,0.5,3,22.366906738281273,0.36521607637405396,0.4115051329135895
305,103,GRID_006060,11.912893244804367,75.76808251814948,0.8251000000000001,0.5,3,22.366906738281273,0.36521607637405396,0.4115051329135895
121,81,GRID_006061,11.912893244804367,75.77808251814949,0.8081,0.5,3,22.366906738281273,0.36521607637405396,0.4115051329135895
284,81,GRID_006062,11.912893244804367,75.7880825181495,0.8259000000000001,0.5,2,22.366906738281273,0.36521607637405396,0.4115051329135895
237,80,GRID_006063,11.912893244804367,75.7980825181495,0.8055,0.5,2,22.366906738281273,0.36521607637405396,0.4115051329135895
147,121,GRID_006064,11.912893244804367,75.8080825181495,0.8481000000000001,0.5,4,22.366906738281273,0.36521607637405396,0.4115051329135895
224,526,GRID_006065,11.912893244804367,75.83808251814952,0.8219000000000001,0.5,8,22.366906738281273,0.36521607637405396,0.4115051329135895
21,466,GRID_006066,11.912893244804367,75.84808251814952,0.8722000000000001,0.5,26,22.366906738281273,0.36521607637405396,0.4115051329135895
340,431,GRID_006067,11.912893244804367,75.85808251814953,0.8606,0.5,17,22.366906738281273,0.36521607637405396,0.4115051329135895
182,829,GRID_006068,11.912893244804367,75.9980825181496,0.8382000000000001,0.125,8,19.366906738281273,1.965216040611267,1.111505150794983
214,891,GRID_006069,11.912893244804367,76.0080825181496,0.808,0.125,15,19.366906738281273,1.965216040611267,1.111505150794983
76,958,GRID_006070,11.912893244804367,76.01808251814961,0.802,0.125,9,19.366906738281273,1.965216040611267,1.111505150794983
88,831,GRID_006071,11.912893244804367,76.02808251814962,0.7165,0.125,4,19.366906738281273,1.965216040611267,1.111505150794983
352,775,GRID_006072,11.912893244804367,76.05808251814963,0.7974,0.125,2,19.366906738281273,1.965216040611267,1.111505150794983
164,141,GRID_006073,11.922893244804367,75.63808251814942,0.8347,0.5,2,22.366906738281273,0.36521607637405396,0.4115051329135895
104,108,GRID_006074,11.922893244804367,75.64808251814942,0.8472000000000001,0.5,12,22.366906738281273,0.36521607637405396,0.4115051329135895
90,44,GRID_006075,11.922893244804367,75.65808251814943,0.8222,0.5,1,22.366906738281273,0.36521607637405396,0.4115051329135895
187,61,GRID_006076,11.922893244804367,75.66808251814943,0.7785000000000001,0.5,4,22.366906738281273,0.36521607637405396,0.4115051329135895
304,125,GRID_006077,11.922893244804367,75.69808251814945,0.8575,0.5,13,22.366906738281273,0.36521607637405396,0.4115051329135895
42,132,GRID_006078,11.922893244804367,75.72808251814946,0.7576,0.5,7,22.366906738281273,0.36521607637405396,0.4115051329135895
80,86,GRID_006079,11.922893244804367,75.73808251814947,0.8673000000000001,0.5,1,22.366906738281273,0.36521607637405396,0.4115051329135895
268,91,GRID_006080,11.922893244804367,75.74808251814947,0.8392000000000001,0.5,3,22.366906738281273,0.36521607637405396,0.4115051329135895
254,71,GRID_006081,11.922893244804367,75.75808251814948,0.8118000000000001,0.5,2,22.366906738281273,0.36521607637405396,0.4115051329135895
8,96,GRID_006082,11.922893244804367,75.76808251814948,0.8418,0.5,3,22.366906738281273,0.36521607637405396,0.4115051329135895
149,84,GRID_006083,11.922893244804367,75.7880825181495,0.7931,0.5,2,22.366906738281273,0.36521607637405396,0.4115051329135895
300,94,GRID_006084,11.922893244804367,75.7980825181495,0.8179000000000001,0.5,3,22.366906738281273,0.36521607637405396,0.4115051329135895
18,143,GRID_006085,11.922893244804367,75.82808251814951,0.8204,0.5,6,22.366906738281273,0.36521607637405396,0.4115051329135895
349,134,GRID_006086,11.922893244804367,75.83808251814952,0.8309000000000001,0.5,3,22.366906738281273,0.36521607637405396,0.4115051329135895
5,174,GRID_006087,11.922893244804367,75.84808251814952,0.8516,0.5,7,22.366906738281273,0.36521607637405396,0.4115051329135895
307,315,GRID_006088,11.922893244804367,75.85808251814953,0.8335,0.5,14,22.366906738281273,0.36521607637405396,0.4115051329135895
352,1082,GRID_006089,11.922893244804367,75.91808251814956,0.8688,0.125,16,19.366906738281273,1.965216040611267,1.111505150794983
202,1360,GRID_006090,11.922893244804367,76.0080825181496,0.7781,0.125,16,19.366906738281273,1.965216040611267,1.111505150794983
60,992,GRID_006091,11.922893244804367,76.01808251814961,0.8287,0.125,21,19.366906738281273,1.965216040611267,1.111505150794983
62,834,GRID_006092,11.922893244804367,76.02808251814962,0.6728000000000001,0.125,4,19.366906738281273,1.965216040611267,1.111505150794983
351,52,GRID_006093,11.932893244804369,75.65808251814943,0.8119000000000001,0.5,2,22.366906738281273,0.36521607637405396,0.4115051329135895
46,62,GRID_006094,11.932893244804369,75.72808251814946,0.7130000000000001,0.5,2,22.366906738281273,0.36521607637405396,0.4115051329135895
46,68,GRID_006095,11.932893244804369,75.73808251814947,0.8443,0.5,4,22.366906738281273,0.36521607637405396,0.4115051329135895
32,65,GRID_006096,11.932893244804369,75.74808251814947,0.8205,0.5,3,22.366906738281273,0.36521607637405396,0.4115051329135895
3,57,GRID_006097,11.932893244804369,75.75808251814948,0.7372000000000001,0.5,2,22.366906738281273,0.36521607637405396,0.4115051329135895
125,116,GRID_006098,11.932893244804369,75.7980825181495,0.8461000000000001,0.5,4,22.366906738281273,0.36521607637405396,0.4115051329135895
252,129,GRID_006099,11.932893244804369,75.81808251814951,0.8601000000000001,0.5,5,22.366906738281273,0.36521607637405396,0.4115051329135895
176,140,GRID_006100,11.932893244804369,75.82808251814951,0.8509,0.5,9,22.366906738281273,0.36521607637405396,0.4115051329135895
239,163,GRID_006101,11.932893244804369,75.83808251814952,0.8510000000000001,0.5,9,22.366906738281273,0.36521607637405396,0.4115051329135895
169,186,GRID_006102,11.932893244804369,75.84808251814952,0.8380000000000001,0.5,14,22.366906738281273,0.36521607637405396,0.4115051329135895
258,673,GRID_006103,11.932893244804369,75.89808251814955,0.8322,0.125,13,19.366906738281273,1.965216040611267,1.111505150794983
189,1011,GRID_006104,11.932893244804369,75.90808251814956,0.8601000000000001,0.125,16,19.366906738281273,1.965216040611267,1.111505150794983
184,1527,GRID_006105,11.932893244804369,75.93808251814957,0.8962,0.125,16,19.366906738281273,1.965216040611267,1.111505150794983
187,1122,GRID_006106,11.932893244804369,75.95808251814958,0.8753000000000001,0.125,19,19.366906738281273,1.965216040611267,1.111505150794983
91,1370,GRID_006107,11.932893244804369,76.0080825181496,0.7858,0.125,24,19.366906738281273,1.965216040611267,1.111505150794983
106,970,GRID_006108,11.932893244804369,76.01808251814961,0.8485,0.125,13,19.366906738281273,1.965216040611267,1.111505150794983
189,861,GRID_006109,11.932893244804369,76.02808251814962,0.7884,0.125,5,19.366906738281273,1.965216040611267,1.111505150794983
260,72,GRID_006110,11.942893244804369,75.73808251814947,0.7413000000000001,0.5,3,22.366906738281273,0.36521607637405396,0.4115051329135895
84,146,GRID_006111,11.942893244804369,75.7980825181495,0.8343,0.5,5,22.366906738281273,0.36521607637405396,0.4115051329135895
189,169,GRID_006112,11.942893244804369,75.8080825181495,0.7769,0.5,7,22.366906738281273,0.36521607637405396,0.4115051329135895
184,215,GRID_006113,11.942893244804369,75.81808251814951,0.8427,0.5,8,22.366906738281273,0.36521607637405396,0.4115051329135895
270,257,GRID_006114,11.942893244804369,75.82808251814951,0.8067000000000001,0.5,14,22.366906738281273,0.36521607637405396,0.4115051329135895
156,277,GRID_006115,11.942893244804369,75.83808251814952,0.8514,0.5,8,22.366906738281273,0.36521607637405396,0.4115051329135895
201,298,GRID_006116,11.942893244804369,75.84808251814952,0.8458,0.5,9,22.366906738281273,0.36521607637405396,0.4115051329135895
179,608,GRID_006117,11.942893244804369,75.85808251814953,0.8157000000000001,0.5,29,22.366906738281273,0.36521607637405396,0.4115051329135895
205,553,GRID_006118,11.942893244804369,75.86808251814954,0.6574,0.5,17,22.366906738281273,0.36521607637405396,0.4115051329135895
202,527,GRID_006119,11.942893244804369,75.88808251814955,0.8648,0.125,19,19.366906738281273,1.965216040611267,1.111505150794983
264,842,GRID_006120,11.942893244804369,75.89808251814955,0.8722000000000001,0.125,19,19.366906738281273,1.965216040611267,1.111505150794983
287,934,GRID_006121,11.942893244804369,75.90808251814956,0.8671000000000001,0.125,7,19.366906738281273,1.965216040611267,1.111505150794983
275,1026,GRID_006122,11.942893244804369,75.91808251814956,0.8556,0.125,14,19.366906738281273,1.965216040611267,1.111505150794983
338,1328,GRID_006123,11.942893244804369,75.92808251814957,0.8625,0.125,15,19.366906738281273,1.965216040611267,1.111505150794983
301,1527,GRID_006124,11.942893244804369,75.93808251814957,0.8924000000000001,0.125,22,19.366906738281273,1.965216040611267,1.111505150794983
13,1444,GRID_006125,11.942893244804369,75.94808251814958,0.8542000000000001,0.125,8,19.366906738281273,1.965216040611267,1.111505150794983
23,1467,GRID_006126,11.942893244804369,75.95808251814958,0.8585,0.125,6,19.366906738281273,1.965216040611267,1.111505150794983
98,1415,GRID_006127,11.942893244804369,75.96808251814959,0.8486,0.125,2,19.366906738281273,1.965216040611267,1.111505150794983
190,1410,GRID_006128,11.942893244804369,75.97808251814959,0.7934,0.125,4,19.366906738281273,1.965216040611267,1.111505150794983
85,1189,GRID_006129,11.942893244804369,75.9880825181496,0.8562000000000001,0.125,21,19.366906738281273,1.965216040611267,1.111505150794983
348,1070,GRID_006130,11.942893244804369,75.9980825181496,0.8693000000000001,0.125,16,19.366906738281273,1.965216040611267,1.111505150794983
6,1133,GRID_006131,11.942893244804369,76.0080825181496,0.8469,0.125,20,19.366906738281273,1.965216040611267,1.111505150794983
336,1142,GRID_006132,11.942893244804369,76.01808251814961,0.8383,0.125,17,19.366906738281273,1.965216040611267,1.111505150794983
53,1149,GRID_006133,11.942893244804369,76.02808251814962,0.8404,0.125,11,19.366906738281273,1.965216040611267,1.111505150794983
217,153,GRID_006134,11.952893244804368,75.7980825181495,0.8309000000000001,0.5,11,22.366906738281273,0.36521607637405396,0.4115051329135895
6,196,GRID_006135,11.952893244804368,75.8080825181495,0.8623000000000001,0.5,15,22.366906738281273,0.36521607637405396,0.4115051329135895
24,288,GRID_006136,11.952893244804368,75.81808251814951,0.8294,0.5,17,22.366906738281273,0.36521607637405396,0.4115051329135895
266,377,GRID_006137,11.952893244804368,75.82808251814951,0.8278000000000001,0.5,10,22.366906738281273,0.36521607637405396,0.4115051329135895
139,499,GRID_006138,11.952893244804368,75.83808251814952,0.8283,0.5,15,22.366906738281273,0.36521607637405396,0.4115051329135895
178,573,GRID_006139,11.952893244804368,75.84808251814952,0.768,0.5,17,22.366906738281273,0.36521607637405396,0.4115051329135895
337,861,GRID_006140,11.952893244804368,75.86808251814954,0.8691000000000001,0.5,2,22.366906738281273,0.36521607637405396,0.4115051329135895
165,846,GRID_006141,11.952893244804368,75.87808251814954,0.6586000000000001,0.125,9,19.366906738281273,1.965216040611267,1.111505150794983
183,838,GRID_006142,11.952893244804368,75.88808251814955,0.0858,0.125,9,19.366906738281273,1.965216040611267,1.111505150794983
195,859,GRID_006143,11.952893244804368,75.89808251814955,0.7684000000000001,0.125,3,19.366906738281273,1.965216040611267,1.111505150794983
241,880,GRID_006144,11.952893244804368,75.90808251814956,0.8457,0.125,2,19.366906738281273,1.965216040611267,1.111505150794983
241,929,GRID_006145,11.952893244804368,75.91808251814956,0.8667,0.125,4,19.366906738281273,1.965216040611267,1.111505150794983
188,1032,GRID_006146,11.952893244804368,75.92808251814957,0.8731,0.125,9,19.366906738281273,1.965216040611267,1.111505150794983
257,1437,GRID_006147,11.952893244804368,75.96808251814959,0.8157000000000001,0.125,3,19.366906738281273,1.965216040611267,1.111505150794983
47,1425,GRID_006148,11.952893244804368,75.97808251814959,0.7797000000000001,0.125,19,19.366906738281273,1.965216040611267,1.111505150794983
10,1188,GRID_006149,11.952893244804368,75.9880825181496,0.8427,0.125,10,19.366906738281273,1.965216040611267,1.111505150794983
70,951,GRID_006150,11.952893244804368,75.9980825181496,0.8755000000000001,0.125,17,19.366906738281273,1.965216040611267,1.111505150794983
350,861,GRID_006151,11.952893244804368,76.0080825181496,0.7836000000000001,0.125,6,19.366906738281273,1.965216040611267,1.111505150794983
269,970,GRID_006152,11.952893244804368,76.01808251814961,0.8348,0.125,15,19.366906738281273,1.965216040611267,1.111505150794983
61,895,GRID_006153,11.952893244804368,76.02808251814962,0.8167000000000001,0.125,7,19.366906738281273,1.965216040611267,1.111505150794983
19,62,GRID_006154,11.962893244804366,75.77808251814949,0.8443,0.4375,0,21.666894531250023,0.36521607637405396,0.9115051627159119
70,90,GRID_006155,11.962893244804366,75.7880825181495,0.8302,0.4375,2,21.666894531250023,0.36521607637405396,0.9115051627159119
292,85,GRID_006156,11.962893244804366,75.8080825181495,0.8298000000000001,0.4375,2,21.666894531250023,0.36521607637405396,0.9115051627159119
178,140,GRID_006157,11.962893244804366,75.81808251814951,0.8448,0.4375,4,21.666894531250023,0.36521607637405396,0.9115051627159119
302,166,GRID_006158,11.962893244804366,75.82808251814951,0.8477,0.4375,6,21.666894531250023,0.36521607637405396,0.9115051627159119
277,625,GRID_006159,11.962893244804366,75.83808251814952,0.8293,0.4375,36,21.666894531250023,0.36521607637405396,0.9115051627159119
44,642,GRID_006160,11.962893244804366,75.84808251814952,0.6591,0.4375,40,21.666894531250023,0.36521607637405396,0.9115051627159119
248,543,GRID_006161,11.962893244804366,75.85808251814953,0.1525,0.4375,35,21.666894531250023,0.36521607637405396,0.9115051627159119
279,848,GRID_006162,11.962893244804366,75.86808251814954,0.8507,0.4375,4,21.666894531250023,0.36521607637405396,0.9115051627159119
174,859,GRID_006163,11.962893244804366,75.87808251814954,0.7823,0.0625,7,19.266900634765648,2.065216064453125,1.111505150794983
176,867,GRID_006164,11.962893244804366,75.88808251814955,0.6023000000000001,0.0625,6,19.266900634765648,2.065216064453125,1.111505150794983
246,1002,GRID_006165,11.962893244804366,75.89808251814955,0.07400000000000001,0.0625,18,19.266900634765648,2.065216064453125,1.111505150794983
210,1090,GRID_006166,11.962893244804366,75.90808251814956,0.37520000000000003,0.0625,14,19.266900634765648,2.065216064453125,1.111505150794983
215,995,GRID_006167,11.962893244804366,75.91808251814956,0.8673000000000001,0.0625,7,19.266900634765648,2.065216064453125,1.111505150794983
355,1384,GRID_006168,11.962893244804366,75.95808251814958,0.8437,0.0625,29,19.266900634765648,2.065216064453125,1.111505150794983
82,1264,GRID_006169,11.962893244804366,75.96808251814959,0.8526,0.0625,5,19.266900634765648,2.065216064453125,1.111505150794983
224,1076,GRID_006170,11.962893244804366,75.9880825181496,0.8759,0.0625,9,19.266900634765648,2.065216064453125,1.111505150794983
110,931,GRID_006171,11.962893244804366,75.9980825181496,0.8865000000000001,0.0625,9,19.266900634765648,2.065216064453125,1.111505150794983
198,888,GRID_006172,11.962893244804366,76.0080825181496,0.8289000000000001,0.0625,4,19.266900634765648,2.065216064453125,1.111505150794983
286,862,GRID_006173,11.962893244804366,76.01808251814961,0.7858,0.0625,5,19.266900634765648,2.065216064453125,1.111505150794983
113,865,GRID_006174,11.962893244804366,76.02808251814962,0.8125,0.0625,5,19.266900634765648,2.065216064453125,1.111505150794983
230,50,GRID_006175,11.972893244804366,75.6080825181494,0.7419,0.9375,2,23.066888427734398,0.4652160704135895,-0.3884948790073395
194,87,GRID_006176,11.972893244804366,75.77808251814949,0.8308000000000001,0.4375,1,21.666894531250023,0.36521607637405396,0.9115051627159119
158,77,GRID_006177,11.972893244804366,75.7880825181495,0.7827000000000001,0.4375,3,21.666894531250023,0.36521607637405396,0.9115051627159119
46,76,GRID_006178,11.972893244804366,75.7980825181495,0.8515,0.4375,0,21.666894531250023,0.36521607637405396,0.9115051627159119
286,82,GRID_006179,11.972893244804366,75.8080825181495,0.8351000000000001,0.4375,1,21.666894531250023,0.36521607637405396,0.9115051627159119
304,94,GRID_006180,11.972893244804366,75.81808251814951,0.8366,0.4375,2,21.666894531250023,0.36521607637405396,0.9115051627159119
317,218,GRID_006181,11.972893244804366,75.82808251814951,0.8119000000000001,0.4375,23,21.666894531250023,0.36521607637405396,0.9115051627159119
14,328,GRID_006182,11.972893244804366,75.83808251814952,0.7532,0.4375,30,21.666894531250023,0.36521607637405396,0.9115051627159119
8,233,GRID_006183,11.972893244804366,75.84808251814952,0.8307,0.4375,6,21.666894531250023,0.36521607637405396,0.9115051627159119
279,492,GRID_006184,11.972893244804366,75.85808251814953,0.8324,0.4375,35,21.666894531250023,0.36521607637405396,0.9115051627159119
316,842,GRID_006185,11.972893244804366,75.86808251814954,0.8596,0.4375,4,21.666894531250023,0.36521607637405396,0.9115051627159119
292,906,GRID_006186,11.972893244804366,75.87808251814954,0.8666,0.0625,17,19.266900634765648,2.065216064453125,1.111505150794983
345,1094,GRID_006187,11.972893244804366,75.88808251814955,0.7120000000000001,0.0625,8,19.266900634765648,2.065216064453125,1.111505150794983
220,1225,GRID_006188,11.972893244804366,75.89808251814955,0.031900000000000005,0.0625,22,19.266900634765648,2.065216064453125,1.111505150794983
53,1130,GRID_006189,11.972893244804366,75.90808251814956,0.8799,0.0625,26,19.266900634765648,2.065216064453125,1.111505150794983
23,853,GRID_006190,11.972893244804366,75.9880825181496,0.79,0.0625,6,19.266900634765648,2.065216064453125,1.111505150794983
95,913,GRID_006191,11.972893244804366,75.9980825181496,0.8686,0.0625,4,19.266900634765648,2.065216064453125,1.111505150794983
152,884,GRID_006192,11.972893244804366,76.0080825181496,0.8434,0.0625,4,19.266900634765648,2.065216064453125,1.111505150794983
170,837,GRID_006193,11.972893244804366,76.01808251814961,0.769,0.0625,3,19.266900634765648,2.065216064453125,1.111505150794983
337,833,GRID_006194,11.972893244804366,76.02808251814962,0.7117,0.0625,2,19.266900634765648,2.065216064453125,1.111505150794983
220,97,GRID_006195,11.982893244804366,75.8080825181495,0.8529,0.4375,1,21.666894531250023,0.36521607637405396,0.9115051627159119
200,141,GRID_006196,11.982893244804366,75.81808251814951,0.8434,0.4375,7,21.666894531250023,0.36521607637405396,0.9115051627159119
183,168,GRID_006197,11.982893244804366,75.82808251814951,0.8395,0.4375,10,21.666894531250023,0.36521607637405396,0.9115051627159119
207,220,GRID_006198,11.982893244804366,75.83808251814952,0.8303,0.4375,13,21.666894531250023,0.36521607637405396,0.9115051627159119
217,349,GRID_006199,11.982893244804366,75.84808251814952,0.8046000000000001,0.4375,19,21.666894531250023,0.36521607637405396,0.9115051627159119
262,856,GRID_006200,11.982893244804366,75.85808251814953,0.8245,0.4375,3,21.666894531250023,0.36521607637405396,0.9115051627159119
162,850,GRID_006201,11.982893244804366,75.86808251814954,0.8473,0.4375,2,21.666894531250023,0.36521607637405396,0.9115051627159119
232,893,GRID_006202,11.982893244804366,75.87808251814954,0.4526,0.0625,6,19.266900634765648,2.065216064453125,1.111505150794983
212,970,GRID_006203,11.982893244804366,75.88808251814955,0.8473,0.0625,10,19.266900634765648,2.065216064453125,1.111505150794983
0,999,GRID_006204,11.982893244804366,75.89808251814955,0.874,0.0625,18,19.266900634765648,2.065216064453125,1.111505150794983
20,881,GRID_006205,11.982893244804366,75.90808251814956,0.8431000000000001,0.0625,12,19.266900634765648,2.065216064453125,1.111505150794983
235,891,GRID_006206,11.982893244804366,75.91808251814956,0.8354,0.0625,6,19.266900634765648,2.065216064453125,1.111505150794983
51,1063,GRID_006207,11.982893244804366,75.92808251814957,0.8656,0.0625,12,19.266900634765648,2.065216064453125,1.111505150794983
329,868,GRID_006208,11.982893244804366,75.9980825181496,0.8475,0.0625,4,19.266900634765648,2.065216064453125,1.111505150794983
329,853,GRID_006209,11.982893244804366,76.0080825181496,0.8045,0.0625,2,19.266900634765648,2.065216064453125,1.111505150794983
66,868,GRID_006210,11.982893244804366,76.01808251814961,0.8227,0.0625,3,19.266900634765648,2.065216064453125,1.111505150794983
68,839,GRID_006211,11.982893244804366,76.02808251814962,0.8266,0.0625,5,19.266900634765648,2.065216064453125,1.111505150794983
348,52,GRID_006212,11.992893244804366,75.71808251814946,0.7889,0.4375,2,21.666894531250023,0.36521607637405396,0.9115051627159119
248,199,GRID_006213,11.992893244804366,75.7880825181495,0.8435,0.4375,11,21.666894531250023,0.36521607637405396,0.9115051627159119
215,202,GRID_006214,11.992893244804366,75.7980825181495,0.8353,0.4375,7,21.666894531250023,0.36521607637405396,0.9115051627159119
257,330,GRID_006215,11.992893244804366,75.8080825181495,0.8156,0.4375,17,21.666894531250023,0.36521607637405396,0.9115051627159119
168,482,GRID_006216,11.992893244804366,75.81808251814951,0.7873,0.4375,21,21.666894531250023,0.36521607637405396,0.9115051627159119
166,463,GRID_006217,11.992893244804366,75.82808251814951,0.4133,0.4375,20,21.666894531250023,0.36521607637405396,0.9115051627159119
236,767,GRID_006218,11.992893244804366,75.83808251814952,0.6345000000000001,0.4375,27,21.666894531250023,0.36521607637405396,0.9115051627159119
219,900,GRID_006219,11.992893244804366,75.84808251814952,0.6496000000000001,0.4375,6,21.666894531250023,0.36521607637405396,0.9115051627159119
53,929,GRID_006220,11.992893244804366,75.85808251814953,0.5279,0.4375,10,21.666894531250023,0.36521607637405396,0.9115051627159119
77,856,GRID_006221,11.992893244804366,75.86808251814954,0.43910000000000005,0.4375,5,21.666894531250023,0.36521607637405396,0.9115051627159119
109,823,GRID_006222,11.992893244804366,75.87808251814954,0.8016000000000001,0.0625,2,19.266900634765648,2.065216064453125,1.111505150794983
270,822,GRID_006223,11.992893244804366,75.88808251814955,0.8492000000000001,0.0625,1,19.266900634765648,2.065216064453125,1.111505150794983
41,843,GRID_006224,11.992893244804366,75.93808251814957,0.7848,0.0625,7,19.266900634765648,2.065216064453125,1.111505150794983
336,886,GRID_006225,11.992893244804366,75.95808251814958,0.8713000000000001,0.0625,10,19.266900634765648,2.065216064453125,1.111505150794983
344,856,GRID_006226,11.992893244804366,75.96808251814959,0.7786000000000001,0.0625,5,19.266900634765648,2.065216064453125,1.111505150794983
296,873,GRID_006227,11.992893244804366,75.9880825181496,0.8423,0.0625,4,19.266900634765648,2.065216064453125,1.111505150794983
76,862,GRID_006228,11.992893244804366,75.9980825181496,0.872,0.0625,4,19.266900634765648,2.065216064453125,1.111505150794983
358,862,GRID_006229,11.992893244804366,76.0080825181496,0.8146,0.0625,3,19.266900634765648,2.065216064453125,1.111505150794983
1,842,GRID_006230,11.992893244804366,76.01808251814961,0.8141,0.0625,5,19.266900634765648,2.065216064453125,1.111505150794983
168,841,GRID_006231,11.992893244804366,76.02808251814962,0.7858,0.0625,4,19.266900634765648,2.065216064453125,1.111505150794983
322,48,GRID_006232,12.002893244804364,75.72808251814946,0.7837000000000001,0.4375,2,21.666894531250023,0.36521607637405396,0.9115051627159119
285,85,GRID_006233,12.002893244804364,75.73808251814947,0.8190000000000001,0.4375,3,21.666894531250023,0.36521607637405396,0.9115051627159119
281,87,GRID_006234,12.002893244804364,75.74808251814947,0.7894,0.4375,1,21.666894531250023,0.36521607637405396,0.9115051627159119
334,88,GRID_006235,12.002893244804364,75.75808251814948,0.8263,0.4375,5,21.666894531250023,0.36521607637405396,0.9115051627159119
329,110,GRID_006236,12.002893244804364,75.76808251814948,0.8409000000000001,0.4375,3,21.666894531250023,0.36521607637405396,0.9115051627159119
297,155,GRID_006237,12.002893244804364,75.77808251814949,0.8434,0.4375,5,21.666894531250023,0.36521607637405396,0.9115051627159119
222,232,GRID_006238,12.002893244804364,75.7880825181495,0.8390000000000001,0.4375,5,21.666894531250023,0.36521607637405396,0.9115051627159119
283,344,GRID_006239,12.002893244804364,75.7980825181495,0.8553000000000001,0.4375,14,21.666894531250023,0.36521607637405396,0.9115051627159119
147,386,GRID_006240,12.002893244804364,75.8080825181495,0.8468,0.4375,19,21.666894531250023,0.36521607637405396,0.9115051627159119
254,800,GRID_006241,12.002893244804364,75.81808251814951,0.6594,0.4375,32,21.666894531250023,0.36521607637405396,0.9115051627159119
80,856,GRID_006242,12.002893244804364,75.84808251814952,0.8323,0.4375,1,21.666894531250023,0.36521607637405396,0.9115051627159119
265,915,GRID_006243,12.002893244804364,75.93808251814957,0.8317,0.0625,6,19.266900634765648,2.065216064453125,1.111505150794983
230,841,GRID_006244,12.002893244804364,75.95808251814958,0.7778,0.0625,2,19.266900634765648,2.065216064453125,1.111505150794983
48,870,GRID_006245,12.002893244804364,75.9880825181496,0.8252,0.0625,2,19.266900634765648,2.065216064453125,1.111505150794983
146,824,GRID_006246,12.002893244804364,75.9980825181496,0.8189000000000001,0.0625,1,19.266900634765648,2.065216064453125,1.111505150794983
37,850,GRID_006247,12.002893244804364,76.0080825181496,0.7289,0.0625,2,19.266900634765648,2.065216064453125,1.111505150794983
87,821,GRID_006248,12.002893244804364,76.01808251814961,0.7739,0.0625,2,19.266900634765648,2.065216064453125,1.111505150794983
333,867,GRID_006249,12.002893244804364,76.02808251814962,0.8462000000000001,0.0625,3,19.266900634765648,2.065216064453125,1.111505150794983
137,62,GRID_006250,12.012893244804363,75.73808251814947,0.8071,0.4375,2,21.666894531250023,0.36521607637405396,0.9115051627159119
356,81,GRID_006251,12.012893244804363,75.74808251814947,0.8258000000000001,0.4375,4,21.666894531250023,0.36521607637405396,0.9115051627159119
10,147,GRID_006252,12.012893244804363,75.75808251814948,0.8377,0.4375,8,21.666894531250023,0.36521607637405396,0.9115051627159119
209,239,GRID_006253,12.012893244804363,75.76808251814948,0.8426,0.4375,18,21.666894531250023,0.36521607637405396,0.9115051627159119
192,342,GRID_006254,12.012893244804363,75.77808251814949,0.8426,0.4375,19,21.666894531250023,0.36521607637405396,0.9115051627159119
272,541,GRID_006255,12.012893244804363,75.7880825181495,0.6819000000000001,0.4375,16,21.666894531250023,0.36521607637405396,0.9115051627159119
113,849,GRID_006256,12.012893244804363,75.96808251814959,0.8372,0.0625,1,19.266900634765648,2.065216064453125,1.111505150794983
70,857,GRID_006257,12.012893244804363,75.9980825181496,0.7538,0.0625,2,19.266900634765648,2.065216064453125,1.111505150794983
223,844,GRID_006258,12.012893244804363,76.0080825181496,0.8491000000000001,0.0625,5,19.266900634765648,2.065216064453125,1.111505150794983
90,818,GRID_006259,12.012893244804363,76.01808251814961,0.7674000000000001,0.0625,1,19.266900634765648,2.065216064453125,1.111505150794983
6,860,GRID_006260,12.012893244804363,76.02808251814962,0.6752,0.0625,2,19.266900634765648,2.065216064453125,1.111505150794983
60,55,GRID_006261,12.022893244804363,75.67808251814944,0.8174,0.4375,4,21.666894531250023,0.36521607637405396,0.9115051627159119
190,91,GRID_006262,12.022893244804363,75.74808251814947,0.8248000000000001,0.4375,5,21.666894531250023,0.36521607637405396,0.9115051627159119
148,186,GRID_006263,12.022893244804363,75.75808251814948,0.8718,0.4375,14,21.666894531250023,0.36521607637405396,0.9115051627159119
311,486,GRID_006264,12.022893244804363,75.76808251814948,0.5233,0.4375,20,21.666894531250023,0.36521607637405396,0.9115051627159119
161,828,GRID_006265,12.022893244804363,75.9980825181496,0.781,0.0625,4,19.266900634765648,2.065216064453125,1.111505150794983
71,851,GRID_006266,12.022893244804363,76.0080825181496,0.8299000000000001,0.0625,3,19.266900634765648,2.065216064453125,1.111505150794983
208,842,GRID_006267,12.022893244804363,76.01808251814961,0.8401000000000001,0.0625,4,19.266900634765648,2.065216064453125,1.111505150794983
209,838,GRID_006268,12.022893244804363,76.02808251814962,0.8156,0.0625,2,19.266900634765648,2.065216064453125,1.111505150794983
321,81,GRID_006269,12.032893244804365,75.74808251814947,0.8091,0.4375,1,21.666894531250023,0.36521607637405396,0.9115051627159119
199,159,GRID_006270,12.032893244804365,75.75808251814948,0.8453,0.4375,10,21.666894531250023,0.36521607637405396,0.9115051627159119
162,246,GRID_006271,12.032893244804365,75.76808251814948,0.8641000000000001,0.4375,20,21.666894531250023,0.36521607637405396,0.9115051627159119
29,835,GRID_006272,12.032893244804365,76.02808251814962,0.8086,0.0625,3,19.266900634765648,2.065216064453125,1.111505150794983
298,108,GRID_006273,12.042893244804365,75.75808251814948,0.8244,0.4375,6,21.666894531250023,0.36521607637405396,0.9115051627159119
285,43,GRID_006274,12.052893244804364,75.72808251814946,0.7969,0.4375,1,21.666894531250023,0.36521607637405396,0.9115051627159119
326,51,GRID_006275,12.052893244804364,75.73808251814947,0.8325,0.4375,3,21.666894531250023,0.36521607637405396,0.9115051627159119
252,101,GRID_006276,12.052893244804364,75.74808251814947,0.8400000000000001,0.4375,7,21.666894531250023,0.36521607637405396,0.9115051627159119
188,72,GRID_006277,12.062893244804364,75.72808251814946,0.8472000000000001,0.4375,12,21.666894531250023,0.36521607637405396,0.9115051627159119
236,136,GRID_006278,12.062893244804364,75.73808251814947,0.8053,0.4375,7,21.666894531250023,0.36521607637405396,0.9115051627159119
356,129,GRID_006279,12.072893244804364,75.73808251814947,0.8164,0.4375,8,21.666894531250023,0.36521607637405396,0.9115051627159119
351,149,GRID_006280,12.072893244804364,75.74808251814947,0.8435,0.4375,13,21.666894531250023,0.36521607637405396,0.9115051627159119
109,88,GRID_006281,12.082893244804364,75.70808251814945,0.8407,0.4375,9,21.666894531250023,0.36521607637405396,0.9115051627159119
274,61,GRID_006282,12.082893244804364,75.71808251814946,0.8255,0.4375,3,21.666894531250023,0.36521607637405396,0.9115051627159119
322,122,GRID_006283,12.082893244804364,75.72808251814946,0.8265,0.4375,5,21.666894531250023,0.36521607637405396,0.9115051627159119
0,0,GRID_006284,12.092893244804364,75.12808251814916,,1.1875,0,25.166894531250023,3.6652162075042725,-0.3884948790073395
140,233,GRID_006285,12.092893244804364,75.70808251814945,0.8594,0.4375,14,21.666894531250023,0.36521607637405396,0.9115051627159119
169,85,GRID_006286,12.092893244804364,75.71808251814946,0.8554,0.4375,2,21.666894531250023,0.36521607637405396,0.9115051627159119
205,115,GRID_006287,12.092893244804364,75.72808251814946,0.8393,0.4375,2,21.666894531250023,0.36521607637405396,0.9115051627159119
164,415,GRID_006288,12.112893244804363,75.71808251814946,0.8570000000000001,0.4375,11,21.666894531250023,0.36521607637405396,0.9115051627159119
99,705,GRID_006289,12.122893244804365,75.70808251814945,0.2743,0.4375,18,21.666894531250023,0.36521607637405396,0.9115051627159119
126,442,GRID_006290,12.122893244804365,75.71808251814946,0.4511,0.4375,12,21.666894531250023,0.36521607637405396,0.9115051627159119
209,626,GRID_006291,12.132893244804364,75.71808251814946,0.1,0.4375,18,21.666894531250023,0.36521607637405396,0.9115051627159119
110,165,GRID_006292,12.142893244804362,75.63808251814942,0.8209000000000001,0.4375,1,21.666894531250023,0.36521607637405396,0.9115051627159119
144,540,GRID_006293,12.142893244804362,75.68808251814944,0.2137,0.4375,18,21.666894531250023,0.36521607637405396,0.9115051627159119
237,835,GRID_006294,12.142893244804362,75.69808251814945,0.48090000000000005,0.4375,11,21.666894531250023,0.36521607637405396,0.9115051627159119
160,517,GRID_006295,12.162893244804362,75.54808251814937,0.3094,0.9375,22,23.066888427734398,0.4652160704135895,-0.3884948790073395
172,712,GRID_006296,12.172893244804362,75.53808251814937,0.2939,0.9375,31,23.066888427734398,0.4652160704135895,-0.3884948790073395
187,864,GRID_006297,12.172893244804362,75.54808251814937,0.1237,0.9375,29,23.066888427734398,0.4652160704135895,-0.3884948790073395
245,314,GRID_006298,12.20289324480436,75.53808251814937,0.8225,0.9375,5,23.066888427734398,0.4652160704135895,-0.3884948790073395
228,469,GRID_006299,12.20289324480436,75.54808251814937,0.7913,0.9375,16,23.066888427734398,0.4652160704135895,-0.3884948790073395
253,61,GRID_006300,12.21289324480436,75.3980825181493,0.8075,0.625,3,21.066888427734398,0.9652161002159119,-0.3884948790073395
202,549,GRID_006301,12.21289324480436,75.53808251814937,0.8323,0.625,21,21.066888427734398,0.9652161002159119,-0.3884948790073395
245,247,GRID_006302,12.22289324480436,75.4180825181493,0.8178000000000001,0.625,15,21.066888427734398,0.9652161002159119,-0.3884948790073395
194,214,GRID_006303,12.23289324480436,75.36808251814928,0.7208,0.875,8,23.466912841796898,0.36521607637405396,-0.28849488496780396
244,439,GRID_006304,12.23289324480436,75.4180825181493,0.8188000000000001,0.625,20,21.066888427734398,0.9652161002159119,-0.3884948790073395
130,163,GRID_006305,12.23289324480436,75.49808251814935,0.8414,0.625,13,21.066888427734398,0.9652161002159119,-0.3884948790073395
54,364,GRID_006306,12.24289324480436,75.4180825181493,0.4031,0.625,26,21.066888427734398,0.9652161002159119,-0.3884948790073395
85,531,GRID_006307,12.24289324480436,75.44808251814932,0.8664000000000001,0.625,27,21.066888427734398,0.9652161002159119,-0.3884948790073395
74,108,GRID_006308,12.24289324480436,75.47808251814934,0.7849,0.625,8,21.066888427734398,0.9652161002159119,-0.3884948790073395
324,149,GRID_006309,12.25289324480436,75.3980825181493,0.8473,0.625,12,21.066888427734398,0.9652161002159119,-0.3884948790073395
14,166,GRID_006310,12.25289324480436,75.4080825181493,0.7909,0.625,17,21.066888427734398,0.9652161002159119,-0.3884948790073395
193,140,GRID_006311,12.25289324480436,75.4180825181493,0.771,0.625,7,21.066888427734398,0.9652161002159119,-0.3884948790073395
237,179,GRID_006312,12.25289324480436,75.42808251814931,0.5236000000000001,0.625,4,21.066888427734398,0.9652161002159119,-0.3884948790073395
264,412,GRID_006313,12.25289324480436,75.43808251814932,0.8559,0.625,8,21.066888427734398,0.9652161002159119,-0.3884948790073395
34,411,GRID_006314,12.25289324480436,75.45808251814933,0.7357,0.625,20,21.066888427734398,0.9652161002159119,-0.3884948790073395
86,225,GRID_006315,12.25289324480436,75.46808251814933,0.5474,0.625,7,21.066888427734398,0.9652161002159119,-0.3884948790073395
229,512,GRID_006316,12.26289324480436,75.44808251814932,0.20120000000000002,0.625,13,21.066888427734398,0.9652161002159119,-0.3884948790073395
196,475,GRID_006317,12.26289324480436,75.45808251814933,0.6167,0.625,25,21.066888427734398,0.9652161002159119,-0.3884948790073395
322,223,GRID_006318,12.27289324480436,75.38808251814929,0.6625,0.625,9,21.066888427734398,0.9652161002159119,-0.3884948790073395
20,353,GRID_006319,12.27289324480436,75.3980825181493,0.6937,0.625,14,21.066888427734398,0.9652161002159119,-0.3884948790073395
341,151,GRID_006320,12.28289324480436,75.38808251814929,0.6705,0.625,7,21.066888427734398,0.9652161002159119,-0.3884948790073395
352,113,GRID_006321,12.28289324480436,75.3980825181493,0.7765000000000001,0.625,9,21.066888427734398,0.9652161002159119,-0.3884948790073395
328,200,GRID_006322,12.28289324480436,75.4080825181493,0.8182,0.625,12,21.066888427734398,0.9652161002159119,-0.3884948790073395
337,120,GRID_006323,12.28289324480436,75.4180825181493,0.8397,0.625,6,21.066888427734398,0.9652161002159119,-0.3884948790073395
22,182,GRID_006324,12.28289324480436,75.42808251814931,0.8391000000000001,0.625,9,21.066888427734398,0.9652161002159119,-0.3884948790073395
8,218,GRID_006325,12.28289324480436,75.43808251814932,0.8486,0.625,12,21.066888427734398,0.9652161002159119,-0.3884948790073395
90,71,GRID_006326,12.29289324480436,75.36808251814928,0.6771,0.875,6,23.466912841796898,0.36521607637405396,-0.28849488496780396
270,62,GRID_006327,12.29289324480436,75.38808251814929,0.4894,0.625,0,21.066888427734398,0.9652161002159119,-0.3884948790073395
53,62,GRID_006328,12.29289324480436,75.3980825181493,0.8272,0.625,1,21.066888427734398,0.9652161002159119,-0.3884948790073395
10,79,GRID_006329,12.29289324480436,75.4080825181493,0.6668000000000001,0.625,3,21.066888427734398,0.9652161002159119,-0.3884948790073395
339,125,GRID_006330,12.29289324480436,75.44808251814932,0.8208000000000001,0.625,6,21.066888427734398,0.9652161002159119,-0.3884948790073395
322,75,GRID_006331,12.30289324480436,75.32808251814926,0.6963,0.875,5,23.466912841796898,0.36521607637405396,-0.28849488496780396
234,171,GRID_006332,12.30289324480436,75.33808251814926,0.8295,0.875,2,23.466912841796898,0.36521607637405396,-0.28849488496780396
206,97,GRID_006333,12.30289324480436,75.36808251814928,0.8311000000000001,0.875,4,23.466912841796898,0.36521607637405396,-0.28849488496780396
298,68,GRID_006334,12.30289324480436,75.3980825181493,0.8152,0.625,1,21.066888427734398,0.9652161002159119,-0.3884948790073395
301,89,GRID_006335,12.30289324480436,75.42808251814931,0.8419000000000001,0.625,9,21.066888427734398,0.9652161002159119,-0.3884948790073395
254,256,GRID_006336,12.30289324480436,75.43808251814932,0.8565,0.625,5,21.066888427734398,0.9652161002159119,-0.3884948790073395
149,115,GRID_006337,12.31289324480436,75.30808251814925,0.9133,0.875,9,23.466912841796898,0.36521607637405396,-0.28849488496780396
299,97,GRID_006338,12.31289324480436,75.31808251814925,0.8053,0.875,3,23.466912841796898,0.36521607637405396,-0.28849488496780396
49,153,GRID_006339,12.31289324480436,75.35808251814927,0.5856,0.875,4,23.466912841796898,0.36521607637405396,-0.28849488496780396
298,171,GRID_006340,12.31289324480436,75.36808251814928,0.7909,0.875,6,23.466912841796898,0.36521607637405396,-0.28849488496780396
208,184,GRID_006341,12.31289324480436,75.4180825181493,0.8228000000000001,0.625,14,21.066888427734398,0.9652161002159119,-0.3884948790073395
328,102,GRID_006342,12.31289324480436,75.43808251814932,0.7033,0.625,13,21.066888427734398,0.9652161002159119,-0.3884948790073395
263,273,GRID_006343,12.32289324480436,75.36808251814928,0.43160000000000004,0.875,16,23.466912841796898,0.36521607637405396,-0.28849488496780396
181,131,GRID_006344,12.32289324480436,75.38808251814929,0.8632000000000001,0.625,11,21.066888427734398,0.9652161002159119,-0.3884948790073395
131,400,GRID_006345,12.32289324480436,75.4180825181493,0.3805,0.625,15,21.066888427734398,0.9652161002159119,-0.3884948790073395
93,322,GRID_006346,12.332893244804358,75.34808251814927,0.8988,0.875,3,23.466912841796898,0.36521607637405396,-0.28849488496780396
301,57,GRID_006347,12.342893244804358,75.30808251814925,0.8218000000000001,0.875,3,23.466912841796898,0.36521607637405396,-0.28849488496780396
330,146,GRID_006348,12.342893244804358,75.31808251814925,0.8194,0.875,9,23.466912841796898,0.36521607637405396,-0.28849488496780396
324,217,GRID_006349,12.342893244804358,75.32808251814926,0.7230000000000001,0.875,10,23.466912841796898,0.36521607637405396,-0.28849488496780396
27,428,GRID_006350,12.342893244804358,75.33808251814926,0.4873,0.875,12,23.466912841796898,0.36521607637405396,-0.28849488496780396
309,555,GRID_006351,12.342893244804358,75.34808251814927,0.6524,0.875,6,23.466912841796898,0.36521607637405396,-0.28849488496780396
42,281,GRID_006352,12.342893244804358,75.35808251814927,0.5065000000000001,0.875,21,23.466912841796898,0.36521607637405396,-0.28849488496780396
338,227,GRID_006353,12.342893244804358,75.36808251814928,0.3871,0.875,8,23.466912841796898,0.36521607637405396,-0.28849488496780396
113,426,GRID_006354,12.342893244804358,75.37808251814928,0.6336,0.625,6,21.066888427734398,0.9652161002159119,-0.3884948790073395
12,356,GRID_006355,12.342893244804358,75.38808251814929,0.8599,0.625,17,21.066888427734398,0.9652161002159119,-0.3884948790073395
140,170,GRID_006356,12.352893244804358,75.23808251814921,0.6066,0.875,5,23.466912841796898,0.36521607637405396,-0.28849488496780396
19,134,GRID_006357,12.352893244804358,75.35808251814927,0.6042000000000001,0.875,4,23.466912841796898,0.36521607637405396,-0.28849488496780396
274,221,GRID_006358,12.352893244804358,75.36808251814928,0.6496000000000001,0.875,22,23.466912841796898,0.36521607637405396,-0.28849488496780396
29,312,GRID_006359,12.352893244804358,75.37808251814928,0.8517,0.625,27,21.066888427734398,0.9652161002159119,-0.3884948790073395
252,443,GRID_006360,12.352893244804358,75.38808251814929,0.7220000000000001,0.625,19,21.066888427734398,0.9652161002159119,-0.3884948790073395
188,592,GRID_006361,12.352893244804358,75.3980825181493,0.49050000000000005,0.625,24,21.066888427734398,0.9652161002159119,-0.3884948790073395
274,709,GRID_006362,12.352893244804358,75.4080825181493,0.5348,0.625,9,21.066888427734398,0.9652161002159119,-0.3884948790073395
63,142,GRID_006363,12.362893244804358,75.34808251814927,0.8709,0.875,9,23.466912841796898,0.36521607637405396,-0.28849488496780396
81,121,GRID_006364,12.372893244804358,75.27808251814923,0.455,0.875,11,23.466912841796898,0.36521607637405396,-0.28849488496780396
179,89,GRID_006365,12.382893244804356,75.27808251814923,0.5381,0.875,5,23.466912841796898,0.36521607637405396,-0.28849488496780396
147,133,GRID_006366,12.392893244804355,75.19808251814919,0.48860000000000003,0.875,10,23.466912841796898,0.36521607637405396,-0.28849488496780396
260,240,GRID_006367,12.392893244804355,75.29808251814924,0.4723,0.875,7,23.466912841796898,0.36521607637405396,-0.28849488496780396
262,374,GRID_006368,12.402893244804355,75.28808251814924,0.1819,0.875,14,23.466912841796898,0.36521607637405396,-0.28849488496780396
348,136,GRID_006369,12.412893244804357,75.24808251814922,0.5112,0.875,8,23.466912841796898,0.36521607637405396,-0.28849488496780396
345,266,GRID_006370,12.412893244804357,75.26808251814923,0.21680000000000002,0.875,14,23.466912841796898,0.36521607637405396,-0.28849488496780396
341,484,GRID_006371,12.412893244804357,75.27808251814923,0.47450000000000003,0.875,12,23.466912841796898,0.36521607637405396,-0.28849488496780396
291,612,GRID_006372,12.412893244804357,75.28808251814924,0.44070000000000004,0.875,9,23.466912841796898,0.36521607637405396,-0.28849488496780396
63,403,GRID_006373,12.412893244804357,75.29808251814924,0.507,0.875,8,23.466912841796898,0.36521607637405396,-0.28849488496780396
343,682,GRID_006374,12.412893244804357,75.32808251814926,0.46130000000000004,0.875,18,23.466912841796898,0.36521607637405396,-0.28849488496780396
122,798,GRID_006375,12.412893244804357,75.33808251814926,0.2952,0.875,13,23.466912841796898,0.36521607637405396,-0.28849488496780396
124,74,GRID_006376,12.422893244804357,75.22808251814921,0.2751,0.875,2,23.466912841796898,0.36521607637405396,-0.28849488496780396
29,225,GRID_006377,12.422893244804357,75.26808251814923,0.5722,0.875,16,23.466912841796898,0.36521607637405396,-0.28849488496780396
249,270,GRID_006378,12.422893244804357,75.28808251814924,0.6926,0.875,11,23.466912841796898,0.36521607637405396,-0.28849488496780396
47,263,GRID_006379,12.422893244804357,75.29808251814924,0.8907,0.875,23,23.466912841796898,0.36521607637405396,-0.28849488496780396
38,789,GRID_006380,12.422893244804357,75.33808251814926,0.2534,0.875,19,23.466912841796898,0.36521607637405396,-0.28849488496780396
337,165,GRID_006381,12.432893244804356,75.23808251814921,0.8746,0.875,6,23.466912841796898,0.36521607637405396,-0.28849488496780396
259,92,GRID_006382,12.432893244804356,75.25808251814922,0.8578,0.875,7,23.466912841796898,0.36521607637405396,-0.28849488496780396
236,283,GRID_006383,12.432893244804356,75.30808251814925,0.9088,0.875,14,23.466912841796898,0.36521607637405396,-0.28849488496780396
32,324,GRID_006384,12.432893244804356,75.31808251814925,0.899,0.875,21,23.466912841796898,0.36521607637405396,-0.28849488496780396
358,362,GRID_006385,12.432893244804356,75.32808251814926,0.6236,0.875,16,23.466912841796898,0.36521607637405396,-0.28849488496780396
328,482,GRID_006386,12.432893244804356,75.33808251814926,0.6693,0.875,6,23.466912841796898,0.36521607637405396,-0.28849488496780396
305,204,GRID_006387,12.442893244804356,75.2180825181492,0.40090000000000003,0.875,1,23.466912841796898,0.36521607637405396,-0.28849488496780396
184,155,GRID_006388,12.442893244804356,75.23808251814921,0.8883000000000001,0.875,16,23.466912841796898,0.36521607637405396,-0.28849488496780396
253,474,GRID_006389,12.442893244804356,75.32808251814926,0.45890000000000003,0.875,15,23.466912841796898,0.36521607637405396,-0.28849488496780396
356,478,GRID_006390,12.442893244804356,75.33808251814926,0.8745,0.875,22,23.466912841796898,0.36521607637405396,-0.28849488496780396
141,211,GRID_006391,12.452893244804356,75.17808251814918,0.9393,0.875,14,23.466912841796898,0.36521607637405396,-0.28849488496780396
130,150,GRID_006392,12.452893244804356,75.22808251814921,0.8477,0.875,18,23.466912841796898,0.36521607637405396,-0.28849488496780396
335,125,GRID_006393,12.452893244804356,75.23808251814921,0.9251,0.875,13,23.466912841796898,0.36521607637405396,-0.28849488496780396
270,98,GRID_006394,12.452893244804356,75.28808251814924,0.8642000000000001,0.875,5,23.466912841796898,0.36521607637405396,-0.28849488496780396
17,132,GRID_006395,12.452893244804356,75.29808251814924,0.8379000000000001,0.875,1,23.466912841796898,0.36521607637405396,-0.28849488496780396
298,179,GRID_006396,12.462893244804356,75.14808251814917,0.5854,0.625,4,22.866906738281273,0.065216064453125,0.9115051627159119
259,231,GRID_006397,12.462893244804356,75.15808251814917,0.6239,0.625,2,22.866906738281273,0.065216064453125,0.9115051627159119
263,264,GRID_006398,12.462893244804356,75.16808251814918,0.5884,0.625,6,22.866906738281273,0.065216064453125,0.9115051627159119
121,164,GRID_006399,12.462893244804356,75.17808251814918,0.41600000000000004,0.625,7,22.866906738281273,0.065216064453125,0.9115051627159119
159,178,GRID_006400,12.462893244804356,75.25808251814922,0.8901,0.625,14,22.866906738281273,0.065216064453125,0.9115051627159119
180,125,GRID_006401,12.462893244804356,75.28808251814924,0.7583000000000001,0.625,11,22.866906738281273,0.065216064453125,0.9115051627159119
125,130,GRID_006402,12.462893244804356,75.29808251814924,0.9092,0.625,10,22.866906738281273,0.065216064453125,0.9115051627159119
314,88,GRID_006403,12.472893244804355,75.14808251814917,0.6108,0.625,4,22.866906738281273,0.065216064453125,0.9115051627159119
288,180,GRID_006404,12.472893244804355,75.15808251814917,0.35910000000000003,0.625,3,22.866906738281273,0.065216064453125,0.9115051627159119
38,188,GRID_006405,12.472893244804355,75.16808251814918,0.43460000000000004,0.625,4,22.866906738281273,0.065216064453125,0.9115051627159119
39,161,GRID_006406,12.472893244804355,75.17808251814918,0.7843,0.625,9,22.866906738281273,0.065216064453125,0.9115051627159119
31,217,GRID_006407,12.472893244804355,75.18808251814919,0.6388,0.625,7,22.866906738281273,0.065216064453125,0.9115051627159119
124,137,GRID_006408,12.472893244804355,75.22808251814921,0.8907,0.625,8,22.866906738281273,0.065216064453125,0.9115051627159119
281,221,GRID_006409,12.472893244804355,75.23808251814921,0.617,0.625,12,22.866906738281273,0.065216064453125,0.9115051627159119
57,173,GRID_006410,12.472893244804355,75.24808251814922,0.8926000000000001,0.625,10,22.866906738281273,0.065216064453125,0.9115051627159119
259,237,GRID_006411,12.472893244804355,75.26808251814923,0.8803000000000001,0.625,10,22.866906738281273,0.065216064453125,0.9115051627159119
62,193,GRID_006412,12.472893244804355,75.27808251814923,0.8679,0.625,9,22.866906738281273,0.065216064453125,0.9115051627159119
191,106,GRID_006413,12.472893244804355,75.28808251814924,0.8592000000000001,0.625,3,22.866906738281273,0.065216064453125,0.9115051627159119
140,78,GRID_006414,12.482893244804355,75.13808251814916,0.6923,0.625,12,22.866906738281273,0.065216064453125,0.9115051627159119
289,148,GRID_006415,12.482893244804355,75.19808251814919,0.5424,0.625,6,22.866906738281273,0.065216064453125,0.9115051627159119
238,199,GRID_006416,12.482893244804355,75.2080825181492,0.5474,0.625,3,22.866906738281273,0.065216064453125,0.9115051627159119
340,221,GRID_006417,12.482893244804355,75.2180825181492,0.5435,0.625,4,22.866906738281273,0.065216064453125,0.9115051627159119
276,164,GRID_006418,12.482893244804355,75.22808251814921,0.7254,0.625,8,22.866906738281273,0.065216064453125,0.9115051627159119
126,131,GRID_006419,12.482893244804355,75.23808251814921,0.8696,0.625,4,22.866906738281273,0.065216064453125,0.9115051627159119
319,138,GRID_006420,12.482893244804355,75.24808251814922,0.8279000000000001,0.625,2,22.866906738281273,0.065216064453125,0.9115051627159119
353,216,GRID_006421,12.482893244804355,75.25808251814922,0.8228000000000001,0.625,6,22.866906738281273,0.065216064453125,0.9115051627159119
30,271,GRID_006422,12.482893244804355,75.26808251814923,0.7089000000000001,0.625,7,22.866906738281273,0.065216064453125,0.9115051627159119
28,124,GRID_006423,12.492893244804357,75.13808251814916,0.7231000000000001,0.625,6,22.866906738281273,0.065216064453125,0.9115051627159119
68,140,GRID_006424,12.492893244804357,75.2080825181492,0.8579,0.625,8,22.866906738281273,0.065216064453125,0.9115051627159119
175,109,GRID_006425,12.492893244804357,75.2180825181492,0.6572,0.625,3,22.866906738281273,0.065216064453125,0.9115051627159119
358,117,GRID_006426,12.492893244804357,75.22808251814921,0.8323,0.625,3,22.866906738281273,0.065216064453125,0.9115051627159119
51,179,GRID_006427,12.492893244804357,75.23808251814921,0.8492000000000001,0.625,1,22.866906738281273,0.065216064453125,0.9115051627159119
322,189,GRID_006428,12.492893244804357,75.24808251814922,0.8084,0.625,1,22.866906738281273,0.065216064453125,0.9115051627159119
184,162,GRID_006429,12.492893244804357,75.26808251814923,0.7782,0.625,5,22.866906738281273,0.065216064453125,0.9115051627159119
186,172,GRID_006430,12.492893244804357,75.27808251814923,0.8029000000000001,0.625,3,22.866906738281273,0.065216064453125,0.9115051627159119
254,212,GRID_006431,12.492893244804357,75.28808251814924,0.6965,0.625,7,22.866906738281273,0.065216064453125,0.9115051627159119
59,66,GRID_006432,12.502893244804357,75.15808251814917,0.8408,0.625,4,22.866906738281273,0.065216064453125,0.9115051627159119
349,81,GRID_006433,12.502893244804357,75.2080825181492,0.8479,0.625,3,22.866906738281273,0.065216064453125,0.9115051627159119
197,160,GRID_006434,12.502893244804357,75.23808251814921,0.6797000000000001,0.625,2,22.866906738281273,0.065216064453125,0.9115051627159119
189,168,GRID_006435,12.502893244804357,75.24808251814922,0.7734000000000001,0.625,4,22.866906738281273,0.065216064453125,0.9115051627159119
153,175,GRID_006436,12.502893244804357,75.25808251814922,0.8468,0.625,3,22.866906738281273,0.065216064453125,0.9115051627159119
103,189,GRID_006437,12.502893244804357,75.26808251814923,0.8341000000000001,0.625,2,22.866906738281273,0.065216064453125,0.9115051627159119
15,143,GRID_006438,12.502893244804357,75.27808251814923,0.8065,0.625,6,22.866906738281273,0.065216064453125,0.9115051627159119
317,137,GRID_006439,12.502893244804357,75.28808251814924,0.8051,0.625,2,22.866906738281273,0.065216064453125,0.9115051627159119
53,172,GRID_006440,12.512893244804356,75.24808251814922,0.686,0.625,14,22.866906738281273,0.065216064453125,0.9115051627159119
6,162,GRID_006441,12.512893244804356,75.25808251814922,0.8829,0.625,11,22.866906738281273,0.065216064453125,0.9115051627159119
60,126,GRID_006442,12.512893244804356,75.26808251814923,0.19460000000000002,0.625,4,22.866906738281273,0.065216064453125,0.9115051627159119
276,123,GRID_006443,12.512893244804356,75.27808251814923,0.7013,0.625,1,22.866906738281273,0.065216064453125,0.9115051627159119
320,134,GRID_006444,12.512893244804356,75.28808251814924,0.3855,0.625,3,22.866906738281273,0.065216064453125,0.9115051627159119
0,216,GRID_006445,12.512893244804356,75.31808251814925,0.6232,0.625,5,22.866906738281273,0.065216064453125,0.9115051627159119
353,102,GRID_006446,12.522893244804354,75.17808251814918,0.37070000000000003,0.625,11,22.866906738281273,0.065216064453125,0.9115051627159119
180,105,GRID_006447,12.522893244804354,75.24808251814922,0.5394,0.625,1,22.866906738281273,0.065216064453125,0.9115051627159119
213,144,GRID_006448,12.522893244804354,75.25808251814922,0.6496000000000001,0.625,7,22.866906738281273,0.065216064453125,0.9115051627159119
245,292,GRID_006449,12.522893244804354,75.26808251814923,0.2293,0.625,7,22.866906738281273,0.065216064453125,0.9115051627159119
254,270,GRID_006450,12.522893244804354,75.28808251814924,0.34490000000000004,0.625,7,22.866906738281273,0.065216064453125,0.9115051627159119
89,228,GRID_006451,12.522893244804354,75.31808251814925,0.4047,0.625,7,22.866906738281273,0.065216064453125,0.9115051627159119
306,179,GRID_006452,12.522893244804354,75.32808251814926,0.5279,0.625,8,22.866906738281273,0.065216064453125,0.9115051627159119
304,167,GRID_006453,12.522893244804354,75.33808251814926,0.6441,0.625,3,22.866906738281273,0.065216064453125,0.9115051627159119
306,305,GRID_006454,12.532893244804354,75.24808251814922,0.8426,0.625,2,22.866906738281273,0.065216064453125,0.9115051627159119
167,350,GRID_006455,12.532893244804354,75.25808251814922,0.6023000000000001,0.625,5,22.866906738281273,0.065216064453125,0.9115051627159119
71,137,GRID_006456,12.532893244804354,75.32808251814926,0.35850000000000004,0.625,2,22.866906738281273,0.065216064453125,0.9115051627159119
203,173,GRID_006457,12.532893244804354,75.33808251814926,0.3962,0.625,2,22.866906738281273,0.065216064453125,0.9115051627159119
25,205,GRID_006458,12.532893244804354,75.34808251814927,0.6549,0.625,5,22.866906738281273,0.065216064453125,0.9115051627159119
4,228,GRID_006459,12.542893244804354,75.25808251814922,0.6147,0.625,17,22.866906738281273,0.065216064453125,0.9115051627159119
44,164,GRID_006460,12.542893244804354,75.29808251814924,0.8285,0.625,7,22.866906738281273,0.065216064453125,0.9115051627159119
321,147,GRID_006461,12.542893244804354,75.30808251814925,0.7924,0.625,1,22.866906738281273,0.065216064453125,0.9115051627159119
1,203,GRID_006462,12.542893244804354,75.31808251814925,0.8380000000000001,0.625,10,22.866906738281273,0.065216064453125,0.9115051627159119
324,118,GRID_006463,12.542893244804354,75.32808251814926,0.6789000000000001,0.625,3,22.866906738281273,0.065216064453125,0.9115051627159119
24,134,GRID_006464,12.542893244804354,75.33808251814926,0.49920000000000003,0.625,8,22.866906738281273,0.065216064453125,0.9115051627159119
254,91,GRID_006465,12.552893244804354,75.05808251814912,0.5077,1.1875,1,25.866906738281273,4.965216159820557,0.21150512993335724
270,108,GRID_006466,12.552893244804354,75.06808251814913,0.8309000000000001,1.1875,1,25.866906738281273,4.965216159820557,0.21150512993335724
186,132,GRID_006467,12.552893244804354,75.25808251814922,0.24830000000000002,0.625,6,22.866906738281273,0.065216064453125,0.9115051627159119
43,90,GRID_006468,12.552893244804354,75.29808251814924,0.4864,0.625,2,22.866906738281273,0.065216064453125,0.9115051627159119
16,94,GRID_006469,12.552893244804354,75.30808251814925,0.4268,0.625,1,22.866906738281273,0.065216064453125,0.9115051627159119
187,97,GRID_006470,12.552893244804354,75.31808251814925,0.5633,0.625,4,22.866906738281273,0.065216064453125,0.9115051627159119
207,116,GRID_006471,12.552893244804354,75.32808251814926,0.8318000000000001,0.625,0,22.866906738281273,0.065216064453125,0.9115051627159119
226,118,GRID_006472,12.552893244804354,75.34808251814927,0.8386,0.625,0,22.866906738281273,0.065216064453125,0.9115051627159119
185,76,GRID_006473,12.572893244804352,75.22808251814921,0.40750000000000003,0.625,3,22.866906738281273,0.065216064453125,0.9115051627159119
246,80,GRID_006474,12.582893244804351,75.06808251814913,0.9012,1.1875,4,25.866906738281273,4.965216159820557,0.21150512993335724
46,71,GRID_006475,12.582893244804351,75.08808251814914,0.5725,1.1875,2,25.866906738281273,4.965216159820557,0.21150512993335724
233,98,GRID_006476,12.582893244804351,75.09808251814914,0.7924,1.1875,2,25.866906738281273,4.965216159820557,0.21150512993335724
81,95,GRID_006477,12.582893244804351,75.10808251814915,0.5391,1.1875,4,25.866906738281273,4.965216159820557,0.21150512993335724
8,54,GRID_006478,12.582893244804351,75.11808251814915,0.5616,1.1875,2,25.866906738281273,4.965216159820557,0.21150512993335724
252,173,GRID_006479,12.582893244804351,75.15808251814917,0.2707,0.625,5,22.866906738281273,0.065216064453125,0.9115051627159119
47,107,GRID_006480,12.582893244804351,75.16808251814918,0.6886,0.625,5,22.866906738281273,0.065216064453125,0.9115051627159119
30,83,GRID_006481,12.582893244804351,75.17808251814918,0.8587,0.625,2,22.866906738281273,0.065216064453125,0.9115051627159119
285,154,GRID_006482,12.582893244804351,75.18808251814919,0.879,0.625,10,22.866906738281273,0.065216064453125,0.9115051627159119
304,193,GRID_006483,12.582893244804351,75.19808251814919,0.526,0.625,1,22.866906738281273,0.065216064453125,0.9115051627159119
355,90,GRID_006484,12.582893244804351,75.22808251814921,0.8564,0.625,3,22.866906738281273,0.065216064453125,0.9115051627159119
201,80,GRID_006485,12.592893244804351,75.08808251814914,0.8241,1.1875,4,25.866906738281273,4.965216159820557,0.21150512993335724
340,72,GRID_006486,12.592893244804351,75.10808251814915,0.6095,1.1875,1,25.866906738281273,4.965216159820557,0.21150512993335724
227,62,GRID_006487,12.592893244804351,75.11808251814915,0.5327000000000001,1.1875,3,25.866906738281273,4.965216159820557,0.21150512993335724
338,72,GRID_006488,12.592893244804351,75.13808251814916,0.6433,0.625,1,22.866906738281273,0.065216064453125,0.9115051627159119
10,95,GRID_006489,12.592893244804351,75.14808251814917,0.44220000000000004,0.625,3,22.866906738281273,0.065216064453125,0.9115051627159119
0,73,GRID_006490,12.592893244804351,75.15808251814917,0.41150000000000003,0.625,2,22.866906738281273,0.065216064453125,0.9115051627159119
204,74,GRID_006491,12.592893244804351,75.16808251814918,0.5308,0.625,4,22.866906738281273,0.065216064453125,0.9115051627159119
149,88,GRID_006492,12.592893244804351,75.17808251814918,0.2735,0.625,2,22.866906738281273,0.065216064453125,0.9115051627159119
316,100,GRID_006493,12.592893244804351,75.18808251814919,0.6763,0.625,3,22.866906738281273,0.065216064453125,0.9115051627159119
351,112,GRID_006494,12.592893244804351,75.19808251814919,0.6109,0.625,4,22.866906738281273,0.065216064453125,0.9115051627159119
355,72,GRID_006495,12.602893244804353,75.09808251814914,0.8207,1.1875,4,25.866906738281273,4.965216159820557,0.21150512993335724
172,52,GRID_006496,12.602893244804353,75.10808251814915,0.7752,1.1875,2,25.866906738281273,4.965216159820557,0.21150512993335724
164,52,GRID_006497,12.602893244804353,75.11808251814915,0.8036000000000001,1.1875,3,25.866906738281273,4.965216159820557,0.21150512993335724
151,75,GRID_006498,12.602893244804353,75.14808251814917,0.7707,0.625,5,22.866906738281273,0.065216064453125,0.9115051627159119
195,97,GRID_006499,12.602893244804353,75.15808251814917,0.3642,0.625,5,22.866906738281273,0.065216064453125,0.9115051627159119
197,80,GRID_006500,12.602893244804353,75.16808251814918,0.34950000000000003,0.625,3,22.866906738281273,0.065216064453125,0.9115051627159119
254,101,GRID_006501,12.602893244804353,75.17808251814918,0.4698,0.625,2,22.866906738281273,0.065216064453125,0.9115051627159119
223,94,GRID_006502,12.602893244804353,75.18808251814919,0.44430000000000003,0.625,2,22.866906738281273,0.065216064453125,0.9115051627159119
206,124,GRID_006503,12.602893244804353,75.19808251814919,0.8528,0.625,5,22.866906738281273,0.065216064453125,0.9115051627159119
264,190,GRID_006504,12.612893244804352,75.11808251814915,0.2497,1.1875,7,25.866906738281273,4.965216159820557,0.21150512993335724
191,93,GRID_006505,12.612893244804352,75.18808251814919,0.3306,0.625,3,22.866906738281273,0.065216064453125,0.9115051627159119
322,97,GRID_006506,12.612893244804352,75.19808251814919,0.45470000000000005,0.625,2,22.866906738281273,0.065216064453125,0.9115051627159119
159,83,GRID_006507,12.622893244804352,75.09808251814914,0.5639000000000001,1.1875,6,25.866906738281273,4.965216159820557,0.21150512993335724
125,103,GRID_006508,12.622893244804352,75.19808251814919,0.561,0.625,4,22.866906738281273,0.065216064453125,0.9115051627159119
138,236,GRID_006509,12.632893244804352,75.2080825181492,0.8947,0.625,15,22.866906738281273,0.065216064453125,0.9115051627159119
309,119,GRID_006510,12.642893244804352,75.19808251814919,0.4434,0.625,3,22.866906738281273,0.065216064453125,0.9115051627159119
357,139,GRID_006511,12.642893244804352,75.2080825181492,0.8946000000000001,0.625,10,22.866906738281273,0.065216064453125,0.9115051627159119
117,142,GRID_006512,12.642893244804352,75.2180825181492,0.86,0.625,5,22.866906738281273,0.065216064453125,0.9115051627159119
158,110,GRID_006513,12.642893244804352,75.22808251814921,0.782,0.625,4,22.866906738281273,0.065216064453125,0.9115051627159119
34,84,GRID_006514,12.642893244804352,75.23808251814921,0.8490000000000001,0.625,3,22.866906738281273,0.065216064453125,0.9115051627159119
204,96,GRID_006515,12.642893244804352,75.24808251814922,0.8347,0.625,4,22.866906738281273,0.065216064453125,0.9115051627159119
334,102,GRID_006516,12.652893244804352,75.18808251814919,0.7879,0.625,2,22.866906738281273,0.065216064453125,0.9115051627159119
22,80,GRID_006517,12.652893244804352,75.19808251814919,0.4767,0.625,2,22.866906738281273,0.065216064453125,0.9115051627159119
46,75,GRID_006518,12.652893244804352,75.2080825181492,0.903,0.625,0,22.866906738281273,0.065216064453125,0.9115051627159119
0,98,GRID_006519,12.652893244804352,75.22808251814921,0.8145,0.625,1,22.866906738281273,0.065216064453125,0.9115051627159119
116,89,GRID_006520,12.652893244804352,75.23808251814921,0.8458,0.625,3,22.866906738281273,0.065216064453125,0.9115051627159119
278,97,GRID_006521,12.652893244804352,75.24808251814922,0.8248000000000001,0.625,6,22.866906738281273,0.065216064453125,0.9115051627159119
46,76,GRID_006522,12.662893244804351,75.22808251814921,0.8112,0.625,1,22.866906738281273,0.065216064453125,0.9115051627159119
