grid_id,lat,lon,fire_prob,severity,temperature,ndvi,forecast_date
GRID_000000,8.382893244804443,76.9780825181501,2.0062212e-06,LOW,26.956658935546898,0.825538478093774,2026-09-29 02:33
GRID_000001,8.392893244804442,76.9680825181501,2.0070822e-06,LOW,26.956658935546898,0.825538478093774,2026-09-29 02:33
GRID_000002,8.392893244804442,76.9780825181501,2.0031825e-06,LOW,26.956658935546898,0.825538478093774,2026-09-29 02:33
GRID_000003,8.402893244804442,76.9780825181501,1.6070973e-06,LOW,26.956658935546898,0.6199,2026-09-29 02:33
GRID_000004,8.54289324480444,77.1580825181502,0.0026415584,LOW,23.356652832031276,0.8270000000000001,2026-09-29 02:33
GRID_000005,8.552893244804439,77.1580825181502,0.004011346,LOW,23.356652832031276,0.7899,2026-09-29 02:33
GRID_000006,8.552893244804439,77.1680825181502,0.0025665096,LOW,23.356652832031276,0.8693000000000001,2026-09-29 02:33
GRID_000007,8.562893244804439,77.14808251815019,0.0025787724,LOW,23.356652832031276,0.8627,2026-09-29 02:33
GRID_000008,8.562893244804439,77.1580825181502,0.0025619387,LOW,23.356652832031276,0.8706,2026-09-29 02:33
GRID_000009,8.572893244804439,77.10808251815017,6.695571e-06,LOW,24.756646728515648,0.8498,2026-09-29 02:33
GRID_000010,8.572893244804439,77.13808251815018,0.0026620463,LOW,23.356652832031276,0.8155,2026-09-29 02:33
GRID_000011,8.572893244804439,77.14808251815019,0.002563946,LOW,23.356652832031276,0.8716,2026-09-29 02:33
GRID_000012,8.572893244804439,77.1580825181502,0.0025662216,LOW,23.356652832031276,0.8689,2026-09-29 02:33
GRID_000013,8.572893244804439,77.1680825181502,0.0025692964,LOW,23.356652832031276,0.8621000000000001,2026-09-29 02:33
GRID_000014,8.582893244804438,77.07808251815015,6.865399e-06,LOW,24.756646728515648,0.8109000000000001,2026-09-29 02:33
GRID_000015,8.582893244804438,77.10808251815017,1.38965115e-05,LOW,24.756646728515648,0.4381,2026-09-29 02:33
GRID_000016,8.582893244804438,77.11808251815017,6.7355663e-06,LOW,24.756646728515648,0.8414,2026-09-29 02:33
GRID_000017,8.582893244804438,77.12808251815018,0.0025689697,LOW,23.356652832031276,0.8683000000000001,2026-09-29 02:33
GRID_000018,8.582893244804438,77.13808251815018,0.0025469922,LOW,23.356652832031276,0.8807,2026-09-29 02:33
GRID_000019,8.582893244804438,77.14808251815019,0.002542636,LOW,23.356652832031276,0.8809,2026-09-29 02:33
GRID_000020,8.582893244804438,77.1580825181502,0.0025758636,LOW,23.356652832031276,0.8609,2026-09-29 02:33
GRID_000021,8.582893244804438,77.1680825181502,0.0025486948,LOW,23.356652832031276,0.8762000000000001,2026-09-29 02:33
GRID_000022,8.582893244804438,77.1780825181502,0.002524999,LOW,23.356652832031276,0.8852000000000001,2026-09-29 02:33
GRID_000023,8.592893244804438,77.06808251815015,5.703271e-06,LOW,24.756646728515648,0.7701,2026-09-29 02:33
GRID_000024,8.592893244804438,77.07808251815015,6.8367976e-06,LOW,24.756646728515648,0.8204,2026-09-29 02:33
GRID_000025,8.592893244804438,77.08808251815016,6.880149e-06,LOW,24.756646728515648,0.8119000000000001,2026-09-29 02:33
GRID_000026,8.592893244804438,77.09808251815016,6.6054454e-06,LOW,24.756646728515648,0.8767,2026-09-29 02:33
GRID_000027,8.592893244804438,77.10808251815017,6.653512e-06,LOW,24.756646728515648,0.8616,2026-09-29 02:33
GRID_000028,8.592893244804438,77.11808251815017,6.6098546e-06,LOW,24.756646728515648,0.879,2026-09-29 02:33
GRID_000029,8.592893244804438,77.12808251815018,0.002566901,LOW,23.356652832031276,0.8699,2026-09-29 02:33
GRID_000030,8.592893244804438,77.13808251815018,0.002577561,LOW,23.356652832031276,0.8629,2026-09-29 02:33
GRID_000031,8.592893244804438,77.14808251815019,0.0025406883,LOW,23.356652832031276,0.8856,2026-09-29 02:33
GRID_000032,8.592893244804438,77.1580825181502,0.0025903678,LOW,23.356652832031276,0.8553000000000001,2026-09-29 02:33
GRID_000033,8.592893244804438,77.1680825181502,0.0025422394,LOW,23.356652832031276,0.8843000000000001,2026-09-29 02:33
GRID_000034,8.592893244804438,77.1780825181502,0.0025571764,LOW,23.356652832031276,0.875,2026-09-29 02:33
GRID_000035,8.602893244804438,77.08808251815016,6.9130037e-06,LOW,24.756646728515648,0.8075,2026-09-29 02:33
GRID_000036,8.602893244804438,77.09808251815016,6.6707225e-06,LOW,24.756646728515648,0.8601000000000001,2026-09-29 02:33
GRID_000037,8.602893244804438,77.10808251815017,6.7144056e-06,LOW,24.756646728515648,0.8517,2026-09-29 02:33
GRID_000038,8.602893244804438,77.11808251815017,6.6139655e-06,LOW,24.756646728515648,0.8759,2026-09-29 02:33
GRID_000039,8.602893244804438,77.12808251815018,0.0026146574,LOW,23.356652832031276,0.8421000000000001,2026-09-29 02:33
GRID_000040,8.602893244804438,77.13808251815018,0.0025420072,LOW,23.356652832031276,0.8826,2026-09-29 02:33
GRID_000041,8.602893244804438,77.14808251815019,0.0025520609,LOW,23.356652832031276,0.8785000000000001,2026-09-29 02:33
GRID_000042,8.602893244804438,77.1580825181502,0.0025545473,LOW,23.356652832031276,0.8777,2026-09-29 02:33
GRID_000043,8.602893244804438,77.1680825181502,0.00255059,LOW,23.356652832031276,0.8777,2026-09-29 02:33
GRID_000044,8.602893244804438,77.1780825181502,0.0025439872,LOW,23.356652832031276,0.8822000000000001,2026-09-29 02:33
GRID_000045,8.612893244804438,77.08808251815016,1.6337615e-05,LOW,24.756646728515648,0.7316,2026-09-29 02:33
GRID_000046,8.612893244804438,77.09808251815016,6.84755e-06,LOW,24.756646728515648,0.8208000000000001,2026-09-29 02:33
GRID_000047,8.612893244804438,77.10808251815017,6.690432e-06,LOW,24.756646728515648,0.8531000000000001,2026-09-29 02:33
GRID_000048,8.612893244804438,77.12808251815018,0.0026867655,LOW,23.356652832031276,0.8025,2026-09-29 02:33
GRID_000049,8.612893244804438,77.13808251815018,0.0025623692,LOW,23.356652832031276,0.8729,2026-09-29 02:33
GRID_000050,8.612893244804438,77.14808251815019,0.0025548015,LOW,23.356652832031276,0.8756,2026-09-29 02:33
GRID_000051,8.612893244804438,77.1580825181502,0.0025762673,LOW,23.356652832031276,0.8625,2026-09-29 02:33
GRID_000052,8.622893244804438,77.06808251815015,7.1064233e-06,LOW,24.756646728515648,0.8062,2026-09-29 02:33
GRID_000053,8.622893244804438,77.07808251815015,7.1038858e-06,LOW,24.756646728515648,0.8102,2026-09-29 02:33
GRID_000054,8.622893244804438,77.12808251815018,0.004007907,LOW,23.356652832031276,0.7914,2026-09-29 02:33
GRID_000055,8.622893244804438,77.13808251815018,0.002638178,LOW,23.356652832031276,0.8286,2026-09-29 02:33
GRID_000056,8.622893244804438,77.14808251815019,0.32749242,LOW,23.356652832031276,0.5674,2026-09-29 02:33
GRID_000057,8.632893244804437,77.04808251815014,6.7241954e-06,LOW,24.756646728515648,0.8458,2026-09-29 02:33
GRID_000058,8.632893244804437,77.05808251815014,6.695694e-06,LOW,24.756646728515648,0.8567,2026-09-29 02:33
GRID_000059,8.632893244804437,77.06808251815015,6.620826e-06,LOW,24.756646728515648,0.8756,2026-09-29 02:33
GRID_000060,8.632893244804437,77.07808251815015,6.09156e-06,LOW,24.756646728515648,0.7549,2026-09-29 02:33
GRID_000061,8.632893244804437,77.08808251815016,6.7209085e-06,LOW,24.756646728515648,0.8498,2026-09-29 02:33
GRID_000062,8.632893244804437,77.09808251815016,6.689089e-06,LOW,24.756646728515648,0.8666,2026-09-29 02:33
GRID_000063,8.632893244804437,77.10808251815017,6.7049905e-06,LOW,24.756646728515648,0.8498,2026-09-29 02:33
GRID_000064,8.632893244804437,77.13808251815018,0.0025867985,LOW,23.356652832031276,0.8581000000000001,2026-09-29 02:33
GRID_000065,8.642893244804437,77.04808251815014,7.883621e-06,LOW,24.756646728515648,0.762,2026-09-29 02:33
GRID_000066,8.642893244804437,77.05808251815014,8.894894e-06,LOW,24.756646728515648,0.7925000000000001,2026-09-29 02:33
GRID_000067,8.642893244804437,77.07808251815015,6.7849433e-06,LOW,24.756646728515648,0.8519,2026-09-29 02:33
GRID_000068,8.642893244804437,77.08808251815016,6.6513e-06,LOW,24.756646728515648,0.8658,2026-09-29 02:33
GRID_000069,8.642893244804437,77.09808251815016,6.641696e-06,LOW,24.756646728515648,0.8682000000000001,2026-09-29 02:33
GRID_000070,8.642893244804437,77.10808251815017,6.564278e-06,LOW,24.756646728515648,0.8908,2026-09-29 02:33
GRID_000071,8.642893244804437,77.11808251815017,6.622977e-06,LOW,24.756646728515648,0.8866,2026-09-29 02:33
GRID_000072,8.642893244804437,77.12808251815018,0.0025518641,LOW,23.356652832031276,0.8748,2026-09-29 02:33
GRID_000073,8.642893244804437,77.13808251815018,0.0025661974,LOW,23.356652832031276,0.87,2026-09-29 02:33
GRID_000074,8.652893244804437,77.02808251815013,6.793878e-06,LOW,24.756646728515648,0.8285,2026-09-29 02:33
GRID_000075,8.652893244804437,77.03808251815013,6.7252604e-06,LOW,24.756646728515648,0.8485,2026-09-29 02:33
GRID_000076,8.652893244804437,77.04808251815014,6.8063396e-06,LOW,24.756646728515648,0.8324,2026-09-29 02:33
GRID_000077,8.652893244804437,77.05808251815014,6.738708e-06,LOW,24.756646728515648,0.8446,2026-09-29 02:33
GRID_000078,8.652893244804437,77.06808251815015,1.3111584e-05,LOW,24.756646728515648,0.7806000000000001,2026-09-29 02:33
GRID_000079,8.652893244804437,77.07808251815015,6.122178e-06,LOW,24.756646728515648,0.7519,2026-09-29 02:33
GRID_000080,8.652893244804437,77.08808251815016,6.747937e-06,LOW,24.756646728515648,0.8460000000000001,2026-09-29 02:33
GRID_000081,8.652893244804437,77.11808251815017,6.629125e-06,LOW,24.756646728515648,0.8883000000000001,2026-09-29 02:33
GRID_000082,8.652893244804437,77.12808251815018,0.0025517142,LOW,23.356652832031276,0.8755000000000001,2026-09-29 02:33
GRID_000083,8.652893244804437,77.13808251815018,0.0026400487,LOW,23.356652832031276,0.8269000000000001,2026-09-29 02:33
GRID_000084,8.662893244804437,77.02808251815013,6.9166917e-06,LOW,24.756646728515648,0.8221,2026-09-29 02:33
GRID_000085,8.662893244804437,77.03808251815013,6.751474e-06,LOW,24.756646728515648,0.8488,2026-09-29 02:33
GRID_000086,8.662893244804437,77.04808251815014,6.6799303e-06,LOW,24.756646728515648,0.8578,2026-09-29 02:33
GRID_000087,8.662893244804437,77.05808251815014,6.730109e-06,LOW,24.756646728515648,0.8476,2026-09-29 02:33
GRID_000088,8.662893244804437,77.07808251815015,6.732427e-06,LOW,24.756646728515648,0.8444,2026-09-29 02:33
GRID_000089,8.662893244804437,77.09808251815016,6.6560465e-06,LOW,24.756646728515648,0.8656,2026-09-29 02:33
GRID_000090,8.662893244804437,77.11808251815017,6.713632e-06,LOW,24.756646728515648,0.8948,2026-09-29 02:33
GRID_000091,8.662893244804437,77.13808251815018,0.0025271703,LOW,23.356652832031276,0.8908,2026-09-29 02:33
GRID_000092,8.672893244804436,76.9680825181501,6.66493e-06,LOW,24.756646728515648,0.8674000000000001,2026-09-29 02:33
GRID_000093,8.672893244804436,76.98808251815011,6.756746e-06,LOW,24.756646728515648,0.8455,2026-09-29 02:33
GRID_000094,8.672893244804436,77.03808251815013,6.694426e-06,LOW,24.756646728515648,0.8583000000000001,2026-09-29 02:33
GRID_000095,8.672893244804436,77.06808251815015,6.860152e-06,LOW,24.756646728515648,0.8151,2026-09-29 02:33
GRID_000096,8.672893244804436,77.07808251815015,7.8373e-06,LOW,24.756646728515648,0.7631,2026-09-29 02:33
GRID_000097,8.672893244804436,77.08808251815016,2.5172998e-05,LOW,24.756646728515648,0.7117,2026-09-29 02:33
GRID_000098,8.672893244804436,77.09808251815016,6.779086e-06,LOW,24.756646728515648,0.8352,2026-09-29 02:33
GRID_000099,8.682893244804436,77.05808251815014,0.004215059,LOW,23.656640625000023,0.8563000000000001,2026-09-29 02:33
GRID_000100,8.682893244804436,77.06808251815015,0.004234916,LOW,23.656640625000023,0.8468,2026-09-29 02:33
GRID_000101,8.682893244804436,77.07808251815015,0.004233052,LOW,23.656640625000023,0.8477,2026-09-29 02:33
GRID_000102,8.682893244804436,77.09808251815016,0.004193052,LOW,23.656640625000023,0.8654000000000001,2026-09-29 02:33
GRID_000103,8.682893244804436,77.11808251815017,0.004174822,LOW,23.656640625000023,0.8765000000000001,2026-09-29 02:33
GRID_000104,8.692893244804436,77.02808251815013,0.0043414184,LOW,23.656640625000023,0.7991,2026-09-29 02:33
GRID_000105,8.692893244804436,77.03808251815013,0.0042444533,LOW,23.656640625000023,0.8407,2026-09-29 02:33
GRID_000106,8.692893244804436,77.04808251815014,0.004232824,LOW,23.656640625000023,0.8471000000000001,2026-09-29 02:33
GRID_000107,8.692893244804436,77.05808251815014,0.0042560995,LOW,23.656640625000023,0.8368,2026-09-29 02:33
GRID_000108,8.692893244804436,77.06808251815015,0.0042537125,LOW,23.656640625000023,0.8380000000000001,2026-09-29 02:33
GRID_000109,8.692893244804436,77.07808251815015,0.004259588,LOW,23.656640625000023,0.8342,2026-09-29 02:33
GRID_000110,8.692893244804436,77.08808251815016,0.004162169,LOW,23.656640625000023,0.8794000000000001,2026-09-29 02:33
GRID_000111,8.692893244804436,77.09808251815016,0.0041842223,LOW,23.656640625000023,0.8723000000000001,2026-09-29 02:33
GRID_000112,8.692893244804436,77.11808251815017,0.004186613,LOW,23.656640625000023,0.8657,2026-09-29 02:33
GRID_000113,8.702893244804436,77.02808251815013,0.117506966,LOW,23.656640625000023,0.7815000000000001,2026-09-29 02:33
GRID_000114,8.702893244804436,77.03808251815013,0.0042200917,LOW,23.656640625000023,0.8524,2026-09-29 02:33
GRID_000115,8.702893244804436,77.04808251815014,0.004224522,LOW,23.656640625000023,0.8516,2026-09-29 02:33
GRID_000116,8.702893244804436,77.05808251815014,0.04523375,LOW,23.656640625000023,0.7908000000000001,2026-09-29 02:33
GRID_000117,8.702893244804436,77.06808251815015,0.004246723,LOW,23.656640625000023,0.8407,2026-09-29 02:33
GRID_000118,8.702893244804436,77.07808251815015,0.0042781536,LOW,23.656640625000023,0.8254,2026-09-29 02:33
GRID_000119,8.702893244804436,77.08808251815016,0.0042181793,LOW,23.656640625000023,0.8548,2026-09-29 02:33
GRID_000120,8.702893244804436,77.09808251815016,0.004229144,LOW,23.656640625000023,0.8475,2026-09-29 02:33
GRID_000121,8.702893244804436,77.10808251815017,0.004170759,LOW,23.656640625000023,0.8765000000000001,2026-09-29 02:33
GRID_000122,8.712893244804436,77.01808251815012,0.0042612087,LOW,23.656640625000023,0.8340000000000001,2026-09-29 02:33
GRID_000123,8.712893244804436,77.02808251815013,0.42131442,MODERATE,23.656640625000023,0.7352000000000001,2026-09-29 02:33
GRID_000124,8.712893244804436,77.03808251815013,0.004274399,LOW,23.656640625000023,0.8286,2026-09-29 02:33
GRID_000125,8.712893244804436,77.04808251815014,0.0042340076,LOW,23.656640625000023,0.8453,2026-09-29 02:33
GRID_000126,8.712893244804436,77.06808251815015,0.004227387,LOW,23.656640625000023,0.8495,2026-09-29 02:33
GRID_000127,8.712893244804436,77.07808251815015,0.0042139585,LOW,23.656640625000023,0.8571000000000001,2026-09-29 02:33
GRID_000128,8.712893244804436,77.08808251815016,0.0041570542,LOW,23.656640625000023,0.8865000000000001,2026-09-29 02:33
GRID_000129,8.712893244804436,77.09808251815016,0.004156219,LOW,23.656640625000023,0.8799,2026-09-29 02:33
GRID_000130,8.712893244804436,77.10808251815017,0.004143198,LOW,23.656640625000023,0.8875000000000001,2026-09-29 02:33
GRID_000131,8.722893244804435,76.92808251815008,0.004131401,LOW,23.656640625000023,0.8976000000000001,2026-09-29 02:33
GRID_000132,8.722893244804435,77.06808251815015,0.004208168,LOW,23.656640625000023,0.8594,2026-09-29 02:33
GRID_000133,8.722893244804435,77.07808251815015,0.004201321,LOW,23.656640625000023,0.8623000000000001,2026-09-29 02:33
GRID_000134,8.722893244804435,77.08808251815016,0.0041792104,LOW,23.656640625000023,0.8688,2026-09-29 02:33
GRID_000135,8.722893244804435,77.09808251815016,0.0041764537,LOW,23.656640625000023,0.8652000000000001,2026-09-29 02:33
GRID_000136,8.732893244804435,76.92808251815008,0.0041978215,LOW,23.656640625000023,0.8625,2026-09-29 02:33
GRID_000137,8.732893244804435,76.9680825181501,0.004206499,LOW,23.656640625000023,0.8583000000000001,2026-09-29 02:33
GRID_000138,8.732893244804435,77.00808251815012,0.004208307,LOW,23.656640625000023,0.8584,2026-09-29 02:33
GRID_000139,8.732893244804435,77.05808251815014,0.0042757527,LOW,23.656640625000023,0.8273,2026-09-29 02:33
GRID_000140,8.732893244804435,77.06808251815015,0.0042063463,LOW,23.656640625000023,0.8602000000000001,2026-09-29 02:33
GRID_000141,8.732893244804435,77.07808251815015,0.004162853,LOW,23.656640625000023,0.882,2026-09-29 02:33
GRID_000142,8.732893244804435,77.10808251815017,0.004226351,LOW,23.656640625000023,0.8361000000000001,2026-09-29 02:33
GRID_000143,8.742893244804435,76.91808251815007,0.004285586,LOW,23.656640625000023,0.8225,2026-09-29 02:33
GRID_000144,8.742893244804435,76.95808251815009,0.0042098006,LOW,23.656640625000023,0.8562000000000001,2026-09-29 02:33
GRID_000145,8.742893244804435,76.99808251815011,0.004207506,LOW,23.656640625000023,0.8594,2026-09-29 02:33
GRID_000146,8.742893244804435,77.03808251815013,0.004280081,LOW,23.656640625000023,0.8258000000000001,2026-09-29 02:33
GRID_000147,8.742893244804435,77.04808251815014,0.004298127,LOW,23.656640625000023,0.8173,2026-09-29 02:33
GRID_000148,8.742893244804435,77.05808251815014,0.0042679165,LOW,23.656640625000023,0.8308000000000001,2026-09-29 02:33
GRID_000149,8.742893244804435,77.06808251815015,0.0041781506,LOW,23.656640625000023,0.8741,2026-09-29 02:33
GRID_000150,8.742893244804435,77.08808251815016,0.004290256,LOW,23.656640625000023,0.8103,2026-09-29 02:33
GRID_000151,8.742893244804435,77.09808251815016,0.0041538137,LOW,23.656640625000023,0.8672000000000001,2026-09-29 02:33
GRID_000152,8.752893244804435,76.95808251815009,0.045228656,LOW,23.656640625000023,0.7924,2026-09-29 02:33
GRID_000153,8.752893244804435,76.9680825181501,0.0042705415,LOW,23.656640625000023,0.8291000000000001,2026-09-29 02:33
GRID_000154,8.752893244804435,77.00808251815012,0.0042114677,LOW,23.656640625000023,0.8574,2026-09-29 02:33
GRID_000155,8.752893244804435,77.02808251815013,0.0042420393,LOW,23.656640625000023,0.8415,2026-09-29 02:33
GRID_000156,8.752893244804435,77.03808251815013,0.0042364597,LOW,23.656640625000023,0.8455,2026-09-29 02:33
GRID_000157,8.752893244804435,77.04808251815014,0.0042247367,LOW,23.656640625000023,0.8511000000000001,2026-09-29 02:33
GRID_000158,8.752893244804435,77.05808251815014,0.0042296946,LOW,23.656640625000023,0.8491000000000001,2026-09-29 02:33
GRID_000159,8.752893244804435,77.06808251815015,0.0042009396,LOW,23.656640625000023,0.8606,2026-09-29 02:33
GRID_000160,8.752893244804435,77.07808251815015,0.0042250883,LOW,23.656640625000023,0.8460000000000001,2026-09-29 02:33
GRID_000161,8.752893244804435,77.08808251815016,0.0041087777,LOW,23.656640625000023,0.8977,2026-09-29 02:33
GRID_000162,8.762893244804435,77.00808251815012,0.0042261574,LOW,23.656640625000023,0.8499,2026-09-29 02:33
GRID_000163,8.762893244804435,77.01808251815012,0.004281661,LOW,23.656640625000023,0.8236,2026-09-29 02:33
GRID_000164,8.762893244804435,77.02808251815013,0.0042718784,LOW,23.656640625000023,0.8245,2026-09-29 02:33
GRID_000165,8.762893244804435,77.03808251815013,0.00418129,LOW,23.656640625000023,0.8738,2026-09-29 02:33
GRID_000166,8.762893244804435,77.04808251815014,0.004242945,LOW,23.656640625000023,0.8429000000000001,2026-09-29 02:33
GRID_000167,8.762893244804435,77.05808251815014,0.004226693,LOW,23.656640625000023,0.8505,2026-09-29 02:33
GRID_000168,8.762893244804435,77.06808251815015,0.004243041,LOW,23.656640625000023,0.8428,2026-09-29 02:33
GRID_000169,8.762893244804435,77.07808251815015,0.004156477,LOW,23.656640625000023,0.8832000000000001,2026-09-29 02:33
GRID_000170,8.772893244804434,76.99808251815011,0.0042117406,LOW,23.656640625000023,0.8554,2026-09-29 02:33
GRID_000171,8.772893244804434,77.00808251815012,0.0042461674,LOW,23.656640625000023,0.8367,2026-09-29 02:33
GRID_000172,8.772893244804434,77.01808251815012,0.004272685,LOW,23.656640625000023,0.8277,2026-09-29 02:33
GRID_000173,8.772893244804434,77.02808251815013,0.0042612636,LOW,23.656640625000023,0.8339000000000001,2026-09-29 02:33
GRID_000174,8.772893244804434,77.03808251815013,0.0042565116,LOW,23.656640625000023,0.8346,2026-09-29 02:33
GRID_000175,8.772893244804434,77.04808251815014,0.0042972425,LOW,23.656640625000023,0.8173,2026-09-29 02:33
GRID_000176,8.772893244804434,77.05808251815014,0.0042874906,LOW,23.656640625000023,0.8221,2026-09-29 02:33
GRID_000177,8.772893244804434,77.06808251815015,0.0041625323,LOW,23.656640625000023,0.8835000000000001,2026-09-29 02:33
GRID_000178,8.772893244804434,77.07808251815015,0.45120037,MODERATE,23.656640625000023,0.6556000000000001,2026-09-29 02:33
GRID_000179,8.782893244804434,76.90808251815007,0.0042099417,LOW,23.656640625000023,0.8584,2026-09-29 02:33
GRID_000180,8.782893244804434,76.91808251815007,0.0042175837,LOW,23.656640625000023,0.8554,2026-09-29 02:33
GRID_000181,8.782893244804434,76.93808251815008,0.004247184,LOW,23.656640625000023,0.8409000000000001,2026-09-29 02:33
GRID_000182,8.782893244804434,76.99808251815011,0.004214776,LOW,23.656640625000023,0.8536,2026-09-29 02:33
GRID_000183,8.782893244804434,77.00808251815012,0.00417364,LOW,23.656640625000023,0.8665,2026-09-29 02:33
GRID_000184,8.782893244804434,77.02808251815013,0.004309248,LOW,23.656640625000023,0.8128000000000001,2026-09-29 02:33
GRID_000185,8.782893244804434,77.03808251815013,0.00428491,LOW,23.656640625000023,0.8235,2026-09-29 02:33
GRID_000186,8.782893244804434,77.04808251815014,0.0042906706,LOW,23.656640625000023,0.8202,2026-09-29 02:33
GRID_000187,8.782893244804434,77.05808251815014,0.004265394,LOW,23.656640625000023,0.8268000000000001,2026-09-29 02:33
GRID_000188,8.782893244804434,77.06808251815015,0.0041536903,LOW,23.656640625000023,0.8881,2026-09-29 02:33
GRID_000189,8.782893244804434,77.07808251815015,0.004161082,LOW,23.656640625000023,0.8789,2026-09-29 02:33
GRID_000190,8.782893244804434,77.08808251815016,0.0042166454,LOW,23.656640625000023,0.8449000000000001,2026-09-29 02:33
GRID_000191,8.792893244804434,76.90808251815007,0.0042593554,LOW,23.656640625000023,0.8335,2026-09-29 02:33
GRID_000192,8.792893244804434,76.91808251815007,0.117495656,LOW,23.656640625000023,0.7857000000000001,2026-09-29 02:33
GRID_000193,8.792893244804434,76.92808251815008,0.004262921,LOW,23.656640625000023,0.8335,2026-09-29 02:33
GRID_000194,8.792893244804434,76.93808251815008,0.004325467,LOW,23.656640625000023,0.806,2026-09-29 02:33
GRID_000195,8.792893244804434,76.9680825181501,0.0042082844,LOW,23.656640625000023,0.8586,2026-09-29 02:33
GRID_000196,8.792893244804434,76.9780825181501,0.004221768,LOW,23.656640625000023,0.8487,2026-09-29 02:33
GRID_000197,8.792893244804434,76.98808251815011,0.0042176805,LOW,23.656640625000023,0.8536,2026-09-29 02:33
GRID_000198,8.792893244804434,76.99808251815011,0.0077863554,LOW,23.656640625000023,0.7447,2026-09-29 02:33
GRID_000199,8.792893244804434,77.01808251815012,0.0043232143,LOW,23.656640625000023,0.8071,2026-09-29 02:33
GRID_000200,8.792893244804434,77.02808251815013,0.0043126247,LOW,23.656640625000023,0.8106,2026-09-29 02:33
GRID_000201,8.792893244804434,77.03808251815013,0.004280101,LOW,23.656640625000023,0.8239000000000001,2026-09-29 02:33
GRID_000202,8.792893244804434,77.06808251815015,0.47117788,MODERATE,23.656640625000023,0.646,2026-09-29 02:33
GRID_000203,8.792893244804434,77.07808251815015,0.47125572,MODERATE,23.656640625000023,0.6421,2026-09-29 02:33
GRID_000204,8.802893244804434,76.89808251815006,0.0041892957,LOW,23.656640625000023,0.8681000000000001,2026-09-29 02:33
GRID_000205,8.802893244804434,76.91808251815007,0.004265587,LOW,23.656640625000023,0.8315,2026-09-29 02:33
GRID_000206,8.802893244804434,76.95808251815009,0.0043167686,LOW,23.656640625000023,0.8093,2026-09-29 02:33
GRID_000207,8.802893244804434,76.9680825181501,0.0042585265,LOW,23.656640625000023,0.8348,2026-09-29 02:33
GRID_000208,8.802893244804434,76.9780825181501,0.004321336,LOW,23.656640625000023,0.8072,2026-09-29 02:33
GRID_000209,8.802893244804434,76.99808251815011,0.0043322756,LOW,23.656640625000023,0.8035,2026-09-29 02:33
GRID_000210,8.802893244804434,77.00808251815012,0.0077938773,LOW,23.656640625000023,0.7442000000000001,2026-09-29 02:33
GRID_000211,8.802893244804434,77.01808251815012,0.0042933025,LOW,23.656640625000023,0.8194,2026-09-29 02:33
GRID_000212,8.802893244804434,77.03808251815013,0.0042699846,LOW,23.656640625000023,0.8279000000000001,2026-09-29 02:33
GRID_000213,8.802893244804434,77.05808251815014,0.0042800205,LOW,23.656640625000023,0.8242,2026-09-29 02:33
GRID_000214,8.802893244804434,77.06808251815015,0.0042664493,LOW,23.656640625000023,0.8305,2026-09-29 02:33
GRID_000215,8.802893244804434,77.07808251815015,0.0041941092,LOW,23.656640625000023,0.8643000000000001,2026-09-29 02:33
GRID_000216,8.802893244804434,77.08808251815016,0.11749373,LOW,23.656640625000023,0.7821,2026-09-29 02:33
GRID_000217,8.802893244804434,77.09808251815016,0.0042376723,LOW,23.656640625000023,0.8443,2026-09-29 02:33
GRID_000218,8.812893244804433,76.95808251815009,0.0042584557,LOW,23.656640625000023,0.8348,2026-09-29 02:33
GRID_000219,8.812893244804433,76.9780825181501,0.0043059452,LOW,23.656640625000023,0.8141,2026-09-29 02:33
GRID_000220,8.812893244804433,76.98808251815011,0.0042876555,LOW,23.656640625000023,0.8218000000000001,2026-09-29 02:33
GRID_000221,8.812893244804433,77.00808251815012,0.032027777,LOW,23.656640625000023,0.7694000000000001,2026-09-29 02:33
GRID_000222,8.812893244804433,77.01808251815012,0.004300174,LOW,23.656640625000023,0.8164,2026-09-29 02:33
GRID_000223,8.812893244804433,77.05808251815014,0.004277822,LOW,23.656640625000023,0.8262,2026-09-29 02:33
GRID_000224,8.812893244804433,77.06808251815015,0.0042368183,LOW,23.656640625000023,0.8444,2026-09-29 02:33
GRID_000225,8.812893244804433,77.07808251815015,0.00425589,LOW,23.656640625000023,0.8353,2026-09-29 02:33
GRID_000226,8.812893244804433,77.08808251815016,0.07277654,LOW,23.656640625000023,0.756,2026-09-29 02:33
GRID_000227,8.812893244804433,77.09808251815016,0.004228259,LOW,23.656640625000023,0.8432000000000001,2026-09-29 02:33
GRID_000228,8.812893244804433,77.10808251815017,0.045216877,LOW,23.656640625000023,0.7953,2026-09-29 02:33
GRID_000229,8.822893244804433,76.94808251815009,0.4213138,MODERATE,23.656640625000023,0.7351000000000001,2026-09-29 02:33
GRID_000230,8.822893244804433,76.9680825181501,0.0042906883,LOW,23.656640625000023,0.8203,2026-09-29 02:33
GRID_000231,8.822893244804433,76.9780825181501,0.004310488,LOW,23.656640625000023,0.8115,2026-09-29 02:33
GRID_000232,8.822893244804433,76.98808251815011,0.0043362547,LOW,23.656640625000023,0.8011,2026-09-29 02:33
GRID_000233,8.822893244804433,76.99808251815011,0.004301794,LOW,23.656640625000023,0.8114,2026-09-29 02:33
GRID_000234,8.822893244804433,77.00808251815012,0.004308548,LOW,23.656640625000023,0.8105,2026-09-29 02:33
GRID_000235,8.822893244804433,77.02808251815013,0.0043070614,LOW,23.656640625000023,0.8106,2026-09-29 02:33
GRID_000236,8.822893244804433,77.03808251815013,0.004277924,LOW,23.656640625000023,0.8243,2026-09-29 02:33
GRID_000237,8.822893244804433,77.04808251815014,0.00424955,LOW,23.656640625000023,0.8388,2026-09-29 02:33
GRID_000238,8.822893244804433,77.06808251815015,0.0042743688,LOW,23.656640625000023,0.8250000000000001,2026-09-29 02:33
GRID_000239,8.822893244804433,77.07808251815015,0.0042206896,LOW,23.656640625000023,0.8448,2026-09-29 02:33
GRID_000240,8.822893244804433,77.08808251815016,0.0042105564,LOW,23.656640625000023,0.8545,2026-09-29 02:33
GRID_000241,8.822893244804433,77.09808251815016,0.0041716034,LOW,23.656640625000023,0.8634000000000001,2026-09-29 02:33
GRID_000242,8.822893244804433,77.10808251815017,0.0042864843,LOW,23.656640625000023,0.8204,2026-09-29 02:33
GRID_000243,8.822893244804433,77.11808251815017,0.004264134,LOW,23.656640625000023,0.8317,2026-09-29 02:33
GRID_000244,8.822893244804433,77.12808251815018,0.0024500713,LOW,21.656640625000023,0.8567,2026-09-29 02:33
GRID_000245,8.832893244804433,76.94808251815009,0.0041252724,LOW,23.656640625000023,0.9041,2026-09-29 02:33
GRID_000246,8.832893244804433,76.95808251815009,0.004315574,LOW,23.656640625000023,0.8086,2026-09-29 02:33
GRID_000247,8.832893244804433,76.9680825181501,0.004300201,LOW,23.656640625000023,0.8150000000000001,2026-09-29 02:33
GRID_000248,8.832893244804433,76.9780825181501,0.004158878,LOW,23.656640625000023,0.885,2026-09-29 02:33
GRID_000249,8.832893244804433,76.98808251815011,0.004126383,LOW,23.656640625000023,0.901,2026-09-29 02:33
GRID_000250,8.832893244804433,76.99808251815011,0.0042947833,LOW,23.656640625000023,0.8181,2026-09-29 02:33
GRID_000251,8.832893244804433,77.00808251815012,0.004285455,LOW,23.656640625000023,0.8223,2026-09-29 02:33
GRID_000252,8.832893244804433,77.01808251815012,0.0043075876,LOW,23.656640625000023,0.8127000000000001,2026-09-29 02:33
GRID_000253,8.832893244804433,77.02808251815013,0.0042475346,LOW,23.656640625000023,0.8397,2026-09-29 02:33
GRID_000254,8.832893244804433,77.03808251815013,0.0043280725,LOW,23.656640625000023,0.8041,2026-09-29 02:33
GRID_000255,8.832893244804433,77.04808251815014,0.0042749327,LOW,23.656640625000023,0.8269000000000001,2026-09-29 02:33
GRID_000256,8.832893244804433,77.05808251815014,0.0042200503,LOW,23.656640625000023,0.8482000000000001,2026-09-29 02:33
GRID_000257,8.832893244804433,77.06808251815015,0.004238761,LOW,23.656640625000023,0.8431000000000001,2026-09-29 02:33
GRID_000258,8.832893244804433,77.07808251815015,0.0041894466,LOW,23.656640625000023,0.8609,2026-09-29 02:33
GRID_000259,8.832893244804433,77.08808251815016,0.0042384733,LOW,23.656640625000023,0.8440000000000001,2026-09-29 02:33
GRID_000260,8.832893244804433,77.09808251815016,0.0042415904,LOW,23.656640625000023,0.8432000000000001,2026-09-29 02:33
GRID_000261,8.832893244804433,77.10808251815017,0.004311848,LOW,23.656640625000023,0.8111,2026-09-29 02:33
GRID_000262,8.832893244804433,77.11808251815017,0.0042073103,LOW,23.656640625000023,0.8572000000000001,2026-09-29 02:33
GRID_000263,8.832893244804433,77.12808251815018,0.0025256905,LOW,21.656640625000023,0.8184,2026-09-29 02:33
GRID_000264,8.842893244804433,76.94808251815009,0.5002246,MODERATE,23.656640625000023,0.5041,2026-09-29 02:33
GRID_000265,8.842893244804433,76.95808251815009,0.004313641,LOW,23.656640625000023,0.8109000000000001,2026-09-29 02:33
GRID_000266,8.842893244804433,76.9680825181501,0.004296733,LOW,23.656640625000023,0.8180000000000001,2026-09-29 02:33
GRID_000267,8.842893244804433,76.9780825181501,0.004234923,LOW,23.656640625000023,0.8439000000000001,2026-09-29 02:33
GRID_000268,8.842893244804433,76.98808251815011,0.0042640176,LOW,23.656640625000023,0.8287,2026-09-29 02:33
GRID_000269,8.842893244804433,76.99808251815011,0.0042868084,LOW,23.656640625000023,0.8214,2026-09-29 02:33
GRID_000270,8.842893244804433,77.00808251815012,0.0042668,LOW,23.656640625000023,0.8272,2026-09-29 02:33
GRID_000271,8.842893244804433,77.01808251815012,0.004250194,LOW,23.656640625000023,0.8380000000000001,2026-09-29 02:33
GRID_000272,8.842893244804433,77.02808251815013,0.045223933,LOW,23.656640625000023,0.7944,2026-09-29 02:33
GRID_000273,8.842893244804433,77.03808251815013,0.004289105,LOW,23.656640625000023,0.8214,2026-09-29 02:33
GRID_000274,8.842893244804433,77.04808251815014,0.0042482466,LOW,23.656640625000023,0.8374,2026-09-29 02:33
GRID_000275,8.842893244804433,77.05808251815014,0.0042246194,LOW,23.656640625000023,0.8462000000000001,2026-09-29 02:33
GRID_000276,8.842893244804433,77.06808251815015,0.117498465,LOW,23.656640625000023,0.7838,2026-09-29 02:33
GRID_000277,8.842893244804433,77.07808251815015,0.004240416,LOW,23.656640625000023,0.8438,2026-09-29 02:33
GRID_000278,8.842893244804433,77.08808251815016,0.00422342,LOW,23.656640625000023,0.8499,2026-09-29 02:33
GRID_000279,8.842893244804433,77.09808251815016,0.0042630974,LOW,23.656640625000023,0.8320000000000001,2026-09-29 02:33
GRID_000280,8.842893244804433,77.10808251815017,0.004258327,LOW,23.656640625000023,0.8313,2026-09-29 02:33
GRID_000281,8.842893244804433,77.11808251815017,0.0042247404,LOW,23.656640625000023,0.8427,2026-09-29 02:33
GRID_000282,8.842893244804433,77.12808251815018,0.0024502457,LOW,21.656640625000023,0.8548,2026-09-29 02:33
GRID_000283,8.852893244804433,76.93808251815008,0.004213635,LOW,23.656640625000023,0.8569,2026-09-29 02:33
GRID_000284,8.852893244804433,76.94808251815009,0.004175294,LOW,23.656640625000023,0.8759,2026-09-29 02:33
GRID_000285,8.852893244804433,76.95808251815009,0.004332215,LOW,23.656640625000023,0.8032,2026-09-29 02:33
GRID_000286,8.852893244804433,76.9680825181501,0.004217116,LOW,23.656640625000023,0.8519,2026-09-29 02:33
GRID_000287,8.852893244804433,76.9780825181501,0.004243494,LOW,23.656640625000023,0.8412000000000001,2026-09-29 02:33
GRID_000288,8.852893244804433,76.98808251815011,0.0042755627,LOW,23.656640625000023,0.8266,2026-09-29 02:33
GRID_000289,8.852893244804433,76.99808251815011,0.0042572604,LOW,23.656640625000023,0.8356,2026-09-29 02:33
GRID_000290,8.852893244804433,77.00808251815012,0.004258431,LOW,23.656640625000023,0.8352,2026-09-29 02:33
GRID_000291,8.852893244804433,77.01808251815012,0.004253438,LOW,23.656640625000023,0.8352,2026-09-29 02:33
GRID_000292,8.852893244804433,77.02808251815013,0.0452404,LOW,23.656640625000023,0.7874,2026-09-29 02:33
GRID_000293,8.852893244804433,77.03808251815013,0.0042505367,LOW,23.656640625000023,0.8381000000000001,2026-09-29 02:33
GRID_000294,8.852893244804433,77.04808251815014,0.0042628767,LOW,23.656640625000023,0.8333,2026-09-29 02:33
GRID_000295,8.852893244804433,77.05808251815014,0.004263708,LOW,23.656640625000023,0.8305,2026-09-29 02:33
GRID_000296,8.852893244804433,77.06808251815015,0.0042287884,LOW,23.656640625000023,0.8494,2026-09-29 02:33
GRID_000297,8.852893244804433,77.07808251815015,0.0042469823,LOW,23.656640625000023,0.8385,2026-09-29 02:33
GRID_000298,8.852893244804433,77.08808251815016,0.0042978083,LOW,23.656640625000023,0.8162,2026-09-29 02:33
GRID_000299,8.852893244804433,77.09808251815016,0.0041984497,LOW,23.656640625000023,0.8593000000000001,2026-09-29 02:33
GRID_000300,8.852893244804433,77.10808251815017,0.11747302,LOW,23.656640625000023,0.7866000000000001,2026-09-29 02:33
GRID_000301,8.852893244804433,77.11808251815017,0.004161243,LOW,23.656640625000023,0.8708,2026-09-29 02:33
GRID_000302,8.852893244804433,77.12808251815018,0.0024517444,LOW,21.656640625000023,0.8550000000000001,2026-09-29 02:33
GRID_000303,8.862893244804432,76.94808251815009,0.04521639,LOW,23.656640625000023,0.7968000000000001,2026-09-29 02:33
GRID_000304,8.862893244804432,76.95808251815009,0.004225376,LOW,23.656640625000023,0.8500000000000001,2026-09-29 02:33
GRID_000305,8.862893244804432,76.9780825181501,0.0042876177,LOW,23.656640625000023,0.8221,2026-09-29 02:33
GRID_000306,8.862893244804432,76.98808251815011,0.0042904555,LOW,23.656640625000023,0.8212,2026-09-29 02:33
GRID_000307,8.862893244804432,76.99808251815011,0.0042409403,LOW,23.656640625000023,0.8432000000000001,2026-09-29 02:33
GRID_000308,8.862893244804432,77.00808251815012,0.0042787367,LOW,23.656640625000023,0.8251000000000001,2026-09-29 02:33
GRID_000309,8.862893244804432,77.01808251815012,0.004344381,LOW,23.656640625000023,0.7981,2026-09-29 02:33
GRID_000310,8.862893244804432,77.02808251815013,0.0041838037,LOW,23.656640625000023,0.8711000000000001,2026-09-29 02:33
GRID_000311,8.862893244804432,77.03808251815013,0.004253621,LOW,23.656640625000023,0.8371000000000001,2026-09-29 02:33
GRID_000312,8.862893244804432,77.04808251815014,0.0042829164,LOW,23.656640625000023,0.8243,2026-09-29 02:33
GRID_000313,8.862893244804432,77.05808251815014,0.004279031,LOW,23.656640625000023,0.8257,2026-09-29 02:33
GRID_000314,8.862893244804432,77.06808251815015,0.004245892,LOW,23.656640625000023,0.8410000000000001,2026-09-29 02:33
GRID_000315,8.862893244804432,77.07808251815015,0.0042502997,LOW,23.656640625000023,0.8383,2026-09-29 02:33
GRID_000316,8.862893244804432,77.08808251815016,0.0042888396,LOW,23.656640625000023,0.8217,2026-09-29 02:33
GRID_000317,8.862893244804432,77.09808251815016,0.004255821,LOW,23.656640625000023,0.8363,2026-09-29 02:33
GRID_000318,8.862893244804432,77.10808251815017,0.004311135,LOW,23.656640625000023,0.8043,2026-09-29 02:33
GRID_000319,8.862893244804432,77.11808251815017,0.4883489,MODERATE,23.656640625000023,0.7051000000000001,2026-09-29 02:33
GRID_000320,8.862893244804432,77.12808251815018,0.20704699,LOW,21.656640625000023,0.5835,2026-09-29 02:33
GRID_000321,8.862893244804432,77.13808251815018,0.0023814843,LOW,21.656640625000023,0.9026,2026-09-29 02:33
GRID_000322,8.862893244804432,77.14808251815019,0.0024045834,LOW,21.656640625000023,0.8808,2026-09-29 02:33
GRID_000323,8.872893244804432,76.95808251815009,0.0042240825,LOW,23.656640625000023,0.8512000000000001,2026-09-29 02:33
GRID_000324,8.872893244804432,76.9680825181501,0.0042435117,LOW,23.656640625000023,0.8416,2026-09-29 02:33
GRID_000325,8.872893244804432,76.9780825181501,0.004298817,LOW,23.656640625000023,0.8173,2026-09-29 02:33
GRID_000326,8.872893244804432,76.98808251815011,0.0042387405,LOW,23.656640625000023,0.8448,2026-09-29 02:33
GRID_000327,8.872893244804432,76.99808251815011,0.004227156,LOW,23.656640625000023,0.8485,2026-09-29 02:33
GRID_000328,8.872893244804432,77.00808251815012,0.0041793166,LOW,23.656640625000023,0.8745,2026-09-29 02:33
GRID_000329,8.872893244804432,77.01808251815012,0.004213093,LOW,23.656640625000023,0.8552000000000001,2026-09-29 02:33
GRID_000330,8.872893244804432,77.02808251815013,0.004189656,LOW,23.656640625000023,0.8684000000000001,2026-09-29 02:33
GRID_000331,8.872893244804432,77.03808251815013,0.0042449255,LOW,23.656640625000023,0.8417,2026-09-29 02:33
GRID_000332,8.872893244804432,77.04808251815014,0.04523931,LOW,23.656640625000023,0.7887000000000001,2026-09-29 02:33
GRID_000333,8.872893244804432,77.05808251815014,0.0041467855,LOW,23.656640625000023,0.8907,2026-09-29 02:33
GRID_000334,8.872893244804432,77.06808251815015,0.004174509,LOW,23.656640625000023,0.8763000000000001,2026-09-29 02:33
GRID_000335,8.872893244804432,77.07808251815015,0.004162587,LOW,23.656640625000023,0.8828,2026-09-29 02:33
GRID_000336,8.872893244804432,77.08808251815016,0.004177921,LOW,23.656640625000023,0.8746,2026-09-29 02:33
GRID_000337,8.872893244804432,77.09808251815016,0.004231564,LOW,23.656640625000023,0.8448,2026-09-29 02:33
GRID_000338,8.872893244804432,77.10808251815017,0.045214903,LOW,23.656640625000023,0.7918000000000001,2026-09-29 02:33
GRID_000339,8.872893244804432,77.11808251815017,0.0042834505,LOW,23.656640625000023,0.8180000000000001,2026-09-29 02:33
GRID_000340,8.872893244804432,77.12808251815018,0.0025581333,LOW,21.656640625000023,0.799,2026-09-29 02:33
GRID_000341,8.872893244804432,77.13808251815018,0.002547586,LOW,21.656640625000023,0.8057000000000001,2026-09-29 02:33
GRID_000342,8.872893244804432,77.14808251815019,0.0025159293,LOW,21.656640625000023,0.8193,2026-09-29 02:33
GRID_000343,8.872893244804432,77.1580825181502,0.0024237796,LOW,21.656640625000023,0.8627,2026-09-29 02:33
GRID_000344,8.882893244804432,76.74808251814999,0.0005944298,LOW,25.256646728515648,0.7898000000000001,2026-09-29 02:33
GRID_000345,8.882893244804432,76.90808251815007,0.0042458763,LOW,23.656640625000023,0.8404,2026-09-29 02:33
GRID_000346,8.882893244804432,76.92808251815008,0.0043379623,LOW,23.656640625000023,0.8012,2026-09-29 02:33
GRID_000347,8.882893244804432,76.9680825181501,0.0043378295,LOW,23.656640625000023,0.8009000000000001,2026-09-29 02:33
GRID_000348,8.882893244804432,76.9780825181501,0.0042313673,LOW,23.656640625000023,0.8479,2026-09-29 02:33
GRID_000349,8.882893244804432,76.98808251815011,0.004209311,LOW,23.656640625000023,0.8585,2026-09-29 02:33
GRID_000350,8.882893244804432,76.99808251815011,0.004199624,LOW,23.656640625000023,0.8623000000000001,2026-09-29 02:33
GRID_000351,8.882893244804432,77.00808251815012,0.004190102,LOW,23.656640625000023,0.8666,2026-09-29 02:33
GRID_000352,8.882893244804432,77.01808251815012,0.004133647,LOW,23.656640625000023,0.8926000000000001,2026-09-29 02:33
GRID_000353,8.882893244804432,77.02808251815013,0.004170176,LOW,23.656640625000023,0.8787,2026-09-29 02:33
GRID_000354,8.882893244804432,77.03808251815013,0.004192651,LOW,23.656640625000023,0.8674000000000001,2026-09-29 02:33
GRID_000355,8.882893244804432,77.04808251815014,0.004263356,LOW,23.656640625000023,0.8321000000000001,2026-09-29 02:33
GRID_000356,8.882893244804432,77.05808251815014,0.004184192,LOW,23.656640625000023,0.8719,2026-09-29 02:33
GRID_000357,8.882893244804432,77.06808251815015,0.004172597,LOW,23.656640625000023,0.8769,2026-09-29 02:33
GRID_000358,8.882893244804432,77.07808251815015,0.0041294517,LOW,23.656640625000023,0.8982,2026-09-29 02:33
GRID_000359,8.882893244804432,77.08808251815016,0.004191569,LOW,23.656640625000023,0.8676,2026-09-29 02:33
GRID_000360,8.882893244804432,77.09808251815016,0.004224399,LOW,23.656640625000023,0.8445,2026-09-29 02:33
GRID_000361,8.882893244804432,77.10808251815017,0.0043047066,LOW,23.656640625000023,0.8071,2026-09-29 02:33
GRID_000362,8.882893244804432,77.11808251815017,0.004256374,LOW,23.656640625000023,0.8275,2026-09-29 02:33
GRID_000363,8.882893244804432,77.12808251815018,0.0024970106,LOW,21.656640625000023,0.8271000000000001,2026-09-29 02:33
GRID_000364,8.882893244804432,77.13808251815018,0.0024502522,LOW,21.656640625000023,0.8498,2026-09-29 02:33
GRID_000365,8.882893244804432,77.14808251815019,0.0024136803,LOW,21.656640625000023,0.8736,2026-09-29 02:33
GRID_000366,8.882893244804432,77.1580825181502,0.002412486,LOW,21.656640625000023,0.8767,2026-09-29 02:33
GRID_000367,8.882893244804432,77.1680825181502,0.002492992,LOW,21.656640625000023,0.8315,2026-09-29 02:33
GRID_000368,8.892893244804432,76.89808251815006,0.0042757317,LOW,23.656640625000023,0.8282,2026-09-29 02:33
GRID_000369,8.892893244804432,76.90808251815007,0.032036234,LOW,23.656640625000023,0.7681,2026-09-29 02:33
GRID_000370,8.892893244804432,76.91808251815007,0.032019924,LOW,23.656640625000023,0.7724000000000001,2026-09-29 02:33
GRID_000371,8.892893244804432,76.92808251815008,0.032027375,LOW,23.656640625000023,0.7708,2026-09-29 02:33
GRID_000372,8.892893244804432,76.9680825181501,0.0042442903,LOW,23.656640625000023,0.8418,2026-09-29 02:33
GRID_000373,8.892893244804432,76.9780825181501,0.004218902,LOW,23.656640625000023,0.8456,2026-09-29 02:33
GRID_000374,8.892893244804432,76.98808251815011,0.0042121327,LOW,23.656640625000023,0.8533000000000001,2026-09-29 02:33
GRID_000375,8.892893244804432,76.99808251815011,0.004184483,LOW,23.656640625000023,0.8655,2026-09-29 02:33
GRID_000376,8.892893244804432,77.00808251815012,0.004184182,LOW,23.656640625000023,0.8705,2026-09-29 02:33
GRID_000377,8.892893244804432,77.01808251815012,0.004170682,LOW,23.656640625000023,0.8772000000000001,2026-09-29 02:33
GRID_000378,8.892893244804432,77.02808251815013,0.0041877204,LOW,23.656640625000023,0.8689,2026-09-29 02:33
GRID_000379,8.892893244804432,77.03808251815013,0.0042123874,LOW,23.656640625000023,0.8569,2026-09-29 02:33
GRID_000380,8.892893244804432,77.04808251815014,0.0042315377,LOW,23.656640625000023,0.8476,2026-09-29 02:33
GRID_000381,8.892893244804432,77.05808251815014,0.0042787185,LOW,23.656640625000023,0.8262,2026-09-29 02:33
GRID_000382,8.892893244804432,77.06808251815015,0.00419621,LOW,23.656640625000023,0.8635,2026-09-29 02:33
GRID_000383,8.892893244804432,77.07808251815015,0.004201268,LOW,23.656640625000023,0.8632000000000001,2026-09-29 02:33
GRID_000384,8.892893244804432,77.08808251815016,0.0041532796,LOW,23.656640625000023,0.8863000000000001,2026-09-29 02:33
GRID_000385,8.892893244804432,77.09808251815016,0.004241485,LOW,23.656640625000023,0.8358,2026-09-29 02:33
GRID_000386,8.892893244804432,77.10808251815017,0.004316547,LOW,23.656640625000023,0.8087000000000001,2026-09-29 02:33
GRID_000387,8.892893244804432,77.11808251815017,0.004214945,LOW,23.656640625000023,0.8560000000000001,2026-09-29 02:33
GRID_000388,8.892893244804432,77.12808251815018,0.0038783653,LOW,21.656640625000023,0.794,2026-09-29 02:33
GRID_000389,8.892893244804432,77.13808251815018,0.0024020693,LOW,21.656640625000023,0.8842000000000001,2026-09-29 02:33
GRID_000390,8.892893244804432,77.14808251815019,0.22385731,LOW,21.656640625000023,0.6837000000000001,2026-09-29 02:33
GRID_000391,8.892893244804432,77.1580825181502,0.0024137527,LOW,21.656640625000023,0.8731,2026-09-29 02:33
GRID_000392,8.902893244804432,76.88808251815006,0.0042118113,LOW,23.656640625000023,0.8585,2026-09-29 02:33
GRID_000393,8.902893244804432,76.89808251815006,0.004279393,LOW,23.656640625000023,0.8264,2026-09-29 02:33
GRID_000394,8.902893244804432,76.90808251815007,0.004318885,LOW,23.656640625000023,0.8095,2026-09-29 02:33
GRID_000395,8.902893244804432,76.91808251815007,0.11750119,LOW,23.656640625000023,0.784,2026-09-29 02:33
GRID_000396,8.902893244804432,76.92808251815008,0.0042620283,LOW,23.656640625000023,0.8338,2026-09-29 02:33
GRID_000397,8.902893244804432,76.93808251815008,0.0043284018,LOW,23.656640625000023,0.8052,2026-09-29 02:33
GRID_000398,8.902893244804432,76.94808251815009,0.004302704,LOW,23.656640625000023,0.8145,2026-09-29 02:33
GRID_000399,8.902893244804432,76.9680825181501,0.0042671086,LOW,23.656640625000023,0.8294,2026-09-29 02:33
GRID_000400,8.902893244804432,76.9780825181501,0.004172301,LOW,23.656640625000023,0.8748,2026-09-29 02:33
GRID_000401,8.902893244804432,76.98808251815011,0.0041851792,LOW,23.656640625000023,0.8639,2026-09-29 02:33
GRID_000402,8.902893244804432,76.99808251815011,0.0041632177,LOW,23.656640625000023,0.8751,2026-09-29 02:33
GRID_000403,8.902893244804432,77.00808251815012,0.0041922815,LOW,23.656640625000023,0.863,2026-09-29 02:33
GRID_000404,8.902893244804432,77.01808251815012,0.0043422347,LOW,23.656640625000023,0.7986000000000001,2026-09-29 02:33
GRID_000405,8.902893244804432,77.02808251815013,0.0042172717,LOW,23.656640625000023,0.8544,2026-09-29 02:33
GRID_000406,8.902893244804432,77.03808251815013,0.04522888,LOW,23.656640625000023,0.7927000000000001,2026-09-29 02:33
GRID_000407,8.902893244804432,77.04808251815014,0.004269326,LOW,23.656640625000023,0.8279000000000001,2026-09-29 02:33
GRID_000408,8.902893244804432,77.05808251815014,0.4567391,MODERATE,23.656640625000023,0.7159,2026-09-29 02:33
GRID_000409,8.902893244804432,77.06808251815015,0.004240767,LOW,23.656640625000023,0.8432000000000001,2026-09-29 02:33
GRID_000410,8.902893244804432,77.07808251815015,0.004220154,LOW,23.656640625000023,0.8520000000000001,2026-09-29 02:33
GRID_000411,8.902893244804432,77.08808251815016,0.0041375295,LOW,23.656640625000023,0.895,2026-09-29 02:33
GRID_000412,8.902893244804432,77.09808251815016,0.004181241,LOW,23.656640625000023,0.8722000000000001,2026-09-29 02:33
GRID_000413,8.902893244804432,77.10808251815017,0.004256388,LOW,23.656640625000023,0.8351000000000001,2026-09-29 02:33
GRID_000414,8.902893244804432,77.11808251815017,0.0042756675,LOW,23.656640625000023,0.8257,2026-09-29 02:33
GRID_000415,8.902893244804432,77.12808251815018,0.002535106,LOW,21.656640625000023,0.8139000000000001,2026-09-29 02:33
GRID_000416,8.902893244804432,77.13808251815018,0.004042142,LOW,21.656640625000023,0.7816000000000001,2026-09-29 02:33
GRID_000417,8.902893244804432,77.14808251815019,0.13008228,LOW,21.656640625000023,0.7204,2026-09-29 02:33
GRID_000418,8.902893244804432,77.1580825181502,0.16070268,LOW,21.656640625000023,0.3573,2026-09-29 02:33
GRID_000419,8.912893244804431,76.88808251815006,0.045236032,LOW,23.656640625000023,0.7903,2026-09-29 02:33
GRID_000420,8.912893244804431,76.89808251815006,0.004291394,LOW,23.656640625000023,0.8208000000000001,2026-09-29 02:33
GRID_000421,8.912893244804431,76.90808251815007,0.0043183863,LOW,23.656640625000023,0.8093,2026-09-29 02:33
GRID_000422,8.912893244804431,76.91808251815007,0.11749626,LOW,23.656640625000023,0.7857000000000001,2026-09-29 02:33
GRID_000423,8.912893244804431,76.92808251815008,0.117521815,LOW,23.656640625000023,0.7772,2026-09-29 02:33
GRID_000424,8.912893244804431,76.9680825181501,0.0042213234,LOW,23.656640625000023,0.8495,2026-09-29 02:33
GRID_000425,8.912893244804431,76.9780825181501,0.004201981,LOW,23.656640625000023,0.8623000000000001,2026-09-29 02:33
GRID_000426,8.912893244804431,76.98808251815011,0.004147402,LOW,23.656640625000023,0.8858,2026-09-29 02:33
GRID_000427,8.912893244804431,76.99808251815011,0.0041460544,LOW,23.656640625000023,0.8883000000000001,2026-09-29 02:33
GRID_000428,8.912893244804431,77.00808251815012,0.0041579013,LOW,23.656640625000023,0.8852000000000001,2026-09-29 02:33
GRID_000429,8.912893244804431,77.01808251815012,0.004185833,LOW,23.656640625000023,0.8704000000000001,2026-09-29 02:33
GRID_000430,8.912893244804431,77.02808251815013,0.0042670323,LOW,23.656640625000023,0.8288000000000001,2026-09-29 02:33
GRID_000431,8.912893244804431,77.03808251815013,0.045236144,LOW,23.656640625000023,0.7898000000000001,2026-09-29 02:33
GRID_000432,8.912893244804431,77.04808251815014,0.48838535,MODERATE,23.656640625000023,0.7049000000000001,2026-09-29 02:33
GRID_000433,8.912893244804431,77.05808251815014,0.032016624,LOW,23.656640625000023,0.7727,2026-09-29 02:33
GRID_000434,8.912893244804431,77.06808251815015,0.004197716,LOW,23.656640625000023,0.8656,2026-09-29 02:33
GRID_000435,8.912893244804431,77.07808251815015,0.00419717,LOW,23.656640625000023,0.8624,2026-09-29 02:33
GRID_000436,8.912893244804431,77.08808251815016,0.0041475515,LOW,23.656640625000023,0.8901,2026-09-29 02:33
GRID_000437,8.912893244804431,77.09808251815016,0.004277208,LOW,23.656640625000023,0.8253,2026-09-29 02:33
GRID_000438,8.912893244804431,77.10808251815017,0.0042869374,LOW,23.656640625000023,0.8222,2026-09-29 02:33
GRID_000439,8.912893244804431,77.11808251815017,0.00430641,LOW,23.656640625000023,0.8119000000000001,2026-09-29 02:33
GRID_000440,8.912893244804431,77.12808251815018,0.0127743995,LOW,21.656640625000023,0.7287,2026-09-29 02:33
GRID_000441,8.912893244804431,77.13808251815018,0.154148,LOW,21.656640625000023,0.4012,2026-09-29 02:33
GRID_000442,8.912893244804431,77.14808251815019,0.2518522,LOW,21.656640625000023,0.5379,2026-09-29 02:33
GRID_000443,8.912893244804431,77.1580825181502,0.108129576,LOW,21.656640625000023,0.7020000000000001,2026-09-29 02:33
GRID_000444,8.922893244804431,76.87808251815005,0.00421875,LOW,23.656640625000023,0.8544,2026-09-29 02:33
GRID_000445,8.922893244804431,76.91808251815007,0.007785758,LOW,23.656640625000023,0.747,2026-09-29 02:33
GRID_000446,8.922893244804431,76.92808251815008,0.0038690548,LOW,23.656640625000023,0.7545000000000001,2026-09-29 02:33
GRID_000447,8.922893244804431,76.94808251815009,0.04523774,LOW,23.656640625000023,0.7892,2026-09-29 02:33
GRID_000448,8.922893244804431,76.95808251815009,0.0042136037,LOW,23.656640625000023,0.8527,2026-09-29 02:33
GRID_000449,8.922893244804431,76.9780825181501,0.00425405,LOW,23.656640625000023,0.8358,2026-09-29 02:33
GRID_000450,8.922893244804431,76.98808251815011,0.0042182133,LOW,23.656640625000023,0.8547,2026-09-29 02:33
GRID_000451,8.922893244804431,76.99808251815011,0.0041878494,LOW,23.656640625000023,0.8678,2026-09-29 02:33
GRID_000452,8.922893244804431,77.00808251815012,0.0042159543,LOW,23.656640625000023,0.8539,2026-09-29 02:33
GRID_000453,8.922893244804431,77.01808251815012,0.004263713,LOW,23.656640625000023,0.8317,2026-09-29 02:33
GRID_000454,8.922893244804431,77.03808251815013,0.004272216,LOW,23.656640625000023,0.8280000000000001,2026-09-29 02:33
GRID_000455,8.922893244804431,77.04808251815014,0.0043269154,LOW,23.656640625000023,0.8051,2026-09-29 02:33
GRID_000456,8.922893244804431,77.05808251815014,0.0043216767,LOW,23.656640625000023,0.8072,2026-09-29 02:33
GRID_000457,8.922893244804431,77.06808251815015,0.0041795718,LOW,23.656640625000023,0.8733000000000001,2026-09-29 02:33
GRID_000458,8.922893244804431,77.07808251815015,0.0041923737,LOW,23.656640625000023,0.8678,2026-09-29 02:33
GRID_000459,8.922893244804431,77.08808251815016,0.0042510317,LOW,23.656640625000023,0.8372,2026-09-29 02:33
GRID_000460,8.922893244804431,77.09808251815016,0.11749451,LOW,23.656640625000023,0.7861,2026-09-29 02:33
GRID_000461,8.922893244804431,77.11808251815017,0.6147758,HIGH,23.656640625000023,0.2139,2026-09-29 02:33
GRID_000462,8.922893244804431,77.12808251815018,0.219778,LOW,21.656640625000023,0.5599000000000001,2026-09-29 02:33
GRID_000463,8.922893244804431,77.13808251815018,0.0040535806,LOW,21.656640625000023,0.7801,2026-09-29 02:33
GRID_000464,8.932893244804431,76.89808251815006,0.42134574,MODERATE,23.656640625000023,0.7275,2026-09-29 02:33
GRID_000465,8.932893244804431,76.90808251815007,0.43819714,MODERATE,23.656640625000023,0.6542,2026-09-29 02:33
GRID_000466,8.932893244804431,76.91808251815007,0.032022316,LOW,23.656640625000023,0.7726000000000001,2026-09-29 02:33
GRID_000467,8.932893244804431,76.92808251815008,0.4213386,MODERATE,23.656640625000023,0.7292000000000001,2026-09-29 02:33
GRID_000468,8.932893244804431,76.93808251815008,0.49091107,MODERATE,23.656640625000023,0.6711,2026-09-29 02:33
GRID_000469,8.932893244804431,76.94808251815009,0.0043429,LOW,23.656640625000023,0.7994,2026-09-29 02:33
GRID_000470,8.932893244804431,76.95808251815009,0.0042951484,LOW,23.656640625000023,0.8173,2026-09-29 02:33
GRID_000471,8.932893244804431,76.9780825181501,0.004206717,LOW,23.656640625000023,0.8593000000000001,2026-09-29 02:33
GRID_000472,8.932893244804431,76.98808251815011,0.0041870233,LOW,23.656640625000023,0.8705,2026-09-29 02:33
GRID_000473,8.932893244804431,77.00808251815012,0.004186586,LOW,23.656640625000023,0.8702000000000001,2026-09-29 02:33
GRID_000474,8.932893244804431,77.01808251815012,0.0042196494,LOW,23.656640625000023,0.8535,2026-09-29 02:33
GRID_000475,8.932893244804431,77.02808251815013,0.004190605,LOW,23.656640625000023,0.8677,2026-09-29 02:33
GRID_000476,8.932893244804431,77.03808251815013,0.004243291,LOW,23.656640625000023,0.8414,2026-09-29 02:33
GRID_000477,8.932893244804431,77.04808251815014,0.0042703515,LOW,23.656640625000023,0.8293,2026-09-29 02:33
GRID_000478,8.932893244804431,77.05808251815014,0.004315825,LOW,23.656640625000023,0.8094,2026-09-29 02:33
GRID_000479,8.932893244804431,77.06808251815015,0.11751933,LOW,23.656640625000023,0.7767000000000001,2026-09-29 02:33
GRID_000480,8.932893244804431,77.07808251815015,0.0042685475,LOW,23.656640625000023,0.8304,2026-09-29 02:33
GRID_000481,8.932893244804431,77.08808251815016,0.42131776,MODERATE,23.656640625000023,0.7333000000000001,2026-09-29 02:33
GRID_000482,8.932893244804431,77.11808251815017,0.00429884,LOW,23.656640625000023,0.8162,2026-09-29 02:33
GRID_000483,8.932893244804431,77.12808251815018,0.0025352472,LOW,21.656640625000023,0.8130000000000001,2026-09-29 02:33
GRID_000484,8.932893244804431,77.13808251815018,0.0025208914,LOW,21.656640625000023,0.8144,2026-09-29 02:33
GRID_000485,8.94289324480443,76.88808251815006,0.0032782964,LOW,23.356652832031276,0.8018000000000001,2026-09-29 02:33
GRID_000486,8.94289324480443,76.89808251815006,0.38384315,LOW,23.356652832031276,0.7347,2026-09-29 02:33
GRID_000487,8.94289324480443,76.90808251815007,0.22068022,LOW,23.356652832031276,0.7723,2026-09-29 02:33
GRID_000488,8.94289324480443,76.91808251815007,0.3838433,LOW,23.356652832031276,0.7348,2026-09-29 02:33
GRID_000489,8.94289324480443,76.94808251815009,0.015803179,LOW,23.356652832031276,0.7878000000000001,2026-09-29 02:33
GRID_000490,8.94289324480443,76.95808251815009,0.015793059,LOW,23.356652832031276,0.7896000000000001,2026-09-29 02:33
GRID_000491,8.94289324480443,77.00808251815012,0.0030677137,LOW,23.356652832031276,0.8933000000000001,2026-09-29 02:33
GRID_000492,8.94289324480443,77.01808251815012,0.003035666,LOW,23.356652832031276,0.9111,2026-09-29 02:33
GRID_000493,8.94289324480443,77.02808251815013,0.0030820416,LOW,23.356652832031276,0.8858,2026-09-29 02:33
GRID_000494,8.94289324480443,77.03808251815013,0.0031715906,LOW,23.356652832031276,0.8432000000000001,2026-09-29 02:33
GRID_000495,8.94289324480443,77.04808251815014,0.0030597947,LOW,23.356652832031276,0.8875000000000001,2026-09-29 02:33
GRID_000496,8.94289324480443,77.05808251815014,0.0030630855,LOW,23.356652832031276,0.8889,2026-09-29 02:33
GRID_000497,8.94289324480443,77.06808251815015,0.59113455,MODERATE,23.356652832031276,0.32,2026-09-29 02:33
GRID_000498,8.94289324480443,77.07808251815015,0.5784784,MODERATE,23.356652832031276,0.3556,2026-09-29 02:33
GRID_000499,8.94289324480443,77.10808251815017,0.0031850827,LOW,23.356652832031276,0.8303,2026-09-29 02:33
GRID_000500,8.94289324480443,77.11808251815017,0.49247563,MODERATE,23.356652832031276,0.669,2026-09-29 02:33
GRID_000501,8.94289324480443,77.12808251815018,0.0027150926,LOW,22.856652832031276,0.8044,2026-09-29 02:33
GRID_000502,8.94289324480443,77.13808251815018,0.002704592,LOW,22.856652832031276,0.8377,2026-09-29 02:33
GRID_000503,8.95289324480443,76.86808251815005,0.009730725,LOW,24.156640625000023,0.8109000000000001,2026-09-29 02:33
GRID_000504,8.95289324480443,76.87808251815005,0.2206925,LOW,23.356652832031276,0.7691,2026-09-29 02:33
GRID_000505,8.95289324480443,76.88808251815006,0.38960868,LOW,23.356652832031276,0.7804,2026-09-29 02:33
GRID_000506,8.95289324480443,76.89808251815006,0.0032296726,LOW,23.356652832031276,0.8216,2026-09-29 02:33
GRID_000507,8.95289324480443,76.90808251815007,0.0032386216,LOW,23.356652832031276,0.8166,2026-09-29 02:33
GRID_000508,8.95289324480443,76.91808251815007,0.0032955103,LOW,23.356652832031276,0.7972,2026-09-29 02:33
GRID_000509,8.95289324480443,76.92808251815008,0.0032030046,LOW,23.356652832031276,0.8299000000000001,2026-09-29 02:33
GRID_000510,8.95289324480443,76.93808251815008,0.0031440768,LOW,23.356652832031276,0.8565,2026-09-29 02:33
GRID_000511,8.95289324480443,76.94808251815009,0.0031609125,LOW,23.356652832031276,0.8480000000000001,2026-09-29 02:33
GRID_000512,8.95289324480443,76.99808251815011,0.0031472556,LOW,23.356652832031276,0.8557,2026-09-29 02:33
GRID_000513,8.95289324480443,77.00808251815012,0.0030211557,LOW,23.356652832031276,0.9204,2026-09-29 02:33
GRID_000514,8.95289324480443,77.01808251815012,0.0030425675,LOW,23.356652832031276,0.9061,2026-09-29 02:33
GRID_000515,8.95289324480443,77.02808251815013,0.0030895327,LOW,23.356652832031276,0.8776,2026-09-29 02:33
GRID_000516,8.95289324480443,77.04808251815014,0.0031815362,LOW,23.356652832031276,0.8267,2026-09-29 02:33
GRID_000517,8.95289324480443,77.05808251815014,0.0032300134,LOW,23.356652832031276,0.8188000000000001,2026-09-29 02:33
GRID_000518,8.95289324480443,77.08808251815016,0.0031142982,LOW,23.356652832031276,0.8591000000000001,2026-09-29 02:33
GRID_000519,8.95289324480443,77.09808251815016,0.0031878666,LOW,23.356652832031276,0.8320000000000001,2026-09-29 02:33
GRID_000520,8.95289324480443,77.10808251815017,0.47798952,MODERATE,23.356652832031276,0.6114,2026-09-29 02:33
GRID_000521,8.95289324480443,77.11808251815017,0.0031267786,LOW,23.356652832031276,0.8445,2026-09-29 02:33
GRID_000522,8.96289324480443,76.87808251815005,0.0031405133,LOW,23.356652832031276,0.8593000000000001,2026-09-29 02:33
GRID_000523,8.96289324480443,76.88808251815006,0.0031480608,LOW,23.356652832031276,0.8513000000000001,2026-09-29 02:33
GRID_000524,8.96289324480443,76.89808251815006,0.0031730705,LOW,23.356652832031276,0.8424,2026-09-29 02:33
GRID_000525,8.96289324480443,76.90808251815007,0.003266515,LOW,23.356652832031276,0.8054,2026-09-29 02:33
GRID_000526,8.96289324480443,76.91808251815007,0.38959974,LOW,23.356652832031276,0.7828,2026-09-29 02:33
GRID_000527,8.96289324480443,76.92808251815008,0.003295206,LOW,23.356652832031276,0.797,2026-09-29 02:33
GRID_000528,8.96289324480443,76.93808251815008,0.0031626597,LOW,23.356652832031276,0.8473,2026-09-29 02:33
GRID_000529,8.96289324480443,76.99808251815011,0.003017699,LOW,23.356652832031276,0.9213,2026-09-29 02:33
GRID_000530,8.96289324480443,77.00808251815012,0.34186256,LOW,23.356652832031276,0.7173,2026-09-29 02:33
GRID_000531,8.96289324480443,77.01808251815012,0.0030356543,LOW,23.356652832031276,0.9105,2026-09-29 02:33
GRID_000532,8.96289324480443,77.02808251815013,0.0030872817,LOW,23.356652832031276,0.8849,2026-09-29 02:33
GRID_000533,8.96289324480443,77.03808251815013,0.0031545884,LOW,23.356652832031276,0.8507,2026-09-29 02:33
GRID_000534,8.96289324480443,77.06808251815015,0.003172955,LOW,23.356652832031276,0.8386,2026-09-29 02:33
GRID_000535,8.96289324480443,77.10808251815017,0.0030384879,LOW,23.356652832031276,0.8973000000000001,2026-09-29 02:33
GRID_000536,8.96289324480443,77.11808251815017,0.0030708448,LOW,23.356652832031276,0.8869,2026-09-29 02:33
GRID_000537,8.97289324480443,76.91808251815007,0.106644444,LOW,23.356652832031276,0.7658,2026-09-29 02:33
GRID_000538,8.97289324480443,76.92808251815008,0.38221902,LOW,23.356652832031276,0.7247,2026-09-29 02:33
GRID_000539,8.97289324480443,76.98808251815011,0.003073295,LOW,23.356652832031276,0.8859,2026-09-29 02:33
GRID_000540,8.97289324480443,76.99808251815011,0.003099957,LOW,23.356652832031276,0.8731,2026-09-29 02:33
GRID_000541,8.97289324480443,77.01808251815012,0.0031786815,LOW,23.356652832031276,0.8416,2026-09-29 02:33
GRID_000542,8.97289324480443,77.05808251815014,0.0031965496,LOW,23.356652832031276,0.8295,2026-09-29 02:33
GRID_000543,8.97289324480443,77.06808251815015,0.0031354055,LOW,23.356652832031276,0.8480000000000001,2026-09-29 02:33
GRID_000544,8.97289324480443,77.07808251815015,0.0030679314,LOW,23.356652832031276,0.8744000000000001,2026-09-29 02:33
GRID_000545,8.98289324480443,76.93808251815008,0.38960737,LOW,23.356652832031276,0.7796000000000001,2026-09-29 02:33
GRID_000546,8.98289324480443,77.04808251815014,0.0031465814,LOW,23.356652832031276,0.8532000000000001,2026-09-29 02:33
GRID_000547,8.98289324480443,77.06808251815015,0.0030804863,LOW,23.356652832031276,0.8708,2026-09-29 02:33
GRID_000548,8.98289324480443,77.07808251815015,0.0031586038,LOW,23.356652832031276,0.8340000000000001,2026-09-29 02:33
GRID_000549,8.98289324480443,77.08808251815016,0.0032796846,LOW,23.356652832031276,0.7973,2026-09-29 02:33
GRID_000550,8.98289324480443,77.09808251815016,0.0031595393,LOW,23.356652832031276,0.8419000000000001,2026-09-29 02:33
GRID_000551,8.99289324480443,76.95808251815009,0.0032604714,LOW,23.356652832031276,0.8058000000000001,2026-09-29 02:33
GRID_000552,8.99289324480443,76.9680825181501,0.0031371668,LOW,23.356652832031276,0.8554,2026-09-29 02:33
GRID_000553,8.99289324480443,77.01808251815012,0.0032320796,LOW,23.356652832031276,0.8134,2026-09-29 02:33
GRID_000554,8.99289324480443,77.03808251815013,0.00309397,LOW,23.356652832031276,0.8642000000000001,2026-09-29 02:33
GRID_000555,8.99289324480443,77.05808251815014,0.0029999246,LOW,23.356652832031276,0.8979,2026-09-29 02:33
GRID_000556,8.99289324480443,77.06808251815015,0.0031053424,LOW,23.356652832031276,0.8691000000000001,2026-09-29 02:33
GRID_000557,8.99289324480443,77.07808251815015,0.0031233914,LOW,23.356652832031276,0.8614,2026-09-29 02:33
GRID_000558,8.99289324480443,77.09808251815016,0.0030946166,LOW,23.356652832031276,0.8652000000000001,2026-09-29 02:33
GRID_000559,9.00289324480443,76.91808251815007,0.01577452,LOW,23.356652832031276,0.7937000000000001,2026-09-29 02:33
GRID_000560,9.00289324480443,76.92808251815008,0.4488592,MODERATE,23.356652832031276,0.6521,2026-09-29 02:33
GRID_000561,9.00289324480443,76.93808251815008,0.0032825759,LOW,23.356652832031276,0.802,2026-09-29 02:33
GRID_000562,9.00289324480443,76.99808251815011,0.0031439108,LOW,23.356652832031276,0.8553000000000001,2026-09-29 02:33
GRID_000563,9.00289324480443,77.00808251815012,0.003080527,LOW,23.356652832031276,0.8876000000000001,2026-09-29 02:33
GRID_000564,9.00289324480443,77.01808251815012,0.0030272761,LOW,23.356652832031276,0.9066,2026-09-29 02:33
GRID_000565,9.00289324480443,77.02808251815013,0.0030750874,LOW,23.356652832031276,0.8818,2026-09-29 02:33
GRID_000566,9.00289324480443,77.03808251815013,0.002989144,LOW,23.356652832031276,0.9092,2026-09-29 02:33
GRID_000567,9.00289324480443,77.05808251815014,0.0030733875,LOW,23.356652832031276,0.8869,2026-09-29 02:33
GRID_000568,9.00289324480443,77.06808251815015,0.0030818894,LOW,23.356652832031276,0.8687,2026-09-29 02:33
GRID_000569,9.00289324480443,77.07808251815015,0.0031922946,LOW,23.356652832031276,0.8192,2026-09-29 02:33
GRID_000570,9.00289324480443,77.08808251815016,0.003158503,LOW,23.356652832031276,0.8362,2026-09-29 02:33
GRID_000571,9.00289324480443,77.09808251815016,0.003086308,LOW,23.356652832031276,0.8744000000000001,2026-09-29 02:33
GRID_000572,9.01289324480443,76.91808251815007,0.49243566,MODERATE,23.356652832031276,0.6806,2026-09-29 02:33
GRID_000573,9.01289324480443,76.92808251815008,0.47604704,MODERATE,23.356652832031276,0.6246,2026-09-29 02:33
GRID_000574,9.01289324480443,76.93808251815008,0.4934752,MODERATE,23.356652832031276,0.6677000000000001,2026-09-29 02:33
GRID_000575,9.01289324480443,77.01808251815012,0.0030377086,LOW,23.356652832031276,0.8892,2026-09-29 02:33
GRID_000576,9.01289324480443,77.02808251815013,0.0031042425,LOW,23.356652832031276,0.8693000000000001,2026-09-29 02:33
GRID_000577,9.01289324480443,77.06808251815015,0.0030618357,LOW,23.356652832031276,0.8756,2026-09-29 02:33
GRID_000578,9.01289324480443,77.07808251815015,0.003074381,LOW,23.356652832031276,0.8768,2026-09-29 02:33
GRID_000579,9.01289324480443,77.08808251815016,0.0030688047,LOW,23.356652832031276,0.8793000000000001,2026-09-29 02:33
GRID_000580,9.022893244804427,76.90808251815007,0.0069644954,LOW,23.356652832031276,0.7477,2026-09-29 02:33
GRID_000581,9.022893244804427,76.91808251815007,0.47562197,MODERATE,23.356652832031276,0.6308,2026-09-29 02:33
GRID_000582,9.022893244804427,76.92808251815008,0.4400969,MODERATE,23.356652832031276,0.6401,2026-09-29 02:33
GRID_000583,9.022893244804427,76.93808251815008,0.0032007913,LOW,23.356652832031276,0.8324,2026-09-29 02:33
GRID_000584,9.022893244804427,76.94808251815009,0.0031812044,LOW,23.356652832031276,0.8397,2026-09-29 02:33
GRID_000585,9.022893244804427,76.99808251815011,0.003049228,LOW,23.356652832031276,0.8833000000000001,2026-09-29 02:33
GRID_000586,9.022893244804427,77.03808251815013,0.0030471785,LOW,23.356652832031276,0.8926000000000001,2026-09-29 02:33
GRID_000587,9.022893244804427,77.04808251815014,0.003049747,LOW,23.356652832031276,0.8815000000000001,2026-09-29 02:33
GRID_000588,9.022893244804427,77.07808251815015,0.0031814808,LOW,23.356652832031276,0.8246,2026-09-29 02:33
GRID_000589,9.032893244804429,76.91808251815007,0.006954626,LOW,23.356652832031276,0.7495,2026-09-29 02:33
GRID_000590,9.032893244804429,76.92808251815008,0.003233715,LOW,23.356652832031276,0.8159000000000001,2026-09-29 02:33
GRID_000591,9.032893244804429,76.9780825181501,0.0031075305,LOW,23.356652832031276,0.8724000000000001,2026-09-29 02:33
GRID_000592,9.032893244804429,76.98808251815011,0.003090987,LOW,23.356652832031276,0.8795000000000001,2026-09-29 02:33
GRID_000593,9.032893244804429,77.04808251815014,0.0030433438,LOW,23.356652832031276,0.8973000000000001,2026-09-29 02:33
GRID_000594,9.042893244804429,76.94808251815009,0.0031336718,LOW,23.356652832031276,0.8593000000000001,2026-09-29 02:33
GRID_000595,9.042893244804429,76.95808251815009,0.0031902068,LOW,23.356652832031276,0.8374,2026-09-29 02:33
GRID_000596,9.042893244804429,76.9680825181501,0.003171234,LOW,23.356652832031276,0.8452000000000001,2026-09-29 02:33
GRID_000597,9.042893244804429,76.9780825181501,0.0031203353,LOW,23.356652832031276,0.8676,2026-09-29 02:33
GRID_000598,9.042893244804429,76.98808251815011,0.0031478612,LOW,23.356652832031276,0.8538,2026-09-29 02:33
GRID_000599,9.042893244804429,77.03808251815013,0.0030494155,LOW,23.356652832031276,0.887,2026-09-29 02:33
GRID_000600,9.042893244804429,77.04808251815014,0.0030574678,LOW,23.356652832031276,0.8856,2026-09-29 02:33
GRID_000601,9.042893244804429,77.05808251815014,0.0030348352,LOW,23.356652832031276,0.8946000000000001,2026-09-29 02:33
GRID_000602,9.052893244804428,76.93808251815008,0.0031850166,LOW,23.356652832031276,0.8359000000000001,2026-09-29 02:33
GRID_000603,9.052893244804428,76.94808251815009,0.0031820892,LOW,23.356652832031276,0.8385,2026-09-29 02:33
GRID_000604,9.052893244804428,76.95808251815009,0.003149093,LOW,23.356652832031276,0.8532000000000001,2026-09-29 02:33
GRID_000605,9.052893244804428,76.9780825181501,0.003132548,LOW,23.356652832031276,0.8619,2026-09-29 02:33
GRID_000606,9.052893244804428,76.98808251815011,0.003094091,LOW,23.356652832031276,0.8766,2026-09-29 02:33
GRID_000607,9.052893244804428,76.99808251815011,0.0030602734,LOW,23.356652832031276,0.8882,2026-09-29 02:33
GRID_000608,9.052893244804428,77.03808251815013,0.0029919096,LOW,23.356652832031276,0.906,2026-09-29 02:33
GRID_000609,9.052893244804428,77.04808251815014,0.0030408176,LOW,23.356652832031276,0.8877,2026-09-29 02:33
GRID_000610,9.052893244804428,77.05808251815014,0.003084164,LOW,23.356652832031276,0.882,2026-09-29 02:33
GRID_000611,9.062893244804428,76.91808251815007,0.0030934587,LOW,23.356652832031276,0.8746,2026-09-29 02:33
GRID_000612,9.062893244804428,76.92808251815008,0.0031309268,LOW,23.356652832031276,0.8586,2026-09-29 02:33
GRID_000613,9.062893244804428,76.9680825181501,0.003097606,LOW,23.356652832031276,0.877,2026-09-29 02:33
GRID_000614,9.062893244804428,76.9780825181501,0.0030998257,LOW,23.356652832031276,0.8703000000000001,2026-09-29 02:33
GRID_000615,9.062893244804428,76.99808251815011,0.003077994,LOW,23.356652832031276,0.8847,2026-09-29 02:33
GRID_000616,9.062893244804428,77.02808251815013,0.0030731456,LOW,23.356652832031276,0.879,2026-09-29 02:33
GRID_000617,9.062893244804428,77.03808251815013,0.00304197,LOW,23.356652832031276,0.9037,2026-09-29 02:33
GRID_000618,9.062893244804428,77.04808251815014,0.0030681142,LOW,23.356652832031276,0.877,2026-09-29 02:33
GRID_000619,9.062893244804428,77.05808251815014,0.0031406737,LOW,23.356652832031276,0.8479,2026-09-29 02:33
GRID_000620,9.072893244804428,76.90808251815007,0.0031346385,LOW,23.356652832031276,0.8536,2026-09-29 02:33
GRID_000621,9.072893244804428,76.91808251815007,0.0031170757,LOW,23.356652832031276,0.8686,2026-09-29 02:33
GRID_000622,9.072893244804428,76.92808251815008,0.015772326,LOW,23.356652832031276,0.7958000000000001,2026-09-29 02:33
GRID_000623,9.072893244804428,76.93808251815008,0.0030797427,LOW,23.356652832031276,0.8832000000000001,2026-09-29 02:33
GRID_000624,9.072893244804428,76.94808251815009,0.0030859862,LOW,23.356652832031276,0.8844000000000001,2026-09-29 02:33
GRID_000625,9.072893244804428,76.95808251815009,0.0031081284,LOW,23.356652832031276,0.8744000000000001,2026-09-29 02:33
GRID_000626,9.072893244804428,76.9680825181501,0.003091184,LOW,23.356652832031276,0.8797,2026-09-29 02:33
GRID_000627,9.072893244804428,76.9780825181501,0.0030826733,LOW,23.356652832031276,0.8827,2026-09-29 02:33
GRID_000628,9.072893244804428,76.98808251815011,0.0030973929,LOW,23.356652832031276,0.8755000000000001,2026-09-29 02:33
GRID_000629,9.072893244804428,77.01808251815012,0.389592,LOW,23.356652832031276,0.7838,2026-09-29 02:33
GRID_000630,9.072893244804428,77.02808251815013,0.0030406513,LOW,23.356652832031276,0.8899,2026-09-29 02:33
GRID_000631,9.072893244804428,77.03808251815013,0.0030553453,LOW,23.356652832031276,0.8904000000000001,2026-09-29 02:33
GRID_000632,9.072893244804428,77.04808251815014,0.0030135685,LOW,23.356652832031276,0.9117,2026-09-29 02:33
GRID_000633,9.072893244804428,77.05808251815014,0.003121136,LOW,23.356652832031276,0.8601000000000001,2026-09-29 02:33
GRID_000634,9.082893244804428,76.87808251815005,0.0037690024,LOW,23.356652832031276,0.7523000000000001,2026-09-29 02:33
GRID_000635,9.082893244804428,76.89808251815006,0.003165688,LOW,23.356652832031276,0.8437,2026-09-29 02:33
GRID_000636,9.082893244804428,76.91808251815007,0.38961425,LOW,23.356652832031276,0.7802,2026-09-29 02:33
GRID_000637,9.082893244804428,76.92808251815008,0.0030953872,LOW,23.356652832031276,0.8737,2026-09-29 02:33
GRID_000638,9.082893244804428,76.93808251815008,0.0030654182,LOW,23.356652832031276,0.8878,2026-09-29 02:33
GRID_000639,9.082893244804428,76.94808251815009,0.0030894787,LOW,23.356652832031276,0.881,2026-09-29 02:33
GRID_000640,9.082893244804428,76.95808251815009,0.0031202785,LOW,23.356652832031276,0.8668,2026-09-29 02:33
GRID_000641,9.082893244804428,76.9680825181501,0.0030909786,LOW,23.356652832031276,0.8807,2026-09-29 02:33
GRID_000642,9.082893244804428,76.9780825181501,0.0030772088,LOW,23.356652832031276,0.8832000000000001,2026-09-29 02:33
GRID_000643,9.082893244804428,76.98808251815011,0.003142393,LOW,23.356652832031276,0.8523000000000001,2026-09-29 02:33
GRID_000644,9.082893244804428,77.03808251815013,0.0030641467,LOW,23.356652832031276,0.8905000000000001,2026-09-29 02:33
GRID_000645,9.082893244804428,77.04808251815014,0.0030587176,LOW,23.356652832031276,0.8963000000000001,2026-09-29 02:33
GRID_000646,9.082893244804428,77.05808251815014,0.0030800276,LOW,23.356652832031276,0.8836,2026-09-29 02:33
GRID_000647,9.082893244804428,77.06808251815015,0.003032945,LOW,23.356652832031276,0.9012,2026-09-29 02:33
GRID_000648,9.092893244804428,76.86808251815005,0.07338597,LOW,24.156640625000023,0.7768,2026-09-29 02:33
GRID_000649,9.092893244804428,76.89808251815006,0.0032427288,LOW,23.356652832031276,0.8164,2026-09-29 02:33
GRID_000650,9.092893244804428,76.90808251815007,0.0032421616,LOW,23.356652832031276,0.8170000000000001,2026-09-29 02:33
GRID_000651,9.092893244804428,76.91808251815007,0.0030707405,LOW,23.356652832031276,0.8837,2026-09-29 02:33
GRID_000652,9.092893244804428,76.92808251815008,0.0030658916,LOW,23.356652832031276,0.8851,2026-09-29 02:33
GRID_000653,9.092893244804428,76.93808251815008,0.0031251204,LOW,23.356652832031276,0.8629,2026-09-29 02:33
GRID_000654,9.092893244804428,76.94808251815009,0.0030704285,LOW,23.356652832031276,0.8916000000000001,2026-09-29 02:33
GRID_000655,9.092893244804428,76.95808251815009,0.0031137066,LOW,23.356652832031276,0.8722000000000001,2026-09-29 02:33
GRID_000656,9.092893244804428,76.9680825181501,0.003275346,LOW,23.356652832031276,0.8021,2026-09-29 02:33
GRID_000657,9.092893244804428,76.9780825181501,0.0031575419,LOW,23.356652832031276,0.8418,2026-09-29 02:33
GRID_000658,9.092893244804428,76.98808251815011,0.0030641302,LOW,23.356652832031276,0.8811,2026-09-29 02:33
GRID_000659,9.092893244804428,77.00808251815012,0.0030869243,LOW,23.356652832031276,0.8781,2026-09-29 02:33
GRID_000660,9.092893244804428,77.01808251815012,0.0030542675,LOW,23.356652832031276,0.8994000000000001,2026-09-29 02:33
GRID_000661,9.092893244804428,77.03808251815013,0.0030700779,LOW,23.356652832031276,0.8921,2026-09-29 02:33
GRID_000662,9.092893244804428,77.04808251815014,0.003091695,LOW,23.356652832031276,0.8779,2026-09-29 02:33
GRID_000663,9.092893244804428,77.05808251815014,0.0030689104,LOW,23.356652832031276,0.8878,2026-09-29 02:33
GRID_000664,9.092893244804428,77.06808251815015,0.0030732364,LOW,23.356652832031276,0.8901,2026-09-29 02:33
GRID_000665,9.092893244804428,77.08808251815016,0.0030402187,LOW,23.356652832031276,0.8983000000000001,2026-09-29 02:33
GRID_000666,9.092893244804428,77.09808251815016,0.0030578878,LOW,23.356652832031276,0.8974000000000001,2026-09-29 02:33
GRID_000667,9.102893244804427,76.84808251815004,0.4837581,MODERATE,24.156640625000023,0.7077,2026-09-29 02:33
GRID_000668,9.102893244804427,76.87808251815005,0.0031764305,LOW,23.356652832031276,0.8357,2026-09-29 02:33
GRID_000669,9.102893244804427,76.88808251815006,0.0031368728,LOW,23.356652832031276,0.8547,2026-09-29 02:33
GRID_000670,9.102893244804427,76.89808251815006,0.3895921,LOW,23.356652832031276,0.7814,2026-09-29 02:33
GRID_000671,9.102893244804427,76.90808251815007,0.0031055561,LOW,23.356652832031276,0.8707,2026-09-29 02:33
GRID_000672,9.102893244804427,76.91808251815007,0.0031391617,LOW,23.356652832031276,0.8592000000000001,2026-09-29 02:33
GRID_000673,9.102893244804427,76.92808251815008,0.0031179525,LOW,23.356652832031276,0.8686,2026-09-29 02:33
GRID_000674,9.102893244804427,76.93808251815008,0.0031541258,LOW,23.356652832031276,0.8495,2026-09-29 02:33
GRID_000675,9.102893244804427,76.94808251815009,0.0030333016,LOW,23.356652832031276,0.8991,2026-09-29 02:33
GRID_000676,9.102893244804427,76.95808251815009,0.0031011002,LOW,23.356652832031276,0.8779,2026-09-29 02:33
GRID_000677,9.102893244804427,76.9680825181501,0.0031456542,LOW,23.356652832031276,0.8551000000000001,2026-09-29 02:33
GRID_000678,9.102893244804427,76.9780825181501,0.4798221,MODERATE,23.356652832031276,0.6905,2026-09-29 02:33
GRID_000679,9.102893244804427,76.98808251815011,0.0031479648,LOW,23.356652832031276,0.8510000000000001,2026-09-29 02:33
GRID_000680,9.102893244804427,76.99808251815011,0.003013148,LOW,23.356652832031276,0.9037,2026-09-29 02:33
GRID_000681,9.102893244804427,77.00808251815012,0.0030204658,LOW,23.356652832031276,0.9047,2026-09-29 02:33
GRID_000682,9.102893244804427,77.01808251815012,0.00322153,LOW,23.356652832031276,0.8220000000000001,2026-09-29 02:33
GRID_000683,9.102893244804427,77.02808251815013,0.003069328,LOW,23.356652832031276,0.8917,2026-09-29 02:33
GRID_000684,9.102893244804427,77.03808251815013,0.0030424767,LOW,23.356652832031276,0.9048,2026-09-29 02:33
GRID_000685,9.102893244804427,77.04808251815014,0.0030417517,LOW,23.356652832031276,0.9011,2026-09-29 02:33
GRID_000686,9.102893244804427,77.05808251815014,0.0030565117,LOW,23.356652832031276,0.8932,2026-09-29 02:33
GRID_000687,9.102893244804427,77.06808251815015,0.0030618757,LOW,23.356652832031276,0.8945000000000001,2026-09-29 02:33
GRID_000688,9.102893244804427,77.07808251815015,0.0030787122,LOW,23.356652832031276,0.8803000000000001,2026-09-29 02:33
GRID_000689,9.102893244804427,77.09808251815016,0.0030923896,LOW,23.356652832031276,0.8804000000000001,2026-09-29 02:33
GRID_000690,9.102893244804427,77.10808251815017,0.0030469848,LOW,23.356652832031276,0.9015,2026-09-29 02:33
GRID_000691,9.112893244804429,76.83808251815003,0.1270528,LOW,24.156640625000023,0.774,2026-09-29 02:33
GRID_000692,9.112893244804429,76.86808251815005,0.005865018,LOW,24.156640625000023,0.807,2026-09-29 02:33
GRID_000693,9.112893244804429,76.87808251815005,0.066854924,LOW,23.356652832031276,0.7567,2026-09-29 02:33
GRID_000694,9.112893244804429,76.88808251815006,0.0031571984,LOW,23.356652832031276,0.8460000000000001,2026-09-29 02:33
GRID_000695,9.112893244804429,76.89808251815006,0.0031693855,LOW,23.356652832031276,0.8441000000000001,2026-09-29 02:33
GRID_000696,9.112893244804429,76.90808251815007,0.0031961366,LOW,23.356652832031276,0.8320000000000001,2026-09-29 02:33
GRID_000697,9.112893244804429,76.91808251815007,0.0031550734,LOW,23.356652832031276,0.8517,2026-09-29 02:33
GRID_000698,9.112893244804429,76.92808251815008,0.003083405,LOW,23.356652832031276,0.8774000000000001,2026-09-29 02:33
GRID_000699,9.112893244804429,76.9680825181501,0.0030520556,LOW,23.356652832031276,0.8872,2026-09-29 02:33
GRID_000700,9.112893244804429,76.9780825181501,0.0030795974,LOW,23.356652832031276,0.8791,2026-09-29 02:33
GRID_000701,9.112893244804429,76.98808251815011,0.0030711098,LOW,23.356652832031276,0.8786,2026-09-29 02:33
GRID_000702,9.112893244804429,76.99808251815011,0.003102721,LOW,23.356652832031276,0.8707,2026-09-29 02:33
GRID_000703,9.112893244804429,77.00808251815012,0.00321959,LOW,23.356652832031276,0.8224,2026-09-29 02:33
GRID_000704,9.112893244804429,77.01808251815012,0.0030783275,LOW,23.356652832031276,0.8853000000000001,2026-09-29 02:33
GRID_000705,9.112893244804429,77.02808251815013,0.0030536521,LOW,23.356652832031276,0.8972,2026-09-29 02:33
GRID_000706,9.112893244804429,77.03808251815013,0.0030631605,LOW,23.356652832031276,0.8968,2026-09-29 02:33
GRID_000707,9.112893244804429,77.04808251815014,0.0030810807,LOW,23.356652832031276,0.8825000000000001,2026-09-29 02:33
GRID_000708,9.112893244804429,77.05808251815014,0.0030797508,LOW,23.356652832031276,0.884,2026-09-29 02:33
GRID_000709,9.112893244804429,77.06808251815015,0.003032817,LOW,23.356652832031276,0.9026,2026-09-29 02:33
GRID_000710,9.112893244804429,77.07808251815015,0.0030786816,LOW,23.356652832031276,0.8888,2026-09-29 02:33
GRID_000711,9.112893244804429,77.08808251815016,0.003036444,LOW,23.356652832031276,0.9041,2026-09-29 02:33
GRID_000712,9.112893244804429,77.09808251815016,0.0030425824,LOW,23.356652832031276,0.9027,2026-09-29 02:33
GRID_000713,9.112893244804429,77.10808251815017,0.0030353237,LOW,23.356652832031276,0.9035,2026-09-29 02:33
GRID_000714,9.122893244804429,76.81808251815002,0.3736144,LOW,24.156640625000023,0.7291000000000001,2026-09-29 02:33
GRID_000715,9.122893244804429,76.85808251815004,0.047886673,LOW,24.156640625000023,0.7592,2026-09-29 02:33
GRID_000716,9.122893244804429,76.86808251815005,0.007275501,LOW,24.156640625000023,0.8204,2026-09-29 02:33
GRID_000717,9.122893244804429,76.87808251815005,0.4948391,MODERATE,23.356652832031276,0.685,2026-09-29 02:33
GRID_000718,9.122893244804429,76.88808251815006,0.01577337,LOW,23.356652832031276,0.7956000000000001,2026-09-29 02:33
GRID_000719,9.122893244804429,76.89808251815006,0.015786238,LOW,23.356652832031276,0.7899,2026-09-29 02:33
GRID_000720,9.122893244804429,76.90808251815007,0.0031097196,LOW,23.356652832031276,0.867,2026-09-29 02:33
GRID_000721,9.122893244804429,76.91808251815007,0.35689396,LOW,23.356652832031276,0.7237,2026-09-29 02:33
GRID_000722,9.122893244804429,76.92808251815008,0.003243147,LOW,23.356652832031276,0.8140000000000001,2026-09-29 02:33
GRID_000723,9.122893244804429,76.94808251815009,0.0030634864,LOW,23.356652832031276,0.8934000000000001,2026-09-29 02:33
GRID_000724,9.122893244804429,76.95808251815009,0.0030938564,LOW,23.356652832031276,0.882,2026-09-29 02:33
GRID_000725,9.122893244804429,76.9680825181501,0.0030217222,LOW,23.356652832031276,0.9166,2026-09-29 02:33
GRID_000726,9.122893244804429,76.9780825181501,0.0031111385,LOW,23.356652832031276,0.8604,2026-09-29 02:33
GRID_000727,9.122893244804429,76.98808251815011,0.0031095839,LOW,23.356652832031276,0.8727,2026-09-29 02:33
GRID_000728,9.122893244804429,76.99808251815011,0.0030981018,LOW,23.356652832031276,0.8753000000000001,2026-09-29 02:33
GRID_000729,9.122893244804429,77.00808251815012,0.003123426,LOW,23.356652832031276,0.8642000000000001,2026-09-29 02:33
GRID_000730,9.122893244804429,77.01808251815012,0.0030861776,LOW,23.356652832031276,0.8794000000000001,2026-09-29 02:33
GRID_000731,9.122893244804429,77.02808251815013,0.0030832174,LOW,23.356652832031276,0.8862,2026-09-29 02:33
GRID_000732,9.122893244804429,77.03808251815013,0.003203728,LOW,23.356652832031276,0.8257,2026-09-29 02:33
GRID_000733,9.122893244804429,77.04808251815014,0.0031533667,LOW,23.356652832031276,0.8516,2026-09-29 02:33
GRID_000734,9.122893244804429,77.06808251815015,0.0030118152,LOW,23.356652832031276,0.9127,2026-09-29 02:33
GRID_000735,9.122893244804429,77.07808251815015,0.0030378618,LOW,23.356652832031276,0.9097,2026-09-29 02:33
GRID_000736,9.122893244804429,77.09808251815016,0.002992789,LOW,23.356652832031276,0.9197,2026-09-29 02:33
GRID_000737,9.122893244804429,77.10808251815017,0.0030339756,LOW,23.356652832031276,0.8933000000000001,2026-09-29 02:33
GRID_000738,9.132893244804428,76.80808251815002,0.09491677,LOW,24.156640625000023,0.7834,2026-09-29 02:33
GRID_000739,9.132893244804428,76.84808251815004,0.009743201,LOW,24.156640625000023,0.804,2026-09-29 02:33
GRID_000740,9.132893244804428,76.85808251815004,0.37360835,LOW,24.156640625000023,0.7306,2026-09-29 02:33
GRID_000741,9.132893244804428,76.86808251815005,0.009681011,LOW,24.156640625000023,0.8346,2026-09-29 02:33
GRID_000742,9.132893244804428,76.88808251815006,0.0031820713,LOW,23.356652832031276,0.8383,2026-09-29 02:33
GRID_000743,9.132893244804428,76.89808251815006,0.003177845,LOW,23.356652832031276,0.8427,2026-09-29 02:33
GRID_000744,9.132893244804428,76.90808251815007,0.0031854706,LOW,23.356652832031276,0.8355,2026-09-29 02:33
GRID_000745,9.132893244804428,76.91808251815007,0.0031727068,LOW,23.356652832031276,0.8408,2026-09-29 02:33
GRID_000746,9.132893244804428,76.92808251815008,0.0031508566,LOW,23.356652832031276,0.8401000000000001,2026-09-29 02:33
GRID_000747,9.132893244804428,76.93808251815008,0.00319561,LOW,23.356652832031276,0.8258000000000001,2026-09-29 02:33
GRID_000748,9.132893244804428,76.94808251815009,0.0030831702,LOW,23.356652832031276,0.8825000000000001,2026-09-29 02:33
GRID_000749,9.132893244804428,76.95808251815009,0.003071689,LOW,23.356652832031276,0.8846,2026-09-29 02:33
GRID_000750,9.132893244804428,76.9680825181501,0.0031060919,LOW,23.356652832031276,0.8708,2026-09-29 02:33
GRID_000751,9.132893244804428,76.9780825181501,0.003124069,LOW,23.356652832031276,0.8643000000000001,2026-09-29 02:33
GRID_000752,9.132893244804428,76.98808251815011,0.0030403258,LOW,23.356652832031276,0.901,2026-09-29 02:33
GRID_000753,9.132893244804428,76.99808251815011,0.0031343536,LOW,23.356652832031276,0.8599,2026-09-29 02:33
GRID_000754,9.132893244804428,77.00808251815012,0.003010448,LOW,23.356652832031276,0.9215,2026-09-29 02:33
GRID_000755,9.132893244804428,77.01808251815012,0.0030228253,LOW,23.356652832031276,0.9178,2026-09-29 02:33
GRID_000756,9.132893244804428,77.02808251815013,0.003035429,LOW,23.356652832031276,0.9039,2026-09-29 02:33
GRID_000757,9.132893244804428,77.03808251815013,0.00307066,LOW,23.356652832031276,0.8924000000000001,2026-09-29 02:33
GRID_000758,9.132893244804428,77.04808251815014,0.0030017141,LOW,23.356652832031276,0.9209,2026-09-29 02:33
GRID_000759,9.132893244804428,77.06808251815015,0.00302744,LOW,23.356652832031276,0.9076,2026-09-29 02:33
GRID_000760,9.132893244804428,77.07808251815015,0.0030710981,LOW,23.356652832031276,0.8925000000000001,2026-09-29 02:33
GRID_000761,9.132893244804428,77.08808251815016,0.003016706,LOW,23.356652832031276,0.9112,2026-09-29 02:33
GRID_000762,9.132893244804428,77.09808251815016,0.0029722103,LOW,23.356652832031276,0.9213,2026-09-29 02:33
GRID_000763,9.142893244804426,76.84808251815004,0.120605454,LOW,24.156640625000023,0.7883,2026-09-29 02:33
GRID_000764,9.142893244804426,76.85808251815004,0.46645784,MODERATE,24.156640625000023,0.6584,2026-09-29 02:33
GRID_000765,9.142893244804426,76.86808251815005,0.009675286,LOW,24.156640625000023,0.8368,2026-09-29 02:33
GRID_000766,9.142893244804426,76.88808251815006,0.0032548034,LOW,23.356652832031276,0.811,2026-09-29 02:33
GRID_000767,9.142893244804426,76.89808251815006,0.48625433,MODERATE,23.356652832031276,0.5665,2026-09-29 02:33
GRID_000768,9.142893244804426,76.90808251815007,0.0031443425,LOW,23.356652832031276,0.8565,2026-09-29 02:33
GRID_000769,9.142893244804426,76.91808251815007,0.0031733317,LOW,23.356652832031276,0.8392000000000001,2026-09-29 02:33
GRID_000770,9.142893244804426,76.93808251815008,0.0031250946,LOW,23.356652832031276,0.8596,2026-09-29 02:33
GRID_000771,9.142893244804426,76.94808251815009,0.0030857003,LOW,23.356652832031276,0.8779,2026-09-29 02:33
GRID_000772,9.142893244804426,76.95808251815009,0.0031079487,LOW,23.356652832031276,0.8694000000000001,2026-09-29 02:33
GRID_000773,9.142893244804426,76.9680825181501,0.0030426683,LOW,23.356652832031276,0.9018,2026-09-29 02:33
GRID_000774,9.142893244804426,76.9780825181501,0.003151841,LOW,23.356652832031276,0.8512000000000001,2026-09-29 02:33
GRID_000775,9.142893244804426,76.98808251815011,0.0030799466,LOW,23.356652832031276,0.8861,2026-09-29 02:33
GRID_000776,9.142893244804426,76.99808251815011,0.0030962196,LOW,23.356652832031276,0.874,2026-09-29 02:33
GRID_000777,9.142893244804426,77.00808251815012,0.0030607106,LOW,23.356652832031276,0.8863000000000001,2026-09-29 02:33
GRID_000778,9.142893244804426,77.02808251815013,0.0029875454,LOW,23.356652832031276,0.9307,2026-09-29 02:33
GRID_000779,9.142893244804426,77.05808251815014,0.0030371353,LOW,23.356652832031276,0.9054,2026-09-29 02:33
GRID_000780,9.142893244804426,77.06808251815015,0.0030193622,LOW,23.356652832031276,0.9143,2026-09-29 02:33
GRID_000781,9.142893244804426,77.07808251815015,0.0031264462,LOW,23.356652832031276,0.8550000000000001,2026-09-29 02:33
GRID_000782,9.142893244804426,77.08808251815016,0.003098371,LOW,23.356652832031276,0.8719,2026-09-29 02:33
GRID_000783,9.142893244804426,77.09808251815016,0.0031656562,LOW,23.356652832031276,0.8465,2026-09-29 02:33
GRID_000784,9.152893244804426,76.82808251815003,0.0097330175,LOW,24.156640625000023,0.8085,2026-09-29 02:33
GRID_000785,9.152893244804426,76.83808251815003,0.015438249,LOW,24.156640625000023,0.7666000000000001,2026-09-29 02:33
GRID_000786,9.152893244804426,76.84808251815004,0.09492379,LOW,24.156640625000023,0.7823,2026-09-29 02:33
GRID_000787,9.152893244804426,76.85808251815004,0.089757435,LOW,24.156640625000023,0.789,2026-09-29 02:33
GRID_000788,9.152893244804426,76.86808251815005,0.009738017,LOW,24.156640625000023,0.8047000000000001,2026-09-29 02:33
GRID_000789,9.152893244804426,76.89808251815006,0.003261246,LOW,23.356652832031276,0.8064,2026-09-29 02:33
GRID_000790,9.152893244804426,76.90808251815007,0.49205595,MODERATE,23.356652832031276,0.5738,2026-09-29 02:33
GRID_000791,9.152893244804426,76.91808251815007,0.0031535653,LOW,23.356652832031276,0.8507,2026-09-29 02:33
GRID_000792,9.152893244804426,76.92808251815008,0.003130477,LOW,23.356652832031276,0.8562000000000001,2026-09-29 02:33
GRID_000793,9.152893244804426,76.93808251815008,0.0030875038,LOW,23.356652832031276,0.8777,2026-09-29 02:33
GRID_000794,9.152893244804426,76.94808251815009,0.0031240294,LOW,23.356652832031276,0.8593000000000001,2026-09-29 02:33
GRID_000795,9.152893244804426,76.95808251815009,0.0031385622,LOW,23.356652832031276,0.8603000000000001,2026-09-29 02:33
GRID_000796,9.152893244804426,76.9680825181501,0.003091184,LOW,23.356652832031276,0.883,2026-09-29 02:33
GRID_000797,9.152893244804426,76.9780825181501,0.0030686487,LOW,23.356652832031276,0.8896000000000001,2026-09-29 02:33
GRID_000798,9.152893244804426,76.98808251815011,0.0030796733,LOW,23.356652832031276,0.8852000000000001,2026-09-29 02:33
GRID_000799,9.152893244804426,76.99808251815011,0.0030948785,LOW,23.356652832031276,0.8753000000000001,2026-09-29 02:33
GRID_000800,9.152893244804426,77.00808251815012,0.0031095636,LOW,23.356652832031276,0.8698,2026-09-29 02:33
GRID_000801,9.152893244804426,77.01808251815012,0.0030373642,LOW,23.356652832031276,0.9026,2026-09-29 02:33
GRID_000802,9.152893244804426,77.02808251815013,0.0030256072,LOW,23.356652832031276,0.9092,2026-09-29 02:33
GRID_000803,9.152893244804426,77.03808251815013,0.0030301616,LOW,23.356652832031276,0.904,2026-09-29 02:33
GRID_000804,9.152893244804426,77.04808251815014,0.0029907827,LOW,23.356652832031276,0.918,2026-09-29 02:33
GRID_000805,9.152893244804426,77.05808251815014,0.0029822704,LOW,23.356652832031276,0.9217,2026-09-29 02:33
GRID_000806,9.152893244804426,77.06808251815015,0.0030440465,LOW,23.356652832031276,0.9007000000000001,2026-09-29 02:33
GRID_000807,9.152893244804426,77.07808251815015,0.002971063,LOW,23.356652832031276,0.9319,2026-09-29 02:33
GRID_000808,9.152893244804426,77.08808251815016,0.0029975208,LOW,23.356652832031276,0.9171,2026-09-29 02:33
GRID_000809,9.152893244804426,77.09808251815016,0.003045055,LOW,23.356652832031276,0.9,2026-09-29 02:33
GRID_000810,9.152893244804426,77.10808251815017,0.0030814977,LOW,23.356652832031276,0.8748,2026-09-29 02:33
GRID_000811,9.152893244804426,77.11808251815017,0.0030927872,LOW,23.356652832031276,0.86,2026-09-29 02:33
GRID_000812,9.162893244804426,76.82808251815003,0.009745497,LOW,24.156640625000023,0.8024,2026-09-29 02:33
GRID_000813,9.162893244804426,76.83808251815003,0.009737196,LOW,24.156640625000023,0.8051,2026-09-29 02:33
GRID_000814,9.162893244804426,76.84808251815004,0.12702318,LOW,24.156640625000023,0.7843,2026-09-29 02:33
GRID_000815,9.162893244804426,76.85808251815004,0.4903091,MODERATE,24.156640625000023,0.7174,2026-09-29 02:33
GRID_000816,9.162893244804426,76.86808251815005,0.1206015,LOW,24.156640625000023,0.7899,2026-09-29 02:33
GRID_000817,9.162893244804426,76.87808251815005,0.015777998,LOW,23.356652832031276,0.7908000000000001,2026-09-29 02:33
GRID_000818,9.162893244804426,76.88808251815006,0.003263219,LOW,23.356652832031276,0.8074,2026-09-29 02:33
GRID_000819,9.162893244804426,76.89808251815006,0.0032297312,LOW,23.356652832031276,0.8193,2026-09-29 02:33
GRID_000820,9.162893244804426,76.90808251815007,0.0030276708,LOW,23.356652832031276,0.9142,2026-09-29 02:33
GRID_000821,9.162893244804426,76.94808251815009,0.0031177956,LOW,23.356652832031276,0.8649,2026-09-29 02:33
GRID_000822,9.162893244804426,76.95808251815009,0.0031244513,LOW,23.356652832031276,0.8648,2026-09-29 02:33
GRID_000823,9.162893244804426,76.9680825181501,0.0030484525,LOW,23.356652832031276,0.8953000000000001,2026-09-29 02:33
GRID_000824,9.162893244804426,76.9780825181501,0.0030783326,LOW,23.356652832031276,0.8831,2026-09-29 02:33
GRID_000825,9.162893244804426,76.98808251815011,0.003066578,LOW,23.356652832031276,0.8804000000000001,2026-09-29 02:33
GRID_000826,9.162893244804426,76.99808251815011,0.0031195227,LOW,23.356652832031276,0.8649,2026-09-29 02:33
GRID_000827,9.162893244804426,77.00808251815012,0.0031078318,LOW,23.356652832031276,0.8676,2026-09-29 02:33
GRID_000828,9.162893244804426,77.01808251815012,0.002985429,LOW,23.356652832031276,0.9325,2026-09-29 02:33
GRID_000829,9.162893244804426,77.02808251815013,0.002981083,LOW,23.356652832031276,0.9274,2026-09-29 02:33
GRID_000830,9.162893244804426,77.03808251815013,0.0030027418,LOW,23.356652832031276,0.9197,2026-09-29 02:33
GRID_000831,9.162893244804426,77.04808251815014,0.0029666466,LOW,23.356652832031276,0.9255,2026-09-29 02:33
GRID_000832,9.162893244804426,77.05808251815014,0.003068488,LOW,23.356652832031276,0.8724000000000001,2026-09-29 02:33
GRID_000833,9.162893244804426,77.06808251815015,0.0030745442,LOW,23.356652832031276,0.8781,2026-09-29 02:33
GRID_000834,9.162893244804426,77.07808251815015,0.003055347,LOW,23.356652832031276,0.8873000000000001,2026-09-29 02:33
GRID_000835,9.162893244804426,77.08808251815016,0.003006633,LOW,23.356652832031276,0.9163,2026-09-29 02:33
GRID_000836,9.162893244804426,77.09808251815016,0.002988515,LOW,23.356652832031276,0.9174,2026-09-29 02:33
GRID_000837,9.162893244804426,77.10808251815017,0.0030113128,LOW,23.356652832031276,0.9014,2026-09-29 02:33
GRID_000838,9.162893244804426,77.11808251815017,0.0030500987,LOW,23.356652832031276,0.891,2026-09-29 02:33
GRID_000839,9.162893244804426,77.12808251815018,0.002747958,LOW,22.856652832031276,0.8964000000000001,2026-09-29 02:33
GRID_000840,9.162893244804426,77.13808251815018,0.002714784,LOW,22.856652832031276,0.8828,2026-09-29 02:33
GRID_000841,9.172893244804426,76.85808251815004,0.43921182,MODERATE,24.156640625000023,0.7262000000000001,2026-09-29 02:33
GRID_000842,9.172893244804426,76.86808251815005,0.009749522,LOW,24.156640625000023,0.8002,2026-09-29 02:33
GRID_000843,9.172893244804426,76.87808251815005,0.015777426,LOW,23.356652832031276,0.7894,2026-09-29 02:33
GRID_000844,9.172893244804426,76.88808251815006,0.003269415,LOW,23.356652832031276,0.8057000000000001,2026-09-29 02:33
GRID_000845,9.172893244804426,76.89808251815006,0.0032227286,LOW,23.356652832031276,0.8217,2026-09-29 02:33
GRID_000846,9.172893244804426,76.90808251815007,0.0031196626,LOW,23.356652832031276,0.8645,2026-09-29 02:33
GRID_000847,9.172893244804426,76.91808251815007,0.0031908695,LOW,23.356652832031276,0.8311000000000001,2026-09-29 02:33
GRID_000848,9.172893244804426,76.93808251815008,0.003091909,LOW,23.356652832031276,0.8811,2026-09-29 02:33
GRID_000849,9.172893244804426,76.94808251815009,0.003235569,LOW,23.356652832031276,0.8145,2026-09-29 02:33
GRID_000850,9.172893244804426,76.95808251815009,0.0031027142,LOW,23.356652832031276,0.8739,2026-09-29 02:33
GRID_000851,9.172893244804426,76.9680825181501,0.0030552987,LOW,23.356652832031276,0.8926000000000001,2026-09-29 02:33
GRID_000852,9.172893244804426,76.9780825181501,0.003059363,LOW,23.356652832031276,0.8922,2026-09-29 02:33
GRID_000853,9.172893244804426,76.98808251815011,0.0030598263,LOW,23.356652832031276,0.8902,2026-09-29 02:33
GRID_000854,9.172893244804426,76.99808251815011,0.0030491902,LOW,23.356652832031276,0.9023,2026-09-29 02:33
GRID_000855,9.172893244804426,77.00808251815012,0.0030090916,LOW,23.356652832031276,0.9123,2026-09-29 02:33
GRID_000856,9.172893244804426,77.01808251815012,0.0029872942,LOW,23.356652832031276,0.9208,2026-09-29 02:33
GRID_000857,9.172893244804426,77.02808251815013,0.003035006,LOW,23.356652832031276,0.9071,2026-09-29 02:33
GRID_000858,9.172893244804426,77.03808251815013,0.0029759835,LOW,23.356652832031276,0.9239,2026-09-29 02:33
GRID_000859,9.172893244804426,77.04808251815014,0.0030799399,LOW,23.356652832031276,0.8608,2026-09-29 02:33
GRID_000860,9.172893244804426,77.05808251815014,0.003087824,LOW,23.356652832031276,0.8585,2026-09-29 02:33
GRID_000861,9.172893244804426,77.06808251815015,0.0030680723,LOW,23.356652832031276,0.8695,2026-09-29 02:33
GRID_000862,9.172893244804426,77.07808251815015,0.0030286699,LOW,23.356652832031276,0.8983000000000001,2026-09-29 02:33
GRID_000863,9.172893244804426,77.08808251815016,0.0029955348,LOW,23.356652832031276,0.9067,2026-09-29 02:33
GRID_000864,9.172893244804426,77.09808251815016,0.0030078676,LOW,23.356652832031276,0.9078,2026-09-29 02:33
GRID_000865,9.172893244804426,77.10808251815017,0.00303284,LOW,23.356652832031276,0.8956000000000001,2026-09-29 02:33
GRID_000866,9.172893244804426,77.11808251815017,0.0030284142,LOW,23.356652832031276,0.8974000000000001,2026-09-29 02:33
GRID_000867,9.172893244804426,77.12808251815018,0.0027119964,LOW,22.856652832031276,0.9045,2026-09-29 02:33
GRID_000868,9.172893244804426,77.13808251815018,0.00271586,LOW,22.856652832031276,0.8835000000000001,2026-09-29 02:33
GRID_000869,9.172893244804426,77.14808251815019,0.0027067252,LOW,22.856652832031276,0.8987,2026-09-29 02:33
GRID_000870,9.182893244804426,76.82808251815003,0.009688877,LOW,24.156640625000023,0.8267,2026-09-29 02:33
GRID_000871,9.182893244804426,76.86808251815005,0.021361947,LOW,24.156640625000023,0.7684000000000001,2026-09-29 02:33
GRID_000872,9.182893244804426,76.87808251815005,0.0031402393,LOW,23.356652832031276,0.8514,2026-09-29 02:33
GRID_000873,9.182893244804426,76.88808251815006,0.0031652353,LOW,23.356652832031276,0.8426,2026-09-29 02:33
GRID_000874,9.182893244804426,76.89808251815006,0.003211071,LOW,23.356652832031276,0.8259000000000001,2026-09-29 02:33
GRID_000875,9.182893244804426,76.90808251815007,0.0031214845,LOW,23.356652832031276,0.8648,2026-09-29 02:33
GRID_000876,9.182893244804426,76.91808251815007,0.003284794,LOW,23.356652832031276,0.8012,2026-09-29 02:33
GRID_000877,9.182893244804426,76.92808251815008,0.0031385762,LOW,23.356652832031276,0.8529,2026-09-29 02:33
GRID_000878,9.182893244804426,76.93808251815008,0.003213835,LOW,23.356652832031276,0.8259000000000001,2026-09-29 02:33
GRID_000879,9.182893244804426,76.94808251815009,0.00320999,LOW,23.356652832031276,0.8222,2026-09-29 02:33
GRID_000880,9.182893244804426,76.95808251815009,0.0030846377,LOW,23.356652832031276,0.8798,2026-09-29 02:33
GRID_000881,9.182893244804426,76.9680825181501,0.0030988771,LOW,23.356652832031276,0.8678,2026-09-29 02:33
GRID_000882,9.182893244804426,76.9780825181501,0.003091082,LOW,23.356652832031276,0.8785000000000001,2026-09-29 02:33
GRID_000883,9.182893244804426,76.98808251815011,0.0030407105,LOW,23.356652832031276,0.8975000000000001,2026-09-29 02:33
GRID_000884,9.182893244804426,76.99808251815011,0.003072606,LOW,23.356652832031276,0.8855000000000001,2026-09-29 02:33
GRID_000885,9.182893244804426,77.00808251815012,0.0030350224,LOW,23.356652832031276,0.9106,2026-09-29 02:33
GRID_000886,9.182893244804426,77.01808251815012,0.0030204854,LOW,23.356652832031276,0.9005000000000001,2026-09-29 02:33
GRID_000887,9.182893244804426,77.02808251815013,0.0029880446,LOW,23.356652832031276,0.9202,2026-09-29 02:33
GRID_000888,9.182893244804426,77.03808251815013,0.0030149824,LOW,23.356652832031276,0.9111,2026-09-29 02:33
GRID_000889,9.182893244804426,77.04808251815014,0.0030371929,LOW,23.356652832031276,0.8941,2026-09-29 02:33
GRID_000890,9.182893244804426,77.05808251815014,0.0030076476,LOW,23.356652832031276,0.8988,2026-09-29 02:33
GRID_000891,9.182893244804426,77.06808251815015,0.0030316268,LOW,23.356652832031276,0.8885000000000001,2026-09-29 02:33
GRID_000892,9.182893244804426,77.07808251815015,0.0030147075,LOW,23.356652832031276,0.9079,2026-09-29 02:33
GRID_000893,9.182893244804426,77.08808251815016,0.003006691,LOW,23.356652832031276,0.9119,2026-09-29 02:33
GRID_000894,9.182893244804426,77.09808251815016,0.0030668897,LOW,23.356652832031276,0.8778,2026-09-29 02:33
GRID_000895,9.182893244804426,77.10808251815017,0.0030465128,LOW,23.356652832031276,0.8875000000000001,2026-09-29 02:33
GRID_000896,9.182893244804426,77.11808251815017,0.0030521653,LOW,23.356652832031276,0.8956000000000001,2026-09-29 02:33
GRID_000897,9.182893244804426,77.12808251815018,0.0027161282,LOW,22.856652832031276,0.8769,2026-09-29 02:33
GRID_000898,9.182893244804426,77.13808251815018,0.0027244734,LOW,22.856652832031276,0.9015,2026-09-29 02:33
GRID_000899,9.182893244804426,77.14808251815019,0.002744611,LOW,22.856652832031276,0.8908,2026-09-29 02:33
GRID_000900,9.182893244804426,77.1580825181502,0.0027372874,LOW,22.856652832031276,0.9148,2026-09-29 02:33
GRID_000901,9.192893244804424,76.82808251815003,0.013435772,LOW,24.0566345214844,0.8152,2026-09-29 02:33
GRID_000902,9.192893244804424,76.83808251815003,0.013442887,LOW,24.0566345214844,0.8141,2026-09-29 02:33
GRID_000903,9.192893244804424,76.84808251815004,0.08297255,LOW,24.0566345214844,0.7417,2026-09-29 02:33
GRID_000904,9.192893244804424,76.85808251815004,0.009540296,LOW,24.0566345214844,0.7512000000000001,2026-09-29 02:33
GRID_000905,9.192893244804424,76.86808251815005,0.013449522,LOW,24.0566345214844,0.8097000000000001,2026-09-29 02:33
GRID_000906,9.192893244804424,76.87808251815005,0.0032123572,LOW,22.456658935546898,0.8559,2026-09-29 02:33
GRID_000907,9.192893244804424,76.88808251815006,0.0032164478,LOW,22.456658935546898,0.8568,2026-09-29 02:33
GRID_000908,9.192893244804424,76.90808251815007,0.0031937365,LOW,22.456658935546898,0.8664000000000001,2026-09-29 02:33
GRID_000909,9.192893244804424,76.91808251815007,0.0032014581,LOW,22.456658935546898,0.8633000000000001,2026-09-29 02:33
GRID_000910,9.192893244804424,76.92808251815008,0.0031655799,LOW,22.456658935546898,0.8773000000000001,2026-09-29 02:33
GRID_000911,9.192893244804424,76.93808251815008,0.003228297,LOW,22.456658935546898,0.8417,2026-09-29 02:33
GRID_000912,9.192893244804424,76.94808251815009,0.0031736572,LOW,22.456658935546898,0.8724000000000001,2026-09-29 02:33
GRID_000913,9.192893244804424,76.95808251815009,0.0031392826,LOW,22.456658935546898,0.8928,2026-09-29 02:33
GRID_000914,9.192893244804424,76.9680825181501,0.003149536,LOW,22.456658935546898,0.8841,2026-09-29 02:33
GRID_000915,9.192893244804424,76.9780825181501,0.0031685694,LOW,22.456658935546898,0.8746,2026-09-29 02:33
GRID_000916,9.192893244804424,76.98808251815011,0.0030429726,LOW,22.456658935546898,0.9422,2026-09-29 02:33
GRID_000917,9.192893244804424,76.99808251815011,0.0031309868,LOW,22.456658935546898,0.8942,2026-09-29 02:33
GRID_000918,9.192893244804424,77.00808251815012,0.0030962876,LOW,22.456658935546898,0.907,2026-09-29 02:33
GRID_000919,9.192893244804424,77.01808251815012,0.0031118286,LOW,22.456658935546898,0.9039,2026-09-29 02:33
GRID_000920,9.192893244804424,77.02808251815013,0.0031078332,LOW,22.456658935546898,0.9052,2026-09-29 02:33
GRID_000921,9.192893244804424,77.03808251815013,0.0031045973,LOW,22.456658935546898,0.9096,2026-09-29 02:33
GRID_000922,9.192893244804424,77.04808251815014,0.003105513,LOW,22.456658935546898,0.9078,2026-09-29 02:33
GRID_000923,9.192893244804424,77.05808251815014,0.003107139,LOW,22.456658935546898,0.9008,2026-09-29 02:33
GRID_000924,9.192893244804424,77.06808251815015,0.0031597232,LOW,22.456658935546898,0.8759,2026-09-29 02:33
GRID_000925,9.192893244804424,77.07808251815015,0.00313693,LOW,22.456658935546898,0.8908,2026-09-29 02:33
GRID_000926,9.192893244804424,77.08808251815016,0.0031411634,LOW,22.456658935546898,0.889,2026-09-29 02:33
GRID_000927,9.192893244804424,77.09808251815016,0.0031024872,LOW,22.456658935546898,0.8998,2026-09-29 02:33
GRID_000928,9.192893244804424,77.10808251815017,0.0031567197,LOW,22.456658935546898,0.8747,2026-09-29 02:33
GRID_000929,9.192893244804424,77.11808251815017,0.0031348062,LOW,22.456658935546898,0.8824000000000001,2026-09-29 02:33
GRID_000930,9.192893244804424,77.12808251815018,0.003048608,LOW,20.456658935546898,0.8895000000000001,2026-09-29 02:33
GRID_000931,9.192893244804424,77.13808251815018,0.0030822488,LOW,20.456658935546898,0.899,2026-09-29 02:33
GRID_000932,9.192893244804424,77.14808251815019,0.0031297533,LOW,20.456658935546898,0.8971,2026-09-29 02:33
GRID_000933,9.192893244804424,77.1580825181502,0.0031262161,LOW,20.456658935546898,0.8991,2026-09-29 02:33
GRID_000934,9.192893244804424,77.1680825181502,0.003068999,LOW,20.456658935546898,0.883,2026-09-29 02:33
GRID_000935,9.202893244804423,76.84808251815004,0.456923,MODERATE,24.0566345214844,0.6403,2026-09-29 02:33
GRID_000936,9.202893244804423,76.85808251815004,0.16008958,LOW,24.0566345214844,0.7949,2026-09-29 02:33
GRID_000937,9.202893244804423,76.86808251815005,0.15847132,LOW,24.0566345214844,0.7758,2026-09-29 02:33
GRID_000938,9.202893244804423,76.87808251815005,0.003358052,LOW,22.456658935546898,0.7984,2026-09-29 02:33
GRID_000939,9.202893244804423,76.88808251815006,0.017589726,LOW,22.456658935546898,0.7904,2026-09-29 02:33
GRID_000940,9.202893244804423,76.89808251815006,0.0031715385,LOW,22.456658935546898,0.8726,2026-09-29 02:33
GRID_000941,9.202893244804423,76.90808251815007,0.0032306323,LOW,22.456658935546898,0.8478,2026-09-29 02:33
GRID_000942,9.202893244804423,76.91808251815007,0.0031925184,LOW,22.456658935546898,0.8637,2026-09-29 02:33
GRID_000943,9.202893244804423,76.92808251815008,0.003181205,LOW,22.456658935546898,0.8721,2026-09-29 02:33
GRID_000944,9.202893244804423,76.93808251815008,0.0031669252,LOW,22.456658935546898,0.8738,2026-09-29 02:33
GRID_000945,9.202893244804423,76.94808251815009,0.003158148,LOW,22.456658935546898,0.8814000000000001,2026-09-29 02:33
GRID_000946,9.202893244804423,76.95808251815009,0.0031502913,LOW,22.456658935546898,0.8811,2026-09-29 02:33
GRID_000947,9.202893244804423,76.9680825181501,0.0032323552,LOW,22.456658935546898,0.8449000000000001,2026-09-29 02:33
GRID_000948,9.202893244804423,76.9780825181501,0.0032414491,LOW,22.456658935546898,0.8373,2026-09-29 02:33
GRID_000949,9.202893244804423,76.98808251815011,0.0031157872,LOW,22.456658935546898,0.8931,2026-09-29 02:33
GRID_000950,9.202893244804423,76.99808251815011,0.0031811888,LOW,22.456658935546898,0.8669,2026-09-29 02:33
GRID_000951,9.202893244804423,77.00808251815012,0.003160878,LOW,22.456658935546898,0.8742000000000001,2026-09-29 02:33
GRID_000952,9.202893244804423,77.01808251815012,0.003118105,LOW,22.456658935546898,0.8995000000000001,2026-09-29 02:33
GRID_000953,9.202893244804423,77.02808251815013,0.0031310986,LOW,22.456658935546898,0.8949,2026-09-29 02:33
GRID_000954,9.202893244804423,77.03808251815013,0.003109346,LOW,22.456658935546898,0.8991,2026-09-29 02:33
GRID_000955,9.202893244804423,77.04808251815014,0.0031321042,LOW,22.456658935546898,0.893,2026-09-29 02:33
GRID_000956,9.202893244804423,77.05808251815014,0.0031076672,LOW,22.456658935546898,0.8986000000000001,2026-09-29 02:33
GRID_000957,9.202893244804423,77.06808251815015,0.0031169734,LOW,22.456658935546898,0.8997,2026-09-29 02:33
GRID_000958,9.202893244804423,77.07808251815015,0.0031337487,LOW,22.456658935546898,0.8933000000000001,2026-09-29 02:33
GRID_000959,9.202893244804423,77.08808251815016,0.003148383,LOW,22.456658935546898,0.8874000000000001,2026-09-29 02:33
GRID_000960,9.202893244804423,77.09808251815016,0.00313765,LOW,22.456658935546898,0.8922,2026-09-29 02:33
GRID_000961,9.202893244804423,77.10808251815017,0.0031308944,LOW,22.456658935546898,0.8879,2026-09-29 02:33
GRID_000962,9.202893244804423,77.11808251815017,0.0031336988,LOW,22.456658935546898,0.8911,2026-09-29 02:33
GRID_000963,9.202893244804423,77.12808251815018,0.0030549797,LOW,20.456658935546898,0.8746,2026-09-29 02:33
GRID_000964,9.202893244804423,77.13808251815018,0.0031274962,LOW,20.456658935546898,0.9074,2026-09-29 02:33
GRID_000965,9.202893244804423,77.14808251815019,0.0031390171,LOW,20.456658935546898,0.8844000000000001,2026-09-29 02:33
GRID_000966,9.202893244804423,77.1580825181502,0.0030877548,LOW,20.456658935546898,0.8797,2026-09-29 02:33
GRID_000967,9.202893244804423,77.1680825181502,0.028808145,LOW,20.456658935546898,0.7019000000000001,2026-09-29 02:33
GRID_000968,9.212893244804423,76.80808251815002,0.16008542,LOW,24.0566345214844,0.793,2026-09-29 02:33
GRID_000969,9.212893244804423,76.81808251815002,0.0047536064,LOW,24.0566345214844,0.7553000000000001,2026-09-29 02:33
GRID_000970,9.212893244804423,76.82808251815003,0.013446981,LOW,24.0566345214844,0.8097000000000001,2026-09-29 02:33
GRID_000971,9.212893244804423,76.83808251815003,0.028082166,LOW,24.0566345214844,0.769,2026-09-29 02:33
GRID_000972,9.212893244804423,76.84808251815004,0.46262392,MODERATE,24.0566345214844,0.6880000000000001,2026-09-29 02:33
GRID_000973,9.212893244804423,76.85808251815004,0.160096,LOW,24.0566345214844,0.7939,2026-09-29 02:33
GRID_000974,9.212893244804423,76.86808251815005,0.028076299,LOW,24.0566345214844,0.7713,2026-09-29 02:33
GRID_000975,9.212893244804423,76.87808251815005,0.0033078345,LOW,22.456658935546898,0.8163,2026-09-29 02:33
GRID_000976,9.212893244804423,76.88808251815006,0.0032151286,LOW,22.456658935546898,0.8558,2026-09-29 02:33
GRID_000977,9.212893244804423,76.89808251815006,0.003255359,LOW,22.456658935546898,0.8378,2026-09-29 02:33
GRID_000978,9.212893244804423,76.90808251815007,0.003171938,LOW,22.456658935546898,0.877,2026-09-29 02:33
GRID_000979,9.212893244804423,76.91808251815007,0.003144191,LOW,22.456658935546898,0.8842000000000001,2026-09-29 02:33
GRID_000980,9.212893244804423,76.92808251815008,0.0031525553,LOW,22.456658935546898,0.883,2026-09-29 02:33
GRID_000981,9.212893244804423,76.93808251815008,0.0031682714,LOW,22.456658935546898,0.8732000000000001,2026-09-29 02:33
GRID_000982,9.212893244804423,76.94808251815009,0.0031263519,LOW,22.456658935546898,0.8914000000000001,2026-09-29 02:33
GRID_000983,9.212893244804423,76.95808251815009,0.003135914,LOW,22.456658935546898,0.8926000000000001,2026-09-29 02:33
GRID_000984,9.212893244804423,76.9680825181501,0.003134347,LOW,22.456658935546898,0.8913000000000001,2026-09-29 02:33
GRID_000985,9.212893244804423,76.9780825181501,0.0031581176,LOW,22.456658935546898,0.8698,2026-09-29 02:33
GRID_000986,9.212893244804423,76.98808251815011,0.0031638162,LOW,22.456658935546898,0.8745,2026-09-29 02:33
GRID_000987,9.212893244804423,76.99808251815011,0.0031518547,LOW,22.456658935546898,0.8817,2026-09-29 02:33
GRID_000988,9.212893244804423,77.00808251815012,0.0031360765,LOW,22.456658935546898,0.8917,2026-09-29 02:33
GRID_000989,9.212893244804423,77.01808251815012,0.0030993659,LOW,22.456658935546898,0.9082,2026-09-29 02:33
GRID_000990,9.212893244804423,77.02808251815013,0.0031000096,LOW,22.456658935546898,0.9064,2026-09-29 02:33
GRID_000991,9.212893244804423,77.03808251815013,0.0031318422,LOW,22.456658935546898,0.8936000000000001,2026-09-29 02:33
GRID_000992,9.212893244804423,77.04808251815014,0.0031355843,LOW,22.456658935546898,0.8877,2026-09-29 02:33
GRID_000993,9.212893244804423,77.05808251815014,0.0031205034,LOW,22.456658935546898,0.8984000000000001,2026-09-29 02:33
GRID_000994,9.212893244804423,77.06808251815015,0.003129818,LOW,22.456658935546898,0.8976000000000001,2026-09-29 02:33
GRID_000995,9.212893244804423,77.07808251815015,0.003164953,LOW,22.456658935546898,0.8773000000000001,2026-09-29 02:33
GRID_000996,9.212893244804423,77.08808251815016,0.0031521923,LOW,22.456658935546898,0.8846,2026-09-29 02:33
GRID_000997,9.212893244804423,77.09808251815016,0.003143299,LOW,22.456658935546898,0.8869,2026-09-29 02:33
GRID_000998,9.212893244804423,77.10808251815017,0.0031536326,LOW,22.456658935546898,0.8829,2026-09-29 02:33
GRID_000999,9.212893244804423,77.11808251815017,0.0030987533,LOW,22.456658935546898,0.9084,2026-09-29 02:33
GRID_001000,9.212893244804423,77.12808251815018,0.0031735273,LOW,20.456658935546898,0.9258,2026-09-29 02:33
GRID_001001,9.212893244804423,77.13808251815018,0.003102235,LOW,20.456658935546898,0.8735,2026-09-29 02:33
GRID_001002,9.212893244804423,77.14808251815019,0.0031636064,LOW,20.456658935546898,0.8822000000000001,2026-09-29 02:33
GRID_001003,9.212893244804423,77.1580825181502,0.0031432947,LOW,20.456658935546898,0.8801,2026-09-29 02:33
GRID_001004,9.212893244804423,77.1680825181502,0.003160352,LOW,20.456658935546898,0.8826,2026-09-29 02:33
GRID_001005,9.222893244804425,76.74808251814999,0.48263177,MODERATE,24.0566345214844,0.6851,2026-09-29 02:33
GRID_001006,9.222893244804425,76.83808251815003,0.42245242,MODERATE,24.0566345214844,0.7180000000000001,2026-09-29 02:33
GRID_001007,9.222893244804425,76.85808251815004,0.43725663,MODERATE,24.0566345214844,0.7122,2026-09-29 02:33
GRID_001008,9.222893244804425,76.86808251815005,0.15846772,LOW,24.0566345214844,0.7758,2026-09-29 02:33
GRID_001009,9.222893244804425,76.87808251815005,0.0032547624,LOW,22.456658935546898,0.8366,2026-09-29 02:33
GRID_001010,9.222893244804425,76.88808251815006,0.0031554159,LOW,22.456658935546898,0.8833000000000001,2026-09-29 02:33
GRID_001011,9.222893244804425,76.89808251815006,0.0031715,LOW,22.456658935546898,0.8747,2026-09-29 02:33
GRID_001012,9.222893244804425,76.90808251815007,0.003177305,LOW,22.456658935546898,0.8725,2026-09-29 02:33
GRID_001013,9.222893244804425,76.91808251815007,0.0031427792,LOW,22.456658935546898,0.8845000000000001,2026-09-29 02:33
GRID_001014,9.222893244804425,76.92808251815008,0.0031492603,LOW,22.456658935546898,0.8772000000000001,2026-09-29 02:33
GRID_001015,9.222893244804425,76.93808251815008,0.0031571183,LOW,22.456658935546898,0.8743000000000001,2026-09-29 02:33
GRID_001016,9.222893244804425,76.94808251815009,0.0031531807,LOW,22.456658935546898,0.8851,2026-09-29 02:33
GRID_001017,9.222893244804425,76.95808251815009,0.0031736316,LOW,22.456658935546898,0.8715,2026-09-29 02:33
GRID_001018,9.222893244804425,76.98808251815011,0.0031417827,LOW,22.456658935546898,0.8893000000000001,2026-09-29 02:33
GRID_001019,9.222893244804425,76.99808251815011,0.0031091797,LOW,22.456658935546898,0.9032,2026-09-29 02:33
GRID_001020,9.222893244804425,77.00808251815012,0.0031076625,LOW,22.456658935546898,0.9061,2026-09-29 02:33
GRID_001021,9.222893244804425,77.01808251815012,0.003106896,LOW,22.456658935546898,0.9038,2026-09-29 02:33
GRID_001022,9.222893244804425,77.02808251815013,0.0031217383,LOW,22.456658935546898,0.8917,2026-09-29 02:33
GRID_001023,9.222893244804425,77.03808251815013,0.0031285197,LOW,22.456658935546898,0.8938,2026-09-29 02:33
GRID_001024,9.222893244804425,77.04808251815014,0.0031284448,LOW,22.456658935546898,0.8938,2026-09-29 02:33
GRID_001025,9.222893244804425,77.05808251815014,0.003105346,LOW,22.456658935546898,0.9019,2026-09-29 02:33
GRID_001026,9.222893244804425,77.06808251815015,0.0030970047,LOW,22.456658935546898,0.9041,2026-09-29 02:33
GRID_001027,9.222893244804425,77.07808251815015,0.003134294,LOW,22.456658935546898,0.8939,2026-09-29 02:33
GRID_001028,9.222893244804425,77.08808251815016,0.0031500407,LOW,22.456658935546898,0.8812000000000001,2026-09-29 02:33
GRID_001029,9.222893244804425,77.09808251815016,0.0031930082,LOW,22.456658935546898,0.8565,2026-09-29 02:33
GRID_001030,9.222893244804425,77.10808251815017,0.003179696,LOW,22.456658935546898,0.8580000000000001,2026-09-29 02:33
GRID_001031,9.222893244804425,77.11808251815017,0.0031291859,LOW,22.456658935546898,0.8894000000000001,2026-09-29 02:33
GRID_001032,9.222893244804425,77.12808251815018,0.0030903127,LOW,20.456658935546898,0.8935000000000001,2026-09-29 02:33
GRID_001033,9.222893244804425,77.13808251815018,0.0031497474,LOW,20.456658935546898,0.9136,2026-09-29 02:33
GRID_001034,9.222893244804425,77.14808251815019,0.0031274427,LOW,20.456658935546898,0.8763000000000001,2026-09-29 02:33
GRID_001035,9.222893244804425,77.1580825181502,0.0031417245,LOW,20.456658935546898,0.8774000000000001,2026-09-29 02:33
GRID_001036,9.222893244804425,77.1680825181502,0.0031745294,LOW,20.456658935546898,0.8897,2026-09-29 02:33
GRID_001037,9.232893244804425,76.80808251815002,0.16008887,LOW,24.0566345214844,0.7967000000000001,2026-09-29 02:33
GRID_001038,9.232893244804425,76.86808251815005,0.013424991,LOW,24.0566345214844,0.8217,2026-09-29 02:33
GRID_001039,9.232893244804425,76.87808251815005,0.19266103,LOW,22.456658935546898,0.7811,2026-09-29 02:33
GRID_001040,9.232893244804425,76.88808251815006,0.0031472603,LOW,22.456658935546898,0.8859,2026-09-29 02:33
GRID_001041,9.232893244804425,76.89808251815006,0.0031954215,LOW,22.456658935546898,0.8637,2026-09-29 02:33
GRID_001042,9.232893244804425,76.90808251815007,0.0031243716,LOW,22.456658935546898,0.8947,2026-09-29 02:33
GRID_001043,9.232893244804425,76.91808251815007,0.0031349605,LOW,22.456658935546898,0.8828,2026-09-29 02:33
GRID_001044,9.232893244804425,76.92808251815008,0.0032267524,LOW,22.456658935546898,0.8452000000000001,2026-09-29 02:33
GRID_001045,9.232893244804425,76.93808251815008,0.003232592,LOW,22.456658935546898,0.8414,2026-09-29 02:33
GRID_001046,9.232893244804425,76.94808251815009,0.0031157085,LOW,22.456658935546898,0.9043,2026-09-29 02:33
GRID_001047,9.232893244804425,76.95808251815009,0.003130843,LOW,22.456658935546898,0.8931,2026-09-29 02:33
GRID_001048,9.232893244804425,76.9680825181501,0.0031245532,LOW,22.456658935546898,0.8927,2026-09-29 02:33
GRID_001049,9.232893244804425,76.9780825181501,0.0031879493,LOW,22.456658935546898,0.8693000000000001,2026-09-29 02:33
GRID_001050,9.232893244804425,76.98808251815011,0.0031207078,LOW,22.456658935546898,0.8937,2026-09-29 02:33
GRID_001051,9.232893244804425,76.99808251815011,0.0032100822,LOW,22.456658935546898,0.8586,2026-09-29 02:33
GRID_001052,9.232893244804425,77.00808251815012,0.0031090858,LOW,22.456658935546898,0.899,2026-09-29 02:33
GRID_001053,9.232893244804425,77.01808251815012,0.0031084819,LOW,22.456658935546898,0.8988,2026-09-29 02:33
GRID_001054,9.232893244804425,77.02808251815013,0.0030755866,LOW,22.456658935546898,0.9142,2026-09-29 02:33
GRID_001055,9.232893244804425,77.03808251815013,0.0031228466,LOW,22.456658935546898,0.8983000000000001,2026-09-29 02:33
GRID_001056,9.232893244804425,77.04808251815014,0.0031184715,LOW,22.456658935546898,0.8966000000000001,2026-09-29 02:33
GRID_001057,9.232893244804425,77.05808251815014,0.00312189,LOW,22.456658935546898,0.8984000000000001,2026-09-29 02:33
GRID_001058,9.232893244804425,77.06808251815015,0.003133332,LOW,22.456658935546898,0.8928,2026-09-29 02:33
GRID_001059,9.232893244804425,77.07808251815015,0.0030994778,LOW,22.456658935546898,0.9047,2026-09-29 02:33
GRID_001060,9.232893244804425,77.08808251815016,0.0031248047,LOW,22.456658935546898,0.8927,2026-09-29 02:33
GRID_001061,9.232893244804425,77.09808251815016,0.0031667086,LOW,22.456658935546898,0.8722000000000001,2026-09-29 02:33
GRID_001062,9.232893244804425,77.10808251815017,0.003217374,LOW,22.456658935546898,0.8470000000000001,2026-09-29 02:33
GRID_001063,9.232893244804425,77.11808251815017,0.0031331652,LOW,22.456658935546898,0.8783000000000001,2026-09-29 02:33
GRID_001064,9.232893244804425,77.12808251815018,0.0030686082,LOW,20.456658935546898,0.8809,2026-09-29 02:33
GRID_001065,9.232893244804425,77.13808251815018,0.0031614443,LOW,20.456658935546898,0.9031,2026-09-29 02:33
GRID_001066,9.232893244804425,77.14808251815019,0.0030977614,LOW,20.456658935546898,0.8548,2026-09-29 02:33
GRID_001067,9.232893244804425,77.1580825181502,0.003138484,LOW,20.456658935546898,0.8781,2026-09-29 02:33
GRID_001068,9.242893244804424,76.81808251815002,0.34762278,LOW,24.0566345214844,0.7385,2026-09-29 02:33
GRID_001069,9.242893244804424,76.82808251815003,0.15845935,LOW,24.0566345214844,0.7794000000000001,2026-09-29 02:33
GRID_001070,9.242893244804424,76.83808251815003,0.082970664,LOW,24.0566345214844,0.7427,2026-09-29 02:33
GRID_001071,9.242893244804424,76.84808251815004,0.43150014,MODERATE,24.0566345214844,0.7220000000000001,2026-09-29 02:33
GRID_001072,9.242893244804424,76.85808251815004,0.009546418,LOW,24.0566345214844,0.7493000000000001,2026-09-29 02:33
GRID_001073,9.242893244804424,76.86808251815005,0.013390092,LOW,24.0566345214844,0.8357,2026-09-29 02:33
GRID_001074,9.242893244804424,76.87808251815005,0.003213365,LOW,22.456658935546898,0.8548,2026-09-29 02:33
GRID_001075,9.242893244804424,76.88808251815006,0.0031640786,LOW,22.456658935546898,0.8798,2026-09-29 02:33
GRID_001076,9.242893244804424,76.89808251815006,0.0032260404,LOW,22.456658935546898,0.8479,2026-09-29 02:33
GRID_001077,9.242893244804424,76.90808251815007,0.0031505185,LOW,22.456658935546898,0.8752000000000001,2026-09-29 02:33
GRID_001078,9.242893244804424,76.91808251815007,0.0031702314,LOW,22.456658935546898,0.869,2026-09-29 02:33
GRID_001079,9.242893244804424,76.92808251815008,0.003184634,LOW,22.456658935546898,0.8655,2026-09-29 02:33
GRID_001080,9.242893244804424,76.93808251815008,0.0031558697,LOW,22.456658935546898,0.8775000000000001,2026-09-29 02:33
GRID_001081,9.242893244804424,76.94808251815009,0.0031065645,LOW,22.456658935546898,0.8932,2026-09-29 02:33
GRID_001082,9.242893244804424,76.95808251815009,0.0032199514,LOW,22.456658935546898,0.8425,2026-09-29 02:33
GRID_001083,9.242893244804424,76.9680825181501,0.0033096739,LOW,22.456658935546898,0.8097000000000001,2026-09-29 02:33
GRID_001084,9.242893244804424,76.9780825181501,0.0030907532,LOW,22.456658935546898,0.9093,2026-09-29 02:33
GRID_001085,9.242893244804424,76.98808251815011,0.003103302,LOW,22.456658935546898,0.9049,2026-09-29 02:33
GRID_001086,9.242893244804424,76.99808251815011,0.0031195977,LOW,22.456658935546898,0.8972,2026-09-29 02:33
GRID_001087,9.242893244804424,77.00808251815012,0.0031382898,LOW,22.456658935546898,0.8887,2026-09-29 02:33
GRID_001088,9.242893244804424,77.01808251815012,0.0030904943,LOW,22.456658935546898,0.9062,2026-09-29 02:33
GRID_001089,9.242893244804424,77.02808251815013,0.0030735387,LOW,22.456658935546898,0.925,2026-09-29 02:33
GRID_001090,9.242893244804424,77.03808251815013,0.003112163,LOW,22.456658935546898,0.9005000000000001,2026-09-29 02:33
GRID_001091,9.242893244804424,77.04808251815014,0.0030870766,LOW,22.456658935546898,0.9148,2026-09-29 02:33
GRID_001092,9.242893244804424,77.05808251815014,0.0031178035,LOW,22.456658935546898,0.9006000000000001,2026-09-29 02:33
GRID_001093,9.242893244804424,77.06808251815015,0.0031504473,LOW,22.456658935546898,0.8802000000000001,2026-09-29 02:33
GRID_001094,9.242893244804424,77.07808251815015,0.0031357233,LOW,22.456658935546898,0.8857,2026-09-29 02:33
GRID_001095,9.242893244804424,77.08808251815016,0.0031291638,LOW,22.456658935546898,0.8899,2026-09-29 02:33
GRID_001096,9.242893244804424,77.09808251815016,0.0031409957,LOW,22.456658935546898,0.8764000000000001,2026-09-29 02:33
GRID_001097,9.242893244804424,77.10808251815017,0.0031095226,LOW,22.456658935546898,0.8929,2026-09-29 02:33
GRID_001098,9.242893244804424,77.11808251815017,0.003183043,LOW,22.456658935546898,0.862,2026-09-29 02:33
GRID_001099,9.242893244804424,77.12808251815018,0.0031031175,LOW,20.456658935546898,0.885,2026-09-29 02:33
GRID_001100,9.242893244804424,77.13808251815018,0.0031431443,LOW,20.456658935546898,0.8902,2026-09-29 02:33
GRID_001101,9.242893244804424,77.14808251815019,0.003106086,LOW,20.456658935546898,0.8646,2026-09-29 02:33
GRID_001102,9.242893244804424,77.1580825181502,0.0031235036,LOW,20.456658935546898,0.8734000000000001,2026-09-29 02:33
GRID_001103,9.242893244804424,77.1680825181502,0.0030987537,LOW,20.456658935546898,0.8706,2026-09-29 02:33
GRID_001104,9.252893244804424,76.82808251815003,0.15845002,LOW,24.0566345214844,0.784,2026-09-29 02:33
GRID_001105,9.252893244804424,76.83808251815003,0.102584355,LOW,24.0566345214844,0.7637,2026-09-29 02:33
GRID_001106,9.252893244804424,76.84808251815004,0.10258698,LOW,24.0566345214844,0.7632,2026-09-29 02:33
GRID_001107,9.252893244804424,76.85808251815004,0.013434029,LOW,24.0566345214844,0.8145,2026-09-29 02:33
GRID_001108,9.252893244804424,76.86808251815005,0.013420285,LOW,24.0566345214844,0.8228000000000001,2026-09-29 02:33
GRID_001109,9.252893244804424,76.87808251815005,0.005775754,LOW,22.456658935546898,0.7526,2026-09-29 02:33
GRID_001110,9.252893244804424,76.89808251815006,0.0031963352,LOW,22.456658935546898,0.8622000000000001,2026-09-29 02:33
GRID_001111,9.252893244804424,76.90808251815007,0.003180956,LOW,22.456658935546898,0.8728,2026-09-29 02:33
GRID_001112,9.252893244804424,76.92808251815008,0.0032630968,LOW,22.456658935546898,0.8324,2026-09-29 02:33
GRID_001113,9.252893244804424,76.93808251815008,0.0032019084,LOW,22.456658935546898,0.8562000000000001,2026-09-29 02:33
GRID_001114,9.252893244804424,76.94808251815009,0.00314331,LOW,22.456658935546898,0.8873000000000001,2026-09-29 02:33
GRID_001115,9.252893244804424,76.95808251815009,0.0032214783,LOW,22.456658935546898,0.8490000000000001,2026-09-29 02:33
GRID_001116,9.252893244804424,76.9680825181501,0.0032150252,LOW,22.456658935546898,0.8505,2026-09-29 02:33
GRID_001117,9.252893244804424,76.9780825181501,0.0031131674,LOW,22.456658935546898,0.9034,2026-09-29 02:33
GRID_001118,9.252893244804424,76.98808251815011,0.0031079191,LOW,22.456658935546898,0.9073,2026-09-29 02:33
GRID_001119,9.252893244804424,76.99808251815011,0.0031096765,LOW,22.456658935546898,0.8984000000000001,2026-09-29 02:33
GRID_001120,9.252893244804424,77.00808251815012,0.0030981926,LOW,22.456658935546898,0.908,2026-09-29 02:33
GRID_001121,9.252893244804424,77.01808251815012,0.003125898,LOW,22.456658935546898,0.8998,2026-09-29 02:33
GRID_001122,9.252893244804424,77.02808251815013,0.003125996,LOW,22.456658935546898,0.8952,2026-09-29 02:33
GRID_001123,9.252893244804424,77.03808251815013,0.003108434,LOW,22.456658935546898,0.9047,2026-09-29 02:33
GRID_001124,9.252893244804424,77.04808251815014,0.0030977298,LOW,22.456658935546898,0.9107,2026-09-29 02:33
GRID_001125,9.252893244804424,77.05808251815014,0.0031049685,LOW,22.456658935546898,0.9036,2026-09-29 02:33
GRID_001126,9.252893244804424,77.06808251815015,0.003124212,LOW,22.456658935546898,0.8936000000000001,2026-09-29 02:33
GRID_001127,9.252893244804424,77.07808251815015,0.003134834,LOW,22.456658935546898,0.8837,2026-09-29 02:33
GRID_001128,9.252893244804424,77.08808251815016,0.0031335913,LOW,22.456658935546898,0.8887,2026-09-29 02:33
GRID_001129,9.252893244804424,77.09808251815016,0.0031540482,LOW,22.456658935546898,0.8717,2026-09-29 02:33
GRID_001130,9.252893244804424,77.10808251815017,0.0031438111,LOW,22.456658935546898,0.8806,2026-09-29 02:33
GRID_001131,9.252893244804424,77.11808251815017,0.0031882878,LOW,22.456658935546898,0.8604,2026-09-29 02:33
GRID_001132,9.252893244804424,77.12808251815018,0.003117762,LOW,20.456658935546898,0.8677,2026-09-29 02:33
GRID_001133,9.252893244804424,77.13808251815018,0.003131038,LOW,20.456658935546898,0.8711000000000001,2026-09-29 02:33
GRID_001134,9.252893244804424,77.14808251815019,0.0031306138,LOW,20.456658935546898,0.877,2026-09-29 02:33
GRID_001135,9.252893244804424,77.1580825181502,0.0031638942,LOW,20.456658935546898,0.8943000000000001,2026-09-29 02:33
GRID_001136,9.252893244804424,77.1680825181502,0.003123437,LOW,20.456658935546898,0.8672000000000001,2026-09-29 02:33
GRID_001137,9.252893244804424,77.1780825181502,0.003133134,LOW,20.456658935546898,0.8817,2026-09-29 02:33
GRID_001138,9.262893244804424,76.80808251815002,0.4117982,MODERATE,24.0566345214844,0.6545000000000001,2026-09-29 02:33
GRID_001139,9.262893244804424,76.81808251815002,0.42243952,MODERATE,24.0566345214844,0.7211000000000001,2026-09-29 02:33
GRID_001140,9.262893244804424,76.82808251815003,0.10036304,LOW,24.0566345214844,0.7572,2026-09-29 02:33
GRID_001141,9.262893244804424,76.83808251815003,0.0134314,LOW,24.0566345214844,0.8170000000000001,2026-09-29 02:33
GRID_001142,9.262893244804424,76.84808251815004,0.15845926,LOW,24.0566345214844,0.7798,2026-09-29 02:33
GRID_001143,9.262893244804424,76.85808251815004,0.013458099,LOW,24.0566345214844,0.8054,2026-09-29 02:33
GRID_001144,9.262893244804424,76.86808251815005,0.013467764,LOW,24.0566345214844,0.8034,2026-09-29 02:33
GRID_001145,9.262893244804424,76.87808251815005,0.003286195,LOW,22.456658935546898,0.8234,2026-09-29 02:33
GRID_001146,9.262893244804424,76.88808251815006,0.0031271027,LOW,22.456658935546898,0.899,2026-09-29 02:33
GRID_001147,9.262893244804424,76.89808251815006,0.0031170924,LOW,22.456658935546898,0.8982,2026-09-29 02:33
GRID_001148,9.262893244804424,76.91808251815007,0.0031820806,LOW,22.456658935546898,0.866,2026-09-29 02:33
GRID_001149,9.262893244804424,76.92808251815008,0.0033075118,LOW,22.456658935546898,0.8137000000000001,2026-09-29 02:33
GRID_001150,9.262893244804424,76.93808251815008,0.00323558,LOW,22.456658935546898,0.8424,2026-09-29 02:33
GRID_001151,9.262893244804424,76.94808251815009,0.0032299021,LOW,22.456658935546898,0.8420000000000001,2026-09-29 02:33
GRID_001152,9.262893244804424,76.95808251815009,0.003231198,LOW,22.456658935546898,0.8395,2026-09-29 02:33
GRID_001153,9.262893244804424,76.9680825181501,0.0032997113,LOW,22.456658935546898,0.8147000000000001,2026-09-29 02:33
GRID_001154,9.262893244804424,76.9780825181501,0.0031422724,LOW,22.456658935546898,0.8899,2026-09-29 02:33
GRID_001155,9.262893244804424,76.98808251815011,0.0031581083,LOW,22.456658935546898,0.8745,2026-09-29 02:33
GRID_001156,9.262893244804424,76.99808251815011,0.0031139492,LOW,22.456658935546898,0.9043,2026-09-29 02:33
GRID_001157,9.262893244804424,77.00808251815012,0.0031239216,LOW,22.456658935546898,0.8985000000000001,2026-09-29 02:33
GRID_001158,9.262893244804424,77.01808251815012,0.003116969,LOW,22.456658935546898,0.9018,2026-09-29 02:33
GRID_001159,9.262893244804424,77.02808251815013,0.003087436,LOW,22.456658935546898,0.9146,2026-09-29 02:33
GRID_001160,9.262893244804424,77.03808251815013,0.0030861315,LOW,22.456658935546898,0.9114,2026-09-29 02:33
GRID_001161,9.262893244804424,77.04808251815014,0.0031012474,LOW,22.456658935546898,0.91,2026-09-29 02:33
GRID_001162,9.262893244804424,77.05808251815014,0.0031395927,LOW,22.456658935546898,0.882,2026-09-29 02:33
GRID_001163,9.262893244804424,77.06808251815015,0.0031330418,LOW,22.456658935546898,0.8842000000000001,2026-09-29 02:33
GRID_001164,9.262893244804424,77.07808251815015,0.0031451324,LOW,22.456658935546898,0.8754000000000001,2026-09-29 02:33
GRID_001165,9.262893244804424,77.08808251815016,0.0031551817,LOW,22.456658935546898,0.875,2026-09-29 02:33
GRID_001166,9.262893244804424,77.09808251815016,0.0031281943,LOW,22.456658935546898,0.8931,2026-09-29 02:33
GRID_001167,9.262893244804424,77.10808251815017,0.0031922273,LOW,22.456658935546898,0.8601000000000001,2026-09-29 02:33
GRID_001168,9.262893244804424,77.11808251815017,0.00318718,LOW,22.456658935546898,0.8625,2026-09-29 02:33
GRID_001169,9.262893244804424,77.12808251815018,0.0031011677,LOW,20.456658935546898,0.8570000000000001,2026-09-29 02:33
GRID_001170,9.262893244804424,77.13808251815018,0.0030868957,LOW,20.456658935546898,0.8543000000000001,2026-09-29 02:33
GRID_001171,9.262893244804424,77.14808251815019,0.003097298,LOW,20.456658935546898,0.8535,2026-09-29 02:33
GRID_001172,9.262893244804424,77.1580825181502,0.0031435457,LOW,20.456658935546898,0.8755000000000001,2026-09-29 02:33
GRID_001173,9.262893244804424,77.1680825181502,0.0031452738,LOW,20.456658935546898,0.882,2026-09-29 02:33
GRID_001174,9.262893244804424,77.1780825181502,0.0030636038,LOW,20.456658935546898,0.8347,2026-09-29 02:33
GRID_001175,9.272893244804424,76.73808251814998,0.013459825,LOW,24.0566345214844,0.8052,2026-09-29 02:33
GRID_001176,9.272893244804424,76.80808251815002,0.43149528,MODERATE,24.0566345214844,0.7229,2026-09-29 02:33
GRID_001177,9.272893244804424,76.81808251815002,0.013444799,LOW,24.0566345214844,0.8123,2026-09-29 02:33
GRID_001178,9.272893244804424,76.82808251815003,0.013463207,LOW,24.0566345214844,0.8023,2026-09-29 02:33
GRID_001179,9.272893244804424,76.83808251815003,0.013478556,LOW,24.0566345214844,0.7972,2026-09-29 02:33
GRID_001180,9.272893244804424,76.84808251815004,0.013383398,LOW,24.0566345214844,0.8380000000000001,2026-09-29 02:33
GRID_001181,9.272893244804424,76.85808251815004,0.013417928,LOW,24.0566345214844,0.8240000000000001,2026-09-29 02:33
GRID_001182,9.272893244804424,76.86808251815005,0.16010006,LOW,24.0566345214844,0.7926000000000001,2026-09-29 02:33
GRID_001183,9.272893244804424,76.87808251815005,0.0033035781,LOW,22.456658935546898,0.8175,2026-09-29 02:33
GRID_001184,9.272893244804424,76.88808251815006,0.003153555,LOW,22.456658935546898,0.8868,2026-09-29 02:33
GRID_001185,9.272893244804424,76.89808251815006,0.003165104,LOW,22.456658935546898,0.8796,2026-09-29 02:33
GRID_001186,9.272893244804424,76.90808251815007,0.0031749385,LOW,22.456658935546898,0.8707,2026-09-29 02:33
GRID_001187,9.272893244804424,76.91808251815007,0.0032022272,LOW,22.456658935546898,0.8536,2026-09-29 02:33
GRID_001188,9.272893244804424,76.92808251815008,0.0032812064,LOW,22.456658935546898,0.8279000000000001,2026-09-29 02:33
GRID_001189,9.272893244804424,76.93808251815008,0.0031154752,LOW,22.456658935546898,0.8979,2026-09-29 02:33
GRID_001190,9.272893244804424,76.94808251815009,0.0031495977,LOW,22.456658935546898,0.8847,2026-09-29 02:33
GRID_001191,9.272893244804424,76.95808251815009,0.0031869435,LOW,22.456658935546898,0.8666,2026-09-29 02:33
GRID_001192,9.272893244804424,76.9680825181501,0.0030989107,LOW,22.456658935546898,0.8986000000000001,2026-09-29 02:33
GRID_001193,9.272893244804424,76.9780825181501,0.00318442,LOW,22.456658935546898,0.8589,2026-09-29 02:33
GRID_001194,9.272893244804424,76.98808251815011,0.0032152336,LOW,22.456658935546898,0.8472000000000001,2026-09-29 02:33
GRID_001195,9.272893244804424,76.99808251815011,0.0030979712,LOW,22.456658935546898,0.9091,2026-09-29 02:33
GRID_001196,9.272893244804424,77.00808251815012,0.0030958895,LOW,22.456658935546898,0.9108,2026-09-29 02:33
GRID_001197,9.272893244804424,77.01808251815012,0.0030943786,LOW,22.456658935546898,0.9089,2026-09-29 02:33
GRID_001198,9.272893244804424,77.02808251815013,0.0031101212,LOW,22.456658935546898,0.9028,2026-09-29 02:33
GRID_001199,9.272893244804424,77.03808251815013,0.0031315507,LOW,22.456658935546898,0.8845000000000001,2026-09-29 02:33
GRID_001200,9.272893244804424,77.04808251815014,0.0033148918,LOW,22.456658935546898,0.8034,2026-09-29 02:33
GRID_001201,9.272893244804424,77.05808251815014,0.0032412012,LOW,22.456658935546898,0.8345,2026-09-29 02:33
GRID_001202,9.272893244804424,77.06808251815015,0.0032343473,LOW,22.456658935546898,0.8354,2026-09-29 02:33
GRID_001203,9.272893244804424,77.07808251815015,0.0033222775,LOW,22.456658935546898,0.8004,2026-09-29 02:33
GRID_001204,9.272893244804424,77.08808251815016,0.0031579337,LOW,22.456658935546898,0.8702000000000001,2026-09-29 02:33
GRID_001205,9.272893244804424,77.09808251815016,0.0032026696,LOW,22.456658935546898,0.8532000000000001,2026-09-29 02:33
GRID_001206,9.272893244804424,77.10808251815017,0.0032374621,LOW,22.456658935546898,0.8371000000000001,2026-09-29 02:33
GRID_001207,9.272893244804424,77.11808251815017,0.0031511965,LOW,22.456658935546898,0.8819,2026-09-29 02:33
GRID_001208,9.272893244804424,77.12808251815018,0.003072132,LOW,20.456658935546898,0.8497,2026-09-29 02:33
GRID_001209,9.272893244804424,77.13808251815018,0.0032054367,LOW,20.456658935546898,0.9054,2026-09-29 02:33
GRID_001210,9.272893244804424,77.14808251815019,0.0027183676,LOW,20.456658935546898,0.7552,2026-09-29 02:33
GRID_001211,9.272893244804424,77.1580825181502,0.0031534298,LOW,20.456658935546898,0.8908,2026-09-29 02:33
GRID_001212,9.272893244804424,77.1680825181502,0.054103997,LOW,20.456658935546898,0.6297,2026-09-29 02:33
GRID_001213,9.272893244804424,77.1780825181502,0.0031249868,LOW,20.456658935546898,0.8706,2026-09-29 02:33
GRID_001214,9.282893244804423,76.80808251815002,0.013468503,LOW,24.0566345214844,0.8026000000000001,2026-09-29 02:33
GRID_001215,9.282893244804423,76.81808251815002,0.10259117,LOW,24.0566345214844,0.7601,2026-09-29 02:33
GRID_001216,9.282893244804423,76.82808251815003,0.16010511,LOW,24.0566345214844,0.7889,2026-09-29 02:33
GRID_001217,9.282893244804423,76.83808251815003,0.01347334,LOW,24.0566345214844,0.7992,2026-09-29 02:33
GRID_001218,9.282893244804423,76.84808251815004,0.102573544,LOW,24.0566345214844,0.7663000000000001,2026-09-29 02:33
GRID_001219,9.282893244804423,76.85808251815004,0.013444493,LOW,24.0566345214844,0.811,2026-09-29 02:33
GRID_001220,9.282893244804423,76.86808251815005,0.00955113,LOW,24.0566345214844,0.7471,2026-09-29 02:33
GRID_001221,9.282893244804423,76.87808251815005,0.0033266526,LOW,22.456658935546898,0.8093,2026-09-29 02:33
GRID_001222,9.282893244804423,76.88808251815006,0.0032520564,LOW,22.456658935546898,0.8394,2026-09-29 02:33
GRID_001223,9.282893244804423,76.89808251815006,0.0031290068,LOW,22.456658935546898,0.8956000000000001,2026-09-29 02:33
GRID_001224,9.282893244804423,76.90808251815007,0.0031429646,LOW,22.456658935546898,0.8855000000000001,2026-09-29 02:33
GRID_001225,9.282893244804423,76.91808251815007,0.003127019,LOW,22.456658935546898,0.8908,2026-09-29 02:33
GRID_001226,9.282893244804423,76.92808251815008,0.0031901759,LOW,22.456658935546898,0.8658,2026-09-29 02:33
GRID_001227,9.282893244804423,76.93808251815008,0.0031690157,LOW,22.456658935546898,0.8773000000000001,2026-09-29 02:33
GRID_001228,9.282893244804423,76.94808251815009,0.0031605433,LOW,22.456658935546898,0.874,2026-09-29 02:33
GRID_001229,9.282893244804423,76.95808251815009,0.0031500407,LOW,22.456658935546898,0.8842000000000001,2026-09-29 02:33
GRID_001230,9.282893244804423,76.9680825181501,0.003126683,LOW,22.456658935546898,0.8963000000000001,2026-09-29 02:33
GRID_001231,9.282893244804423,76.9780825181501,0.0031198175,LOW,22.456658935546898,0.8984000000000001,2026-09-29 02:33
GRID_001232,9.282893244804423,76.98808251815011,0.0031736079,LOW,22.456658935546898,0.8704000000000001,2026-09-29 02:33
GRID_001233,9.282893244804423,76.99808251815011,0.0031214966,LOW,22.456658935546898,0.8928,2026-09-29 02:33
GRID_001234,9.282893244804423,77.00808251815012,0.0031177292,LOW,22.456658935546898,0.8988,2026-09-29 02:33
GRID_001235,9.282893244804423,77.01808251815012,0.0031063142,LOW,22.456658935546898,0.9087,2026-09-29 02:33
GRID_001236,9.282893244804423,77.02808251815013,0.0031095517,LOW,22.456658935546898,0.9013,2026-09-29 02:33
GRID_001237,9.282893244804423,77.03808251815013,0.0032669026,LOW,22.456658935546898,0.8263,2026-09-29 02:33
GRID_001238,9.282893244804423,77.04808251815014,0.0030984522,LOW,22.456658935546898,0.9045,2026-09-29 02:33
GRID_001239,9.282893244804423,77.05808251815014,0.4750665,MODERATE,22.456658935546898,0.6976,2026-09-29 02:33
GRID_001240,9.282893244804423,77.06808251815015,0.0031517725,LOW,22.456658935546898,0.8688,2026-09-29 02:33
GRID_001241,9.282893244804423,77.07808251815015,0.0031431215,LOW,22.456658935546898,0.8758,2026-09-29 02:33
GRID_001242,9.282893244804423,77.08808251815016,0.003145961,LOW,22.456658935546898,0.8812000000000001,2026-09-29 02:33
GRID_001243,9.282893244804423,77.09808251815016,0.003189982,LOW,22.456658935546898,0.861,2026-09-29 02:33
GRID_001244,9.282893244804423,77.10808251815017,0.0032404712,LOW,22.456658935546898,0.8373,2026-09-29 02:33
GRID_001245,9.282893244804423,77.11808251815017,0.0031607607,LOW,22.456658935546898,0.8765000000000001,2026-09-29 02:33
GRID_001246,9.282893244804423,77.12808251815018,0.003129257,LOW,20.456658935546898,0.8833000000000001,2026-09-29 02:33
GRID_001247,9.282893244804423,77.13808251815018,0.003181464,LOW,20.456658935546898,0.9076,2026-09-29 02:33
GRID_001248,9.282893244804423,77.14808251815019,0.003043843,LOW,20.456658935546898,0.8331000000000001,2026-09-29 02:33
GRID_001249,9.282893244804423,77.1580825181502,0.07285969,LOW,20.456658935546898,0.6697000000000001,2026-09-29 02:33
GRID_001250,9.282893244804423,77.1680825181502,0.07165698,LOW,20.456658935546898,0.5438000000000001,2026-09-29 02:33
GRID_001251,9.282893244804423,77.1780825181502,0.00317903,LOW,20.456658935546898,0.897,2026-09-29 02:33
GRID_001252,9.292893244804423,76.80808251815002,0.0047573242,LOW,24.0566345214844,0.7521,2026-09-29 02:33
GRID_001253,9.292893244804423,76.82808251815003,0.004761125,LOW,24.0566345214844,0.7514000000000001,2026-09-29 02:33
GRID_001254,9.292893244804423,76.85808251815004,0.013463207,LOW,24.0566345214844,0.8034,2026-09-29 02:33
GRID_001255,9.292893244804423,76.86808251815005,0.43726102,MODERATE,24.0566345214844,0.7106,2026-09-29 02:33
GRID_001256,9.292893244804423,76.87808251815005,0.0032664114,LOW,22.456658935546898,0.8351000000000001,2026-09-29 02:33
GRID_001257,9.292893244804423,76.89808251815006,0.003215325,LOW,22.456658935546898,0.8524,2026-09-29 02:33
GRID_001258,9.292893244804423,76.90808251815007,0.0032137644,LOW,22.456658935546898,0.8521000000000001,2026-09-29 02:33
GRID_001259,9.292893244804423,76.91808251815007,0.0031483215,LOW,22.456658935546898,0.8794000000000001,2026-09-29 02:33
GRID_001260,9.292893244804423,76.92808251815008,0.00315801,LOW,22.456658935546898,0.8816,2026-09-29 02:33
GRID_001261,9.292893244804423,76.93808251815008,0.0031666541,LOW,22.456658935546898,0.8769,2026-09-29 02:33
GRID_001262,9.292893244804423,76.94808251815009,0.0032057785,LOW,22.456658935546898,0.8538,2026-09-29 02:33
GRID_001263,9.292893244804423,76.95808251815009,0.0031893833,LOW,22.456658935546898,0.8648,2026-09-29 02:33
GRID_001264,9.292893244804423,76.9680825181501,0.0031090965,LOW,22.456658935546898,0.8946000000000001,2026-09-29 02:33
GRID_001265,9.292893244804423,76.9780825181501,0.0031726328,LOW,22.456658935546898,0.8678,2026-09-29 02:33
GRID_001266,9.292893244804423,76.98808251815011,0.0031009978,LOW,22.456658935546898,0.911,2026-09-29 02:33
GRID_001267,9.292893244804423,76.99808251815011,0.0031893188,LOW,22.456658935546898,0.8562000000000001,2026-09-29 02:33
GRID_001268,9.292893244804423,77.00808251815012,0.0032071003,LOW,22.456658935546898,0.8575,2026-09-29 02:33
GRID_001269,9.292893244804423,77.01808251815012,0.003109747,LOW,22.456658935546898,0.8917,2026-09-29 02:33
GRID_001270,9.292893244804423,77.02808251815013,0.0030999742,LOW,22.456658935546898,0.8994000000000001,2026-09-29 02:33
GRID_001271,9.292893244804423,77.03808251815013,0.0031161797,LOW,22.456658935546898,0.8998,2026-09-29 02:33
GRID_001272,9.292893244804423,77.04808251815014,0.0031038998,LOW,22.456658935546898,0.9031,2026-09-29 02:33
GRID_001273,9.292893244804423,77.05808251815014,0.003099979,LOW,22.456658935546898,0.9051,2026-09-29 02:33
GRID_001274,9.292893244804423,77.06808251815015,0.0031112186,LOW,22.456658935546898,0.8956000000000001,2026-09-29 02:33
GRID_001275,9.292893244804423,77.07808251815015,0.003143186,LOW,22.456658935546898,0.8805000000000001,2026-09-29 02:33
GRID_001276,9.292893244804423,77.08808251815016,0.003133635,LOW,22.456658935546898,0.8863000000000001,2026-09-29 02:33
GRID_001277,9.292893244804423,77.09808251815016,0.0030979759,LOW,22.456658935546898,0.9045,2026-09-29 02:33
GRID_001278,9.292893244804423,77.10808251815017,0.0031344434,LOW,22.456658935546898,0.8827,2026-09-29 02:33
GRID_001279,9.292893244804423,77.11808251815017,0.0031353119,LOW,22.456658935546898,0.8911,2026-09-29 02:33
GRID_001280,9.292893244804423,77.12808251815018,0.0031218994,LOW,20.456658935546898,0.8725,2026-09-29 02:33
GRID_001281,9.292893244804423,77.13808251815018,0.003066515,LOW,20.456658935546898,0.8514,2026-09-29 02:33
GRID_001282,9.292893244804423,77.14808251815019,0.0031335661,LOW,20.456658935546898,0.8752000000000001,2026-09-29 02:33
GRID_001283,9.292893244804423,77.1580825181502,0.07454809,LOW,20.456658935546898,0.4553,2026-09-29 02:33
GRID_001284,9.292893244804423,77.1680825181502,0.054974366,LOW,20.456658935546898,0.6181,2026-09-29 02:33
GRID_001285,9.292893244804423,77.1780825181502,0.003122156,LOW,20.456658935546898,0.8771,2026-09-29 02:33
GRID_001286,9.302893244804425,76.82808251815003,0.013447664,LOW,24.0566345214844,0.8103,2026-09-29 02:33
GRID_001287,9.302893244804425,76.83808251815003,0.013443346,LOW,24.0566345214844,0.8129000000000001,2026-09-29 02:33
GRID_001288,9.302893244804425,76.84808251815004,0.013447496,LOW,24.0566345214844,0.807,2026-09-29 02:33
GRID_001289,9.302893244804425,76.88808251815006,0.0032547908,LOW,22.456658935546898,0.8373,2026-09-29 02:33
GRID_001290,9.302893244804425,76.89808251815006,0.0032502953,LOW,22.456658935546898,0.8390000000000001,2026-09-29 02:33
GRID_001291,9.302893244804425,76.90808251815007,0.0032348144,LOW,22.456658935546898,0.8458,2026-09-29 02:33
GRID_001292,9.302893244804425,76.91808251815007,0.0032187854,LOW,22.456658935546898,0.8494,2026-09-29 02:33
GRID_001293,9.302893244804425,76.92808251815008,0.0031633456,LOW,22.456658935546898,0.8757,2026-09-29 02:33
GRID_001294,9.302893244804425,76.93808251815008,0.003142946,LOW,22.456658935546898,0.8827,2026-09-29 02:33
GRID_001295,9.302893244804425,76.94808251815009,0.0032451851,LOW,22.456658935546898,0.8356,2026-09-29 02:33
GRID_001296,9.302893244804425,76.95808251815009,0.0031880701,LOW,22.456658935546898,0.8619,2026-09-29 02:33
GRID_001297,9.302893244804425,76.9680825181501,0.0031548466,LOW,22.456658935546898,0.882,2026-09-29 02:33
GRID_001298,9.302893244804425,76.9780825181501,0.0032148336,LOW,22.456658935546898,0.8468,2026-09-29 02:33
GRID_001299,9.302893244804425,76.98808251815011,0.0031309146,LOW,22.456658935546898,0.8815000000000001,2026-09-29 02:33
GRID_001300,9.302893244804425,76.99808251815011,0.003130332,LOW,22.456658935546898,0.896,2026-09-29 02:33
GRID_001301,9.302893244804425,77.00808251815012,0.003109415,LOW,22.456658935546898,0.9012,2026-09-29 02:33
GRID_001302,9.302893244804425,77.01808251815012,0.0031296748,LOW,22.456658935546898,0.8929,2026-09-29 02:33
GRID_001303,9.302893244804425,77.02808251815013,0.0030971786,LOW,22.456658935546898,0.9132,2026-09-29 02:33
GRID_001304,9.302893244804425,77.03808251815013,0.0031122074,LOW,22.456658935546898,0.9074,2026-09-29 02:33
GRID_001305,9.302893244804425,77.04808251815014,0.0030974946,LOW,22.456658935546898,0.9048,2026-09-29 02:33
GRID_001306,9.302893244804425,77.05808251815014,0.003110886,LOW,22.456658935546898,0.8965000000000001,2026-09-29 02:33
GRID_001307,9.302893244804425,77.06808251815015,0.0031055114,LOW,22.456658935546898,0.8978,2026-09-29 02:33
GRID_001308,9.302893244804425,77.07808251815015,0.0030790013,LOW,22.456658935546898,0.9152,2026-09-29 02:33
GRID_001309,9.302893244804425,77.08808251815016,0.0031092674,LOW,22.456658935546898,0.9044,2026-09-29 02:33
GRID_001310,9.302893244804425,77.09808251815016,0.0030994057,LOW,22.456658935546898,0.9026,2026-09-29 02:33
GRID_001311,9.302893244804425,77.10808251815017,0.0031078486,LOW,22.456658935546898,0.8901,2026-09-29 02:33
GRID_001312,9.302893244804425,77.11808251815017,0.0031465255,LOW,22.456658935546898,0.8736,2026-09-29 02:33
GRID_001313,9.302893244804425,77.12808251815018,0.0031543034,LOW,20.456658935546898,0.8912,2026-09-29 02:33
GRID_001314,9.302893244804425,77.13808251815018,0.0033340778,LOW,20.456658935546898,0.7787000000000001,2026-09-29 02:33
GRID_001315,9.302893244804425,77.14808251815019,0.123283625,LOW,20.456658935546898,0.168,2026-09-29 02:33
GRID_001316,9.302893244804425,77.1580825181502,0.080257475,LOW,20.456658935546898,0.3936,2026-09-29 02:33
GRID_001317,9.302893244804425,77.1680825181502,0.01914101,LOW,20.456658935546898,0.6592,2026-09-29 02:33
GRID_001318,9.302893244804425,77.1780825181502,0.0031614308,LOW,20.456658935546898,0.891,2026-09-29 02:33
GRID_001319,9.312893244804425,76.80808251815002,0.16008788,LOW,24.0566345214844,0.7955,2026-09-29 02:33
GRID_001320,9.312893244804425,76.81808251815002,0.0134517215,LOW,24.0566345214844,0.8089000000000001,2026-09-29 02:33
GRID_001321,9.312893244804425,76.82808251815003,0.013471292,LOW,24.0566345214844,0.8015,2026-09-29 02:33
GRID_001322,9.312893244804425,76.83808251815003,0.013415138,LOW,24.0566345214844,0.8201,2026-09-29 02:33
GRID_001323,9.312893244804425,76.84808251815004,0.48528,MODERATE,24.0566345214844,0.6776,2026-09-29 02:33
GRID_001324,9.312893244804425,76.88808251815006,0.0032632702,LOW,22.456658935546898,0.8348,2026-09-29 02:33
GRID_001325,9.312893244804425,76.89808251815006,0.0031128763,LOW,22.456658935546898,0.9022,2026-09-29 02:33
GRID_001326,9.312893244804425,76.90808251815007,0.0031546266,LOW,22.456658935546898,0.8799,2026-09-29 02:33
GRID_001327,9.312893244804425,76.91808251815007,0.0032183933,LOW,22.456658935546898,0.8479,2026-09-29 02:33
GRID_001328,9.312893244804425,76.92808251815008,0.0032608623,LOW,22.456658935546898,0.8330000000000001,2026-09-29 02:33
GRID_001329,9.312893244804425,76.93808251815008,0.0032110494,LOW,22.456658935546898,0.8567,2026-09-29 02:33
GRID_001330,9.312893244804425,76.94808251815009,0.0033402764,LOW,22.456658935546898,0.8024,2026-09-29 02:33
GRID_001331,9.312893244804425,76.95808251815009,0.0031899658,LOW,22.456658935546898,0.861,2026-09-29 02:33
GRID_001332,9.312893244804425,76.9680825181501,0.003153977,LOW,22.456658935546898,0.8815000000000001,2026-09-29 02:33
GRID_001333,9.312893244804425,76.9780825181501,0.003181091,LOW,22.456658935546898,0.8633000000000001,2026-09-29 02:33
GRID_001334,9.312893244804425,76.98808251815011,0.0030993968,LOW,22.456658935546898,0.9082,2026-09-29 02:33
GRID_001335,9.312893244804425,76.99808251815011,0.0031935745,LOW,22.456658935546898,0.8555,2026-09-29 02:33
GRID_001336,9.312893244804425,77.00808251815012,0.0030901772,LOW,22.456658935546898,0.909,2026-09-29 02:33
GRID_001337,9.312893244804425,77.01808251815012,0.00308985,LOW,22.456658935546898,0.9131,2026-09-29 02:33
GRID_001338,9.312893244804425,77.02808251815013,0.0031115217,LOW,22.456658935546898,0.9065,2026-09-29 02:33
GRID_001339,9.312893244804425,77.03808251815013,0.0030895174,LOW,22.456658935546898,0.9139,2026-09-29 02:33
GRID_001340,9.312893244804425,77.04808251815014,0.0031183986,LOW,22.456658935546898,0.9049,2026-09-29 02:33
GRID_001341,9.312893244804425,77.05808251815014,0.0031251865,LOW,22.456658935546898,0.8914000000000001,2026-09-29 02:33
GRID_001342,9.312893244804425,77.06808251815015,0.0031237756,LOW,22.456658935546898,0.8871,2026-09-29 02:33
GRID_001343,9.312893244804425,77.07808251815015,0.003090095,LOW,22.456658935546898,0.9046,2026-09-29 02:33
GRID_001344,9.312893244804425,77.08808251815016,0.0030885166,LOW,22.456658935546898,0.9024,2026-09-29 02:33
GRID_001345,9.312893244804425,77.09808251815016,0.0031196475,LOW,22.456658935546898,0.8795000000000001,2026-09-29 02:33
GRID_001346,9.312893244804425,77.10808251815017,0.003096669,LOW,22.456658935546898,0.8986000000000001,2026-09-29 02:33
GRID_001347,9.312893244804425,77.12808251815018,0.0031305472,LOW,20.456658935546898,0.8828,2026-09-29 02:33
GRID_001348,9.312893244804425,77.13808251815018,0.0031259106,LOW,20.456658935546898,0.8798,2026-09-29 02:33
GRID_001349,9.312893244804425,77.14808251815019,0.049243804,LOW,20.456658935546898,0.5109,2026-09-29 02:33
GRID_001350,9.312893244804425,77.1580825181502,0.0030992362,LOW,20.456658935546898,0.8671000000000001,2026-09-29 02:33
GRID_001351,9.312893244804425,77.1680825181502,0.0031073578,LOW,20.456658935546898,0.8659,2026-09-29 02:33
GRID_001352,9.312893244804425,77.1780825181502,0.003119694,LOW,20.456658935546898,0.8687,2026-09-29 02:33
GRID_001353,9.312893244804425,77.18808251815021,0.0031385054,LOW,20.456658935546898,0.8794000000000001,2026-09-29 02:33
GRID_001354,9.322893244804424,76.32808251814977,7.352772e-07,LOW,26.856652832031276,0.825538478093774,2026-09-29 02:33
GRID_001355,9.322893244804424,76.80808251815002,0.013426062,LOW,24.0566345214844,0.8203,2026-09-29 02:33
GRID_001356,9.322893244804424,76.81808251815002,0.15843834,LOW,24.0566345214844,0.7856000000000001,2026-09-29 02:33
GRID_001357,9.322893244804424,76.82808251815003,0.013451354,LOW,24.0566345214844,0.8078000000000001,2026-09-29 02:33
GRID_001358,9.322893244804424,76.83808251815003,0.16009772,LOW,24.0566345214844,0.7913,2026-09-29 02:33
GRID_001359,9.322893244804424,76.88808251815006,0.0032661129,LOW,22.456658935546898,0.8325,2026-09-29 02:33
GRID_001360,9.322893244804424,76.89808251815006,0.003177185,LOW,22.456658935546898,0.871,2026-09-29 02:33
GRID_001361,9.322893244804424,76.90808251815007,0.0030931358,LOW,22.456658935546898,0.9155,2026-09-29 02:33
GRID_001362,9.322893244804424,76.91808251815007,0.0032322663,LOW,22.456658935546898,0.8459,2026-09-29 02:33
GRID_001363,9.322893244804424,76.92808251815008,0.0033626813,LOW,22.456658935546898,0.7973,2026-09-29 02:33
GRID_001364,9.322893244804424,76.93808251815008,0.0033580787,LOW,22.456658935546898,0.7979,2026-09-29 02:33
GRID_001365,9.322893244804424,76.94808251815009,0.003231193,LOW,22.456658935546898,0.8399000000000001,2026-09-29 02:33
GRID_001366,9.322893244804424,76.95808251815009,0.0032082326,LOW,22.456658935546898,0.8471000000000001,2026-09-29 02:33
GRID_001367,9.322893244804424,76.9680825181501,0.19228232,LOW,22.456658935546898,0.7657,2026-09-29 02:33
GRID_001368,9.322893244804424,76.9780825181501,0.0032428897,LOW,22.456658935546898,0.8354,2026-09-29 02:33
GRID_001369,9.322893244804424,76.98808251815011,0.0031534843,LOW,22.456658935546898,0.8746,2026-09-29 02:33
GRID_001370,9.322893244804424,76.99808251815011,0.0031644823,LOW,22.456658935546898,0.8721,2026-09-29 02:33
GRID_001371,9.322893244804424,77.00808251815012,0.0030937614,LOW,22.456658935546898,0.9156,2026-09-29 02:33
GRID_001372,9.322893244804424,77.01808251815012,0.0030665947,LOW,22.456658935546898,0.9193,2026-09-29 02:33
GRID_001373,9.322893244804424,77.02808251815013,0.0030728257,LOW,22.456658935546898,0.9191,2026-09-29 02:33
GRID_001374,9.322893244804424,77.03808251815013,0.0030859346,LOW,22.456658935546898,0.9087,2026-09-29 02:33
GRID_001375,9.322893244804424,77.04808251815014,0.0031120088,LOW,22.456658935546898,0.9067,2026-09-29 02:33
GRID_001376,9.322893244804424,77.05808251815014,0.003094429,LOW,22.456658935546898,0.9162,2026-09-29 02:33
GRID_001377,9.322893244804424,77.06808251815015,0.0031110952,LOW,22.456658935546898,0.893,2026-09-29 02:33
GRID_001378,9.322893244804424,77.07808251815015,0.0030874086,LOW,22.456658935546898,0.9045,2026-09-29 02:33
GRID_001379,9.322893244804424,77.08808251815016,0.00309538,LOW,22.456658935546898,0.9026,2026-09-29 02:33
GRID_001380,9.322893244804424,77.09808251815016,0.0030585467,LOW,22.456658935546898,0.9161,2026-09-29 02:33
GRID_001381,9.322893244804424,77.10808251815017,0.0031310644,LOW,22.456658935546898,0.8919,2026-09-29 02:33
GRID_001382,9.322893244804424,77.11808251815017,0.00311634,LOW,22.456658935546898,0.8934000000000001,2026-09-29 02:33
GRID_001383,9.322893244804424,77.12808251815018,0.0030595367,LOW,20.456658935546898,0.8371000000000001,2026-09-29 02:33
GRID_001384,9.322893244804424,77.13808251815018,0.0029068468,LOW,20.456658935546898,0.759,2026-09-29 02:33
GRID_001385,9.322893244804424,77.14808251815019,0.07966687,LOW,20.456658935546898,0.3962,2026-09-29 02:33
GRID_001386,9.322893244804424,77.1580825181502,0.055716343,LOW,20.456658935546898,0.4759,2026-09-29 02:33
GRID_001387,9.322893244804424,77.1680825181502,0.08827677,LOW,20.456658935546898,0.3569,2026-09-29 02:33
GRID_001388,9.322893244804424,77.1780825181502,0.00304627,LOW,20.456658935546898,0.8343,2026-09-29 02:33
GRID_001389,9.322893244804424,77.18808251815021,0.003187735,LOW,20.456658935546898,0.7957000000000001,2026-09-29 02:33
GRID_001390,9.332893244804422,76.78808251815,0.1601071,LOW,24.0566345214844,0.7878000000000001,2026-09-29 02:33
GRID_001391,9.332893244804422,76.79808251815001,0.013425724,LOW,24.0566345214844,0.8175,2026-09-29 02:33
GRID_001392,9.332893244804422,76.80808251815002,0.013478193,LOW,24.0566345214844,0.7981,2026-09-29 02:33
GRID_001393,9.332893244804422,76.81808251815002,0.028068176,LOW,24.0566345214844,0.7725000000000001,2026-09-29 02:33
GRID_001394,9.332893244804422,76.82808251815003,0.013368683,LOW,24.0566345214844,0.8460000000000001,2026-09-29 02:33
GRID_001395,9.332893244804422,76.85808251815004,0.0133871045,LOW,24.0566345214844,0.8366,2026-09-29 02:33
GRID_001396,9.332893244804422,76.87808251815005,0.0033018966,LOW,22.456658935546898,0.8161,2026-09-29 02:33
GRID_001397,9.332893244804422,76.88808251815006,0.0032644526,LOW,22.456658935546898,0.8330000000000001,2026-09-29 02:33
GRID_001398,9.332893244804422,76.89808251815006,0.0033352484,LOW,22.456658935546898,0.8073,2026-09-29 02:33
GRID_001399,9.332893244804422,76.90808251815007,0.01758444,LOW,22.456658935546898,0.7936000000000001,2026-09-29 02:33
GRID_001400,9.332893244804422,76.91808251815007,0.0033401267,LOW,22.456658935546898,0.8016000000000001,2026-09-29 02:33
GRID_001401,9.332893244804422,76.92808251815008,0.19228543,LOW,22.456658935546898,0.7648,2026-09-29 02:33
GRID_001402,9.332893244804422,76.93808251815008,0.19228902,LOW,22.456658935546898,0.7638,2026-09-29 02:33
GRID_001403,9.332893244804422,76.94808251815009,0.19265702,LOW,22.456658935546898,0.7772,2026-09-29 02:33
GRID_001404,9.332893244804422,76.95808251815009,0.19266796,LOW,22.456658935546898,0.7798,2026-09-29 02:33
GRID_001405,9.332893244804422,76.9680825181501,0.003318336,LOW,22.456658935546898,0.8112,2026-09-29 02:33
GRID_001406,9.332893244804422,76.98808251815011,0.003170169,LOW,22.456658935546898,0.8685,2026-09-29 02:33
GRID_001407,9.332893244804422,76.99808251815011,0.0031293351,LOW,22.456658935546898,0.8895000000000001,2026-09-29 02:33
GRID_001408,9.332893244804422,77.00808251815012,0.0031793446,LOW,22.456658935546898,0.8693000000000001,2026-09-29 02:33
GRID_001409,9.332893244804422,77.01808251815012,0.0031258874,LOW,22.456658935546898,0.8976000000000001,2026-09-29 02:33
GRID_001410,9.332893244804422,77.02808251815013,0.003063051,LOW,22.456658935546898,0.9261,2026-09-29 02:33
GRID_001411,9.332893244804422,77.03808251815013,0.003095874,LOW,22.456658935546898,0.9121,2026-09-29 02:33
GRID_001412,9.332893244804422,77.04808251815014,0.0030950096,LOW,22.456658935546898,0.9105,2026-09-29 02:33
GRID_001413,9.332893244804422,77.05808251815014,0.0031109923,LOW,22.456658935546898,0.9096,2026-09-29 02:33
GRID_001414,9.332893244804422,77.06808251815015,0.0031020248,LOW,22.456658935546898,0.9065,2026-09-29 02:33
GRID_001415,9.332893244804422,77.07808251815015,0.0031113988,LOW,22.456658935546898,0.8994000000000001,2026-09-29 02:33
GRID_001416,9.332893244804422,77.08808251815016,0.003090797,LOW,22.456658935546898,0.9063,2026-09-29 02:33
GRID_001417,9.332893244804422,77.09808251815016,0.003121921,LOW,22.456658935546898,0.8914000000000001,2026-09-29 02:33
GRID_001418,9.332893244804422,77.10808251815017,0.003121326,LOW,22.456658935546898,0.8994000000000001,2026-09-29 02:33
GRID_001419,9.332893244804422,77.11808251815017,0.0031653317,LOW,22.456658935546898,0.875,2026-09-29 02:33
GRID_001420,9.332893244804422,77.12808251815018,0.003015791,LOW,20.456658935546898,0.8807,2026-09-29 02:33
GRID_001421,9.332893244804422,77.13808251815018,0.0030579083,LOW,20.456658935546898,0.8971,2026-09-29 02:33
GRID_001422,9.332893244804422,77.14808251815019,0.0031283884,LOW,20.456658935546898,0.8806,2026-09-29 02:33
GRID_001423,9.332893244804422,77.1580825181502,0.10828866,LOW,20.456658935546898,0.2576,2026-09-29 02:33
GRID_001424,9.332893244804422,77.1680825181502,0.0029050696,LOW,20.456658935546898,0.7602,2026-09-29 02:33
GRID_001425,9.332893244804422,77.1780825181502,0.0030791531,LOW,20.456658935546898,0.8552000000000001,2026-09-29 02:33
GRID_001426,9.332893244804422,77.18808251815021,0.070370354,LOW,20.456658935546898,0.6632,2026-09-29 02:33
GRID_001427,9.342893244804422,76.78808251815,0.0134604685,LOW,24.0566345214844,0.8055,2026-09-29 02:33
GRID_001428,9.342893244804422,76.79808251815001,0.013415309,LOW,24.0566345214844,0.8212,2026-09-29 02:33
GRID_001429,9.342893244804422,76.82808251815003,0.08297302,LOW,24.0566345214844,0.743,2026-09-29 02:33
GRID_001430,9.342893244804422,76.83808251815003,0.004766443,LOW,24.0566345214844,0.7514000000000001,2026-09-29 02:33
GRID_001431,9.342893244804422,76.84808251815004,0.028077522,LOW,24.0566345214844,0.7688,2026-09-29 02:33
GRID_001432,9.342893244804422,76.85808251815004,0.013471975,LOW,24.0566345214844,0.7988000000000001,2026-09-29 02:33
GRID_001433,9.342893244804422,76.88808251815006,0.0033077085,LOW,22.456658935546898,0.8166,2026-09-29 02:33
GRID_001434,9.342893244804422,76.89808251815006,0.017587448,LOW,22.456658935546898,0.7898000000000001,2026-09-29 02:33
GRID_001435,9.342893244804422,76.90808251815007,0.0032252755,LOW,22.456658935546898,0.8509,2026-09-29 02:33
GRID_001436,9.342893244804422,76.91808251815007,0.003161478,LOW,22.456658935546898,0.8767,2026-09-29 02:33
GRID_001437,9.342893244804422,76.92808251815008,0.003327413,LOW,22.456658935546898,0.8091,2026-09-29 02:33
GRID_001438,9.342893244804422,76.93808251815008,0.0032575661,LOW,22.456658935546898,0.8316,2026-09-29 02:33
GRID_001439,9.342893244804422,76.94808251815009,0.0032851563,LOW,22.456658935546898,0.8197,2026-09-29 02:33
GRID_001440,9.342893244804422,76.95808251815009,0.003243206,LOW,22.456658935546898,0.8338,2026-09-29 02:33
GRID_001441,9.342893244804422,76.9680825181501,0.0033044633,LOW,22.456658935546898,0.8179000000000001,2026-09-29 02:33
GRID_001442,9.342893244804422,76.9780825181501,0.0032609212,LOW,22.456658935546898,0.8330000000000001,2026-09-29 02:33
GRID_001443,9.342893244804422,76.98808251815011,0.00317,LOW,22.456658935546898,0.8729,2026-09-29 02:33
GRID_001444,9.342893244804422,76.99808251815011,0.0031125415,LOW,22.456658935546898,0.9002,2026-09-29 02:33
GRID_001445,9.342893244804422,77.00808251815012,0.0030978015,LOW,22.456658935546898,0.8972,2026-09-29 02:33
GRID_001446,9.342893244804422,77.01808251815012,0.0030485953,LOW,22.456658935546898,0.9287,2026-09-29 02:33
GRID_001447,9.342893244804422,77.02808251815013,0.00319451,LOW,22.456658935546898,0.8536,2026-09-29 02:33
GRID_001448,9.342893244804422,77.03808251815013,0.0030655453,LOW,22.456658935546898,0.9185,2026-09-29 02:33
GRID_001449,9.342893244804422,77.04808251815014,0.003066509,LOW,22.456658935546898,0.9273,2026-09-29 02:33
GRID_001450,9.342893244804422,77.05808251815014,0.0030827262,LOW,22.456658935546898,0.9214,2026-09-29 02:33
GRID_001451,9.342893244804422,77.06808251815015,0.003069757,LOW,22.456658935546898,0.9238,2026-09-29 02:33
GRID_001452,9.342893244804422,77.07808251815015,0.003069813,LOW,22.456658935546898,0.9201,2026-09-29 02:33
GRID_001453,9.342893244804422,77.08808251815016,0.0031050332,LOW,22.456658935546898,0.8979,2026-09-29 02:33
GRID_001454,9.342893244804422,77.09808251815016,0.003099869,LOW,22.456658935546898,0.8979,2026-09-29 02:33
GRID_001455,9.342893244804422,77.10808251815017,0.0031166028,LOW,22.456658935546898,0.8853000000000001,2026-09-29 02:33
GRID_001456,9.342893244804422,77.11808251815017,0.0031445115,LOW,22.456658935546898,0.8739,2026-09-29 02:33
GRID_001457,9.342893244804422,77.13808251815018,0.0031354385,LOW,20.456658935546898,0.9215,2026-09-29 02:33
GRID_001458,9.342893244804422,77.14808251815019,0.002749267,LOW,20.456658935546898,0.7684000000000001,2026-09-29 02:33
GRID_001459,9.342893244804422,77.1580825181502,0.07284713,LOW,20.456658935546898,0.6713,2026-09-29 02:33
GRID_001460,9.342893244804422,77.1680825181502,0.019147128,LOW,20.456658935546898,0.6566000000000001,2026-09-29 02:33
GRID_001461,9.342893244804422,77.1780825181502,0.0030758125,LOW,20.456658935546898,0.8474,2026-09-29 02:33
GRID_001462,9.342893244804422,77.18808251815021,0.0030881958,LOW,20.456658935546898,0.8584,2026-09-29 02:33
GRID_001463,9.352893244804422,76.78808251815,0.15845492,LOW,24.0566345214844,0.7807000000000001,2026-09-29 02:33
GRID_001464,9.352893244804422,76.82808251815003,0.013389324,LOW,24.0566345214844,0.8363,2026-09-29 02:33
GRID_001465,9.352893244804422,76.83808251815003,0.013469659,LOW,24.0566345214844,0.8028000000000001,2026-09-29 02:33
GRID_001466,9.352893244804422,76.84808251815004,0.013399273,LOW,24.0566345214844,0.8309000000000001,2026-09-29 02:33
GRID_001467,9.352893244804422,76.85808251815004,0.028083436,LOW,24.0566345214844,0.7674000000000001,2026-09-29 02:33
GRID_001468,9.352893244804422,76.89808251815006,0.059883125,LOW,22.456658935546898,0.7713,2026-09-29 02:33
GRID_001469,9.352893244804422,76.90808251815007,0.0033220425,LOW,22.456658935546898,0.8106,2026-09-29 02:33
GRID_001470,9.352893244804422,76.91808251815007,0.0031230976,LOW,22.456658935546898,0.8855000000000001,2026-09-29 02:33
GRID_001471,9.352893244804422,76.92808251815008,0.003218298,LOW,22.456658935546898,0.8480000000000001,2026-09-29 02:33
GRID_001472,9.352893244804422,76.93808251815008,0.0032208352,LOW,22.456658935546898,0.8520000000000001,2026-09-29 02:33
GRID_001473,9.352893244804422,76.94808251815009,0.0031931314,LOW,22.456658935546898,0.8585,2026-09-29 02:33
GRID_001474,9.352893244804422,76.95808251815009,0.003246247,LOW,22.456658935546898,0.8311000000000001,2026-09-29 02:33
GRID_001475,9.352893244804422,76.9680825181501,0.00329796,LOW,22.456658935546898,0.8170000000000001,2026-09-29 02:33
GRID_001476,9.352893244804422,76.9780825181501,0.0031397277,LOW,22.456658935546898,0.8799,2026-09-29 02:33
GRID_001477,9.352893244804422,76.98808251815011,0.0031691706,LOW,22.456658935546898,0.8695,2026-09-29 02:33
GRID_001478,9.352893244804422,76.99808251815011,0.0032456066,LOW,22.456658935546898,0.8396,2026-09-29 02:33
GRID_001479,9.352893244804422,77.00808251815012,0.0030895662,LOW,22.456658935546898,0.9141,2026-09-29 02:33
GRID_001480,9.352893244804422,77.01808251815012,0.0031252117,LOW,22.456658935546898,0.8997,2026-09-29 02:33
GRID_001481,9.352893244804422,77.02808251815013,0.0030964173,LOW,22.456658935546898,0.9066,2026-09-29 02:33
GRID_001482,9.352893244804422,77.03808251815013,0.003064504,LOW,22.456658935546898,0.9268,2026-09-29 02:33
GRID_001483,9.352893244804422,77.04808251815014,0.0032013038,LOW,22.456658935546898,0.859,2026-09-29 02:33
GRID_001484,9.352893244804422,77.05808251815014,0.0030992804,LOW,22.456658935546898,0.9118,2026-09-29 02:33
GRID_001485,9.352893244804422,77.06808251815015,0.0031015654,LOW,22.456658935546898,0.9061,2026-09-29 02:33
GRID_001486,9.352893244804422,77.08808251815016,0.0031194198,LOW,22.456658935546898,0.8971,2026-09-29 02:33
GRID_001487,9.352893244804422,77.09808251815016,0.0030744532,LOW,22.456658935546898,0.9151,2026-09-29 02:33
GRID_001488,9.352893244804422,77.10808251815017,0.0031750551,LOW,22.456658935546898,0.8669,2026-09-29 02:33
GRID_001489,9.352893244804422,77.11808251815017,0.0031300562,LOW,22.456658935546898,0.8797,2026-09-29 02:33
GRID_001490,9.352893244804422,77.12808251815018,0.0030497648,LOW,20.456658935546898,0.8924000000000001,2026-09-29 02:33
GRID_001491,9.352893244804422,77.13808251815018,0.0031190952,LOW,20.456658935546898,0.8975000000000001,2026-09-29 02:33
GRID_001492,9.352893244804422,77.14808251815019,0.0031392458,LOW,20.456658935546898,0.891,2026-09-29 02:33
GRID_001493,9.352893244804422,77.1580825181502,0.0031411108,LOW,20.456658935546898,0.8869,2026-09-29 02:33
GRID_001494,9.352893244804422,77.1680825181502,0.0031744726,LOW,20.456658935546898,0.897,2026-09-29 02:33
GRID_001495,9.352893244804422,77.1780825181502,0.0031425464,LOW,20.456658935546898,0.8923000000000001,2026-09-29 02:33
GRID_001496,9.352893244804422,77.18808251815021,0.0031281183,LOW,20.456658935546898,0.868,2026-09-29 02:33
GRID_001497,9.352893244804422,77.19808251815022,0.003128611,LOW,20.456658935546898,0.8725,2026-09-29 02:33
GRID_001498,9.362893244804422,76.77808251815,0.15843962,LOW,24.0566345214844,0.7865000000000001,2026-09-29 02:33
GRID_001499,9.362893244804422,76.80808251815002,0.013403399,LOW,24.0566345214844,0.8311000000000001,2026-09-29 02:33
GRID_001500,9.362893244804422,76.81808251815002,0.013412406,LOW,24.0566345214844,0.8278000000000001,2026-09-29 02:33
GRID_001501,9.362893244804422,76.82808251815003,0.013455497,LOW,24.0566345214844,0.8068000000000001,2026-09-29 02:33
GRID_001502,9.362893244804422,76.83808251815003,0.02808832,LOW,24.0566345214844,0.7668,2026-09-29 02:33
GRID_001503,9.362893244804422,76.84808251815004,0.013459546,LOW,24.0566345214844,0.8057000000000001,2026-09-29 02:33
GRID_001504,9.362893244804422,76.88808251815006,0.0033358615,LOW,22.456658935546898,0.8059000000000001,2026-09-29 02:33
GRID_001505,9.362893244804422,76.90808251815007,0.0032127649,LOW,22.456658935546898,0.8479,2026-09-29 02:33
GRID_001506,9.362893244804422,76.91808251815007,0.0032748668,LOW,22.456658935546898,0.8208000000000001,2026-09-29 02:33
GRID_001507,9.362893244804422,76.92808251815008,0.017581392,LOW,22.456658935546898,0.7917000000000001,2026-09-29 02:33
GRID_001508,9.362893244804422,76.93808251815008,0.0032229437,LOW,22.456658935546898,0.8456,2026-09-29 02:33
GRID_001509,9.362893244804422,76.94808251815009,0.003275384,LOW,22.456658935546898,0.8235,2026-09-29 02:33
GRID_001510,9.362893244804422,76.95808251815009,0.003243389,LOW,22.456658935546898,0.8384,2026-09-29 02:33
GRID_001511,9.362893244804422,76.9680825181501,0.0032215524,LOW,22.456658935546898,0.8435,2026-09-29 02:33
GRID_001512,9.362893244804422,76.9780825181501,0.0031283114,LOW,22.456658935546898,0.8911,2026-09-29 02:33
GRID_001513,9.362893244804422,76.98808251815011,0.0031906618,LOW,22.456658935546898,0.8675,2026-09-29 02:33
GRID_001514,9.362893244804422,76.99808251815011,0.0030977908,LOW,22.456658935546898,0.9049,2026-09-29 02:33
GRID_001515,9.362893244804422,77.00808251815012,0.0030861092,LOW,22.456658935546898,0.9107,2026-09-29 02:33
GRID_001516,9.362893244804422,77.01808251815012,0.0030898014,LOW,22.456658935546898,0.9102,2026-09-29 02:33
GRID_001517,9.362893244804422,77.02808251815013,0.0030879034,LOW,22.456658935546898,0.9104,2026-09-29 02:33
GRID_001518,9.362893244804422,77.03808251815013,0.0031439508,LOW,22.456658935546898,0.8846,2026-09-29 02:33
GRID_001519,9.362893244804422,77.04808251815014,0.0030920748,LOW,22.456658935546898,0.9072,2026-09-29 02:33
GRID_001520,9.362893244804422,77.05808251815014,0.0031473406,LOW,22.456658935546898,0.8862,2026-09-29 02:33
GRID_001521,9.362893244804422,77.06808251815015,0.0030911374,LOW,22.456658935546898,0.918,2026-09-29 02:33
GRID_001522,9.362893244804422,77.07808251815015,0.0031075613,LOW,22.456658935546898,0.9005000000000001,2026-09-29 02:33
GRID_001523,9.362893244804422,77.08808251815016,0.00311326,LOW,22.456658935546898,0.894,2026-09-29 02:33
GRID_001524,9.362893244804422,77.09808251815016,0.003081465,LOW,22.456658935546898,0.9081,2026-09-29 02:33
GRID_001525,9.362893244804422,77.10808251815017,0.0031972183,LOW,22.456658935546898,0.8535,2026-09-29 02:33
GRID_001526,9.362893244804422,77.11808251815017,0.0032525202,LOW,22.456658935546898,0.8284,2026-09-29 02:33
GRID_001527,9.362893244804422,77.12808251815018,0.0030403757,LOW,20.456658935546898,0.8772000000000001,2026-09-29 02:33
GRID_001528,9.362893244804422,77.13808251815018,0.0030797059,LOW,20.456658935546898,0.8842000000000001,2026-09-29 02:33
GRID_001529,9.362893244804422,77.14808251815019,0.0031692002,LOW,20.456658935546898,0.7957000000000001,2026-09-29 02:33
GRID_001530,9.362893244804422,77.1580825181502,0.003179805,LOW,20.456658935546898,0.8966000000000001,2026-09-29 02:33
GRID_001531,9.362893244804422,77.1680825181502,0.003147609,LOW,20.456658935546898,0.8842000000000001,2026-09-29 02:33
GRID_001532,9.362893244804422,77.1780825181502,0.00313571,LOW,20.456658935546898,0.8729,2026-09-29 02:33
GRID_001533,9.362893244804422,77.18808251815021,0.0031366665,LOW,20.456658935546898,0.8813000000000001,2026-09-29 02:33
GRID_001534,9.362893244804422,77.19808251815022,0.0031433026,LOW,20.456658935546898,0.8802000000000001,2026-09-29 02:33
GRID_001535,9.362893244804422,77.20808251815022,0.0031268536,LOW,20.456658935546898,0.869,2026-09-29 02:33
GRID_001536,9.372893244804422,76.78808251815,0.40460125,MODERATE,24.0566345214844,0.6999000000000001,2026-09-29 02:33
GRID_001537,9.372893244804422,76.79808251815001,0.082970046,LOW,24.0566345214844,0.7433000000000001,2026-09-29 02:33
GRID_001538,9.372893244804422,76.82808251815003,0.013381973,LOW,24.0566345214844,0.8406,2026-09-29 02:33
GRID_001539,9.372893244804422,76.83808251815003,0.15844525,LOW,24.0566345214844,0.7851,2026-09-29 02:33
GRID_001540,9.372893244804422,76.90808251815007,0.003134739,LOW,22.456658935546898,0.8897,2026-09-29 02:33
GRID_001541,9.372893244804422,76.91808251815007,0.0031875558,LOW,22.456658935546898,0.8667,2026-09-29 02:33
GRID_001542,9.372893244804422,76.92808251815008,0.0032812268,LOW,22.456658935546898,0.8232,2026-09-29 02:33
GRID_001543,9.372893244804422,76.93808251815008,0.0032814816,LOW,22.456658935546898,0.8232,2026-09-29 02:33
GRID_001544,9.372893244804422,76.94808251815009,0.003281795,LOW,22.456658935546898,0.8194,2026-09-29 02:33
GRID_001545,9.372893244804422,76.95808251815009,0.003217253,LOW,22.456658935546898,0.8509,2026-09-29 02:33
GRID_001546,9.372893244804422,76.9680825181501,0.0031062006,LOW,22.456658935546898,0.9058,2026-09-29 02:33
GRID_001547,9.372893244804422,76.9780825181501,0.0030964795,LOW,22.456658935546898,0.9053,2026-09-29 02:33
GRID_001548,9.372893244804422,76.98808251815011,0.0031655338,LOW,22.456658935546898,0.8779,2026-09-29 02:33
GRID_001549,9.372893244804422,76.99808251815011,0.0031155339,LOW,22.456658935546898,0.8971,2026-09-29 02:33
GRID_001550,9.372893244804422,77.00808251815012,0.0031131478,LOW,22.456658935546898,0.8967,2026-09-29 02:33
GRID_001551,9.372893244804422,77.01808251815012,0.0031137858,LOW,22.456658935546898,0.8971,2026-09-29 02:33
GRID_001552,9.372893244804422,77.02808251815013,0.0031156049,LOW,22.456658935546898,0.8922,2026-09-29 02:33
GRID_001553,9.372893244804422,77.03808251815013,0.0031072232,LOW,22.456658935546898,0.9051,2026-09-29 02:33
GRID_001554,9.372893244804422,77.07808251815015,0.0032285675,LOW,22.456658935546898,0.8406,2026-09-29 02:33
GRID_001555,9.372893244804422,77.08808251815016,0.0031153858,LOW,22.456658935546898,0.895,2026-09-29 02:33
GRID_001556,9.372893244804422,77.10808251815017,0.0032082535,LOW,22.456658935546898,0.8518,2026-09-29 02:33
GRID_001557,9.372893244804422,77.11808251815017,0.0031245486,LOW,22.456658935546898,0.8907,2026-09-29 02:33
GRID_001558,9.372893244804422,77.12808251815018,0.0029523964,LOW,20.456658935546898,0.8276,2026-09-29 02:33
GRID_001559,9.372893244804422,77.13808251815018,0.0030510295,LOW,20.456658935546898,0.8849,2026-09-29 02:33
GRID_001560,9.372893244804422,77.14808251815019,0.0030181813,LOW,20.456658935546898,0.8032,2026-09-29 02:33
GRID_001561,9.372893244804422,77.1580825181502,0.0030413363,LOW,20.456658935546898,0.8245,2026-09-29 02:33
GRID_001562,9.372893244804422,77.1680825181502,0.003039394,LOW,20.456658935546898,0.8204,2026-09-29 02:33
GRID_001563,9.372893244804422,77.1780825181502,0.0031211162,LOW,20.456658935546898,0.8758,2026-09-29 02:33
GRID_001564,9.372893244804422,77.18808251815021,0.0031646919,LOW,20.456658935546898,0.8875000000000001,2026-09-29 02:33
GRID_001565,9.372893244804422,77.19808251815022,0.003160602,LOW,20.456658935546898,0.8855000000000001,2026-09-29 02:33
GRID_001566,9.38289324480442,76.76808251815,0.16011308,LOW,24.0566345214844,0.7874,2026-09-29 02:33
GRID_001567,9.38289324480442,76.77808251815,0.45890412,MODERATE,24.0566345214844,0.629,2026-09-29 02:33
GRID_001568,9.38289324480442,76.81808251815002,0.0134247895,LOW,24.0566345214844,0.8207,2026-09-29 02:33
GRID_001569,9.38289324480442,76.91808251815007,0.0032482343,LOW,22.456658935546898,0.8387,2026-09-29 02:33
GRID_001570,9.38289324480442,76.92808251815008,0.003270946,LOW,22.456658935546898,0.8291000000000001,2026-09-29 02:33
GRID_001571,9.38289324480442,76.93808251815008,0.003122476,LOW,22.456658935546898,0.8978,2026-09-29 02:33
GRID_001572,9.38289324480442,76.94808251815009,0.0031685103,LOW,22.456658935546898,0.8716,2026-09-29 02:33
GRID_001573,9.38289324480442,76.95808251815009,0.0032309876,LOW,22.456658935546898,0.8426,2026-09-29 02:33
GRID_001574,9.38289324480442,76.9680825181501,0.003121749,LOW,22.456658935546898,0.8886000000000001,2026-09-29 02:33
GRID_001575,9.38289324480442,76.9780825181501,0.003113579,LOW,22.456658935546898,0.8947,2026-09-29 02:33
GRID_001576,9.38289324480442,76.98808251815011,0.0031386784,LOW,22.456658935546898,0.8846,2026-09-29 02:33
GRID_001577,9.38289324480442,76.99808251815011,0.0031177634,LOW,22.456658935546898,0.9014,2026-09-29 02:33
GRID_001578,9.38289324480442,77.00808251815012,0.0031450617,LOW,22.456658935546898,0.8905000000000001,2026-09-29 02:33
GRID_001579,9.38289324480442,77.01808251815012,0.003150504,LOW,22.456658935546898,0.8812000000000001,2026-09-29 02:33
GRID_001580,9.38289324480442,77.02808251815013,0.003132321,LOW,22.456658935546898,0.8943000000000001,2026-09-29 02:33
GRID_001581,9.38289324480442,77.03808251815013,0.0031403122,LOW,22.456658935546898,0.8805000000000001,2026-09-29 02:33
GRID_001582,9.38289324480442,77.04808251815014,0.0031593158,LOW,22.456658935546898,0.8792000000000001,2026-09-29 02:33
GRID_001583,9.38289324480442,77.05808251815014,0.0031325954,LOW,22.456658935546898,0.8868,2026-09-29 02:33
GRID_001584,9.38289324480442,77.06808251815015,0.0031303617,LOW,22.456658935546898,0.892,2026-09-29 02:33
GRID_001585,9.38289324480442,77.08808251815016,0.0030956194,LOW,22.456658935546898,0.9057,2026-09-29 02:33
GRID_001586,9.38289324480442,77.09808251815016,0.0031049224,LOW,22.456658935546898,0.8991,2026-09-29 02:33
GRID_001587,9.38289324480442,77.10808251815017,0.0031389506,LOW,22.456658935546898,0.8811,2026-09-29 02:33
GRID_001588,9.38289324480442,77.11808251815017,0.0031148703,LOW,22.456658935546898,0.8933000000000001,2026-09-29 02:33
GRID_001589,9.38289324480442,77.12808251815018,0.0030336203,LOW,20.456658935546898,0.8892,2026-09-29 02:33
GRID_001590,9.38289324480442,77.13808251815018,0.003037211,LOW,20.456658935546898,0.8769,2026-09-29 02:33
GRID_001591,9.38289324480442,77.14808251815019,0.0031640586,LOW,20.456658935546898,0.7942,2026-09-29 02:33
GRID_001592,9.38289324480442,77.1580825181502,0.0030638576,LOW,20.456658935546898,0.8441000000000001,2026-09-29 02:33
GRID_001593,9.38289324480442,77.1680825181502,0.0030637295,LOW,20.456658935546898,0.8475,2026-09-29 02:33
GRID_001594,9.38289324480442,77.1780825181502,0.0030279239,LOW,20.456658935546898,0.8116,2026-09-29 02:33
GRID_001595,9.38289324480442,77.18808251815021,0.003109646,LOW,20.456658935546898,0.872,2026-09-29 02:33
GRID_001596,9.38289324480442,77.19808251815022,0.0031270222,LOW,20.456658935546898,0.8826,2026-09-29 02:33
GRID_001597,9.38289324480442,77.20808251815022,0.0030965107,LOW,20.456658935546898,0.8574,2026-09-29 02:33
GRID_001598,9.38289324480442,77.21808251815023,0.003157183,LOW,20.456658935546898,0.8866,2026-09-29 02:33
GRID_001599,9.38289324480442,77.22808251815023,0.0031522326,LOW,20.456658935546898,0.8685,2026-09-29 02:33
GRID_001600,9.39289324480442,76.81808251815002,0.0134310685,LOW,24.0566345214844,0.8173,2026-09-29 02:33
GRID_001601,9.39289324480442,76.85808251815004,0.1600962,LOW,24.0566345214844,0.7923,2026-09-29 02:33
GRID_001602,9.39289324480442,76.86808251815005,0.0134073915,LOW,24.0566345214844,0.8296,2026-09-29 02:33
GRID_001603,9.39289324480442,76.87808251815005,0.0032251058,LOW,22.456658935546898,0.8473,2026-09-29 02:33
GRID_001604,9.39289324480442,76.88808251815006,0.0032368915,LOW,22.456658935546898,0.8464,2026-09-29 02:33
GRID_001605,9.39289324480442,76.90808251815007,0.003210177,LOW,22.456658935546898,0.8550000000000001,2026-09-29 02:33
GRID_001606,9.39289324480442,76.91808251815007,0.003209326,LOW,22.456658935546898,0.8567,2026-09-29 02:33
GRID_001607,9.39289324480442,76.92808251815008,0.0032177283,LOW,22.456658935546898,0.8500000000000001,2026-09-29 02:33
GRID_001608,9.39289324480442,76.93808251815008,0.0031217257,LOW,22.456658935546898,0.8987,2026-09-29 02:33
GRID_001609,9.39289324480442,76.94808251815009,0.0031878315,LOW,22.456658935546898,0.8652000000000001,2026-09-29 02:33
GRID_001610,9.39289324480442,76.95808251815009,0.0031204075,LOW,22.456658935546898,0.892,2026-09-29 02:33
GRID_001611,9.39289324480442,76.9680825181501,0.0031471048,LOW,22.456658935546898,0.8848,2026-09-29 02:33
GRID_001612,9.39289324480442,76.9780825181501,0.003219815,LOW,22.456658935546898,0.8513000000000001,2026-09-29 02:33
GRID_001613,9.39289324480442,76.98808251815011,0.0032013087,LOW,22.456658935546898,0.8521000000000001,2026-09-29 02:33
GRID_001614,9.39289324480442,76.99808251815011,0.0032378337,LOW,22.456658935546898,0.8401000000000001,2026-09-29 02:33
GRID_001615,9.39289324480442,77.00808251815012,0.003193036,LOW,22.456658935546898,0.8598,2026-09-29 02:33
GRID_001616,9.39289324480442,77.01808251815012,0.0031310113,LOW,22.456658935546898,0.8935000000000001,2026-09-29 02:33
GRID_001617,9.39289324480442,77.02808251815013,0.0031393813,LOW,22.456658935546898,0.8814000000000001,2026-09-29 02:33
GRID_001618,9.39289324480442,77.03808251815013,0.0031612893,LOW,22.456658935546898,0.8819,2026-09-29 02:33
GRID_001619,9.39289324480442,77.04808251815014,0.0031646811,LOW,22.456658935546898,0.8716,2026-09-29 02:33
GRID_001620,9.39289324480442,77.05808251815014,0.0031481734,LOW,22.456658935546898,0.8808,2026-09-29 02:33
GRID_001621,9.39289324480442,77.06808251815015,0.0031190934,LOW,22.456658935546898,0.8909,2026-09-29 02:33
GRID_001622,9.39289324480442,77.07808251815015,0.0032510716,LOW,22.456658935546898,0.8301000000000001,2026-09-29 02:33
GRID_001623,9.39289324480442,77.08808251815016,0.003180834,LOW,22.456658935546898,0.8673000000000001,2026-09-29 02:33
GRID_001624,9.39289324480442,77.09808251815016,0.0032204622,LOW,22.456658935546898,0.8492000000000001,2026-09-29 02:33
GRID_001625,9.39289324480442,77.10808251815017,0.0030976045,LOW,22.456658935546898,0.9039,2026-09-29 02:33
GRID_001626,9.39289324480442,77.11808251815017,0.00326817,LOW,22.456658935546898,0.8258000000000001,2026-09-29 02:33
GRID_001627,9.39289324480442,77.12808251815018,0.0029870244,LOW,20.456658935546898,0.8571000000000001,2026-09-29 02:33
GRID_001628,9.39289324480442,77.13808251815018,0.0031270888,LOW,20.456658935546898,0.8943000000000001,2026-09-29 02:33
GRID_001629,9.39289324480442,77.14808251815019,0.0030813762,LOW,20.456658935546898,0.8483,2026-09-29 02:33
GRID_001630,9.39289324480442,77.1580825181502,0.0030672257,LOW,20.456658935546898,0.8481000000000001,2026-09-29 02:33
GRID_001631,9.39289324480442,77.1680825181502,0.0031649582,LOW,20.456658935546898,0.8922,2026-09-29 02:33
GRID_001632,9.39289324480442,77.1780825181502,0.0031852922,LOW,20.456658935546898,0.8949,2026-09-29 02:33
GRID_001633,9.39289324480442,77.18808251815021,0.0031770612,LOW,20.456658935546898,0.8978,2026-09-29 02:33
GRID_001634,9.39289324480442,77.19808251815022,0.003205175,LOW,20.456658935546898,0.9099,2026-09-29 02:33
GRID_001635,9.39289324480442,77.20808251815022,0.003241586,LOW,20.456658935546898,0.9256,2026-09-29 02:33
GRID_001636,9.39289324480442,77.21808251815023,0.003146756,LOW,20.456658935546898,0.8856,2026-09-29 02:33
GRID_001637,9.39289324480442,77.22808251815023,0.0031247241,LOW,20.456658935546898,0.8707,2026-09-29 02:33
GRID_001638,9.40289324480442,76.84808251815004,0.16010219,LOW,24.0566345214844,0.7915000000000001,2026-09-29 02:33
GRID_001639,9.40289324480442,76.85808251815004,0.1584501,LOW,24.0566345214844,0.7804,2026-09-29 02:33
GRID_001640,9.40289324480442,76.86808251815005,0.013467674,LOW,24.0566345214844,0.8028000000000001,2026-09-29 02:33
GRID_001641,9.40289324480442,76.87808251815005,0.0032132622,LOW,22.456658935546898,0.8523000000000001,2026-09-29 02:33
GRID_001642,9.40289324480442,76.92808251815008,0.0032427167,LOW,22.456658935546898,0.8301000000000001,2026-09-29 02:33
GRID_001643,9.40289324480442,76.93808251815008,0.0032468173,LOW,22.456658935546898,0.8322,2026-09-29 02:33
GRID_001644,9.40289324480442,76.94808251815009,0.0031257318,LOW,22.456658935546898,0.8881,2026-09-29 02:33
GRID_001645,9.40289324480442,76.95808251815009,0.0031306015,LOW,22.456658935546898,0.8891,2026-09-29 02:33
GRID_001646,9.40289324480442,76.9680825181501,0.0031680115,LOW,22.456658935546898,0.8739,2026-09-29 02:33
GRID_001647,9.40289324480442,76.9780825181501,0.0031654146,LOW,22.456658935546898,0.8758,2026-09-29 02:33
GRID_001648,9.40289324480442,76.98808251815011,0.0031289835,LOW,22.456658935546898,0.8829,2026-09-29 02:33
GRID_001649,9.40289324480442,76.99808251815011,0.0031544385,LOW,22.456658935546898,0.8836,2026-09-29 02:33
GRID_001650,9.40289324480442,77.00808251815012,0.0031429394,LOW,22.456658935546898,0.8906000000000001,2026-09-29 02:33
GRID_001651,9.40289324480442,77.01808251815012,0.0031455127,LOW,22.456658935546898,0.8778,2026-09-29 02:33
GRID_001652,9.40289324480442,77.02808251815013,0.0031152936,LOW,22.456658935546898,0.8943000000000001,2026-09-29 02:33
GRID_001653,9.40289324480442,77.03808251815013,0.0031454214,LOW,22.456658935546898,0.8874000000000001,2026-09-29 02:33
GRID_001654,9.40289324480442,77.04808251815014,0.0030908943,LOW,22.456658935546898,0.9113,2026-09-29 02:33
GRID_001655,9.40289324480442,77.05808251815014,0.003117717,LOW,22.456658935546898,0.8925000000000001,2026-09-29 02:33
GRID_001656,9.40289324480442,77.06808251815015,0.0031104474,LOW,22.456658935546898,0.893,2026-09-29 02:33
GRID_001657,9.40289324480442,77.07808251815015,0.0031150216,LOW,22.456658935546898,0.8952,2026-09-29 02:33
GRID_001658,9.40289324480442,77.08808251815016,0.0031296406,LOW,22.456658935546898,0.8858,2026-09-29 02:33
GRID_001659,9.40289324480442,77.09808251815016,0.0031420514,LOW,22.456658935546898,0.8819,2026-09-29 02:33
GRID_001660,9.40289324480442,77.10808251815017,0.003101807,LOW,22.456658935546898,0.8927,2026-09-29 02:33
GRID_001661,9.40289324480442,77.11808251815017,0.0031021642,LOW,22.456658935546898,0.8948,2026-09-29 02:33
GRID_001662,9.40289324480442,77.12808251815018,0.003130087,LOW,20.456658935546898,0.7903,2026-09-29 02:33
GRID_001663,9.40289324480442,77.13808251815018,0.003009567,LOW,20.456658935546898,0.8126,2026-09-29 02:33
GRID_001664,9.40289324480442,77.14808251815019,0.0030742763,LOW,20.456658935546898,0.8540000000000001,2026-09-29 02:33
GRID_001665,9.40289324480442,77.1580825181502,0.0031592273,LOW,20.456658935546898,0.8959,2026-09-29 02:33
GRID_001666,9.40289324480442,77.1680825181502,0.0031565083,LOW,20.456658935546898,0.8848,2026-09-29 02:33
GRID_001667,9.40289324480442,77.1780825181502,0.0031766794,LOW,20.456658935546898,0.8978,2026-09-29 02:33
GRID_001668,9.40289324480442,77.18808251815021,0.0031775655,LOW,20.456658935546898,0.8991,2026-09-29 02:33
GRID_001669,9.40289324480442,77.19808251815022,0.003165653,LOW,20.456658935546898,0.8875000000000001,2026-09-29 02:33
GRID_001670,9.40289324480442,77.20808251815022,0.0031811013,LOW,20.456658935546898,0.9007000000000001,2026-09-29 02:33
GRID_001671,9.40289324480442,77.21808251815023,0.0031607202,LOW,20.456658935546898,0.8877,2026-09-29 02:33
GRID_001672,9.40289324480442,77.22808251815023,0.003133628,LOW,20.456658935546898,0.876,2026-09-29 02:33
GRID_001673,9.40289324480442,77.23808251815024,0.0031859102,LOW,20.456658935546898,0.8776,2026-09-29 02:33
GRID_001674,9.41289324480442,76.84808251815004,0.013432013,LOW,24.0566345214844,0.8156,2026-09-29 02:33
GRID_001675,9.41289324480442,76.85808251815004,0.0134563,LOW,24.0566345214844,0.8069000000000001,2026-09-29 02:33
GRID_001676,9.41289324480442,76.86808251815005,0.013440221,LOW,24.0566345214844,0.8151,2026-09-29 02:33
GRID_001677,9.41289324480442,76.87808251815005,0.19231386,LOW,22.456658935546898,0.7589,2026-09-29 02:33
GRID_001678,9.41289324480442,76.88808251815006,0.0033403535,LOW,22.456658935546898,0.8039000000000001,2026-09-29 02:33
GRID_001679,9.41289324480442,76.89808251815006,0.017567307,LOW,22.456658935546898,0.7954,2026-09-29 02:33
GRID_001680,9.41289324480442,76.91808251815007,0.0031353745,LOW,22.456658935546898,0.8878,2026-09-29 02:33
GRID_001681,9.41289324480442,76.92808251815008,0.0031367394,LOW,22.456658935546898,0.8903000000000001,2026-09-29 02:33
GRID_001682,9.41289324480442,76.93808251815008,0.0031341172,LOW,22.456658935546898,0.894,2026-09-29 02:33
GRID_001683,9.41289324480442,76.94808251815009,0.0031341016,LOW,22.456658935546898,0.8889,2026-09-29 02:33
GRID_001684,9.41289324480442,76.95808251815009,0.0031079038,LOW,22.456658935546898,0.898,2026-09-29 02:33
GRID_001685,9.41289324480442,76.9680825181501,0.0031859751,LOW,22.456658935546898,0.8665,2026-09-29 02:33
GRID_001686,9.41289324480442,76.9780825181501,0.0031773373,LOW,22.456658935546898,0.8664000000000001,2026-09-29 02:33
GRID_001687,9.41289324480442,76.98808251815011,0.0031476084,LOW,22.456658935546898,0.8862,2026-09-29 02:33
GRID_001688,9.41289324480442,76.99808251815011,0.003117043,LOW,22.456658935546898,0.9023,2026-09-29 02:33
GRID_001689,9.41289324480442,77.00808251815012,0.003181253,LOW,22.456658935546898,0.8685,2026-09-29 02:33
GRID_001690,9.41289324480442,77.01808251815012,0.0031264625,LOW,22.456658935546898,0.9003,2026-09-29 02:33
GRID_001691,9.41289324480442,77.03808251815013,0.0031480049,LOW,22.456658935546898,0.8871,2026-09-29 02:33
GRID_001692,9.41289324480442,77.04808251815014,0.0031319654,LOW,22.456658935546898,0.8879,2026-09-29 02:33
GRID_001693,9.41289324480442,77.05808251815014,0.0030991782,LOW,22.456658935546898,0.908,2026-09-29 02:33
GRID_001694,9.41289324480442,77.06808251815015,0.0031271898,LOW,22.456658935546898,0.8917,2026-09-29 02:33
GRID_001695,9.41289324480442,77.07808251815015,0.0031250534,LOW,22.456658935546898,0.8968,2026-09-29 02:33
GRID_001696,9.41289324480442,77.08808251815016,0.0031427667,LOW,22.456658935546898,0.8807,2026-09-29 02:33
GRID_001697,9.41289324480442,77.09808251815016,0.0030911118,LOW,22.456658935546898,0.904,2026-09-29 02:33
GRID_001698,9.41289324480442,77.10808251815017,0.0031621275,LOW,22.456658935546898,0.875,2026-09-29 02:33
GRID_001699,9.41289324480442,77.11808251815017,0.003145214,LOW,22.456658935546898,0.8759,2026-09-29 02:33
GRID_001700,9.41289324480442,77.12808251815018,0.0031684805,LOW,20.456658935546898,0.7893,2026-09-29 02:33
GRID_001701,9.41289324480442,77.13808251815018,0.0029960428,LOW,20.456658935546898,0.8004,2026-09-29 02:33
GRID_001702,9.41289324480442,77.14808251815019,0.0030895676,LOW,20.456658935546898,0.8643000000000001,2026-09-29 02:33
GRID_001703,9.41289324480442,77.1580825181502,0.0031358711,LOW,20.456658935546898,0.8886000000000001,2026-09-29 02:33
GRID_001704,9.41289324480442,77.1680825181502,0.0031428454,LOW,20.456658935546898,0.8901,2026-09-29 02:33
GRID_001705,9.41289324480442,77.1780825181502,0.0031899158,LOW,20.456658935546898,0.9033,2026-09-29 02:33
GRID_001706,9.41289324480442,77.18808251815021,0.0031543034,LOW,20.456658935546898,0.894,2026-09-29 02:33
GRID_001707,9.41289324480442,77.19808251815022,0.0031932262,LOW,20.456658935546898,0.8931,2026-09-29 02:33
GRID_001708,9.41289324480442,77.20808251815022,0.003155069,LOW,20.456658935546898,0.8719,2026-09-29 02:33
GRID_001709,9.41289324480442,77.21808251815023,0.0031190258,LOW,20.456658935546898,0.8708,2026-09-29 02:33
GRID_001710,9.41289324480442,77.22808251815023,0.0031020362,LOW,20.456658935546898,0.8642000000000001,2026-09-29 02:33
GRID_001711,9.41289324480442,77.23808251815024,0.003130579,LOW,20.456658935546898,0.8641000000000001,2026-09-29 02:33
GRID_001712,9.42289324480442,76.83808251815003,0.013445062,LOW,24.0566345214844,0.8084,2026-09-29 02:33
GRID_001713,9.42289324480442,76.84808251815004,0.013386649,LOW,24.0566345214844,0.8368,2026-09-29 02:33
GRID_001714,9.42289324480442,76.85808251815004,0.013474499,LOW,24.0566345214844,0.7996000000000001,2026-09-29 02:33
GRID_001715,9.42289324480442,76.86808251815005,0.01339878,LOW,24.0566345214844,0.8283,2026-09-29 02:33
GRID_001716,9.42289324480442,76.87808251815005,0.0033048633,LOW,22.456658935546898,0.8171,2026-09-29 02:33
GRID_001717,9.42289324480442,76.88808251815006,0.0033056545,LOW,22.456658935546898,0.8132,2026-09-29 02:33
GRID_001718,9.42289324480442,76.89808251815006,0.0032891831,LOW,22.456658935546898,0.8187000000000001,2026-09-29 02:33
GRID_001719,9.42289324480442,76.90808251815007,0.19229399,LOW,22.456658935546898,0.7609,2026-09-29 02:33
GRID_001720,9.42289324480442,76.91808251815007,0.003286058,LOW,22.456658935546898,0.8235,2026-09-29 02:33
GRID_001721,9.42289324480442,76.92808251815008,0.0032747434,LOW,22.456658935546898,0.8248000000000001,2026-09-29 02:33
GRID_001722,9.42289324480442,76.93808251815008,0.19228493,LOW,22.456658935546898,0.7652,2026-09-29 02:33
GRID_001723,9.42289324480442,76.95808251815009,0.0032330537,LOW,22.456658935546898,0.8472000000000001,2026-09-29 02:33
GRID_001724,9.42289324480442,76.9680825181501,0.0032509542,LOW,22.456658935546898,0.8395,2026-09-29 02:33
GRID_001725,9.42289324480442,76.9780825181501,0.0032010502,LOW,22.456658935546898,0.8624,2026-09-29 02:33
GRID_001726,9.42289324480442,76.98808251815011,0.00323757,LOW,22.456658935546898,0.8426,2026-09-29 02:33
GRID_001727,9.42289324480442,76.99808251815011,0.0032576807,LOW,22.456658935546898,0.8330000000000001,2026-09-29 02:33
GRID_001728,9.42289324480442,77.00808251815012,0.003135548,LOW,22.456658935546898,0.8936000000000001,2026-09-29 02:33
GRID_001729,9.42289324480442,77.01808251815012,0.003129977,LOW,22.456658935546898,0.891,2026-09-29 02:33
GRID_001730,9.42289324480442,77.03808251815013,0.0031337831,LOW,22.456658935546898,0.8908,2026-09-29 02:33
GRID_001731,9.42289324480442,77.04808251815014,0.0031145709,LOW,22.456658935546898,0.8938,2026-09-29 02:33
GRID_001732,9.42289324480442,77.05808251815014,0.0031066858,LOW,22.456658935546898,0.9014,2026-09-29 02:33
GRID_001733,9.42289324480442,77.07808251815015,0.0031349934,LOW,22.456658935546898,0.8819,2026-09-29 02:33
GRID_001734,9.42289324480442,77.08808251815016,0.0031272364,LOW,22.456658935546898,0.8964000000000001,2026-09-29 02:33
GRID_001735,9.42289324480442,77.09808251815016,0.0031333556,LOW,22.456658935546898,0.8929,2026-09-29 02:33
GRID_001736,9.42289324480442,77.10808251815017,0.0030999226,LOW,22.456658935546898,0.9001,2026-09-29 02:33
GRID_001737,9.42289324480442,77.11808251815017,0.003198985,LOW,22.456658935546898,0.8460000000000001,2026-09-29 02:33
GRID_001738,9.42289324480442,77.12808251815018,0.0030645076,LOW,20.456658935546898,0.8509,2026-09-29 02:33
GRID_001739,9.42289324480442,77.13808251815018,0.0030395915,LOW,20.456658935546898,0.8736,2026-09-29 02:33
GRID_001740,9.42289324480442,77.14808251815019,0.0030586529,LOW,20.456658935546898,0.8967,2026-09-29 02:33
GRID_001741,9.42289324480442,77.1580825181502,0.0030663814,LOW,20.456658935546898,0.8540000000000001,2026-09-29 02:33
GRID_001742,9.42289324480442,77.1680825181502,0.0031761723,LOW,20.456658935546898,0.892,2026-09-29 02:33
GRID_001743,9.42289324480442,77.1780825181502,0.003159951,LOW,20.456658935546898,0.8827,2026-09-29 02:33
GRID_001744,9.42289324480442,77.18808251815021,0.0031528943,LOW,20.456658935546898,0.877,2026-09-29 02:33
GRID_001745,9.42289324480442,77.19808251815022,0.0031798235,LOW,20.456658935546898,0.8832000000000001,2026-09-29 02:33
GRID_001746,9.42289324480442,77.20808251815022,0.0032083755,LOW,20.456658935546898,0.9029,2026-09-29 02:33
GRID_001747,9.42289324480442,77.21808251815023,0.0031400612,LOW,20.456658935546898,0.8697,2026-09-29 02:33
GRID_001748,9.42289324480442,77.22808251815023,0.0031348206,LOW,20.456658935546898,0.874,2026-09-29 02:33
GRID_001749,9.42289324480442,77.23808251815024,0.0031334478,LOW,20.456658935546898,0.8706,2026-09-29 02:33
GRID_001750,9.43289324480442,76.80808251815002,0.013428494,LOW,24.0566345214844,0.8197,2026-09-29 02:33
GRID_001751,9.43289324480442,76.81808251815002,0.0134448875,LOW,24.0566345214844,0.8123,2026-09-29 02:33
GRID_001752,9.43289324480442,76.82808251815003,0.013402449,LOW,24.0566345214844,0.8310000000000001,2026-09-29 02:33
GRID_001753,9.43289324480442,76.83808251815003,0.0133237,LOW,24.0566345214844,0.8663000000000001,2026-09-29 02:33
GRID_001754,9.43289324480442,76.84808251815004,0.013423285,LOW,24.0566345214844,0.8172,2026-09-29 02:33
GRID_001755,9.43289324480442,76.85808251815004,0.15844958,LOW,24.0566345214844,0.7823,2026-09-29 02:33
GRID_001756,9.43289324480442,76.86808251815005,0.0134367,LOW,24.0566345214844,0.8144,2026-09-29 02:33
GRID_001757,9.43289324480442,76.87808251815005,0.0033329143,LOW,22.456658935546898,0.8028000000000001,2026-09-29 02:33
GRID_001758,9.43289324480442,76.88808251815006,0.0033325227,LOW,22.456658935546898,0.8076,2026-09-29 02:33
GRID_001759,9.43289324480442,76.89808251815006,0.003266042,LOW,22.456658935546898,0.8293,2026-09-29 02:33
GRID_001760,9.43289324480442,76.90808251815007,0.003302129,LOW,22.456658935546898,0.8168000000000001,2026-09-29 02:33
GRID_001761,9.43289324480442,76.91808251815007,0.017565867,LOW,22.456658935546898,0.794,2026-09-29 02:33
GRID_001762,9.43289324480442,76.92808251815008,0.003320132,LOW,22.456658935546898,0.8083,2026-09-29 02:33
GRID_001763,9.43289324480442,76.93808251815008,0.0032072032,LOW,22.456658935546898,0.8526,2026-09-29 02:33
GRID_001764,9.43289324480442,76.94808251815009,0.003215979,LOW,22.456658935546898,0.8526,2026-09-29 02:33
GRID_001765,9.43289324480442,76.95808251815009,0.0031524766,LOW,22.456658935546898,0.8764000000000001,2026-09-29 02:33
GRID_001766,9.43289324480442,76.9680825181501,0.0031723802,LOW,22.456658935546898,0.8719,2026-09-29 02:33
GRID_001767,9.43289324480442,76.9780825181501,0.0031672707,LOW,22.456658935546898,0.8697,2026-09-29 02:33
GRID_001768,9.43289324480442,76.98808251815011,0.0031291875,LOW,22.456658935546898,0.8907,2026-09-29 02:33
GRID_001769,9.43289324480442,76.99808251815011,0.0031419839,LOW,22.456658935546898,0.8833000000000001,2026-09-29 02:33
GRID_001770,9.43289324480442,77.00808251815012,0.0031261947,LOW,22.456658935546898,0.8908,2026-09-29 02:33
GRID_001771,9.43289324480442,77.01808251815012,0.0031623086,LOW,22.456658935546898,0.8795000000000001,2026-09-29 02:33
GRID_001772,9.43289324480442,77.02808251815013,0.0031213323,LOW,22.456658935546898,0.8931,2026-09-29 02:33
GRID_001773,9.43289324480442,77.03808251815013,0.0031122211,LOW,22.456658935546898,0.8977,2026-09-29 02:33
GRID_001774,9.43289324480442,77.04808251815014,0.0031335442,LOW,22.456658935546898,0.8896000000000001,2026-09-29 02:33
GRID_001775,9.43289324480442,77.05808251815014,0.003157391,LOW,22.456658935546898,0.8779,2026-09-29 02:33
GRID_001776,9.43289324480442,77.08808251815016,0.0031402512,LOW,22.456658935546898,0.8881,2026-09-29 02:33
GRID_001777,9.43289324480442,77.09808251815016,0.0031610592,LOW,22.456658935546898,0.8794000000000001,2026-09-29 02:33
GRID_001778,9.43289324480442,77.10808251815017,0.0031130968,LOW,22.456658935546898,0.8909,2026-09-29 02:33
GRID_001779,9.43289324480442,77.11808251815017,0.0030717165,LOW,22.456658935546898,0.9061,2026-09-29 02:33
GRID_001780,9.43289324480442,77.12808251815018,0.0030062762,LOW,20.456658935546898,0.8868,2026-09-29 02:33
GRID_001781,9.43289324480442,77.13808251815018,0.0030732988,LOW,20.456658935546898,0.9023,2026-09-29 02:33
GRID_001782,9.43289324480442,77.14808251815019,0.0031068362,LOW,20.456658935546898,0.9027,2026-09-29 02:33
GRID_001783,9.43289324480442,77.1580825181502,0.0031496715,LOW,20.456658935546898,0.89,2026-09-29 02:33
GRID_001784,9.43289324480442,77.1680825181502,0.003157272,LOW,20.456658935546898,0.8761,2026-09-29 02:33
GRID_001785,9.43289324480442,77.1780825181502,0.0032106773,LOW,20.456658935546898,0.9011,2026-09-29 02:33
GRID_001786,9.43289324480442,77.18808251815021,0.0031405347,LOW,20.456658935546898,0.8701000000000001,2026-09-29 02:33
GRID_001787,9.43289324480442,77.19808251815022,0.0032006782,LOW,20.456658935546898,0.8944000000000001,2026-09-29 02:33
GRID_001788,9.43289324480442,77.20808251815022,0.0031447578,LOW,20.456658935546898,0.8682000000000001,2026-09-29 02:33
GRID_001789,9.43289324480442,77.21808251815023,0.003183526,LOW,20.456658935546898,0.8843000000000001,2026-09-29 02:33
GRID_001790,9.43289324480442,77.22808251815023,0.0031647189,LOW,20.456658935546898,0.8761,2026-09-29 02:33
GRID_001791,9.43289324480442,77.23808251815024,0.0031236834,LOW,20.456658935546898,0.8645,2026-09-29 02:33
GRID_001792,9.44289324480442,76.79808251815001,0.11750715,LOW,23.756646728515648,0.7844,2026-09-29 02:33
GRID_001793,9.44289324480442,76.80808251815002,0.11751923,LOW,23.756646728515648,0.7794000000000001,2026-09-29 02:33
GRID_001794,9.44289324480442,76.81808251815002,0.045226738,LOW,23.756646728515648,0.7946000000000001,2026-09-29 02:33
GRID_001795,9.44289324480442,76.82808251815003,0.0042478954,LOW,23.756646728515648,0.8390000000000001,2026-09-29 02:33
GRID_001796,9.44289324480442,76.83808251815003,0.0042416076,LOW,23.756646728515648,0.8430000000000001,2026-09-29 02:33
GRID_001797,9.44289324480442,76.84808251815004,0.00425577,LOW,23.756646728515648,0.8376,2026-09-29 02:33
GRID_001798,9.44289324480442,76.85808251815004,0.004329907,LOW,23.756646728515648,0.8077000000000001,2026-09-29 02:33
GRID_001799,9.44289324480442,76.86808251815005,0.0042680847,LOW,23.756646728515648,0.8292,2026-09-29 02:33
GRID_001800,9.44289324480442,76.87808251815005,0.15829533,LOW,21.256646728515648,0.7772,2026-09-29 02:33
GRID_001801,9.44289324480442,76.88808251815006,0.013540167,LOW,21.256646728515648,0.7895000000000001,2026-09-29 02:33
GRID_001802,9.44289324480442,76.89808251815006,0.013519512,LOW,21.256646728515648,0.7918000000000001,2026-09-29 02:33
GRID_001803,9.44289324480442,76.90808251815007,0.002850403,LOW,21.256646728515648,0.8113,2026-09-29 02:33
GRID_001804,9.44289324480442,76.91808251815007,0.0028099963,LOW,21.256646728515648,0.8250000000000001,2026-09-29 02:33
GRID_001805,9.44289324480442,76.93808251815008,0.0027233032,LOW,21.256646728515648,0.8724000000000001,2026-09-29 02:33
GRID_001806,9.44289324480442,76.94808251815009,0.0026884568,LOW,21.256646728515648,0.8748,2026-09-29 02:33
GRID_001807,9.44289324480442,76.95808251815009,0.002703203,LOW,21.256646728515648,0.8662000000000001,2026-09-29 02:33
GRID_001808,9.44289324480442,76.9680825181501,0.0026839506,LOW,21.256646728515648,0.8809,2026-09-29 02:33
GRID_001809,9.44289324480442,76.9780825181501,0.0027857246,LOW,21.256646728515648,0.8433,2026-09-29 02:33
GRID_001810,9.44289324480442,76.98808251815011,0.0026232686,LOW,21.256646728515648,0.9147,2026-09-29 02:33
GRID_001811,9.44289324480442,76.99808251815011,0.0026653502,LOW,21.256646728515648,0.8939,2026-09-29 02:33
GRID_001812,9.44289324480442,77.00808251815012,0.0026390734,LOW,21.256646728515648,0.9015,2026-09-29 02:33
GRID_001813,9.44289324480442,77.01808251815012,0.002654252,LOW,21.256646728515648,0.8924000000000001,2026-09-29 02:33
GRID_001814,9.44289324480442,77.02808251815013,0.002661455,LOW,21.256646728515648,0.8788,2026-09-29 02:33
GRID_001815,9.44289324480442,77.03808251815013,0.0026346196,LOW,21.256646728515648,0.8906000000000001,2026-09-29 02:33
GRID_001816,9.44289324480442,77.04808251815014,0.0026479226,LOW,21.256646728515648,0.8886000000000001,2026-09-29 02:33
GRID_001817,9.44289324480442,77.07808251815015,0.0026381263,LOW,21.256646728515648,0.902,2026-09-29 02:33
GRID_001818,9.44289324480442,77.08808251815016,0.0026637497,LOW,21.256646728515648,0.8853000000000001,2026-09-29 02:33
GRID_001819,9.44289324480442,77.09808251815016,0.002681861,LOW,21.256646728515648,0.8838,2026-09-29 02:33
GRID_001820,9.44289324480442,77.10808251815017,0.0026709444,LOW,21.256646728515648,0.8829,2026-09-29 02:33
GRID_001821,9.44289324480442,77.11808251815017,0.0026951542,LOW,21.256646728515648,0.8815000000000001,2026-09-29 02:33
GRID_001822,9.44289324480442,77.12808251815018,0.0072973454,LOW,19.0566345214844,0.8845000000000001,2026-09-29 02:33
GRID_001823,9.44289324480442,77.13808251815018,0.007254768,LOW,19.0566345214844,0.9138,2026-09-29 02:33
GRID_001824,9.44289324480442,77.14808251815019,0.0073668254,LOW,19.0566345214844,0.8608,2026-09-29 02:33
GRID_001825,9.44289324480442,77.1580825181502,0.0073539177,LOW,19.0566345214844,0.8688,2026-09-29 02:33
GRID_001826,9.44289324480442,77.1680825181502,0.0073005483,LOW,19.0566345214844,0.9003,2026-09-29 02:33
GRID_001827,9.44289324480442,77.1780825181502,0.0072914315,LOW,19.0566345214844,0.9067,2026-09-29 02:33
GRID_001828,9.44289324480442,77.18808251815021,0.0073232055,LOW,19.0566345214844,0.8877,2026-09-29 02:33
GRID_001829,9.44289324480442,77.19808251815022,0.0073147006,LOW,19.0566345214844,0.8939,2026-09-29 02:33
GRID_001830,9.44289324480442,77.20808251815022,0.007369399,LOW,19.0566345214844,0.8646,2026-09-29 02:33
GRID_001831,9.44289324480442,77.21808251815023,0.0073389597,LOW,19.0566345214844,0.8801,2026-09-29 02:33
GRID_001832,9.44289324480442,77.22808251815023,0.007335625,LOW,19.0566345214844,0.8813000000000001,2026-09-29 02:33
GRID_001833,9.44289324480442,77.23808251815024,0.007403654,LOW,19.0566345214844,0.8454,2026-09-29 02:33
GRID_001834,9.45289324480442,76.73808251814998,0.0043023946,LOW,23.756646728515648,0.8163,2026-09-29 02:33
GRID_001835,9.45289324480442,76.79808251815001,0.045238342,LOW,23.756646728515648,0.7918000000000001,2026-09-29 02:33
GRID_001836,9.45289324480442,76.80808251815002,0.11752762,LOW,23.756646728515648,0.7762,2026-09-29 02:33
GRID_001837,9.45289324480442,76.81808251815002,0.004279657,LOW,23.756646728515648,0.8216,2026-09-29 02:33
GRID_001838,9.45289324480442,76.82808251815003,0.0042704386,LOW,23.756646728515648,0.8324,2026-09-29 02:33
GRID_001839,9.45289324480442,76.83808251815003,0.0043079667,LOW,23.756646728515648,0.8130000000000001,2026-09-29 02:33
GRID_001840,9.45289324480442,76.84808251815004,0.0042478675,LOW,23.756646728515648,0.8438,2026-09-29 02:33
GRID_001841,9.45289324480442,76.85808251815004,0.0042972555,LOW,23.756646728515648,0.8205,2026-09-29 02:33
GRID_001842,9.45289324480442,76.86808251815005,0.4213255,MODERATE,23.756646728515648,0.7325,2026-09-29 02:33
GRID_001843,9.45289324480442,76.87808251815005,0.013517883,LOW,21.256646728515648,0.7946000000000001,2026-09-29 02:33
GRID_001844,9.45289324480442,76.88808251815006,0.002895567,LOW,21.256646728515648,0.8075,2026-09-29 02:33
GRID_001845,9.45289324480442,76.89808251815006,0.0028896066,LOW,21.256646728515648,0.8,2026-09-29 02:33
GRID_001846,9.45289324480442,76.90808251815007,0.0026766337,LOW,21.256646728515648,0.8861,2026-09-29 02:33
GRID_001847,9.45289324480442,76.91808251815007,0.0026827583,LOW,21.256646728515648,0.8764000000000001,2026-09-29 02:33
GRID_001848,9.45289324480442,76.92808251815008,0.0026929076,LOW,21.256646728515648,0.886,2026-09-29 02:33
GRID_001849,9.45289324480442,76.93808251815008,0.0028041895,LOW,21.256646728515648,0.8310000000000001,2026-09-29 02:33
GRID_001850,9.45289324480442,76.94808251815009,0.0028922749,LOW,21.256646728515648,0.8015,2026-09-29 02:33
GRID_001851,9.45289324480442,76.95808251815009,0.0027786107,LOW,21.256646728515648,0.8395,2026-09-29 02:33
GRID_001852,9.45289324480442,76.9680825181501,0.0027687214,LOW,21.256646728515648,0.8414,2026-09-29 02:33
GRID_001853,9.45289324480442,76.9780825181501,0.002775997,LOW,21.256646728515648,0.8468,2026-09-29 02:33
GRID_001854,9.45289324480442,76.98808251815011,0.0026828004,LOW,21.256646728515648,0.8814000000000001,2026-09-29 02:33
GRID_001855,9.45289324480442,76.99808251815011,0.0027142754,LOW,21.256646728515648,0.875,2026-09-29 02:33
GRID_001856,9.45289324480442,77.00808251815012,0.002680101,LOW,21.256646728515648,0.8866,2026-09-29 02:33
GRID_001857,9.45289324480442,77.01808251815012,0.0026961695,LOW,21.256646728515648,0.8805000000000001,2026-09-29 02:33
GRID_001858,9.45289324480442,77.02808251815013,0.0026771592,LOW,21.256646728515648,0.886,2026-09-29 02:33
GRID_001859,9.45289324480442,77.03808251815013,0.0025924835,LOW,21.256646728515648,0.9132,2026-09-29 02:33
GRID_001860,9.45289324480442,77.06808251815015,0.0026559772,LOW,21.256646728515648,0.8775000000000001,2026-09-29 02:33
GRID_001861,9.45289324480442,77.07808251815015,0.0027376611,LOW,21.256646728515648,0.8520000000000001,2026-09-29 02:33
GRID_001862,9.45289324480442,77.08808251815016,0.013489952,LOW,21.256646728515648,0.7944,2026-09-29 02:33
GRID_001863,9.45289324480442,77.09808251815016,0.002664626,LOW,21.256646728515648,0.8882,2026-09-29 02:33
GRID_001864,9.45289324480442,77.10808251815017,0.0026960925,LOW,21.256646728515648,0.8603000000000001,2026-09-29 02:33
GRID_001865,9.45289324480442,77.11808251815017,0.0026266682,LOW,21.256646728515648,0.8934000000000001,2026-09-29 02:33
GRID_001866,9.45289324480442,77.12808251815018,0.0072340756,LOW,19.0566345214844,0.9275,2026-09-29 02:33
GRID_001867,9.45289324480442,77.13808251815018,0.0074034203,LOW,19.0566345214844,0.8453,2026-09-29 02:33
GRID_001868,9.45289324480442,77.14808251815019,0.00732533,LOW,19.0566345214844,0.8821,2026-09-29 02:33
GRID_001869,9.45289324480442,77.1580825181502,0.0073109483,LOW,19.0566345214844,0.8918,2026-09-29 02:33
GRID_001870,9.45289324480442,77.1680825181502,0.0073353285,LOW,19.0566345214844,0.8823000000000001,2026-09-29 02:33
GRID_001871,9.45289324480442,77.1780825181502,0.007327296,LOW,19.0566345214844,0.8868,2026-09-29 02:33
GRID_001872,9.45289324480442,77.18808251815021,0.0073012803,LOW,19.0566345214844,0.8995000000000001,2026-09-29 02:33
GRID_001873,9.45289324480442,77.19808251815022,0.007308452,LOW,19.0566345214844,0.8975000000000001,2026-09-29 02:33
GRID_001874,9.45289324480442,77.20808251815022,0.0073182494,LOW,19.0566345214844,0.8905000000000001,2026-09-29 02:33
GRID_001875,9.45289324480442,77.21808251815023,0.0073981932,LOW,19.0566345214844,0.8500000000000001,2026-09-29 02:33
GRID_001876,9.45289324480442,77.22808251815023,0.00732032,LOW,19.0566345214844,0.8901,2026-09-29 02:33
GRID_001877,9.45289324480442,77.23808251815024,0.0074213697,LOW,19.0566345214844,0.8369000000000001,2026-09-29 02:33
GRID_001878,9.46289324480442,76.79808251815001,0.03202811,LOW,23.756646728515648,0.7729,2026-09-29 02:33
GRID_001879,9.46289324480442,76.81808251815002,0.004312136,LOW,23.756646728515648,0.8149000000000001,2026-09-29 02:33
GRID_001880,9.46289324480442,76.82808251815003,0.004192137,LOW,23.756646728515648,0.8726,2026-09-29 02:33
GRID_001881,9.46289324480442,76.83808251815003,0.115311235,LOW,23.756646728515648,0.7588,2026-09-29 02:33
GRID_001882,9.46289324480442,76.84808251815004,0.0042816075,LOW,23.756646728515648,0.8282,2026-09-29 02:33
GRID_001883,9.46289324480442,76.85808251815004,0.004263527,LOW,23.756646728515648,0.8355,2026-09-29 02:33
GRID_001884,9.46289324480442,76.86808251815005,0.004264594,LOW,23.756646728515648,0.8338,2026-09-29 02:33
GRID_001885,9.46289324480442,76.87808251815005,0.0027827462,LOW,21.256646728515648,0.8475,2026-09-29 02:33
GRID_001886,9.46289324480442,76.90808251815007,0.002718994,LOW,21.256646728515648,0.8718,2026-09-29 02:33
GRID_001887,9.46289324480442,76.91808251815007,0.0028965496,LOW,21.256646728515648,0.8071,2026-09-29 02:33
GRID_001888,9.46289324480442,76.92808251815008,0.0027756263,LOW,21.256646728515648,0.8355,2026-09-29 02:33
GRID_001889,9.46289324480442,76.93808251815008,0.0027885954,LOW,21.256646728515648,0.8415,2026-09-29 02:33
GRID_001890,9.46289324480442,76.94808251815009,0.0027723417,LOW,21.256646728515648,0.8398,2026-09-29 02:33
GRID_001891,9.46289324480442,76.95808251815009,0.013498931,LOW,21.256646728515648,0.7965,2026-09-29 02:33
GRID_001892,9.46289324480442,76.9680825181501,0.002866726,LOW,21.256646728515648,0.8162,2026-09-29 02:33
GRID_001893,9.46289324480442,76.9780825181501,0.0026543154,LOW,21.256646728515648,0.8968,2026-09-29 02:33
GRID_001894,9.46289324480442,76.98808251815011,0.0026453077,LOW,21.256646728515648,0.8996000000000001,2026-09-29 02:33
GRID_001895,9.46289324480442,76.99808251815011,0.0026846384,LOW,21.256646728515648,0.8807,2026-09-29 02:33
GRID_001896,9.46289324480442,77.00808251815012,0.0026775831,LOW,21.256646728515648,0.8828,2026-09-29 02:33
GRID_001897,9.46289324480442,77.01808251815012,0.00267537,LOW,21.256646728515648,0.878,2026-09-29 02:33
GRID_001898,9.46289324480442,77.02808251815013,0.0026398324,LOW,21.256646728515648,0.9022,2026-09-29 02:33
GRID_001899,9.46289324480442,77.06808251815015,0.0027256608,LOW,21.256646728515648,0.863,2026-09-29 02:33
GRID_001900,9.46289324480442,77.07808251815015,0.002690995,LOW,21.256646728515648,0.8741,2026-09-29 02:33
GRID_001901,9.46289324480442,77.08808251815016,0.002804026,LOW,21.256646728515648,0.8246,2026-09-29 02:33
GRID_001902,9.46289324480442,77.09808251815016,0.0027904618,LOW,21.256646728515648,0.8286,2026-09-29 02:33
GRID_001903,9.46289324480442,77.10808251815017,0.0026372196,LOW,21.256646728515648,0.8979,2026-09-29 02:33
GRID_001904,9.46289324480442,77.11808251815017,0.0027492498,LOW,21.256646728515648,0.8528,2026-09-29 02:33
GRID_001905,9.46289324480442,77.12808251815018,0.39347017,LOW,19.0566345214844,0.7141000000000001,2026-09-29 02:33
GRID_001906,9.46289324480442,77.13808251815018,0.007403049,LOW,19.0566345214844,0.8467,2026-09-29 02:33
GRID_001907,9.46289324480442,77.14808251815019,0.007485809,LOW,19.0566345214844,0.8104,2026-09-29 02:33
GRID_001908,9.46289324480442,77.1580825181502,0.007324954,LOW,19.0566345214844,0.879,2026-09-29 02:33
GRID_001909,9.46289324480442,77.1680825181502,0.0073057096,LOW,19.0566345214844,0.896,2026-09-29 02:33
GRID_001910,9.46289324480442,77.1780825181502,0.0072885603,LOW,19.0566345214844,0.9069,2026-09-29 02:33
GRID_001911,9.46289324480442,77.18808251815021,0.007333982,LOW,19.0566345214844,0.8813000000000001,2026-09-29 02:33
GRID_001912,9.46289324480442,77.19808251815022,0.0073370473,LOW,19.0566345214844,0.8788,2026-09-29 02:33
GRID_001913,9.46289324480442,77.20808251815022,0.0072794934,LOW,19.0566345214844,0.9132,2026-09-29 02:33
GRID_001914,9.46289324480442,77.21808251815023,0.0073002125,LOW,19.0566345214844,0.9002,2026-09-29 02:33
GRID_001915,9.46289324480442,77.22808251815023,0.007304792,LOW,19.0566345214844,0.8976000000000001,2026-09-29 02:33
GRID_001916,9.46289324480442,77.23808251815024,0.00737305,LOW,19.0566345214844,0.8615,2026-09-29 02:33
GRID_001917,9.47289324480442,76.90808251815007,0.0028630039,LOW,21.256646728515648,0.8178000000000001,2026-09-29 02:33
GRID_001918,9.47289324480442,76.91808251815007,0.0026854724,LOW,21.256646728515648,0.8744000000000001,2026-09-29 02:33
GRID_001919,9.47289324480442,76.92808251815008,0.0027455452,LOW,21.256646728515648,0.8489,2026-09-29 02:33
GRID_001920,9.47289324480442,76.93808251815008,0.0028330903,LOW,21.256646728515648,0.8277,2026-09-29 02:33
GRID_001921,9.47289324480442,76.94808251815009,0.002846606,LOW,21.256646728515648,0.8198000000000001,2026-09-29 02:33
GRID_001922,9.47289324480442,76.95808251815009,0.0028524105,LOW,21.256646728515648,0.8198000000000001,2026-09-29 02:33
GRID_001923,9.47289324480442,76.9680825181501,0.0028440026,LOW,21.256646728515648,0.8220000000000001,2026-09-29 02:33
GRID_001924,9.47289324480442,76.9780825181501,0.0027532612,LOW,21.256646728515648,0.8488,2026-09-29 02:33
GRID_001925,9.47289324480442,76.98808251815011,0.0027423054,LOW,21.256646728515648,0.8631000000000001,2026-09-29 02:33
GRID_001926,9.47289324480442,76.99808251815011,0.0026847995,LOW,21.256646728515648,0.8813000000000001,2026-09-29 02:33
GRID_001927,9.47289324480442,77.00808251815012,0.0026466101,LOW,21.256646728515648,0.8964000000000001,2026-09-29 02:33
GRID_001928,9.47289324480442,77.01808251815012,0.0026640645,LOW,21.256646728515648,0.892,2026-09-29 02:33
GRID_001929,9.47289324480442,77.02808251815013,0.0026125917,LOW,21.256646728515648,0.9093,2026-09-29 02:33
GRID_001930,9.47289324480442,77.03808251815013,0.0026425053,LOW,21.256646728515648,0.8938,2026-09-29 02:33
GRID_001931,9.47289324480442,77.04808251815014,0.0026159217,LOW,21.256646728515648,0.9043,2026-09-29 02:33
GRID_001932,9.47289324480442,77.05808251815014,0.0027861954,LOW,21.256646728515648,0.8372,2026-09-29 02:33
GRID_001933,9.47289324480442,77.06808251815015,0.002744177,LOW,21.256646728515648,0.8449000000000001,2026-09-29 02:33
GRID_001934,9.47289324480442,77.07808251815015,0.0028461237,LOW,21.256646728515648,0.8053,2026-09-29 02:33
GRID_001935,9.47289324480442,77.08808251815016,0.002886895,LOW,21.256646728515648,0.8001,2026-09-29 02:33
GRID_001936,9.47289324480442,77.09808251815016,0.0027971866,LOW,21.256646728515648,0.8316,2026-09-29 02:33
GRID_001937,9.47289324480442,77.10808251815017,0.0027381089,LOW,21.256646728515648,0.8537,2026-09-29 02:33
GRID_001938,9.47289324480442,77.11808251815017,0.013509985,LOW,21.256646728515648,0.7871,2026-09-29 02:33
GRID_001939,9.47289324480442,77.12808251815018,0.0074747726,LOW,19.0566345214844,0.8122,2026-09-29 02:33
GRID_001940,9.47289324480442,77.13808251815018,0.44619453,MODERATE,19.0566345214844,0.5072,2026-09-29 02:33
GRID_001941,9.47289324480442,77.14808251815019,0.007406245,LOW,19.0566345214844,0.8432000000000001,2026-09-29 02:33
GRID_001942,9.47289324480442,77.1580825181502,0.0073966193,LOW,19.0566345214844,0.8477,2026-09-29 02:33
GRID_001943,9.47289324480442,77.1680825181502,0.0072970362,LOW,19.0566345214844,0.9003,2026-09-29 02:33
GRID_001944,9.47289324480442,77.1780825181502,0.007308648,LOW,19.0566345214844,0.8948,2026-09-29 02:33
GRID_001945,9.47289324480442,77.18808251815021,0.0072831586,LOW,19.0566345214844,0.9087,2026-09-29 02:33
GRID_001946,9.47289324480442,77.19808251815022,0.007308282,LOW,19.0566345214844,0.8943000000000001,2026-09-29 02:33
GRID_001947,9.47289324480442,77.20808251815022,0.0072952243,LOW,19.0566345214844,0.8975000000000001,2026-09-29 02:33
GRID_001948,9.47289324480442,77.21808251815023,0.007300134,LOW,19.0566345214844,0.8997,2026-09-29 02:33
GRID_001949,9.47289324480442,77.22808251815023,0.0073237307,LOW,19.0566345214844,0.8874000000000001,2026-09-29 02:33
GRID_001950,9.47289324480442,77.23808251815024,0.007473587,LOW,19.0566345214844,0.8147000000000001,2026-09-29 02:33
GRID_001951,9.47289324480442,77.24808251815024,0.0073076533,LOW,19.0566345214844,0.8931,2026-09-29 02:33
GRID_001952,9.48289324480442,76.67808251814995,0.045228492,LOW,23.756646728515648,0.7957000000000001,2026-09-29 02:33
GRID_001953,9.48289324480442,76.68808251814995,0.0042843623,LOW,23.756646728515648,0.8271000000000001,2026-09-29 02:33
GRID_001954,9.48289324480442,76.69808251814996,0.0043282295,LOW,23.756646728515648,0.8086,2026-09-29 02:33
GRID_001955,9.48289324480442,76.70808251814996,0.0042885207,LOW,23.756646728515648,0.8258000000000001,2026-09-29 02:33
GRID_001956,9.48289324480442,76.78808251815,0.004283054,LOW,23.756646728515648,0.8268000000000001,2026-09-29 02:33
GRID_001957,9.48289324480442,76.86808251815005,0.004242099,LOW,23.756646728515648,0.8452000000000001,2026-09-29 02:33
GRID_001958,9.48289324480442,76.87808251815005,0.15829048,LOW,21.256646728515648,0.7787000000000001,2026-09-29 02:33
GRID_001959,9.48289324480442,76.88808251815006,0.0027563022,LOW,21.256646728515648,0.8546,2026-09-29 02:33
GRID_001960,9.48289324480442,76.89808251815006,0.013526,LOW,21.256646728515648,0.7934,2026-09-29 02:33
GRID_001961,9.48289324480442,76.90808251815007,0.0027085957,LOW,21.256646728515648,0.8789,2026-09-29 02:33
GRID_001962,9.48289324480442,76.91808251815007,0.0027110865,LOW,21.256646728515648,0.8683000000000001,2026-09-29 02:33
GRID_001963,9.48289324480442,76.92808251815008,0.0028645964,LOW,21.256646728515648,0.8115,2026-09-29 02:33
GRID_001964,9.48289324480442,76.93808251815008,0.002859826,LOW,21.256646728515648,0.8136,2026-09-29 02:33
GRID_001965,9.48289324480442,76.94808251815009,0.0028247074,LOW,21.256646728515648,0.8211,2026-09-29 02:33
GRID_001966,9.48289324480442,76.95808251815009,0.0027924855,LOW,21.256646728515648,0.8293,2026-09-29 02:33
GRID_001967,9.48289324480442,76.9680825181501,0.0027449373,LOW,21.256646728515648,0.8501000000000001,2026-09-29 02:33
GRID_001968,9.48289324480442,76.9780825181501,0.0027340767,LOW,21.256646728515648,0.8544,2026-09-29 02:33
GRID_001969,9.48289324480442,76.98808251815011,0.0026452667,LOW,21.256646728515648,0.8937,2026-09-29 02:33
GRID_001970,9.48289324480442,76.99808251815011,0.0026745177,LOW,21.256646728515648,0.883,2026-09-29 02:33
GRID_001971,9.48289324480442,77.00808251815012,0.0027008322,LOW,21.256646728515648,0.8792000000000001,2026-09-29 02:33
GRID_001972,9.48289324480442,77.01808251815012,0.0026227275,LOW,21.256646728515648,0.9071,2026-09-29 02:33
GRID_001973,9.48289324480442,77.02808251815013,0.002614101,LOW,21.256646728515648,0.9075,2026-09-29 02:33
GRID_001974,9.48289324480442,77.03808251815013,0.0025939797,LOW,21.256646728515648,0.9221,2026-09-29 02:33
GRID_001975,9.48289324480442,77.04808251815014,0.0026446003,LOW,21.256646728515648,0.8981,2026-09-29 02:33
GRID_001976,9.48289324480442,77.05808251815014,0.0027373873,LOW,21.256646728515648,0.8532000000000001,2026-09-29 02:33
GRID_001977,9.48289324480442,77.06808251815015,0.0027905595,LOW,21.256646728515648,0.8328,2026-09-29 02:33
GRID_001978,9.48289324480442,77.07808251815015,0.38371524,LOW,21.256646728515648,0.7296,2026-09-29 02:33
GRID_001979,9.48289324480442,77.08808251815016,0.039219685,LOW,21.256646728515648,0.7428,2026-09-29 02:33
GRID_001980,9.48289324480442,77.09808251815016,0.0028537856,LOW,21.256646728515648,0.8130000000000001,2026-09-29 02:33
GRID_001981,9.48289324480442,77.10808251815017,0.002680835,LOW,21.256646728515648,0.8843000000000001,2026-09-29 02:33
GRID_001982,9.48289324480442,77.11808251815017,0.002733146,LOW,21.256646728515648,0.8543000000000001,2026-09-29 02:33
GRID_001983,9.48289324480442,77.12808251815018,0.0073831035,LOW,19.0566345214844,0.8519,2026-09-29 02:33
GRID_001984,9.48289324480442,77.13808251815018,0.0073595494,LOW,19.0566345214844,0.8674000000000001,2026-09-29 02:33
GRID_001985,9.48289324480442,77.14808251815019,0.0073554134,LOW,19.0566345214844,0.8681000000000001,2026-09-29 02:33
GRID_001986,9.48289324480442,77.1580825181502,0.0072740624,LOW,19.0566345214844,0.915,2026-09-29 02:33
GRID_001987,9.48289324480442,77.1680825181502,0.007337654,LOW,19.0566345214844,0.8779,2026-09-29 02:33
GRID_001988,9.48289324480442,77.1780825181502,0.0072952686,LOW,19.0566345214844,0.9005000000000001,2026-09-29 02:33
GRID_001989,9.48289324480442,77.18808251815021,0.007308033,LOW,19.0566345214844,0.8949,2026-09-29 02:33
GRID_001990,9.48289324480442,77.19808251815022,0.007307154,LOW,19.0566345214844,0.8956000000000001,2026-09-29 02:33
GRID_001991,9.48289324480442,77.20808251815022,0.007281889,LOW,19.0566345214844,0.9076,2026-09-29 02:33
GRID_001992,9.48289324480442,77.21808251815023,0.0073052235,LOW,19.0566345214844,0.8962,2026-09-29 02:33
GRID_001993,9.48289324480442,77.22808251815023,0.0073050796,LOW,19.0566345214844,0.8991,2026-09-29 02:33
GRID_001994,9.48289324480442,77.23808251815024,0.00741486,LOW,19.0566345214844,0.8386,2026-09-29 02:33
GRID_001995,9.48289324480442,77.24808251815024,0.0073612896,LOW,19.0566345214844,0.8625,2026-09-29 02:33
GRID_001996,9.49289324480442,76.68808251814995,0.004248108,LOW,23.756646728515648,0.8418,2026-09-29 02:33
GRID_001997,9.49289324480442,76.69808251814996,0.0042801453,LOW,23.756646728515648,0.8287,2026-09-29 02:33
GRID_001998,9.49289324480442,76.70808251814996,0.0043000476,LOW,23.756646728515648,0.8197,2026-09-29 02:33
GRID_001999,9.49289324480442,76.82808251815003,0.0043321326,LOW,23.756646728515648,0.8057000000000001,2026-09-29 02:33
GRID_002000,9.49289324480442,76.83808251815003,0.0043100566,LOW,23.756646728515648,0.8157000000000001,2026-09-29 02:33
GRID_002001,9.49289324480442,76.84808251815004,0.0043578655,LOW,23.756646728515648,0.7969,2026-09-29 02:33
GRID_002002,9.49289324480442,76.86808251815005,0.11752079,LOW,23.756646728515648,0.778,2026-09-29 02:33
GRID_002003,9.49289324480442,76.87808251815005,0.0135484645,LOW,21.256646728515648,0.7868,2026-09-29 02:33
GRID_002004,9.49289324480442,76.88808251815006,0.15827936,LOW,21.256646728515648,0.7815000000000001,2026-09-29 02:33
GRID_002005,9.49289324480442,76.89808251815006,0.0028407895,LOW,21.256646728515648,0.8261000000000001,2026-09-29 02:33
GRID_002006,9.49289324480442,76.90808251815007,0.0027984863,LOW,21.256646728515648,0.8370000000000001,2026-09-29 02:33
GRID_002007,9.49289324480442,76.91808251815007,0.5342761,MODERATE,21.256646728515648,0.3843,2026-09-29 02:33
GRID_002008,9.49289324480442,76.92808251815008,0.002848169,LOW,21.256646728515648,0.8149000000000001,2026-09-29 02:33
GRID_002009,9.49289324480442,76.93808251815008,0.0028617687,LOW,21.256646728515648,0.8167000000000001,2026-09-29 02:33
GRID_002010,9.49289324480442,76.94808251815009,0.0028864252,LOW,21.256646728515648,0.8058000000000001,2026-09-29 02:33
GRID_002011,9.49289324480442,76.95808251815009,0.0027715112,LOW,21.256646728515648,0.8394,2026-09-29 02:33
GRID_002012,9.49289324480442,76.9680825181501,0.0027814074,LOW,21.256646728515648,0.8378,2026-09-29 02:33
GRID_002013,9.49289324480442,76.9780825181501,0.002678541,LOW,21.256646728515648,0.8799,2026-09-29 02:33
GRID_002014,9.49289324480442,76.98808251815011,0.0026768206,LOW,21.256646728515648,0.8817,2026-09-29 02:33
GRID_002015,9.49289324480442,76.99808251815011,0.0026797215,LOW,21.256646728515648,0.8768,2026-09-29 02:33
GRID_002016,9.49289324480442,77.00808251815012,0.0026761335,LOW,21.256646728515648,0.8795000000000001,2026-09-29 02:33
GRID_002017,9.49289324480442,77.01808251815012,0.0026971707,LOW,21.256646728515648,0.8727,2026-09-29 02:33
GRID_002018,9.49289324480442,77.02808251815013,0.0026844202,LOW,21.256646728515648,0.8844000000000001,2026-09-29 02:33
GRID_002019,9.49289324480442,77.03808251815013,0.0026364354,LOW,21.256646728515648,0.9059,2026-09-29 02:33
GRID_002020,9.49289324480442,77.04808251815014,0.0026467103,LOW,21.256646728515648,0.8969,2026-09-29 02:33
GRID_002021,9.49289324480442,77.05808251815014,0.002679471,LOW,21.256646728515648,0.8893000000000001,2026-09-29 02:33
GRID_002022,9.49289324480442,77.07808251815015,0.002856824,LOW,21.256646728515648,0.8123,2026-09-29 02:33
GRID_002023,9.49289324480442,77.08808251815016,0.0028850604,LOW,21.256646728515648,0.8014,2026-09-29 02:33
GRID_002024,9.49289324480442,77.09808251815016,0.0026999079,LOW,21.256646728515648,0.874,2026-09-29 02:33
GRID_002025,9.49289324480442,77.10808251815017,0.0026492951,LOW,21.256646728515648,0.8921,2026-09-29 02:33
GRID_002026,9.49289324480442,77.11808251815017,0.002678481,LOW,21.256646728515648,0.8813000000000001,2026-09-29 02:33
GRID_002027,9.49289324480442,77.12808251815018,0.00727422,LOW,19.0566345214844,0.9127,2026-09-29 02:33
GRID_002028,9.49289324480442,77.13808251815018,0.007390064,LOW,19.0566345214844,0.8464,2026-09-29 02:33
GRID_002029,9.49289324480442,77.14808251815019,0.0073090154,LOW,19.0566345214844,0.8912,2026-09-29 02:33
GRID_002030,9.49289324480442,77.1680825181502,0.0072978726,LOW,19.0566345214844,0.8971,2026-09-29 02:33
GRID_002031,9.49289324480442,77.1780825181502,0.0073084137,LOW,19.0566345214844,0.8957,2026-09-29 02:33
GRID_002032,9.49289324480442,77.18808251815021,0.007323259,LOW,19.0566345214844,0.8871,2026-09-29 02:33
GRID_002033,9.49289324480442,77.19808251815022,0.007283165,LOW,19.0566345214844,0.9069,2026-09-29 02:33
GRID_002034,9.49289324480442,77.20808251815022,0.0073104645,LOW,19.0566345214844,0.8946000000000001,2026-09-29 02:33
GRID_002035,9.49289324480442,77.21808251815023,0.0072943913,LOW,19.0566345214844,0.902,2026-09-29 02:33
GRID_002036,9.49289324480442,77.22808251815023,0.007321209,LOW,19.0566345214844,0.8887,2026-09-29 02:33
GRID_002037,9.49289324480442,77.23808251815024,0.007325352,LOW,19.0566345214844,0.8842000000000001,2026-09-29 02:33
GRID_002038,9.49289324480442,77.24808251815024,0.007411028,LOW,19.0566345214844,0.8446,2026-09-29 02:33
GRID_002039,9.49289324480442,77.25808251815025,0.0073511247,LOW,19.0566345214844,0.8681000000000001,2026-09-29 02:33
GRID_002040,9.50289324480442,76.69808251814996,0.004299554,LOW,23.756646728515648,0.8206,2026-09-29 02:33
GRID_002041,9.50289324480442,76.70808251814996,0.0043406007,LOW,23.756646728515648,0.8014,2026-09-29 02:33
GRID_002042,9.50289324480442,76.74808251814999,0.0043346533,LOW,23.756646728515648,0.8036000000000001,2026-09-29 02:33
GRID_002043,9.50289324480442,76.75808251814999,0.11529879,LOW,23.756646728515648,0.7635000000000001,2026-09-29 02:33
GRID_002044,9.50289324480442,76.76808251815,0.11530782,LOW,23.756646728515648,0.7575000000000001,2026-09-29 02:33
GRID_002045,9.50289324480442,76.81808251815002,0.48108742,MODERATE,23.756646728515648,0.6925,2026-09-29 02:33
GRID_002046,9.50289324480442,76.82808251815003,0.0043469304,LOW,23.756646728515648,0.8006000000000001,2026-09-29 02:33
GRID_002047,9.50289324480442,76.83808251815003,0.42133668,MODERATE,23.756646728515648,0.7307,2026-09-29 02:33
GRID_002048,9.50289324480442,76.84808251815004,0.11530862,LOW,23.756646728515648,0.7607,2026-09-29 02:33
GRID_002049,9.50289324480442,76.85808251815004,0.004338869,LOW,23.756646728515648,0.8035,2026-09-29 02:33
GRID_002050,9.50289324480442,76.86808251815005,0.004339846,LOW,23.756646728515648,0.8027000000000001,2026-09-29 02:33
GRID_002051,9.50289324480442,76.87808251815005,0.10653385,LOW,21.256646728515648,0.7606,2026-09-29 02:33
GRID_002052,9.50289324480442,76.88808251815006,0.0027988784,LOW,21.256646728515648,0.8399000000000001,2026-09-29 02:33
GRID_002053,9.50289324480442,76.89808251815006,0.0028788268,LOW,21.256646728515648,0.8122,2026-09-29 02:33
GRID_002054,9.50289324480442,76.90808251815007,0.0027573549,LOW,21.256646728515648,0.8568,2026-09-29 02:33
GRID_002055,9.50289324480442,76.91808251815007,0.0026630205,LOW,21.256646728515648,0.9013,2026-09-29 02:33
GRID_002056,9.50289324480442,76.92808251815008,0.013519688,LOW,21.256646728515648,0.7919,2026-09-29 02:33
GRID_002057,9.50289324480442,76.93808251815008,0.002833678,LOW,21.256646728515648,0.8229000000000001,2026-09-29 02:33
GRID_002058,9.50289324480442,76.94808251815009,0.0029027213,LOW,21.256646728515648,0.802,2026-09-29 02:33
GRID_002059,9.50289324480442,76.95808251815009,0.0027777422,LOW,21.256646728515648,0.8481000000000001,2026-09-29 02:33
GRID_002060,9.50289324480442,76.9780825181501,0.0026272773,LOW,21.256646728515648,0.899,2026-09-29 02:33
GRID_002061,9.50289324480442,76.98808251815011,0.0026782127,LOW,21.256646728515648,0.8838,2026-09-29 02:33
GRID_002062,9.50289324480442,76.99808251815011,0.0026651702,LOW,21.256646728515648,0.8907,2026-09-29 02:33
GRID_002063,9.50289324480442,77.00808251815012,0.0026216274,LOW,21.256646728515648,0.9108,2026-09-29 02:33
GRID_002064,9.50289324480442,77.01808251815012,0.002748946,LOW,21.256646728515648,0.8465,2026-09-29 02:33
GRID_002065,9.50289324480442,77.02808251815013,0.002755722,LOW,21.256646728515648,0.8484,2026-09-29 02:33
GRID_002066,9.50289324480442,77.03808251815013,0.002676563,LOW,21.256646728515648,0.8924000000000001,2026-09-29 02:33
GRID_002067,9.50289324480442,77.04808251815014,0.0027020734,LOW,21.256646728515648,0.8737,2026-09-29 02:33
GRID_002068,9.50289324480442,77.05808251815014,0.0026332836,LOW,21.256646728515648,0.8971,2026-09-29 02:33
GRID_002069,9.50289324480442,77.06808251815015,0.002642564,LOW,21.256646728515648,0.893,2026-09-29 02:33
GRID_002070,9.50289324480442,77.07808251815015,0.0026108986,LOW,21.256646728515648,0.9028,2026-09-29 02:33
GRID_002071,9.50289324480442,77.08808251815016,0.0027487692,LOW,21.256646728515648,0.8492000000000001,2026-09-29 02:33
GRID_002072,9.50289324480442,77.09808251815016,0.0028316723,LOW,21.256646728515648,0.8211,2026-09-29 02:33
GRID_002073,9.50289324480442,77.10808251815017,0.0027708479,LOW,21.256646728515648,0.8428,2026-09-29 02:33
GRID_002074,9.50289324480442,77.11808251815017,0.002687897,LOW,21.256646728515648,0.8806,2026-09-29 02:33
GRID_002075,9.50289324480442,77.12808251815018,0.0073886556,LOW,19.0566345214844,0.8526,2026-09-29 02:33
GRID_002076,9.50289324480442,77.13808251815018,0.007318318,LOW,19.0566345214844,0.8905000000000001,2026-09-29 02:33
GRID_002077,9.50289324480442,77.14808251815019,0.0073254937,LOW,19.0566345214844,0.8867,2026-09-29 02:33
GRID_002078,9.50289324480442,77.1680825181502,0.007314177,LOW,19.0566345214844,0.8885000000000001,2026-09-29 02:33
GRID_002079,9.50289324480442,77.1780825181502,0.007274813,LOW,19.0566345214844,0.9118,2026-09-29 02:33
GRID_002080,9.50289324480442,77.18808251815021,0.00742637,LOW,19.0566345214844,0.8357,2026-09-29 02:33
GRID_002081,9.50289324480442,77.22808251815023,0.0073643345,LOW,19.0566345214844,0.8604,2026-09-29 02:33
GRID_002082,9.50289324480442,77.23808251815024,0.007463938,LOW,19.0566345214844,0.8176,2026-09-29 02:33
GRID_002083,9.50289324480442,77.24808251815024,0.007372235,LOW,19.0566345214844,0.8589,2026-09-29 02:33
GRID_002084,9.50289324480442,77.25808251815025,0.0073423837,LOW,19.0566345214844,0.8782000000000001,2026-09-29 02:33
GRID_002085,9.50289324480442,77.26808251815025,0.007374404,LOW,19.0566345214844,0.8565,2026-09-29 02:33
GRID_002086,9.50289324480442,77.27808251815026,0.017823255,LOW,19.0566345214844,0.7965,2026-09-29 02:33
GRID_002087,9.50289324480442,77.28808251815026,0.0038698209,LOW,19.0566345214844,0.772,2026-09-29 02:33
GRID_002088,9.50289324480442,77.29808251815027,0.0074500297,LOW,19.0566345214844,0.8175,2026-09-29 02:33
GRID_002089,9.51289324480442,76.72808251814998,0.00424653,LOW,23.756646728515648,0.8435,2026-09-29 02:33
GRID_002090,9.51289324480442,76.73808251814998,0.004242202,LOW,23.756646728515648,0.8434,2026-09-29 02:33
GRID_002091,9.51289324480442,76.81808251815002,0.004353073,LOW,23.756646728515648,0.7977000000000001,2026-09-29 02:33
GRID_002092,9.51289324480442,76.82808251815003,0.0042865006,LOW,23.756646728515648,0.8259000000000001,2026-09-29 02:33
GRID_002093,9.51289324480442,76.83808251815003,0.004286429,LOW,23.756646728515648,0.8253,2026-09-29 02:33
GRID_002094,9.51289324480442,76.84808251815004,0.004285042,LOW,23.756646728515648,0.8266,2026-09-29 02:33
GRID_002095,9.51289324480442,76.85808251815004,0.47127402,MODERATE,23.756646728515648,0.6427,2026-09-29 02:33
GRID_002096,9.51289324480442,76.86808251815005,0.0043089385,LOW,23.756646728515648,0.8165,2026-09-29 02:33
GRID_002097,9.51289324480442,76.88808251815006,0.1065423,LOW,21.256646728515648,0.7591,2026-09-29 02:33
GRID_002098,9.51289324480442,76.89808251815006,0.0036278712,LOW,21.256646728515648,0.7551,2026-09-29 02:33
GRID_002099,9.51289324480442,76.90808251815007,0.0026682056,LOW,21.256646728515648,0.896,2026-09-29 02:33
GRID_002100,9.51289324480442,76.91808251815007,0.49642652,MODERATE,21.256646728515648,0.5783,2026-09-29 02:33
GRID_002101,9.51289324480442,76.92808251815008,0.0027720828,LOW,21.256646728515648,0.8466,2026-09-29 02:33
GRID_002102,9.51289324480442,76.93808251815008,0.0028703664,LOW,21.256646728515648,0.8144,2026-09-29 02:33
GRID_002103,9.51289324480442,76.94808251815009,0.24326484,LOW,21.256646728515648,0.7376,2026-09-29 02:33
GRID_002104,9.51289324480442,76.95808251815009,0.15827364,LOW,21.256646728515648,0.7817000000000001,2026-09-29 02:33
GRID_002105,9.51289324480442,76.9680825181501,0.0027534673,LOW,21.256646728515648,0.8539,2026-09-29 02:33
GRID_002106,9.51289324480442,76.98808251815011,0.0026575357,LOW,21.256646728515648,0.8933000000000001,2026-09-29 02:33
GRID_002107,9.51289324480442,76.99808251815011,0.002662513,LOW,21.256646728515648,0.8976000000000001,2026-09-29 02:33
GRID_002108,9.51289324480442,77.02808251815013,0.0026600466,LOW,21.256646728515648,0.8951,2026-09-29 02:33
GRID_002109,9.51289324480442,77.03808251815013,0.0026660059,LOW,21.256646728515648,0.8908,2026-09-29 02:33
GRID_002110,9.51289324480442,77.04808251815014,0.0026641474,LOW,21.256646728515648,0.8933000000000001,2026-09-29 02:33
GRID_002111,9.51289324480442,77.05808251815014,0.002637564,LOW,21.256646728515648,0.8975000000000001,2026-09-29 02:33
GRID_002112,9.51289324480442,77.06808251815015,0.0026733186,LOW,21.256646728515648,0.8904000000000001,2026-09-29 02:33
GRID_002113,9.51289324480442,77.07808251815015,0.0026272787,LOW,21.256646728515648,0.8997,2026-09-29 02:33
GRID_002114,9.51289324480442,77.08808251815016,0.0028168526,LOW,21.256646728515648,0.8278000000000001,2026-09-29 02:33
GRID_002115,9.51289324480442,77.09808251815016,0.0027753175,LOW,21.256646728515648,0.8395,2026-09-29 02:33
GRID_002116,9.51289324480442,77.10808251815017,0.013502037,LOW,21.256646728515648,0.7894,2026-09-29 02:33
GRID_002117,9.51289324480442,77.11808251815017,0.0027769792,LOW,21.256646728515648,0.8401000000000001,2026-09-29 02:33
GRID_002118,9.51289324480442,77.12808251815018,0.00737911,LOW,19.0566345214844,0.8568,2026-09-29 02:33
GRID_002119,9.51289324480442,77.13808251815018,0.007510487,LOW,19.0566345214844,0.8011,2026-09-29 02:33
GRID_002120,9.51289324480442,77.14808251815019,0.078573376,LOW,19.0566345214844,0.7275,2026-09-29 02:33
GRID_002121,9.51289324480442,77.1780825181502,0.0074298996,LOW,19.0566345214844,0.8353,2026-09-29 02:33
GRID_002122,9.51289324480442,77.22808251815023,0.0070951725,LOW,19.0566345214844,0.7657,2026-09-29 02:33
GRID_002123,9.51289324480442,77.23808251815024,0.01783377,LOW,19.0566345214844,0.7918000000000001,2026-09-29 02:33
GRID_002124,9.51289324480442,77.24808251815024,0.0074244672,LOW,19.0566345214844,0.8335,2026-09-29 02:33
GRID_002125,9.51289324480442,77.25808251815025,0.0073092813,LOW,19.0566345214844,0.8937,2026-09-29 02:33
GRID_002126,9.51289324480442,77.26808251815025,0.0073565636,LOW,19.0566345214844,0.8663000000000001,2026-09-29 02:33
GRID_002127,9.51289324480442,77.27808251815026,0.0071014473,LOW,19.0566345214844,0.7657,2026-09-29 02:33
GRID_002128,9.51289324480442,77.28808251815026,0.46534973,MODERATE,19.0566345214844,0.7048,2026-09-29 02:33
GRID_002129,9.51289324480442,77.29808251815027,0.0074341474,LOW,19.0566345214844,0.8277,2026-09-29 02:33
GRID_002130,9.522893244804418,76.81808251815002,0.004269624,LOW,23.756646728515648,0.8335,2026-09-29 02:33
GRID_002131,9.522893244804418,76.82808251815003,0.45674258,MODERATE,23.756646728515648,0.7160000000000001,2026-09-29 02:33
GRID_002132,9.522893244804418,76.83808251815003,0.004329976,LOW,23.756646728515648,0.808,2026-09-29 02:33
GRID_002133,9.522893244804418,76.84808251815004,0.004303451,LOW,23.756646728515648,0.8183,2026-09-29 02:33
GRID_002134,9.522893244804418,76.85808251815004,0.004225483,LOW,23.756646728515648,0.8492000000000001,2026-09-29 02:33
GRID_002135,9.522893244804418,76.88808251815006,0.0028770966,LOW,21.256646728515648,0.8135,2026-09-29 02:33
GRID_002136,9.522893244804418,76.89808251815006,0.0068492647,LOW,21.256646728515648,0.7448,2026-09-29 02:33
GRID_002137,9.522893244804418,76.90808251815007,0.002745145,LOW,21.256646728515648,0.8601000000000001,2026-09-29 02:33
GRID_002138,9.522893244804418,76.91808251815007,0.0028139353,LOW,21.256646728515648,0.8355,2026-09-29 02:33
GRID_002139,9.522893244804418,76.92808251815008,0.0028336039,LOW,21.256646728515648,0.8241,2026-09-29 02:33
GRID_002140,9.522893244804418,76.93808251815008,0.002756584,LOW,21.256646728515648,0.8522000000000001,2026-09-29 02:33
GRID_002141,9.522893244804418,76.94808251815009,0.15826185,LOW,21.256646728515648,0.7822,2026-09-29 02:33
GRID_002142,9.522893244804418,76.95808251815009,0.3837398,LOW,21.256646728515648,0.7316,2026-09-29 02:33
GRID_002143,9.522893244804418,76.9680825181501,0.0027403599,LOW,21.256646728515648,0.8475,2026-09-29 02:33
GRID_002144,9.522893244804418,76.9780825181501,0.0027871784,LOW,21.256646728515648,0.8319000000000001,2026-09-29 02:33
GRID_002145,9.522893244804418,76.98808251815011,0.0027432947,LOW,21.256646728515648,0.8558,2026-09-29 02:33
GRID_002146,9.522893244804418,77.02808251815013,0.0026682192,LOW,21.256646728515648,0.8855000000000001,2026-09-29 02:33
GRID_002147,9.522893244804418,77.03808251815013,0.0026874703,LOW,21.256646728515648,0.8719,2026-09-29 02:33
GRID_002148,9.522893244804418,77.05808251815014,0.0026096306,LOW,21.256646728515648,0.9159,2026-09-29 02:33
GRID_002149,9.522893244804418,77.06808251815015,0.0027173508,LOW,21.256646728515648,0.8577,2026-09-29 02:33
GRID_002150,9.522893244804418,77.07808251815015,0.002658573,LOW,21.256646728515648,0.8875000000000001,2026-09-29 02:33
GRID_002151,9.522893244804418,77.08808251815016,0.002897843,LOW,21.256646728515648,0.7989,2026-09-29 02:33
GRID_002152,9.522893244804418,77.09808251815016,0.03922274,LOW,21.256646728515648,0.7428,2026-09-29 02:33
GRID_002153,9.522893244804418,77.10808251815017,0.0028192103,LOW,21.256646728515648,0.8239000000000001,2026-09-29 02:33
GRID_002154,9.522893244804418,77.11808251815017,0.1582266,LOW,21.256646728515648,0.7851,2026-09-29 02:33
GRID_002155,9.522893244804418,77.12808251815018,0.0073774233,LOW,19.0566345214844,0.8573000000000001,2026-09-29 02:33
GRID_002156,9.522893244804418,77.13808251815018,0.0074368627,LOW,19.0566345214844,0.8257,2026-09-29 02:33
GRID_002157,9.522893244804418,77.14808251815019,0.0075264527,LOW,19.0566345214844,0.7973,2026-09-29 02:33
GRID_002158,9.522893244804418,77.1780825181502,0.0038775452,LOW,19.0566345214844,0.7696000000000001,2026-09-29 02:33
GRID_002159,9.522893244804418,77.23808251815024,0.007364342,LOW,19.0566345214844,0.8564,2026-09-29 02:33
GRID_002160,9.522893244804418,77.24808251815024,0.42279166,MODERATE,19.0566345214844,0.6476000000000001,2026-09-29 02:33
GRID_002161,9.522893244804418,77.25808251815025,0.42282993,MODERATE,19.0566345214844,0.6471,2026-09-29 02:33
GRID_002162,9.522893244804418,77.26808251815025,0.007414939,LOW,19.0566345214844,0.8412000000000001,2026-09-29 02:33
GRID_002163,9.522893244804418,77.27808251815026,0.0073744413,LOW,19.0566345214844,0.8596,2026-09-29 02:33
GRID_002164,9.522893244804418,77.28808251815026,0.007313277,LOW,19.0566345214844,0.8851,2026-09-29 02:33
GRID_002165,9.522893244804418,77.29808251815027,0.017829837,LOW,19.0566345214844,0.7899,2026-09-29 02:33
GRID_002166,9.532893244804418,76.82808251815003,0.0043133907,LOW,23.756646728515648,0.8134,2026-09-29 02:33
GRID_002167,9.532893244804418,76.83808251815003,0.004259214,LOW,23.756646728515648,0.8375,2026-09-29 02:33
GRID_002168,9.532893244804418,76.87808251815005,0.0028012563,LOW,21.256646728515648,0.8358,2026-09-29 02:33
GRID_002169,9.532893244804418,76.88808251815006,0.013547538,LOW,21.256646728515648,0.7873,2026-09-29 02:33
GRID_002170,9.532893244804418,76.89808251815006,0.002851379,LOW,21.256646728515648,0.8200000000000001,2026-09-29 02:33
GRID_002171,9.532893244804418,76.90808251815007,0.0028957701,LOW,21.256646728515648,0.8057000000000001,2026-09-29 02:33
GRID_002172,9.532893244804418,76.91808251815007,0.0028066672,LOW,21.256646728515648,0.8377,2026-09-29 02:33
GRID_002173,9.532893244804418,76.92808251815008,0.0027426393,LOW,21.256646728515648,0.8543000000000001,2026-09-29 02:33
GRID_002174,9.532893244804418,76.93808251815008,0.0026698974,LOW,21.256646728515648,0.8826,2026-09-29 02:33
GRID_002175,9.532893244804418,76.94808251815009,0.0028616367,LOW,21.256646728515648,0.8115,2026-09-29 02:33
GRID_002176,9.532893244804418,76.95808251815009,0.0027741278,LOW,21.256646728515648,0.8324,2026-09-29 02:33
GRID_002177,9.532893244804418,76.9680825181501,0.0027523586,LOW,21.256646728515648,0.8403,2026-09-29 02:33
GRID_002178,9.532893244804418,76.9780825181501,0.002642861,LOW,21.256646728515648,0.892,2026-09-29 02:33
GRID_002179,9.532893244804418,76.98808251815011,0.0026278084,LOW,21.256646728515648,0.9075,2026-09-29 02:33
GRID_002180,9.532893244804418,77.03808251815013,0.0026901625,LOW,21.256646728515648,0.8688,2026-09-29 02:33
GRID_002181,9.532893244804418,77.04808251815014,0.0026408741,LOW,21.256646728515648,0.8957,2026-09-29 02:33
GRID_002182,9.532893244804418,77.05808251815014,0.0026290847,LOW,21.256646728515648,0.8946000000000001,2026-09-29 02:33
GRID_002183,9.532893244804418,77.06808251815015,0.0028440407,LOW,21.256646728515648,0.8156,2026-09-29 02:33
GRID_002184,9.532893244804418,77.07808251815015,0.0028688912,LOW,21.256646728515648,0.8043,2026-09-29 02:33
GRID_002185,9.532893244804418,77.08808251815016,0.4417159,MODERATE,21.256646728515648,0.6393,2026-09-29 02:33
GRID_002186,9.532893244804418,77.09808251815016,0.0028326493,LOW,21.256646728515648,0.8184,2026-09-29 02:33
GRID_002187,9.532893244804418,77.10808251815017,0.0027259218,LOW,21.256646728515648,0.8652000000000001,2026-09-29 02:33
GRID_002188,9.532893244804418,77.11808251815017,0.002801043,LOW,21.256646728515648,0.8352,2026-09-29 02:33
GRID_002189,9.532893244804418,77.12808251815018,0.0073909895,LOW,19.0566345214844,0.8510000000000001,2026-09-29 02:33
GRID_002190,9.532893244804418,77.13808251815018,0.007337315,LOW,19.0566345214844,0.8787,2026-09-29 02:33
GRID_002191,9.532893244804418,77.21808251815023,0.43876064,MODERATE,19.0566345214844,0.6857000000000001,2026-09-29 02:33
GRID_002192,9.532893244804418,77.23808251815024,0.0075176717,LOW,19.0566345214844,0.7986000000000001,2026-09-29 02:33
GRID_002193,9.532893244804418,77.24808251815024,0.0073396075,LOW,19.0566345214844,0.8786,2026-09-29 02:33
GRID_002194,9.532893244804418,77.25808251815025,0.0074183033,LOW,19.0566345214844,0.8397,2026-09-29 02:33
GRID_002195,9.532893244804418,77.26808251815025,0.017839734,LOW,19.0566345214844,0.7899,2026-09-29 02:33
GRID_002196,9.532893244804418,77.27808251815026,0.007404669,LOW,19.0566345214844,0.8426,2026-09-29 02:33
GRID_002197,9.532893244804418,77.28808251815026,0.0073408787,LOW,19.0566345214844,0.8742000000000001,2026-09-29 02:33
GRID_002198,9.532893244804418,77.29808251815027,0.0073616593,LOW,19.0566345214844,0.8633000000000001,2026-09-29 02:33
GRID_002199,9.542893244804418,76.79808251815001,0.11530524,LOW,23.756646728515648,0.7618,2026-09-29 02:33
GRID_002200,9.542893244804418,76.86808251815005,0.4567638,MODERATE,23.756646728515648,0.6005,2026-09-29 02:33
GRID_002201,9.542893244804418,76.87808251815005,0.4478271,MODERATE,21.256646728515648,0.6936,2026-09-29 02:33
GRID_002202,9.542893244804418,76.88808251815006,0.10652434,LOW,21.256646728515648,0.7622,2026-09-29 02:33
GRID_002203,9.542893244804418,76.89808251815006,0.0027635805,LOW,21.256646728515648,0.8542000000000001,2026-09-29 02:33
GRID_002204,9.542893244804418,76.90808251815007,0.0027525062,LOW,21.256646728515648,0.8531000000000001,2026-09-29 02:33
GRID_002205,9.542893244804418,76.91808251815007,0.0027237767,LOW,21.256646728515648,0.8611000000000001,2026-09-29 02:33
GRID_002206,9.542893244804418,76.92808251815008,0.0027722148,LOW,21.256646728515648,0.8389000000000001,2026-09-29 02:33
GRID_002207,9.542893244804418,76.93808251815008,0.0028595903,LOW,21.256646728515648,0.8115,2026-09-29 02:33
GRID_002208,9.542893244804418,76.94808251815009,0.0027626154,LOW,21.256646728515648,0.8431000000000001,2026-09-29 02:33
GRID_002209,9.542893244804418,76.95808251815009,0.0026483033,LOW,21.256646728515648,0.8863000000000001,2026-09-29 02:33
GRID_002210,9.542893244804418,76.9680825181501,0.002778823,LOW,21.256646728515648,0.8415,2026-09-29 02:33
GRID_002211,9.542893244804418,76.9780825181501,0.0025890963,LOW,21.256646728515648,0.9182,2026-09-29 02:33
GRID_002212,9.542893244804418,76.98808251815011,0.00267348,LOW,21.256646728515648,0.8825000000000001,2026-09-29 02:33
GRID_002213,9.542893244804418,77.02808251815013,0.0027882159,LOW,21.256646728515648,0.8313,2026-09-29 02:33
GRID_002214,9.542893244804418,77.03808251815013,0.002835589,LOW,21.256646728515648,0.8202,2026-09-29 02:33
GRID_002215,9.542893244804418,77.04808251815014,0.15825923,LOW,21.256646728515648,0.7795000000000001,2026-09-29 02:33
GRID_002216,9.542893244804418,77.05808251815014,0.0028028968,LOW,21.256646728515648,0.8303,2026-09-29 02:33
GRID_002217,9.542893244804418,77.06808251815015,0.49280474,MODERATE,21.256646728515648,0.6779000000000001,2026-09-29 02:33
GRID_002218,9.542893244804418,77.07808251815015,0.002758958,LOW,21.256646728515648,0.8452000000000001,2026-09-29 02:33
GRID_002219,9.542893244804418,77.08808251815016,0.0027266305,LOW,21.256646728515648,0.8611000000000001,2026-09-29 02:33
GRID_002220,9.542893244804418,77.09808251815016,0.002845739,LOW,21.256646728515648,0.8148000000000001,2026-09-29 02:33
GRID_002221,9.542893244804418,77.10808251815017,0.0027714353,LOW,21.256646728515648,0.8427,2026-09-29 02:33
GRID_002222,9.542893244804418,77.11808251815017,0.0026909302,LOW,21.256646728515648,0.8812000000000001,2026-09-29 02:33
GRID_002223,9.542893244804418,77.12808251815018,0.007336992,LOW,19.0566345214844,0.8776,2026-09-29 02:33
GRID_002224,9.542893244804418,77.13808251815018,0.0073388107,LOW,19.0566345214844,0.879,2026-09-29 02:33
GRID_002225,9.542893244804418,77.14808251815019,0.0073864628,LOW,19.0566345214844,0.8520000000000001,2026-09-29 02:33
GRID_002226,9.542893244804418,77.20808251815022,0.42305902,MODERATE,19.0566345214844,0.6435000000000001,2026-09-29 02:33
GRID_002227,9.542893244804418,77.21808251815023,0.007418747,LOW,19.0566345214844,0.8387,2026-09-29 02:33
GRID_002228,9.542893244804418,77.22808251815023,0.007412307,LOW,19.0566345214844,0.8424,2026-09-29 02:33
GRID_002229,9.542893244804418,77.23808251815024,0.0074278433,LOW,19.0566345214844,0.8295,2026-09-29 02:33
GRID_002230,9.542893244804418,77.24808251815024,0.007480715,LOW,19.0566345214844,0.8102,2026-09-29 02:33
GRID_002231,9.542893244804418,77.25808251815025,0.007461787,LOW,19.0566345214844,0.8206,2026-09-29 02:33
GRID_002232,9.542893244804418,77.26808251815025,0.0073978505,LOW,19.0566345214844,0.8424,2026-09-29 02:33
GRID_002233,9.542893244804418,77.27808251815026,0.007387265,LOW,19.0566345214844,0.8505,2026-09-29 02:33
GRID_002234,9.542893244804418,77.28808251815026,0.007355332,LOW,19.0566345214844,0.8665,2026-09-29 02:33
GRID_002235,9.542893244804418,77.29808251815027,0.018975485,LOW,19.0566345214844,0.7839,2026-09-29 02:33
GRID_002236,9.542893244804418,77.30808251815027,0.007324852,LOW,19.0566345214844,0.8864000000000001,2026-09-29 02:33
GRID_002237,9.552893244804418,76.82808251815003,0.0043193186,LOW,23.756646728515648,0.8124,2026-09-29 02:33
GRID_002238,9.552893244804418,76.85808251815004,0.0042972895,LOW,23.756646728515648,0.8212,2026-09-29 02:33
GRID_002239,9.552893244804418,76.86808251815005,0.4883831,MODERATE,23.756646728515648,0.7068,2026-09-29 02:33
GRID_002240,9.552893244804418,76.90808251815007,0.002680616,LOW,21.256646728515648,0.8806,2026-09-29 02:33
GRID_002241,9.552893244804418,76.91808251815007,0.002722337,LOW,21.256646728515648,0.8673000000000001,2026-09-29 02:33
GRID_002242,9.552893244804418,76.93808251815008,0.0027080446,LOW,21.256646728515648,0.8631000000000001,2026-09-29 02:33
GRID_002243,9.552893244804418,76.94808251815009,0.38368532,LOW,21.256646728515648,0.7335,2026-09-29 02:33
GRID_002244,9.552893244804418,76.95808251815009,0.0027110865,LOW,21.256646728515648,0.8661000000000001,2026-09-29 02:33
GRID_002245,9.552893244804418,76.9680825181501,0.0028803712,LOW,21.256646728515648,0.8004,2026-09-29 02:33
GRID_002246,9.552893244804418,76.9780825181501,0.0027786172,LOW,21.256646728515648,0.8329000000000001,2026-09-29 02:33
GRID_002247,9.552893244804418,76.98808251815011,0.0026757577,LOW,21.256646728515648,0.8749,2026-09-29 02:33
GRID_002248,9.552893244804418,77.03808251815013,0.24322988,LOW,21.256646728515648,0.7384000000000001,2026-09-29 02:33
GRID_002249,9.552893244804418,77.04808251815014,0.002798541,LOW,21.256646728515648,0.8280000000000001,2026-09-29 02:33
GRID_002250,9.552893244804418,77.05808251815014,0.0028754654,LOW,21.256646728515648,0.8032,2026-09-29 02:33
GRID_002251,9.552893244804418,77.06808251815015,0.002707887,LOW,21.256646728515648,0.872,2026-09-29 02:33
GRID_002252,9.552893244804418,77.07808251815015,0.0028310656,LOW,21.256646728515648,0.8203,2026-09-29 02:33
GRID_002253,9.552893244804418,77.08808251815016,0.002785638,LOW,21.256646728515648,0.8383,2026-09-29 02:33
GRID_002254,9.552893244804418,77.09808251815016,0.0028776063,LOW,21.256646728515648,0.8084,2026-09-29 02:33
GRID_002255,9.552893244804418,77.10808251815017,0.0028462415,LOW,21.256646728515648,0.8160000000000001,2026-09-29 02:33
GRID_002256,9.552893244804418,77.11808251815017,0.0027752556,LOW,21.256646728515648,0.8393,2026-09-29 02:33
GRID_002257,9.552893244804418,77.12808251815018,0.00743468,LOW,19.0566345214844,0.8306,2026-09-29 02:33
GRID_002258,9.552893244804418,77.13808251815018,0.0073249983,LOW,19.0566345214844,0.8849,2026-09-29 02:33
GRID_002259,9.552893244804418,77.1680825181502,0.39043427,LOW,19.0566345214844,0.5519000000000001,2026-09-29 02:33
GRID_002260,9.552893244804418,77.1780825181502,0.017841525,LOW,19.0566345214844,0.7905000000000001,2026-09-29 02:33
GRID_002261,9.552893244804418,77.23808251815024,0.007335973,LOW,19.0566345214844,0.8807,2026-09-29 02:33
GRID_002262,9.552893244804418,77.24808251815024,0.018975765,LOW,19.0566345214844,0.7851,2026-09-29 02:33
GRID_002263,9.552893244804418,77.25808251815025,0.0074842656,LOW,19.0566345214844,0.8085,2026-09-29 02:33
GRID_002264,9.552893244804418,77.26808251815025,0.007366174,LOW,19.0566345214844,0.8592000000000001,2026-09-29 02:33
GRID_002265,9.552893244804418,77.27808251815026,0.0073396405,LOW,19.0566345214844,0.877,2026-09-29 02:33
GRID_002266,9.552893244804418,77.28808251815026,0.007400939,LOW,19.0566345214844,0.8391000000000001,2026-09-29 02:33
GRID_002267,9.552893244804418,77.29808251815027,0.0074109565,LOW,19.0566345214844,0.8384,2026-09-29 02:33
GRID_002268,9.552893244804418,77.30808251815027,0.0073588663,LOW,19.0566345214844,0.863,2026-09-29 02:33
GRID_002269,9.552893244804418,77.31808251815028,0.007307751,LOW,19.0566345214844,0.8877,2026-09-29 02:33
GRID_002270,9.562893244804416,76.92808251815008,0.002898835,LOW,21.256646728515648,0.8055,2026-09-29 02:33
GRID_002271,9.562893244804416,76.93808251815008,0.0028274087,LOW,21.256646728515648,0.8286,2026-09-29 02:33
GRID_002272,9.562893244804416,76.94808251815009,0.0028745707,LOW,21.256646728515648,0.804,2026-09-29 02:33
GRID_002273,9.562893244804416,76.95808251815009,0.0027234438,LOW,21.256646728515648,0.8637,2026-09-29 02:33
GRID_002274,9.562893244804416,76.9680825181501,0.0026443407,LOW,21.256646728515648,0.8895000000000001,2026-09-29 02:33
GRID_002275,9.562893244804416,76.9780825181501,0.0028723627,LOW,21.256646728515648,0.8026000000000001,2026-09-29 02:33
GRID_002276,9.562893244804416,76.98808251815011,0.5186814,MODERATE,21.256646728515648,0.5028,2026-09-29 02:33
GRID_002277,9.562893244804416,76.99808251815011,0.002755206,LOW,21.256646728515648,0.8495,2026-09-29 02:33
GRID_002278,9.562893244804416,77.06808251815015,0.0027013978,LOW,21.256646728515648,0.8687,2026-09-29 02:33
GRID_002279,9.562893244804416,77.07808251815015,0.0027447888,LOW,21.256646728515648,0.8542000000000001,2026-09-29 02:33
GRID_002280,9.562893244804416,77.08808251815016,0.0027848636,LOW,21.256646728515648,0.8402000000000001,2026-09-29 02:33
GRID_002281,9.562893244804416,77.09808251815016,0.0028065068,LOW,21.256646728515648,0.8318000000000001,2026-09-29 02:33
GRID_002282,9.562893244804416,77.10808251815017,0.0027611272,LOW,21.256646728515648,0.8491000000000001,2026-09-29 02:33
GRID_002283,9.562893244804416,77.11808251815017,0.0025865703,LOW,21.256646728515648,0.9352,2026-09-29 02:33
GRID_002284,9.562893244804416,77.12808251815018,0.007350322,LOW,19.0566345214844,0.8666,2026-09-29 02:33
GRID_002285,9.562893244804416,77.13808251815018,0.0073639206,LOW,19.0566345214844,0.8638,2026-09-29 02:33
GRID_002286,9.562893244804416,77.1780825181502,0.00733823,LOW,19.0566345214844,0.8789,2026-09-29 02:33
GRID_002287,9.562893244804416,77.22808251815023,0.0073314104,LOW,19.0566345214844,0.8781,2026-09-29 02:33
GRID_002288,9.562893244804416,77.23808251815024,0.0074100858,LOW,19.0566345214844,0.8415,2026-09-29 02:33
GRID_002289,9.562893244804416,77.24808251815024,0.0073767975,LOW,19.0566345214844,0.8575,2026-09-29 02:33
GRID_002290,9.562893244804416,77.25808251815025,0.007392763,LOW,19.0566345214844,0.8483,2026-09-29 02:33
GRID_002291,9.562893244804416,77.26808251815025,0.007373698,LOW,19.0566345214844,0.8612000000000001,2026-09-29 02:33
GRID_002292,9.562893244804416,77.27808251815026,0.0073237983,LOW,19.0566345214844,0.8802000000000001,2026-09-29 02:33
GRID_002293,9.562893244804416,77.28808251815026,0.0073152776,LOW,19.0566345214844,0.8841,2026-09-29 02:33
GRID_002294,9.562893244804416,77.29808251815027,0.0073898197,LOW,19.0566345214844,0.8468,2026-09-29 02:33
GRID_002295,9.572893244804416,76.66808251814994,0.004291553,LOW,23.756646728515648,0.8225,2026-09-29 02:33
GRID_002296,9.572893244804416,76.88808251815006,0.0028639063,LOW,21.256646728515648,0.8104,2026-09-29 02:33
GRID_002297,9.572893244804416,76.92808251815008,0.0027728803,LOW,21.256646728515648,0.8355,2026-09-29 02:33
GRID_002298,9.572893244804416,76.93808251815008,0.0027638208,LOW,21.256646728515648,0.8416,2026-09-29 02:33
GRID_002299,9.572893244804416,76.94808251815009,0.002783736,LOW,21.256646728515648,0.8306,2026-09-29 02:33
GRID_002300,9.572893244804416,76.95808251815009,0.0027526082,LOW,21.256646728515648,0.8528,2026-09-29 02:33
GRID_002301,9.572893244804416,76.9680825181501,0.0028125085,LOW,21.256646728515648,0.8218000000000001,2026-09-29 02:33
GRID_002302,9.572893244804416,76.9780825181501,0.10648685,LOW,21.256646728515648,0.7634000000000001,2026-09-29 02:33
GRID_002303,9.572893244804416,76.98808251815011,0.0028778426,LOW,21.256646728515648,0.8055,2026-09-29 02:33
GRID_002304,9.572893244804416,77.06808251815015,0.0028191367,LOW,21.256646728515648,0.8200000000000001,2026-09-29 02:33
GRID_002305,9.572893244804416,77.07808251815015,0.0027316143,LOW,21.256646728515648,0.8580000000000001,2026-09-29 02:33
GRID_002306,9.572893244804416,77.08808251815016,0.430084,MODERATE,21.256646728515648,0.6991,2026-09-29 02:33
GRID_002307,9.572893244804416,77.09808251815016,0.0027380171,LOW,21.256646728515648,0.8604,2026-09-29 02:33
GRID_002308,9.572893244804416,77.10808251815017,0.002700516,LOW,21.256646728515648,0.8705,2026-09-29 02:33
GRID_002309,9.572893244804416,77.11808251815017,0.0027277446,LOW,21.256646728515648,0.861,2026-09-29 02:33
GRID_002310,9.572893244804416,77.12808251815018,0.0072948337,LOW,19.0566345214844,0.8957,2026-09-29 02:33
GRID_002311,9.572893244804416,77.13808251815018,0.007323656,LOW,19.0566345214844,0.8871,2026-09-29 02:33
GRID_002312,9.572893244804416,77.14808251815019,0.007327632,LOW,19.0566345214844,0.8788,2026-09-29 02:33
GRID_002313,9.572893244804416,77.1680825181502,0.007395789,LOW,19.0566345214844,0.8486,2026-09-29 02:33
GRID_002314,9.572893244804416,77.1780825181502,0.0021346433,LOW,19.0566345214844,0.7481,2026-09-29 02:33
GRID_002315,9.572893244804416,77.19808251815022,0.0074467664,LOW,19.0566345214844,0.8258000000000001,2026-09-29 02:33
GRID_002316,9.572893244804416,77.22808251815023,0.007410507,LOW,19.0566345214844,0.8440000000000001,2026-09-29 02:33
GRID_002317,9.572893244804416,77.23808251815024,0.007393696,LOW,19.0566345214844,0.8444,2026-09-29 02:33
GRID_002318,9.572893244804416,77.24808251815024,0.007381943,LOW,19.0566345214844,0.8567,2026-09-29 02:33
GRID_002319,9.572893244804416,77.25808251815025,0.0073485724,LOW,19.0566345214844,0.8739,2026-09-29 02:33
GRID_002320,9.572893244804416,77.26808251815025,0.0073736883,LOW,19.0566345214844,0.8568,2026-09-29 02:33
GRID_002321,9.572893244804416,77.27808251815026,0.007391519,LOW,19.0566345214844,0.8427,2026-09-29 02:33
GRID_002322,9.582893244804415,76.26808251814974,7.352772e-07,LOW,27.0566345214844,0.825538478093774,2026-09-29 02:33
GRID_002323,9.582893244804415,76.85808251815004,0.004268168,LOW,23.756646728515648,0.8231,2026-09-29 02:33
GRID_002324,9.582893244804415,76.88808251815006,0.106528655,LOW,21.256646728515648,0.7624000000000001,2026-09-29 02:33
GRID_002325,9.582893244804415,76.91808251815007,0.0027850363,LOW,21.256646728515648,0.8324,2026-09-29 02:33
GRID_002326,9.582893244804415,76.92808251815008,0.002835826,LOW,21.256646728515648,0.8153,2026-09-29 02:33
GRID_002327,9.582893244804415,76.93808251815008,0.002719903,LOW,21.256646728515648,0.8579,2026-09-29 02:33
GRID_002328,9.582893244804415,76.9680825181501,0.35676485,LOW,21.256646728515648,0.7215,2026-09-29 02:33
GRID_002329,9.582893244804415,77.03808251815013,0.15825607,LOW,21.256646728515648,0.7792,2026-09-29 02:33
GRID_002330,9.582893244804415,77.06808251815015,0.0028146775,LOW,21.256646728515648,0.8233,2026-09-29 02:33
GRID_002331,9.582893244804415,77.09808251815016,0.0028882937,LOW,21.256646728515648,0.8002,2026-09-29 02:33
GRID_002332,9.582893244804415,77.10808251815017,0.03924688,LOW,21.256646728515648,0.7411,2026-09-29 02:33
GRID_002333,9.582893244804415,77.11808251815017,0.15824956,LOW,21.256646728515648,0.783,2026-09-29 02:33
GRID_002334,9.582893244804415,77.12808251815018,0.0073245317,LOW,19.0566345214844,0.8855000000000001,2026-09-29 02:33
GRID_002335,9.582893244804415,77.13808251815018,0.0073420703,LOW,19.0566345214844,0.8752000000000001,2026-09-29 02:33
GRID_002336,9.582893244804415,77.14808251815019,0.007404772,LOW,19.0566345214844,0.8444,2026-09-29 02:33
GRID_002337,9.582893244804415,77.1580825181502,0.0073255706,LOW,19.0566345214844,0.8794000000000001,2026-09-29 02:33
GRID_002338,9.582893244804415,77.1680825181502,0.007384725,LOW,19.0566345214844,0.8554,2026-09-29 02:33
GRID_002339,9.582893244804415,77.1780825181502,0.002148194,LOW,19.0566345214844,0.7455,2026-09-29 02:33
GRID_002340,9.582893244804415,77.18808251815021,0.0073672235,LOW,19.0566345214844,0.8604,2026-09-29 02:33
GRID_002341,9.582893244804415,77.19808251815022,0.0075087957,LOW,19.0566345214844,0.7993,2026-09-29 02:33
GRID_002342,9.582893244804415,77.20808251815022,0.0074008997,LOW,19.0566345214844,0.8428,2026-09-29 02:33
GRID_002343,9.582893244804415,77.21808251815023,0.007341561,LOW,19.0566345214844,0.8785000000000001,2026-09-29 02:33
GRID_002344,9.582893244804415,77.22808251815023,0.0073749525,LOW,19.0566345214844,0.8580000000000001,2026-09-29 02:33
GRID_002345,9.582893244804415,77.23808251815024,0.007307101,LOW,19.0566345214844,0.88,2026-09-29 02:33
GRID_002346,9.582893244804415,77.24808251815024,0.007330523,LOW,19.0566345214844,0.8831,2026-09-29 02:33
GRID_002347,9.582893244804415,77.25808251815025,0.007355295,LOW,19.0566345214844,0.8715,2026-09-29 02:33
GRID_002348,9.582893244804415,77.26808251815025,0.0073176823,LOW,19.0566345214844,0.8894000000000001,2026-09-29 02:33
GRID_002349,9.592893244804417,76.78808251815,0.0320284,LOW,23.756646728515648,0.7725000000000001,2026-09-29 02:33
GRID_002350,9.592893244804417,76.91808251815007,0.0028199204,LOW,21.256646728515648,0.8162,2026-09-29 02:33
GRID_002351,9.592893244804417,76.93808251815008,0.0028580439,LOW,21.256646728515648,0.8005,2026-09-29 02:33
GRID_002352,9.592893244804417,76.94808251815009,0.0027436959,LOW,21.256646728515648,0.8491000000000001,2026-09-29 02:33
GRID_002353,9.592893244804417,77.00808251815012,0.0027949754,LOW,21.256646728515648,0.8336,2026-09-29 02:33
GRID_002354,9.592893244804417,77.03808251815013,0.0027801835,LOW,21.256646728515648,0.8395,2026-09-29 02:33
GRID_002355,9.592893244804417,77.04808251815014,0.0027438225,LOW,21.256646728515648,0.8548,2026-09-29 02:33
GRID_002356,9.592893244804417,77.06808251815015,0.002735603,LOW,21.256646728515648,0.8542000000000001,2026-09-29 02:33
GRID_002357,9.592893244804417,77.09808251815016,0.0027442127,LOW,21.256646728515648,0.8511000000000001,2026-09-29 02:33
GRID_002358,9.592893244804417,77.10808251815017,0.0027014024,LOW,21.256646728515648,0.872,2026-09-29 02:33
GRID_002359,9.592893244804417,77.12808251815018,0.0074504847,LOW,19.0566345214844,0.8200000000000001,2026-09-29 02:33
GRID_002360,9.592893244804417,77.13808251815018,0.0073891645,LOW,19.0566345214844,0.8517,2026-09-29 02:33
GRID_002361,9.592893244804417,77.14808251815019,0.0073081185,LOW,19.0566345214844,0.8897,2026-09-29 02:33
GRID_002362,9.592893244804417,77.1680825181502,0.007440419,LOW,19.0566345214844,0.8296,2026-09-29 02:33
GRID_002363,9.592893244804417,77.18808251815021,0.007412073,LOW,19.0566345214844,0.8429000000000001,2026-09-29 02:33
GRID_002364,9.592893244804417,77.19808251815022,0.0073341853,LOW,19.0566345214844,0.881,2026-09-29 02:33
GRID_002365,9.592893244804417,77.20808251815022,0.0074172094,LOW,19.0566345214844,0.8363,2026-09-29 02:33
GRID_002366,9.592893244804417,77.22808251815023,0.0073696603,LOW,19.0566345214844,0.8567,2026-09-29 02:33
GRID_002367,9.592893244804417,77.23808251815024,0.007308867,LOW,19.0566345214844,0.8862,2026-09-29 02:33
GRID_002368,9.592893244804417,77.24808251815024,0.0073116045,LOW,19.0566345214844,0.8791,2026-09-29 02:33
GRID_002369,9.592893244804417,77.25808251815025,0.007301596,LOW,19.0566345214844,0.884,2026-09-29 02:33
GRID_002370,9.592893244804417,77.26808251815025,0.007367035,LOW,19.0566345214844,0.8591000000000001,2026-09-29 02:33
GRID_002371,9.602893244804417,76.87808251815005,0.002844322,LOW,21.256646728515648,0.8218000000000001,2026-09-29 02:33
GRID_002372,9.602893244804417,76.90808251815007,0.0028150943,LOW,21.256646728515648,0.8251000000000001,2026-09-29 02:33
GRID_002373,9.602893244804417,76.91808251815007,0.0028221416,LOW,21.256646728515648,0.8152,2026-09-29 02:33
GRID_002374,9.602893244804417,77.01808251815012,0.0027014604,LOW,21.256646728515648,0.8657,2026-09-29 02:33
GRID_002375,9.602893244804417,77.02808251815013,0.0027521215,LOW,21.256646728515648,0.8495,2026-09-29 02:33
GRID_002376,9.602893244804417,77.05808251815014,0.0026247855,LOW,21.256646728515648,0.896,2026-09-29 02:33
GRID_002377,9.602893244804417,77.06808251815015,0.0026590838,LOW,21.256646728515648,0.8879,2026-09-29 02:33
GRID_002378,9.602893244804417,77.08808251815016,0.0027155255,LOW,21.256646728515648,0.8678,2026-09-29 02:33
GRID_002379,9.602893244804417,77.09808251815016,0.002680955,LOW,21.256646728515648,0.8864000000000001,2026-09-29 02:33
GRID_002380,9.602893244804417,77.10808251815017,0.00271801,LOW,21.256646728515648,0.864,2026-09-29 02:33
GRID_002381,9.602893244804417,77.11808251815017,0.0027228314,LOW,21.256646728515648,0.8591000000000001,2026-09-29 02:33
GRID_002382,9.602893244804417,77.12808251815018,0.007389772,LOW,19.0566345214844,0.8537,2026-09-29 02:33
GRID_002383,9.602893244804417,77.13808251815018,0.0074077444,LOW,19.0566345214844,0.8433,2026-09-29 02:33
GRID_002384,9.602893244804417,77.1580825181502,0.0073168864,LOW,19.0566345214844,0.8844000000000001,2026-09-29 02:33
GRID_002385,9.602893244804417,77.20808251815022,0.0074017383,LOW,19.0566345214844,0.8441000000000001,2026-09-29 02:33
GRID_002386,9.602893244804417,77.23808251815024,0.0073779854,LOW,19.0566345214844,0.8550000000000001,2026-09-29 02:33
GRID_002387,9.602893244804417,77.25808251815025,0.0073818853,LOW,19.0566345214844,0.8550000000000001,2026-09-29 02:33
GRID_002388,9.602893244804417,77.26808251815025,0.007337854,LOW,19.0566345214844,0.8738,2026-09-29 02:33
GRID_002389,9.612893244804416,76.64808251814993,0.11750593,LOW,23.756646728515648,0.7849,2026-09-29 02:33
GRID_002390,9.612893244804416,76.76808251815,0.0043137595,LOW,23.756646728515648,0.8145,2026-09-29 02:33
GRID_002391,9.612893244804416,76.85808251815004,0.0041890987,LOW,23.756646728515648,0.8618,2026-09-29 02:33
GRID_002392,9.612893244804416,76.86808251815005,0.0041701305,LOW,23.756646728515648,0.8681000000000001,2026-09-29 02:33
GRID_002393,9.612893244804416,76.87808251815005,0.0027583372,LOW,21.256646728515648,0.8461000000000001,2026-09-29 02:33
GRID_002394,9.612893244804416,76.88808251815006,0.046016376,LOW,21.256646728515648,0.772,2026-09-29 02:33
GRID_002395,9.612893244804416,76.89808251815006,0.15825488,LOW,21.256646728515648,0.7798,2026-09-29 02:33
GRID_002396,9.612893244804416,77.05808251815014,0.0026702224,LOW,21.256646728515648,0.8853000000000001,2026-09-29 02:33
GRID_002397,9.612893244804416,77.06808251815015,0.002742209,LOW,21.256646728515648,0.8549,2026-09-29 02:33
GRID_002398,9.612893244804416,77.07808251815015,0.0027487942,LOW,21.256646728515648,0.8468,2026-09-29 02:33
GRID_002399,9.612893244804416,77.09808251815016,0.0027452793,LOW,21.256646728515648,0.8466,2026-09-29 02:33
GRID_002400,9.612893244804416,77.10808251815017,0.0026876875,LOW,21.256646728515648,0.8758,2026-09-29 02:33
GRID_002401,9.612893244804416,77.12808251815018,0.0073426194,LOW,19.0566345214844,0.8748,2026-09-29 02:33
GRID_002402,9.612893244804416,77.13808251815018,0.007428799,LOW,19.0566345214844,0.8358,2026-09-29 02:33
GRID_002403,9.612893244804416,77.1580825181502,0.3140064,LOW,19.0566345214844,0.6576000000000001,2026-09-29 02:33
GRID_002404,9.612893244804416,77.1680825181502,0.007448722,LOW,19.0566345214844,0.8246,2026-09-29 02:33
GRID_002405,9.612893244804416,77.22808251815023,0.0074306717,LOW,19.0566345214844,0.8301000000000001,2026-09-29 02:33
GRID_002406,9.612893244804416,77.23808251815024,0.018975625,LOW,19.0566345214844,0.7866000000000001,2026-09-29 02:33
GRID_002407,9.622893244804416,76.77808251815,0.11751814,LOW,23.756646728515648,0.7805000000000001,2026-09-29 02:33
GRID_002408,9.622893244804416,76.83808251815003,0.004260231,LOW,23.756646728515648,0.8344,2026-09-29 02:33
GRID_002409,9.622893244804416,76.86808251815005,0.0042930637,LOW,23.756646728515648,0.8156,2026-09-29 02:33
GRID_002410,9.622893244804416,76.87808251815005,0.002699229,LOW,21.256646728515648,0.8659,2026-09-29 02:33
GRID_002411,9.622893244804416,76.88808251815006,0.0135284215,LOW,21.256646728515648,0.7899,2026-09-29 02:33
GRID_002412,9.622893244804416,77.01808251815012,0.0028049536,LOW,21.256646728515648,0.8302,2026-09-29 02:33
GRID_002413,9.622893244804416,77.02808251815013,0.0026428322,LOW,21.256646728515648,0.8942,2026-09-29 02:33
GRID_002414,9.622893244804416,77.03808251815013,0.0026593963,LOW,21.256646728515648,0.8941,2026-09-29 02:33
GRID_002415,9.622893244804416,77.05808251815014,0.0028512892,LOW,21.256646728515648,0.8151,2026-09-29 02:33
GRID_002416,9.622893244804416,77.06808251815015,0.0025973585,LOW,21.256646728515648,0.9297,2026-09-29 02:33
GRID_002417,9.622893244804416,77.07808251815015,0.0027336967,LOW,21.256646728515648,0.8557,2026-09-29 02:33
GRID_002418,9.622893244804416,77.08808251815016,0.0027747178,LOW,21.256646728515648,0.8411000000000001,2026-09-29 02:33
GRID_002419,9.622893244804416,77.09808251815016,0.0027097436,LOW,21.256646728515648,0.8645,2026-09-29 02:33
GRID_002420,9.622893244804416,77.10808251815017,0.0026490022,LOW,21.256646728515648,0.8963000000000001,2026-09-29 02:33
GRID_002421,9.622893244804416,77.11808251815017,0.0026834123,LOW,21.256646728515648,0.8826,2026-09-29 02:33
GRID_002422,9.622893244804416,77.12808251815018,0.0073754676,LOW,19.0566345214844,0.8553000000000001,2026-09-29 02:33
GRID_002423,9.622893244804416,77.13808251815018,0.007362814,LOW,19.0566345214844,0.8632000000000001,2026-09-29 02:33
GRID_002424,9.622893244804416,77.14808251815019,0.0038775257,LOW,19.0566345214844,0.772,2026-09-29 02:33
GRID_002425,9.622893244804416,77.21808251815023,0.0038883046,LOW,19.0566345214844,0.742,2026-09-29 02:33
GRID_002426,9.622893244804416,77.22808251815023,0.44485176,MODERATE,19.0566345214844,0.6633,2026-09-29 02:33
GRID_002427,9.622893244804416,77.24808251815024,0.017827008,LOW,19.0566345214844,0.7967000000000001,2026-09-29 02:33
GRID_002428,9.622893244804416,77.25808251815025,0.0073600765,LOW,19.0566345214844,0.8681000000000001,2026-09-29 02:33
GRID_002429,9.632893244804416,76.63808251814993,0.004309453,LOW,23.756646728515648,0.8157000000000001,2026-09-29 02:33
GRID_002430,9.632893244804416,76.77808251815,0.4213362,MODERATE,23.756646728515648,0.7315,2026-09-29 02:33
GRID_002431,9.632893244804416,76.82808251815003,0.0042239334,LOW,23.756646728515648,0.8526,2026-09-29 02:33
GRID_002432,9.632893244804416,76.83808251815003,0.0042296317,LOW,23.756646728515648,0.8519,2026-09-29 02:33
GRID_002433,9.632893244804416,76.87808251815005,0.002832694,LOW,21.256646728515648,0.8243,2026-09-29 02:33
GRID_002434,9.632893244804416,77.04808251815014,0.47125158,MODERATE,21.256646728515648,0.6513,2026-09-29 02:33
GRID_002435,9.632893244804416,77.05808251815014,0.5390605,MODERATE,21.256646728515648,0.3897,2026-09-29 02:33
GRID_002436,9.632893244804416,77.07808251815015,0.52180195,MODERATE,21.256646728515648,0.4904,2026-09-29 02:33
GRID_002437,9.632893244804416,77.08808251815016,0.4878496,MODERATE,21.256646728515648,0.7054,2026-09-29 02:33
GRID_002438,9.632893244804416,77.09808251815016,0.002747301,LOW,21.256646728515648,0.8465,2026-09-29 02:33
GRID_002439,9.632893244804416,77.10808251815017,0.0027450249,LOW,21.256646728515648,0.8512000000000001,2026-09-29 02:33
GRID_002440,9.632893244804416,77.20808251815022,0.41783056,MODERATE,19.0566345214844,0.6497,2026-09-29 02:33
GRID_002441,9.632893244804416,77.21808251815023,0.42823613,MODERATE,19.0566345214844,0.5768,2026-09-29 02:33
GRID_002442,9.632893244804416,77.22808251815023,0.0785499,LOW,19.0566345214844,0.7349,2026-09-29 02:33
GRID_002443,9.632893244804416,77.25808251815025,0.43616006,MODERATE,19.0566345214844,0.6232,2026-09-29 02:33
GRID_002444,9.642893244804416,76.81808251815002,0.004179335,LOW,23.756646728515648,0.8685,2026-09-29 02:33
GRID_002445,9.642893244804416,76.82808251815003,0.004224574,LOW,23.756646728515648,0.8530000000000001,2026-09-29 02:33
GRID_002446,9.642893244804416,76.83808251815003,0.0042413455,LOW,23.756646728515648,0.8423,2026-09-29 02:33
GRID_002447,9.642893244804416,77.05808251815014,0.0027408027,LOW,21.256646728515648,0.8584,2026-09-29 02:33
GRID_002448,9.642893244804416,77.06808251815015,0.013493322,LOW,21.256646728515648,0.7911,2026-09-29 02:33
GRID_002449,9.642893244804416,77.07808251815015,0.013510026,LOW,21.256646728515648,0.792,2026-09-29 02:33
GRID_002450,9.642893244804416,77.09808251815016,0.0028816108,LOW,21.256646728515648,0.8056000000000001,2026-09-29 02:33
GRID_002451,9.642893244804416,77.10808251815017,0.10649132,LOW,21.256646728515648,0.7588,2026-09-29 02:33
GRID_002452,9.642893244804416,77.11808251815017,0.00272104,LOW,21.256646728515648,0.8647,2026-09-29 02:33
GRID_002453,9.642893244804416,77.21808251815023,0.007121323,LOW,19.0566345214844,0.7639,2026-09-29 02:33
GRID_002454,9.642893244804416,77.22808251815023,0.0075105783,LOW,19.0566345214844,0.8032,2026-09-29 02:33
GRID_002455,9.642893244804416,77.26808251815025,0.007120355,LOW,19.0566345214844,0.7645000000000001,2026-09-29 02:33
GRID_002456,9.652893244804416,76.82808251815003,0.0041996567,LOW,23.756646728515648,0.8615,2026-09-29 02:33
GRID_002457,9.652893244804416,76.9680825181501,0.45516193,MODERATE,21.256646728515648,0.7109000000000001,2026-09-29 02:33
GRID_002458,9.652893244804416,76.9780825181501,0.0027912594,LOW,21.256646728515648,0.8350000000000001,2026-09-29 02:33
GRID_002459,9.652893244804416,77.01808251815012,0.51840955,MODERATE,21.256646728515648,0.4584,2026-09-29 02:33
GRID_002460,9.652893244804416,77.05808251815014,0.0026762201,LOW,21.256646728515648,0.8852000000000001,2026-09-29 02:33
GRID_002461,9.652893244804416,77.06808251815015,0.15827325,LOW,21.256646728515648,0.7763,2026-09-29 02:33
GRID_002462,9.652893244804416,77.09808251815016,0.0026588142,LOW,21.256646728515648,0.8911,2026-09-29 02:33
GRID_002463,9.652893244804416,77.10808251815017,0.002691959,LOW,21.256646728515648,0.8797,2026-09-29 02:33
GRID_002464,9.662893244804415,76.76808251815,0.004241438,LOW,23.756646728515648,0.8464,2026-09-29 02:33
GRID_002465,9.662893244804415,76.82808251815003,0.0042924904,LOW,23.756646728515648,0.8219000000000001,2026-09-29 02:33
GRID_002466,9.662893244804415,76.89808251815006,0.15825868,LOW,21.256646728515648,0.7808,2026-09-29 02:33
GRID_002467,9.662893244804415,76.9780825181501,0.0027222936,LOW,21.256646728515648,0.8677,2026-09-29 02:33
GRID_002468,9.662893244804415,76.98808251815011,0.002786147,LOW,21.256646728515648,0.8398,2026-09-29 02:33
GRID_002469,9.662893244804415,77.04808251815014,0.0026610487,LOW,21.256646728515648,0.8923000000000001,2026-09-29 02:33
GRID_002470,9.662893244804415,77.05808251815014,0.15827058,LOW,21.256646728515648,0.7743,2026-09-29 02:33
GRID_002471,9.662893244804415,77.06808251815015,0.0026306265,LOW,21.256646728515648,0.8993,2026-09-29 02:33
GRID_002472,9.672893244804415,76.73808251814998,0.0042217937,LOW,23.756646728515648,0.8560000000000001,2026-09-29 02:33
GRID_002473,9.672893244804415,76.77808251815,0.004329863,LOW,23.756646728515648,0.8067000000000001,2026-09-29 02:33
GRID_002474,9.672893244804415,76.83808251815003,0.0042815623,LOW,23.756646728515648,0.8242,2026-09-29 02:33
GRID_002475,9.672893244804415,76.93808251815008,0.15823476,LOW,21.256646728515648,0.7852,2026-09-29 02:33
GRID_002476,9.672893244804415,76.98808251815011,0.002812263,LOW,21.256646728515648,0.8291000000000001,2026-09-29 02:33
GRID_002477,9.672893244804415,77.02808251815013,0.0028098598,LOW,21.256646728515648,0.8304,2026-09-29 02:33
GRID_002478,9.672893244804415,77.03808251815013,0.0027219271,LOW,21.256646728515648,0.8556,2026-09-29 02:33
GRID_002479,9.672893244804415,77.05808251815014,0.0027692476,LOW,21.256646728515648,0.8370000000000001,2026-09-29 02:33
GRID_002480,9.682893244804417,76.75808251814999,0.004253392,LOW,23.756646728515648,0.8424,2026-09-29 02:33
GRID_002481,9.682893244804417,76.77808251815,0.47921044,MODERATE,23.756646728515648,0.5788,2026-09-29 02:33
GRID_002482,9.682893244804417,76.9680825181501,0.013485315,LOW,21.256646728515648,0.7936000000000001,2026-09-29 02:33
GRID_002483,9.682893244804417,76.98808251815011,0.0027373326,LOW,21.256646728515648,0.8604,2026-09-29 02:33
GRID_002484,9.682893244804417,77.02808251815013,0.49296483,MODERATE,21.256646728515648,0.675,2026-09-29 02:33
GRID_002485,9.682893244804417,77.03808251815013,0.002829646,LOW,21.256646728515648,0.8212,2026-09-29 02:33
GRID_002486,9.682893244804417,77.04808251815014,0.002706846,LOW,21.256646728515648,0.8704000000000001,2026-09-29 02:33
GRID_002487,9.682893244804417,77.05808251815014,0.0027853195,LOW,21.256646728515648,0.8364,2026-09-29 02:33
GRID_002488,9.692893244804416,76.75808251814999,0.0022388534,LOW,23.156640625000023,0.7748,2026-09-29 02:33
GRID_002489,9.692893244804416,76.76808251815,0.0022681467,LOW,23.156640625000023,0.7644000000000001,2026-09-29 02:33
GRID_002490,9.692893244804416,76.82808251815003,0.0020381003,LOW,23.156640625000023,0.8136,2026-09-29 02:33
GRID_002491,9.692893244804416,77.01808251815012,0.0024186228,LOW,19.656640625000023,0.802,2026-09-29 02:33
GRID_002492,9.692893244804416,77.04808251815014,0.0023086001,LOW,19.656640625000023,0.8323,2026-09-29 02:33
GRID_002493,9.692893244804416,77.05808251815014,0.0029754261,LOW,19.656640625000023,0.7535000000000001,2026-09-29 02:33
GRID_002494,9.692893244804416,77.06808251815015,0.0022677328,LOW,19.656640625000023,0.8431000000000001,2026-09-29 02:33
GRID_002495,9.702893244804416,76.77808251815,0.0020944085,LOW,23.156640625000023,0.7959,2026-09-29 02:33
GRID_002496,9.702893244804416,76.78808251815,0.089596555,LOW,23.156640625000023,0.6980000000000001,2026-09-29 02:33
GRID_002497,9.702893244804416,76.95808251815009,0.009476993,LOW,19.656640625000023,0.792,2026-09-29 02:33
GRID_002498,9.702893244804416,77.01808251815012,0.0021160094,LOW,19.656640625000023,0.9109,2026-09-29 02:33
GRID_002499,9.702893244804416,77.02808251815013,0.48776424,MODERATE,19.656640625000023,0.5873,2026-09-29 02:33
GRID_002500,9.702893244804416,77.03808251815013,0.002351625,LOW,19.656640625000023,0.8209000000000001,2026-09-29 02:33
GRID_002501,9.702893244804416,77.04808251815014,0.0024242147,LOW,19.656640625000023,0.7977000000000001,2026-09-29 02:33
GRID_002502,9.702893244804416,77.05808251815014,0.0024109476,LOW,19.656640625000023,0.8029000000000001,2026-09-29 02:33
GRID_002503,9.702893244804416,77.06808251815015,0.0022709232,LOW,19.656640625000023,0.8406,2026-09-29 02:33
GRID_002504,9.712893244804414,76.75808251814999,0.0021379015,LOW,23.156640625000023,0.7958000000000001,2026-09-29 02:33
GRID_002505,9.712893244804414,76.76808251815,0.002258986,LOW,23.156640625000023,0.7657,2026-09-29 02:33
GRID_002506,9.712893244804414,76.91808251815007,0.002375649,LOW,19.656640625000023,0.8119000000000001,2026-09-29 02:33
GRID_002507,9.712893244804414,76.98808251815011,0.009479144,LOW,19.656640625000023,0.7921,2026-09-29 02:33
GRID_002508,9.712893244804414,76.99808251815011,0.002344734,LOW,19.656640625000023,0.8214,2026-09-29 02:33
GRID_002509,9.712893244804414,77.01808251815012,0.002117727,LOW,19.656640625000023,0.9141,2026-09-29 02:33
GRID_002510,9.712893244804414,77.02808251815013,0.0023053305,LOW,19.656640625000023,0.8315,2026-09-29 02:33
GRID_002511,9.712893244804414,77.03808251815013,0.0023234256,LOW,19.656640625000023,0.8305,2026-09-29 02:33
GRID_002512,9.712893244804414,77.04808251815014,0.0023997482,LOW,19.656640625000023,0.8074,2026-09-29 02:33
GRID_002513,9.712893244804414,77.05808251815014,0.0022640093,LOW,19.656640625000023,0.8494,2026-09-29 02:33
GRID_002514,9.712893244804414,77.06808251815015,0.002311688,LOW,19.656640625000023,0.8256,2026-09-29 02:33
GRID_002515,9.722893244804414,76.75808251814999,0.0020831951,LOW,23.156640625000023,0.808,2026-09-29 02:33
GRID_002516,9.722893244804414,76.77808251815,0.0021258993,LOW,23.156640625000023,0.798,2026-09-29 02:33
GRID_002517,9.722893244804414,76.94808251815009,0.6028532,HIGH,19.656640625000023,0.2345,2026-09-29 02:33
GRID_002518,9.722893244804414,76.9680825181501,0.5085493,MODERATE,19.656640625000023,0.5785,2026-09-29 02:33
GRID_002519,9.722893244804414,76.98808251815011,0.0022172472,LOW,19.656640625000023,0.8667,2026-09-29 02:33
GRID_002520,9.722893244804414,77.00808251815012,0.0022553285,LOW,19.656640625000023,0.8554,2026-09-29 02:33
GRID_002521,9.722893244804414,77.01808251815012,0.009481733,LOW,19.656640625000023,0.7932,2026-09-29 02:33
GRID_002522,9.722893244804414,77.02808251815013,0.5004565,MODERATE,19.656640625000023,0.6774,2026-09-29 02:33
GRID_002523,9.722893244804414,77.03808251815013,0.0022365858,LOW,19.656640625000023,0.8615,2026-09-29 02:33
GRID_002524,9.722893244804414,77.04808251815014,0.0023631519,LOW,19.656640625000023,0.8151,2026-09-29 02:33
GRID_002525,9.722893244804414,77.05808251815014,0.0022724436,LOW,19.656640625000023,0.8443,2026-09-29 02:33
GRID_002526,9.722893244804414,77.06808251815015,0.0023555774,LOW,19.656640625000023,0.8163,2026-09-29 02:33
GRID_002527,9.732893244804414,76.9680825181501,0.5283398,MODERATE,19.656640625000023,0.4992,2026-09-29 02:33
GRID_002528,9.732893244804414,76.9780825181501,0.11714264,LOW,19.656640625000023,0.7782,2026-09-29 02:33
GRID_002529,9.732893244804414,76.98808251815011,0.0021428326,LOW,19.656640625000023,0.9006000000000001,2026-09-29 02:33
GRID_002530,9.732893244804414,77.00808251815012,0.0094957035,LOW,19.656640625000023,0.7909,2026-09-29 02:33
GRID_002531,9.732893244804414,77.01808251815012,0.39185184,LOW,19.656640625000023,0.7200000000000001,2026-09-29 02:33
GRID_002532,9.732893244804414,77.02808251815013,0.0024323913,LOW,19.656640625000023,0.7976000000000001,2026-09-29 02:33
GRID_002533,9.732893244804414,77.03808251815013,0.0023430581,LOW,19.656640625000023,0.8192,2026-09-29 02:33
GRID_002534,9.732893244804414,77.04808251815014,0.4776635,MODERATE,19.656640625000023,0.6931,2026-09-29 02:33
GRID_002535,9.732893244804414,77.05808251815014,0.52624166,MODERATE,19.656640625000023,0.5292,2026-09-29 02:33
GRID_002536,9.742893244804414,76.76808251815,0.0020776016,LOW,23.156640625000023,0.8138000000000001,2026-09-29 02:33
GRID_002537,9.742893244804414,76.78808251815,0.002128283,LOW,23.156640625000023,0.7937000000000001,2026-09-29 02:33
GRID_002538,9.742893244804414,76.9780825181501,0.0271096,LOW,19.656640625000023,0.7399,2026-09-29 02:33
GRID_002539,9.742893244804414,76.98808251815011,0.0021849745,LOW,19.656640625000023,0.8841,2026-09-29 02:33
GRID_002540,9.742893244804414,76.99808251815011,0.4868761,MODERATE,19.656640625000023,0.5909,2026-09-29 02:33
GRID_002541,9.742893244804414,77.00808251815012,0.51130795,MODERATE,19.656640625000023,0.5593,2026-09-29 02:33
GRID_002542,9.742893244804414,77.01808251815012,0.0023015046,LOW,19.656640625000023,0.8355,2026-09-29 02:33
GRID_002543,9.742893244804414,77.02808251815013,0.00948682,LOW,19.656640625000023,0.7888000000000001,2026-09-29 02:33
GRID_002544,9.742893244804414,77.03808251815013,0.4569393,MODERATE,19.656640625000023,0.6987,2026-09-29 02:33
GRID_002545,9.742893244804414,77.04808251815014,0.0022933409,LOW,19.656640625000023,0.8400000000000001,2026-09-29 02:33
GRID_002546,9.742893244804414,77.05808251815014,0.07604979,LOW,19.656640625000023,0.7624000000000001,2026-09-29 02:33
GRID_002547,9.752893244804412,76.75808251814999,0.001986514,LOW,23.156640625000023,0.8431000000000001,2026-09-29 02:33
GRID_002548,9.752893244804412,76.78808251815,0.0020737716,LOW,23.156640625000023,0.8107000000000001,2026-09-29 02:33
GRID_002549,9.752893244804412,76.80808251815002,0.002040843,LOW,23.156640625000023,0.8096,2026-09-29 02:33
GRID_002550,9.752893244804412,76.98808251815011,0.53013855,MODERATE,19.656640625000023,0.4931,2026-09-29 02:33
GRID_002551,9.752893244804412,76.99808251815011,0.0020954176,LOW,19.656640625000023,0.9237,2026-09-29 02:33
GRID_002552,9.752893244804412,77.01808251815012,0.39621264,LOW,19.656640625000023,0.7248,2026-09-29 02:33
GRID_002553,9.752893244804412,77.02808251815013,0.49876025,MODERATE,19.656640625000023,0.6216,2026-09-29 02:33
GRID_002554,9.752893244804412,77.03808251815013,0.0024195593,LOW,19.656640625000023,0.7984,2026-09-29 02:33
GRID_002555,9.752893244804412,77.04808251815014,0.49335197,MODERATE,19.656640625000023,0.6909000000000001,2026-09-29 02:33
GRID_002556,9.752893244804412,77.05808251815014,0.0023553248,LOW,19.656640625000023,0.8167000000000001,2026-09-29 02:33
GRID_002557,9.752893244804412,77.06808251815015,0.002423479,LOW,19.656640625000023,0.7996000000000001,2026-09-29 02:33
GRID_002558,9.762893244804411,76.76808251815,0.002110103,LOW,23.156640625000023,0.7995,2026-09-29 02:33
GRID_002559,9.762893244804411,76.77808251815,0.0019385031,LOW,23.156640625000023,0.8366,2026-09-29 02:33
GRID_002560,9.762893244804411,76.78808251815,0.0020123215,LOW,23.156640625000023,0.8193,2026-09-29 02:33
GRID_002561,9.762893244804411,76.98808251815011,0.046511475,LOW,19.656640625000023,0.7568,2026-09-29 02:33
GRID_002562,9.762893244804411,76.99808251815011,0.49807838,MODERATE,19.656640625000023,0.6132000000000001,2026-09-29 02:33
GRID_002563,9.762893244804411,77.00808251815012,0.11711786,LOW,19.656640625000023,0.7854,2026-09-29 02:33
GRID_002564,9.762893244804411,77.01808251815012,0.39618638,LOW,19.656640625000023,0.7252000000000001,2026-09-29 02:33
GRID_002565,9.762893244804411,77.02808251815013,0.48524845,MODERATE,19.656640625000023,0.6318,2026-09-29 02:33
GRID_002566,9.762893244804411,77.03808251815013,0.031771895,LOW,19.656640625000023,0.772,2026-09-29 02:33
GRID_002567,9.762893244804411,77.04808251815014,0.5010721,MODERATE,19.656640625000023,0.6695,2026-09-29 02:33
GRID_002568,9.762893244804411,77.05808251815014,0.47315082,MODERATE,19.656640625000023,0.7110000000000001,2026-09-29 02:33
GRID_002569,9.762893244804411,77.06808251815015,0.002401518,LOW,19.656640625000023,0.8037000000000001,2026-09-29 02:33
GRID_002570,9.772893244804411,76.76808251815,0.0020992295,LOW,23.156640625000023,0.7882,2026-09-29 02:33
GRID_002571,9.772893244804411,76.93808251815008,0.0023128653,LOW,19.656640625000023,0.8334,2026-09-29 02:33
GRID_002572,9.772893244804411,76.98808251815011,0.0020812405,LOW,19.656640625000023,0.9232,2026-09-29 02:33
GRID_002573,9.772893244804411,76.99808251815011,0.046524696,LOW,19.656640625000023,0.757,2026-09-29 02:33
GRID_002574,9.772893244804411,77.00808251815012,0.5007173,MODERATE,19.656640625000023,0.6711,2026-09-29 02:33
GRID_002575,9.772893244804411,77.01808251815012,0.3918629,LOW,19.656640625000023,0.7202000000000001,2026-09-29 02:33
GRID_002576,9.772893244804411,77.02808251815013,0.59120184,MODERATE,19.656640625000023,0.2813,2026-09-29 02:33
GRID_002577,9.772893244804411,77.03808251815013,0.009461238,LOW,19.656640625000023,0.7968000000000001,2026-09-29 02:33
GRID_002578,9.772893244804411,77.04808251815014,0.50072926,MODERATE,19.656640625000023,0.6742,2026-09-29 02:33
GRID_002579,9.772893244804411,77.05808251815014,0.5325196,MODERATE,19.656640625000023,0.4521,2026-09-29 02:33
GRID_002580,9.782893244804413,76.91808251815007,0.45707843,MODERATE,19.656640625000023,0.6968000000000001,2026-09-29 02:33
GRID_002581,9.782893244804413,76.92808251815008,0.48925853,MODERATE,19.656640625000023,0.6554,2026-09-29 02:33
GRID_002582,9.782893244804413,76.93808251815008,0.031776603,LOW,19.656640625000023,0.769,2026-09-29 02:33
GRID_002583,9.782893244804413,76.98808251815011,0.009496881,LOW,19.656640625000023,0.7893,2026-09-29 02:33
GRID_002584,9.782893244804413,77.01808251815012,0.117154285,LOW,19.656640625000023,0.7776000000000001,2026-09-29 02:33
GRID_002585,9.782893244804413,77.03808251815013,0.62100655,HIGH,19.656640625000023,0.2037,2026-09-29 02:33
GRID_002586,9.782893244804413,77.04808251815014,0.6465633,HIGH,19.656640625000023,0.1099,2026-09-29 02:33
GRID_002587,9.782893244804413,77.05808251815014,0.49335817,MODERATE,19.656640625000023,0.6907,2026-09-29 02:33
GRID_002588,9.782893244804413,77.06808251815015,0.0022690068,LOW,19.656640625000023,0.8393,2026-09-29 02:33
GRID_002589,9.792893244804413,76.78808251815,0.001956301,LOW,23.156640625000023,0.8257,2026-09-29 02:33
GRID_002590,9.792893244804413,76.79808251815001,0.0031371112,LOW,23.156640625000023,0.7235,2026-09-29 02:33
GRID_002591,9.792893244804413,76.85808251815004,0.0019855914,LOW,23.156640625000023,0.8317,2026-09-29 02:33
GRID_002592,9.792893244804413,76.90808251815007,0.4990059,MODERATE,19.656640625000023,0.6221,2026-09-29 02:33
GRID_002593,9.792893244804413,76.91808251815007,0.52307343,MODERATE,19.656640625000023,0.545,2026-09-29 02:33
GRID_002594,9.792893244804413,76.92808251815008,0.50103724,MODERATE,19.656640625000023,0.6705,2026-09-29 02:33
GRID_002595,9.792893244804413,76.93808251815008,0.1171527,LOW,19.656640625000023,0.777,2026-09-29 02:33
GRID_002596,9.792893244804413,77.05808251815014,0.3419807,LOW,19.656640625000023,0.7304,2026-09-29 02:33
GRID_002597,9.792893244804413,77.06808251815015,0.0023167778,LOW,19.656640625000023,0.8315,2026-09-29 02:33
GRID_002598,9.792893244804413,77.07808251815015,0.0023620026,LOW,19.656640625000023,0.8148000000000001,2026-09-29 02:33
GRID_002599,9.792893244804413,77.11808251815017,0.002375362,LOW,19.656640625000023,0.8106,2026-09-29 02:33
GRID_002600,9.802893244804412,76.74808251814999,0.0019433745,LOW,23.156640625000023,0.8377,2026-09-29 02:33
GRID_002601,9.802893244804412,76.78808251815,0.0022218293,LOW,23.156640625000023,0.756,2026-09-29 02:33
GRID_002602,9.802893244804412,76.79808251815001,0.0019304373,LOW,23.156640625000023,0.8435,2026-09-29 02:33
GRID_002603,9.802893244804412,76.89808251815006,0.51208013,MODERATE,19.656640625000023,0.5575,2026-09-29 02:33
GRID_002604,9.802893244804412,76.90808251815007,0.39621446,LOW,19.656640625000023,0.7254,2026-09-29 02:33
GRID_002605,9.802893244804412,76.91808251815007,0.11717864,LOW,19.656640625000023,0.7732,2026-09-29 02:33
GRID_002606,9.802893244804412,76.92808251815008,0.117157474,LOW,19.656640625000023,0.7761,2026-09-29 02:33
GRID_002607,9.802893244804412,76.93808251815008,0.4920772,MODERATE,19.656640625000023,0.5976,2026-09-29 02:33
GRID_002608,9.802893244804412,77.05808251815014,0.0022714506,LOW,19.656640625000023,0.8476,2026-09-29 02:33
GRID_002609,9.802893244804412,77.08808251815016,0.0023235653,LOW,19.656640625000023,0.8286,2026-09-29 02:33
GRID_002610,9.802893244804412,77.11808251815017,0.002256972,LOW,19.656640625000023,0.8486,2026-09-29 02:33
GRID_002611,9.812893244804412,76.74808251814999,0.0021784122,LOW,23.156640625000023,0.7717,2026-09-29 02:33
GRID_002612,9.812893244804412,76.78808251815,0.0022171887,LOW,23.156640625000023,0.7527,2026-09-29 02:33
GRID_002613,9.812893244804412,76.80808251815002,0.0020316197,LOW,23.156640625000023,0.8122,2026-09-29 02:33
GRID_002614,9.812893244804412,76.81808251815002,0.0022286314,LOW,23.156640625000023,0.7756000000000001,2026-09-29 02:33
GRID_002615,9.812893244804412,76.84808251815004,0.0020035538,LOW,23.156640625000023,0.8119000000000001,2026-09-29 02:33
GRID_002616,9.812893244804412,76.85808251815004,0.0018412656,LOW,23.156640625000023,0.867,2026-09-29 02:33
GRID_002617,9.812893244804412,76.89808251815006,0.0023468276,LOW,19.656640625000023,0.8194,2026-09-29 02:33
GRID_002618,9.812893244804412,76.90808251815007,0.002431208,LOW,19.656640625000023,0.7969,2026-09-29 02:33
GRID_002619,9.812893244804412,76.91808251815007,0.34198835,LOW,19.656640625000023,0.7359,2026-09-29 02:33
GRID_002620,9.812893244804412,76.92808251815008,0.11712065,LOW,19.656640625000023,0.7829,2026-09-29 02:33
GRID_002621,9.812893244804412,76.93808251815008,0.002428938,LOW,19.656640625000023,0.7977000000000001,2026-09-29 02:33
GRID_002622,9.812893244804412,76.95808251815009,0.40347487,MODERATE,19.656640625000023,0.7243,2026-09-29 02:33
GRID_002623,9.812893244804412,76.9680825181501,0.046525784,LOW,19.656640625000023,0.7559,2026-09-29 02:33
GRID_002624,9.812893244804412,76.9780825181501,0.0023403433,LOW,19.656640625000023,0.8235,2026-09-29 02:33
GRID_002625,9.812893244804412,77.05808251815014,0.0022346673,LOW,19.656640625000023,0.8628,2026-09-29 02:33
GRID_002626,9.812893244804412,77.07808251815015,0.0023105654,LOW,19.656640625000023,0.8292,2026-09-29 02:33
GRID_002627,9.812893244804412,77.08808251815016,0.0023719878,LOW,19.656640625000023,0.8140000000000001,2026-09-29 02:33
GRID_002628,9.812893244804412,77.09808251815016,0.0022236868,LOW,19.656640625000023,0.8654000000000001,2026-09-29 02:33
GRID_002629,9.822893244804412,76.54808251814988,4.842159e-05,LOW,24.256646728515648,0.7614000000000001,2026-09-29 02:33
GRID_002630,9.822893244804412,76.81808251815002,0.0020887638,LOW,23.156640625000023,0.8059000000000001,2026-09-29 02:33
GRID_002631,9.822893244804412,76.85808251815004,0.0019885078,LOW,23.156640625000023,0.8410000000000001,2026-09-29 02:33
GRID_002632,9.822893244804412,76.92808251815008,0.0023261106,LOW,19.656640625000023,0.8288000000000001,2026-09-29 02:33
GRID_002633,9.822893244804412,76.94808251815009,0.11715825,LOW,19.656640625000023,0.7785000000000001,2026-09-29 02:33
GRID_002634,9.822893244804412,76.95808251815009,0.0024052924,LOW,19.656640625000023,0.803,2026-09-29 02:33
GRID_002635,9.822893244804412,77.05808251815014,0.002410019,LOW,19.656640625000023,0.801,2026-09-29 02:33
GRID_002636,9.822893244804412,77.06808251815015,0.0023363102,LOW,19.656640625000023,0.8244,2026-09-29 02:33
GRID_002637,9.822893244804412,77.07808251815015,0.0022867746,LOW,19.656640625000023,0.8380000000000001,2026-09-29 02:33
GRID_002638,9.822893244804412,77.08808251815016,0.0022281664,LOW,19.656640625000023,0.8628,2026-09-29 02:33
GRID_002639,9.822893244804412,77.10808251815017,0.0022479084,LOW,19.656640625000023,0.8484,2026-09-29 02:33
GRID_002640,9.822893244804412,77.11808251815017,0.0021966673,LOW,19.656640625000023,0.8735,2026-09-29 02:33
GRID_002641,9.832893244804412,76.71808251814997,0.00201664,LOW,23.156640625000023,0.8290000000000001,2026-09-29 02:33
GRID_002642,9.832893244804412,76.82808251815003,0.0019876047,LOW,23.156640625000023,0.8293,2026-09-29 02:33
GRID_002643,9.832893244804412,76.84808251815004,0.002062834,LOW,23.156640625000023,0.8139000000000001,2026-09-29 02:33
GRID_002644,9.832893244804412,76.87808251815005,0.002266593,LOW,19.656640625000023,0.8375,2026-09-29 02:33
GRID_002645,9.832893244804412,76.9780825181501,0.009490258,LOW,19.656640625000023,0.7895000000000001,2026-09-29 02:33
GRID_002646,9.832893244804412,76.98808251815011,0.49470055,MODERATE,19.656640625000023,0.631,2026-09-29 02:33
GRID_002647,9.832893244804412,77.06808251815015,0.0022919574,LOW,19.656640625000023,0.8374,2026-09-29 02:33
GRID_002648,9.832893244804412,77.07808251815015,0.031790257,LOW,19.656640625000023,0.7668,2026-09-29 02:33
GRID_002649,9.832893244804412,77.08808251815016,0.0022833252,LOW,19.656640625000023,0.8395,2026-09-29 02:33
GRID_002650,9.832893244804412,77.09808251815016,0.0022269206,LOW,19.656640625000023,0.8619,2026-09-29 02:33
GRID_002651,9.842893244804412,76.82808251815003,0.0021829614,LOW,23.156640625000023,0.7838,2026-09-29 02:33
GRID_002652,9.842893244804412,76.87808251815005,0.002190289,LOW,19.656640625000023,0.8734000000000001,2026-09-29 02:33
GRID_002653,9.842893244804412,76.88808251815006,0.00223452,LOW,19.656640625000023,0.8570000000000001,2026-09-29 02:33
GRID_002654,9.842893244804412,77.05808251815014,0.0022337742,LOW,19.656640625000023,0.8568,2026-09-29 02:33
GRID_002655,9.842893244804412,77.06808251815015,0.0022222623,LOW,19.656640625000023,0.8625,2026-09-29 02:33
GRID_002656,9.842893244804412,77.07808251815015,0.0022596314,LOW,19.656640625000023,0.8478,2026-09-29 02:33
GRID_002657,9.842893244804412,77.09808251815016,0.0021805803,LOW,19.656640625000023,0.8777,2026-09-29 02:33
GRID_002658,9.842893244804412,77.10808251815017,0.0022370555,LOW,19.656640625000023,0.8602000000000001,2026-09-29 02:33
GRID_002659,9.852893244804411,76.79808251815001,0.0020654812,LOW,23.156640625000023,0.8160000000000001,2026-09-29 02:33
GRID_002660,9.852893244804411,76.99808251815011,0.002352441,LOW,19.656640625000023,0.8177000000000001,2026-09-29 02:33
GRID_002661,9.862893244804413,76.70808251814996,0.0021987648,LOW,23.156640625000023,0.7827000000000001,2026-09-29 02:33
GRID_002662,9.862893244804413,76.78808251815,0.0019829131,LOW,23.156640625000023,0.8431000000000001,2026-09-29 02:33
GRID_002663,9.862893244804413,76.81808251815002,0.001919551,LOW,23.156640625000023,0.8514,2026-09-29 02:33
GRID_002664,9.862893244804413,76.82808251815003,0.0018808458,LOW,23.156640625000023,0.8530000000000001,2026-09-29 02:33
GRID_002665,9.862893244804413,76.84808251815004,0.0018185598,LOW,23.156640625000023,0.8843000000000001,2026-09-29 02:33
GRID_002666,9.862893244804413,76.85808251815004,0.0020377284,LOW,23.156640625000023,0.8032,2026-09-29 02:33
GRID_002667,9.862893244804413,76.90808251815007,0.0023610978,LOW,19.656640625000023,0.8102,2026-09-29 02:33
GRID_002668,9.862893244804413,76.9780825181501,0.0022721528,LOW,19.656640625000023,0.8446,2026-09-29 02:33
GRID_002669,9.862893244804413,77.06808251815015,0.002307543,LOW,19.656640625000023,0.8350000000000001,2026-09-29 02:33
GRID_002670,9.862893244804413,77.07808251815015,0.0023216505,LOW,19.656640625000023,0.8295,2026-09-29 02:33
GRID_002671,9.862893244804413,77.09808251815016,0.0021831684,LOW,19.656640625000023,0.8787,2026-09-29 02:33
GRID_002672,9.87289324480441,76.77808251815,0.0023253122,LOW,23.156640625000023,0.7494000000000001,2026-09-29 02:33
GRID_002673,9.87289324480441,76.78808251815,0.0021171016,LOW,23.156640625000023,0.798,2026-09-29 02:33
GRID_002674,9.87289324480441,76.80808251815002,0.0019694464,LOW,23.156640625000023,0.8391000000000001,2026-09-29 02:33
GRID_002675,9.87289324480441,76.81808251815002,0.0019096925,LOW,23.156640625000023,0.8433,2026-09-29 02:33
GRID_002676,9.87289324480441,76.84808251815004,0.0019815404,LOW,23.156640625000023,0.8295,2026-09-29 02:33
GRID_002677,9.87289324480441,76.85808251815004,0.0019727962,LOW,23.156640625000023,0.8364,2026-09-29 02:33
GRID_002678,9.87289324480441,76.88808251815006,0.0022422785,LOW,19.656640625000023,0.8547,2026-09-29 02:33
GRID_002679,9.87289324480441,76.90808251815007,0.0022832127,LOW,19.656640625000023,0.8409000000000001,2026-09-29 02:33
GRID_002680,9.87289324480441,77.06808251815015,0.0022164495,LOW,19.656640625000023,0.868,2026-09-29 02:33
GRID_002681,9.88289324480441,76.62808251814992,0.0022253592,LOW,23.156640625000023,0.7725000000000001,2026-09-29 02:33
GRID_002682,9.88289324480441,76.78808251815,0.0019805075,LOW,23.156640625000023,0.8291000000000001,2026-09-29 02:33
GRID_002683,9.88289324480441,76.80808251815002,0.0019454228,LOW,23.156640625000023,0.8404,2026-09-29 02:33
GRID_002684,9.88289324480441,76.81808251815002,0.0020573775,LOW,23.156640625000023,0.8181,2026-09-29 02:33
GRID_002685,9.88289324480441,76.82808251815003,0.0019203224,LOW,23.156640625000023,0.8565,2026-09-29 02:33
GRID_002686,9.88289324480441,76.84808251815004,0.001948547,LOW,23.156640625000023,0.8390000000000001,2026-09-29 02:33
GRID_002687,9.88289324480441,76.85808251815004,0.0019119036,LOW,23.156640625000023,0.8646,2026-09-29 02:33
GRID_002688,9.88289324480441,76.87808251815005,0.0022135929,LOW,19.656640625000023,0.87,2026-09-29 02:33
GRID_002689,9.88289324480441,76.88808251815006,0.0022172811,LOW,19.656640625000023,0.8672000000000001,2026-09-29 02:33
GRID_002690,9.88289324480441,76.89808251815006,0.0021084247,LOW,19.656640625000023,0.9147,2026-09-29 02:33
GRID_002691,9.88289324480441,76.93808251815008,0.0022718795,LOW,19.656640625000023,0.8471000000000001,2026-09-29 02:33
GRID_002692,9.89289324480441,76.68808251814995,0.0029941574,LOW,23.156640625000023,0.7286,2026-09-29 02:33
GRID_002693,9.89289324480441,76.77808251815,0.0020836245,LOW,23.156640625000023,0.8103,2026-09-29 02:33
GRID_002694,9.89289324480441,76.78808251815,0.0019713833,LOW,23.156640625000023,0.8456,2026-09-29 02:33
GRID_002695,9.89289324480441,76.80808251815002,0.0020308523,LOW,23.156640625000023,0.8291000000000001,2026-09-29 02:33
GRID_002696,9.89289324480441,76.81808251815002,0.001980372,LOW,23.156640625000023,0.8437,2026-09-29 02:33
GRID_002697,9.89289324480441,76.82808251815003,0.0020331428,LOW,23.156640625000023,0.8292,2026-09-29 02:33
GRID_002698,9.89289324480441,76.84808251815004,0.0019605986,LOW,23.156640625000023,0.8484,2026-09-29 02:33
GRID_002699,9.89289324480441,76.85808251815004,0.0018790488,LOW,23.156640625000023,0.8881,2026-09-29 02:33
GRID_002700,9.89289324480441,76.86808251815005,0.0018676012,LOW,23.156640625000023,0.8828,2026-09-29 02:33
GRID_002701,9.89289324480441,76.88808251815006,0.0020968935,LOW,19.656640625000023,0.9117,2026-09-29 02:33
GRID_002702,9.89289324480441,76.89808251815006,0.002383476,LOW,19.656640625000023,0.8103,2026-09-29 02:33
GRID_002703,9.89289324480441,76.93808251815008,0.0023471313,LOW,19.656640625000023,0.8223,2026-09-29 02:33
GRID_002704,9.89289324480441,77.03808251815013,0.0023969973,LOW,19.656640625000023,0.8071,2026-09-29 02:33
GRID_002705,9.89289324480441,77.04808251815014,0.0023184237,LOW,19.656640625000023,0.8317,2026-09-29 02:33
GRID_002706,9.90289324480441,76.30808251814976,3.8272822e-07,LOW,26.856652832031276,0.6172000000000001,2026-09-29 02:33
GRID_002707,9.90289324480441,76.78808251815,0.0019305917,LOW,23.156640625000023,0.8614,2026-09-29 02:33
GRID_002708,9.90289324480441,76.80808251815002,0.001979343,LOW,23.156640625000023,0.8448,2026-09-29 02:33
GRID_002709,9.90289324480441,76.81808251815002,0.0021930041,LOW,23.156640625000023,0.7851,2026-09-29 02:33
GRID_002710,9.91289324480441,76.77808251815,0.0019990278,LOW,23.156640625000023,0.8418,2026-09-29 02:33
GRID_002711,9.91289324480441,76.79808251815001,0.0023490472,LOW,23.156640625000023,0.7467,2026-09-29 02:33
GRID_002712,9.91289324480441,76.80808251815002,0.0021007298,LOW,23.156640625000023,0.8065,2026-09-29 02:33
GRID_002713,9.91289324480441,76.81808251815002,0.0021375709,LOW,23.156640625000023,0.7964,2026-09-29 02:33
GRID_002714,9.91289324480441,76.82808251815003,0.002126824,LOW,23.156640625000023,0.7995,2026-09-29 02:33
GRID_002715,9.91289324480441,76.83808251815003,0.0019001209,LOW,23.156640625000023,0.873,2026-09-29 02:33
GRID_002716,9.91289324480441,77.03808251815013,0.0021947043,LOW,19.656640625000023,0.869,2026-09-29 02:33
GRID_002717,9.91289324480441,77.06808251815015,0.0022452213,LOW,19.656640625000023,0.8514,2026-09-29 02:33
GRID_002718,9.91289324480441,77.07808251815015,0.0021930116,LOW,19.656640625000023,0.8755000000000001,2026-09-29 02:33
GRID_002719,9.91289324480441,77.08808251815016,0.002225751,LOW,19.656640625000023,0.8577,2026-09-29 02:33
GRID_002720,9.92289324480441,76.78808251815,0.002124174,LOW,23.156640625000023,0.7987000000000001,2026-09-29 02:33
GRID_002721,9.92289324480441,76.79808251815001,0.0022852346,LOW,23.156640625000023,0.7594000000000001,2026-09-29 02:33
GRID_002722,9.92289324480441,76.80808251815002,0.001995031,LOW,23.156640625000023,0.8433,2026-09-29 02:33
GRID_002723,9.92289324480441,76.81808251815002,0.0020388858,LOW,23.156640625000023,0.8275,2026-09-29 02:33
GRID_002724,9.92289324480441,76.82808251815003,0.0019245796,LOW,23.156640625000023,0.8713000000000001,2026-09-29 02:33
GRID_002725,9.92289324480441,76.83808251815003,0.0018616448,LOW,23.156640625000023,0.8931,2026-09-29 02:33
GRID_002726,9.92289324480441,76.84808251815004,0.0018899022,LOW,23.156640625000023,0.8787,2026-09-29 02:33
GRID_002727,9.92289324480441,76.94808251815009,0.0022517755,LOW,19.656640625000023,0.8573000000000001,2026-09-29 02:33
GRID_002728,9.92289324480441,77.03808251815013,0.0022010128,LOW,19.656640625000023,0.8658,2026-09-29 02:33
GRID_002729,9.92289324480441,77.04808251815014,0.49093178,MODERATE,19.656640625000023,0.6028,2026-09-29 02:33
GRID_002730,9.92289324480441,77.05808251815014,0.002180583,LOW,19.656640625000023,0.8793000000000001,2026-09-29 02:33
GRID_002731,9.92289324480441,77.06808251815015,0.0022803673,LOW,19.656640625000023,0.8431000000000001,2026-09-29 02:33
GRID_002732,9.92289324480441,77.07808251815015,0.002201866,LOW,19.656640625000023,0.8775000000000001,2026-09-29 02:33
GRID_002733,9.93289324480441,76.76808251815,0.0021505551,LOW,23.156640625000023,0.7885000000000001,2026-09-29 02:33
GRID_002734,9.93289324480441,76.80808251815002,0.0019716604,LOW,23.156640625000023,0.8523000000000001,2026-09-29 02:33
GRID_002735,9.93289324480441,76.81808251815002,0.0018535508,LOW,23.156640625000023,0.9,2026-09-29 02:33
GRID_002736,9.93289324480441,76.82808251815003,0.0019537848,LOW,23.156640625000023,0.8595,2026-09-29 02:33
GRID_002737,9.93289324480441,76.83808251815003,0.0019081258,LOW,23.156640625000023,0.8739,2026-09-29 02:33
GRID_002738,9.93289324480441,76.84808251815004,0.0018497208,LOW,23.156640625000023,0.8947,2026-09-29 02:33
GRID_002739,9.93289324480441,76.93808251815008,0.0023796575,LOW,19.656640625000023,0.8108000000000001,2026-09-29 02:33
GRID_002740,9.93289324480441,77.04808251815014,0.0022979162,LOW,19.656640625000023,0.8363,2026-09-29 02:33
GRID_002741,9.93289324480441,77.05808251815014,0.0022134872,LOW,19.656640625000023,0.87,2026-09-29 02:33
GRID_002742,9.93289324480441,77.06808251815015,0.0022204896,LOW,19.656640625000023,0.8662000000000001,2026-09-29 02:33
GRID_002743,9.93289324480441,77.07808251815015,0.0021741053,LOW,19.656640625000023,0.884,2026-09-29 02:33
GRID_002744,9.93289324480441,77.08808251815016,0.0021883987,LOW,19.656640625000023,0.8756,2026-09-29 02:33
GRID_002745,9.93289324480441,77.10808251815017,0.0023960862,LOW,19.656640625000023,0.8063,2026-09-29 02:33
GRID_002746,9.93289324480441,77.11808251815017,0.0022722895,LOW,19.656640625000023,0.8478,2026-09-29 02:33
GRID_002747,9.94289324480441,76.77808251815,0.0024683662,LOW,22.856652832031276,0.8061,2026-09-29 02:33
GRID_002748,9.94289324480441,76.78808251815,0.0024845642,LOW,22.856652832031276,0.8007000000000001,2026-09-29 02:33
GRID_002749,9.94289324480441,76.79808251815001,0.0024580602,LOW,22.856652832031276,0.8106,2026-09-29 02:33
GRID_002750,9.94289324480441,76.80808251815002,0.002315842,LOW,22.856652832031276,0.8654000000000001,2026-09-29 02:33
GRID_002751,9.94289324480441,76.81808251815002,0.0023119382,LOW,22.856652832031276,0.8681000000000001,2026-09-29 02:33
GRID_002752,9.94289324480441,76.82808251815003,0.0023131692,LOW,22.856652832031276,0.8668,2026-09-29 02:33
GRID_002753,9.94289324480441,76.83808251815003,0.0022898812,LOW,22.856652832031276,0.8741,2026-09-29 02:33
GRID_002754,9.94289324480441,77.02808251815013,0.0035048272,LOW,18.756646728515648,0.8594,2026-09-29 02:33
GRID_002755,9.94289324480441,77.04808251815014,0.0036012377,LOW,18.756646728515648,0.8261000000000001,2026-09-29 02:33
GRID_002756,9.94289324480441,77.06808251815015,0.010828422,LOW,18.756646728515648,0.7458,2026-09-29 02:33
GRID_002757,9.94289324480441,77.07808251815015,0.50714576,MODERATE,18.756646728515648,0.6033000000000001,2026-09-29 02:33
GRID_002758,9.94289324480441,77.08808251815016,0.0035195453,LOW,18.756646728515648,0.8517,2026-09-29 02:33
GRID_002759,9.94289324480441,77.09808251815016,0.0035715564,LOW,18.756646728515648,0.8392000000000001,2026-09-29 02:33
GRID_002760,9.94289324480441,77.10808251815017,0.16722651,LOW,18.756646728515648,0.764,2026-09-29 02:33
GRID_002761,9.94289324480441,77.11808251815017,0.0034767184,LOW,18.756646728515648,0.8734000000000001,2026-09-29 02:33
GRID_002762,9.95289324480441,76.76808251815,0.2878161,LOW,22.856652832031276,0.7741,2026-09-29 02:33
GRID_002763,9.95289324480441,76.77808251815,0.28779688,LOW,22.856652832031276,0.7797000000000001,2026-09-29 02:33
GRID_002764,9.95289324480441,76.78808251815,0.002481835,LOW,22.856652832031276,0.8028000000000001,2026-09-29 02:33
GRID_002765,9.95289324480441,76.82808251815003,0.0023342182,LOW,22.856652832031276,0.8556,2026-09-29 02:33
GRID_002766,9.95289324480441,76.83808251815003,0.0022523068,LOW,22.856652832031276,0.8795000000000001,2026-09-29 02:33
GRID_002767,9.95289324480441,76.90808251815007,0.078347,LOW,18.756646728515648,0.7704000000000001,2026-09-29 02:33
GRID_002768,9.95289324480441,77.03808251815013,0.003473151,LOW,18.756646728515648,0.8712000000000001,2026-09-29 02:33
GRID_002769,9.95289324480441,77.04808251815014,0.0035782787,LOW,18.756646728515648,0.8376,2026-09-29 02:33
GRID_002770,9.95289324480441,77.05808251815014,0.023115477,LOW,18.756646728515648,0.7884,2026-09-29 02:33
GRID_002771,9.95289324480441,77.06808251815015,0.44063142,MODERATE,18.756646728515648,0.7174,2026-09-29 02:33
GRID_002772,9.95289324480441,77.07808251815015,0.45909506,MODERATE,18.756646728515648,0.7252000000000001,2026-09-29 02:33
GRID_002773,9.95289324480441,77.08808251815016,0.0035600606,LOW,18.756646728515648,0.8430000000000001,2026-09-29 02:33
GRID_002774,9.95289324480441,77.10808251815017,0.003497331,LOW,18.756646728515648,0.8642000000000001,2026-09-29 02:33
GRID_002775,9.95289324480441,77.11808251815017,0.0034626415,LOW,18.756646728515648,0.8799,2026-09-29 02:33
GRID_002776,9.95289324480441,77.12808251815018,0.0023128237,LOW,19.5566345214844,0.8555,2026-09-29 02:33
GRID_002777,9.962893244804407,76.75808251814999,0.0024371431,LOW,22.856652832031276,0.8174,2026-09-29 02:33
GRID_002778,9.962893244804407,76.76808251815,0.0024458086,LOW,22.856652832031276,0.8156,2026-09-29 02:33
GRID_002779,9.962893244804407,76.77808251815,0.4900961,MODERATE,22.856652832031276,0.6842,2026-09-29 02:33
GRID_002780,9.962893244804407,76.78808251815,0.0024944544,LOW,22.856652832031276,0.7988000000000001,2026-09-29 02:33
GRID_002781,9.962893244804407,76.79808251815001,0.0023248647,LOW,22.856652832031276,0.8616,2026-09-29 02:33
GRID_002782,9.962893244804407,76.80808251815002,0.00230045,LOW,22.856652832031276,0.8695,2026-09-29 02:33
GRID_002783,9.962893244804407,76.81808251815002,0.28779575,LOW,22.856652832031276,0.7801,2026-09-29 02:33
GRID_002784,9.962893244804407,76.82808251815003,0.0023937575,LOW,22.856652832031276,0.8243,2026-09-29 02:33
GRID_002785,9.962893244804407,76.83808251815003,0.0023648962,LOW,22.856652832031276,0.8393,2026-09-29 02:33
GRID_002786,9.962893244804407,77.03808251815013,0.003463382,LOW,18.756646728515648,0.8753000000000001,2026-09-29 02:33
GRID_002787,9.962893244804407,77.04808251815014,0.0034924226,LOW,18.756646728515648,0.8673000000000001,2026-09-29 02:33
GRID_002788,9.962893244804407,77.05808251815014,0.003558219,LOW,18.756646728515648,0.8409000000000001,2026-09-29 02:33
GRID_002789,9.962893244804407,77.06808251815015,0.0036170655,LOW,18.756646728515648,0.8241,2026-09-29 02:33
GRID_002790,9.962893244804407,77.07808251815015,0.0036101872,LOW,18.756646728515648,0.8238000000000001,2026-09-29 02:33
GRID_002791,9.962893244804407,77.08808251815016,0.0034872405,LOW,18.756646728515648,0.8692000000000001,2026-09-29 02:33
GRID_002792,9.962893244804407,77.09808251815016,0.47956175,MODERATE,18.756646728515648,0.6967,2026-09-29 02:33
GRID_002793,9.962893244804407,77.10808251815017,0.0035035252,LOW,18.756646728515648,0.8595,2026-09-29 02:33
GRID_002794,9.962893244804407,77.11808251815017,0.0035560573,LOW,18.756646728515648,0.8434,2026-09-29 02:33
GRID_002795,9.962893244804407,77.12808251815018,0.002341323,LOW,19.5566345214844,0.8444,2026-09-29 02:33
GRID_002796,9.972893244804409,76.75808251814999,0.0024423115,LOW,22.856652832031276,0.8138000000000001,2026-09-29 02:33
GRID_002797,9.972893244804409,76.76808251815,0.002489801,LOW,22.856652832031276,0.8004,2026-09-29 02:33
GRID_002798,9.972893244804409,76.77808251815,0.0024545966,LOW,22.856652832031276,0.8113,2026-09-29 02:33
GRID_002799,9.972893244804409,76.79808251815001,0.0040557273,LOW,22.856652832031276,0.7463000000000001,2026-09-29 02:33
GRID_002800,9.972893244804409,76.82808251815003,0.0023883674,LOW,22.856652832031276,0.8224,2026-09-29 02:33
GRID_002801,9.972893244804409,77.02808251815013,0.2316049,LOW,18.756646728515648,0.7815000000000001,2026-09-29 02:33
GRID_002802,9.972893244804409,77.03808251815013,0.003435783,LOW,18.756646728515648,0.8835000000000001,2026-09-29 02:33
GRID_002803,9.972893244804409,77.04808251815014,0.0034122374,LOW,18.756646728515648,0.892,2026-09-29 02:33
GRID_002804,9.972893244804409,77.05808251815014,0.0034568212,LOW,18.756646728515648,0.8759,2026-09-29 02:33
GRID_002805,9.972893244804409,77.07808251815015,0.0034461468,LOW,18.756646728515648,0.8817,2026-09-29 02:33
GRID_002806,9.972893244804409,77.10808251815017,0.0034726104,LOW,18.756646728515648,0.873,2026-09-29 02:33
GRID_002807,9.972893244804409,77.11808251815017,0.003626756,LOW,18.756646728515648,0.8213,2026-09-29 02:33
GRID_002808,9.972893244804409,77.12808251815018,0.0023207297,LOW,19.5566345214844,0.8551000000000001,2026-09-29 02:33
GRID_002809,9.972893244804409,77.13808251815018,0.002322679,LOW,19.5566345214844,0.8541000000000001,2026-09-29 02:33
GRID_002810,9.982893244804409,76.54808251814988,0.002960776,LOW,23.856652832031276,0.7311000000000001,2026-09-29 02:33
GRID_002811,9.982893244804409,76.75808251814999,0.017300058,LOW,22.856652832031276,0.7406,2026-09-29 02:33
GRID_002812,9.982893244804409,76.76808251815,0.048512496,LOW,22.856652832031276,0.7652,2026-09-29 02:33
GRID_002813,9.982893244804409,76.77808251815,0.0027889528,LOW,22.856652832031276,0.7536,2026-09-29 02:33
GRID_002814,9.982893244804409,76.78808251815,0.44464907,MODERATE,22.856652832031276,0.7149,2026-09-29 02:33
GRID_002815,9.982893244804409,76.79808251815001,0.48754993,MODERATE,22.856652832031276,0.6611,2026-09-29 02:33
GRID_002816,9.982893244804409,76.9680825181501,0.0034816647,LOW,18.756646728515648,0.8691000000000001,2026-09-29 02:33
GRID_002817,9.982893244804409,77.02808251815013,0.0034669964,LOW,18.756646728515648,0.8747,2026-09-29 02:33
GRID_002818,9.982893244804409,77.03808251815013,0.003434951,LOW,18.756646728515648,0.8826,2026-09-29 02:33
GRID_002819,9.982893244804409,77.04808251815014,0.003468221,LOW,18.756646728515648,0.8733000000000001,2026-09-29 02:33
GRID_002820,9.982893244804409,77.05808251815014,0.003528302,LOW,18.756646728515648,0.8508,2026-09-29 02:33
GRID_002821,9.982893244804409,77.06808251815015,0.0035027629,LOW,18.756646728515648,0.8598,2026-09-29 02:33
GRID_002822,9.982893244804409,77.11808251815017,0.0034476118,LOW,18.756646728515648,0.8827,2026-09-29 02:33
GRID_002823,9.982893244804409,77.12808251815018,0.002267934,LOW,19.5566345214844,0.8812000000000001,2026-09-29 02:33
GRID_002824,9.982893244804409,77.13808251815018,0.0023498887,LOW,19.5566345214844,0.8376,2026-09-29 02:33
GRID_002825,9.992893244804408,76.74808251814999,0.4446446,MODERATE,22.856652832031276,0.7164,2026-09-29 02:33
GRID_002826,9.992893244804408,76.78808251815,0.5147256,MODERATE,22.856652832031276,0.5338,2026-09-29 02:33
GRID_002827,9.992893244804408,76.79808251815001,0.04849256,LOW,22.856652832031276,0.7626000000000001,2026-09-29 02:33
GRID_002828,9.992893244804408,76.80808251815002,0.0073890164,LOW,22.856652832031276,0.7872,2026-09-29 02:33
GRID_002829,9.992893244804408,76.82808251815003,0.0023436095,LOW,22.856652832031276,0.8440000000000001,2026-09-29 02:33
GRID_002830,9.992893244804408,76.91808251815007,0.0034146216,LOW,18.756646728515648,0.8819,2026-09-29 02:33
GRID_002831,9.992893244804408,76.92808251815008,0.003612862,LOW,18.756646728515648,0.8173,2026-09-29 02:33
GRID_002832,9.992893244804408,76.98808251815011,0.003468033,LOW,18.756646728515648,0.8717,2026-09-29 02:33
GRID_002833,9.992893244804408,77.04808251815014,0.0035236944,LOW,18.756646728515648,0.8514,2026-09-29 02:33
GRID_002834,9.992893244804408,77.05808251815014,0.0034082443,LOW,18.756646728515648,0.8962,2026-09-29 02:33
GRID_002835,9.992893244804408,77.06808251815015,0.003492313,LOW,18.756646728515648,0.8663000000000001,2026-09-29 02:33
GRID_002836,9.992893244804408,77.07808251815015,0.0034863462,LOW,18.756646728515648,0.8697,2026-09-29 02:33
GRID_002837,9.992893244804408,77.09808251815016,0.0035967194,LOW,18.756646728515648,0.8261000000000001,2026-09-29 02:33
GRID_002838,9.992893244804408,77.10808251815017,0.003511724,LOW,18.756646728515648,0.8551000000000001,2026-09-29 02:33
GRID_002839,9.992893244804408,77.11808251815017,0.003495728,LOW,18.756646728515648,0.8637,2026-09-29 02:33
GRID_002840,9.992893244804408,77.14808251815019,0.012637442,LOW,19.5566345214844,0.7361000000000001,2026-09-29 02:33
GRID_002841,10.002893244804408,76.75808251814999,0.27975518,LOW,22.856652832031276,0.7349,2026-09-29 02:33
GRID_002842,10.002893244804408,76.77808251815,0.0040356573,LOW,22.856652832031276,0.7511,2026-09-29 02:33
GRID_002843,10.002893244804408,76.78808251815,0.31610835,LOW,22.856652832031276,0.7168,2026-09-29 02:33
GRID_002844,10.002893244804408,76.79808251815001,0.28776634,LOW,22.856652832031276,0.7803,2026-09-29 02:33
GRID_002845,10.002893244804408,76.80808251815002,0.28775635,LOW,22.856652832031276,0.7836000000000001,2026-09-29 02:33
GRID_002846,10.002893244804408,76.81808251815002,0.002354689,LOW,22.856652832031276,0.8346,2026-09-29 02:33
GRID_002847,10.002893244804408,76.87808251815005,0.0034763673,LOW,18.756646728515648,0.8595,2026-09-29 02:33
GRID_002848,10.002893244804408,76.90808251815007,0.0034761957,LOW,18.756646728515648,0.8674000000000001,2026-09-29 02:33
GRID_002849,10.002893244804408,76.9680825181501,0.23164499,LOW,18.756646728515648,0.776,2026-09-29 02:33
GRID_002850,10.002893244804408,77.03808251815013,0.0035663382,LOW,18.756646728515648,0.8382000000000001,2026-09-29 02:33
GRID_002851,10.002893244804408,77.04808251815014,0.0035291468,LOW,18.756646728515648,0.8524,2026-09-29 02:33
GRID_002852,10.002893244804408,77.10808251815017,0.0036869585,LOW,18.756646728515648,0.8044,2026-09-29 02:33
GRID_002853,10.002893244804408,77.14808251815019,0.0022725791,LOW,19.5566345214844,0.883,2026-09-29 02:33
GRID_002854,10.002893244804408,77.1580825181502,0.0023588517,LOW,19.5566345214844,0.8356,2026-09-29 02:33
GRID_002855,10.012893244804408,76.71808251814997,0.017301153,LOW,22.856652832031276,0.7407,2026-09-29 02:33
GRID_002856,10.012893244804408,76.75808251814999,0.0023875877,LOW,22.856652832031276,0.8217,2026-09-29 02:33
GRID_002857,10.012893244804408,76.76808251815,0.28775144,LOW,22.856652832031276,0.7807000000000001,2026-09-29 02:33
GRID_002858,10.012893244804408,76.77808251815,0.007380102,LOW,22.856652832031276,0.793,2026-09-29 02:33
GRID_002859,10.012893244804408,76.78808251815,0.0024494433,LOW,22.856652832031276,0.8049000000000001,2026-09-29 02:33
GRID_002860,10.012893244804408,76.79808251815001,0.0027905442,LOW,22.856652832031276,0.7528,2026-09-29 02:33
GRID_002861,10.012893244804408,76.86808251815005,0.0022695085,LOW,22.856652832031276,0.8714000000000001,2026-09-29 02:33
GRID_002862,10.012893244804408,76.87808251815005,0.0034653633,LOW,18.756646728515648,0.8699,2026-09-29 02:33
GRID_002863,10.012893244804408,76.88808251815006,0.0034781657,LOW,18.756646728515648,0.8675,2026-09-29 02:33
GRID_002864,10.012893244804408,76.92808251815008,0.23157042,LOW,18.756646728515648,0.7842,2026-09-29 02:33
GRID_002865,10.012893244804408,76.93808251815008,0.43099782,MODERATE,18.756646728515648,0.735,2026-09-29 02:33
GRID_002866,10.012893244804408,76.9780825181501,0.16721506,LOW,18.756646728515648,0.7622,2026-09-29 02:33
GRID_002867,10.012893244804408,77.04808251815014,0.0037040524,LOW,18.756646728515648,0.8014,2026-09-29 02:33
GRID_002868,10.012893244804408,77.05808251815014,0.0034727855,LOW,18.756646728515648,0.8712000000000001,2026-09-29 02:33
GRID_002869,10.012893244804408,77.06808251815015,0.003686687,LOW,18.756646728515648,0.8052,2026-09-29 02:33
GRID_002870,10.012893244804408,77.07808251815015,0.0035271763,LOW,18.756646728515648,0.8514,2026-09-29 02:33
GRID_002871,10.012893244804408,77.08808251815016,0.0034748209,LOW,18.756646728515648,0.8655,2026-09-29 02:33
GRID_002872,10.012893244804408,77.09808251815016,0.0034651381,LOW,18.756646728515648,0.8719,2026-09-29 02:33
GRID_002873,10.012893244804408,77.10808251815017,0.0035864576,LOW,18.756646728515648,0.8291000000000001,2026-09-29 02:33
GRID_002874,10.012893244804408,77.11808251815017,0.0034917926,LOW,18.756646728515648,0.8652000000000001,2026-09-29 02:33
GRID_002875,10.012893244804408,77.14808251815019,0.0023635218,LOW,19.5566345214844,0.8328,2026-09-29 02:33
GRID_002876,10.012893244804408,77.1580825181502,0.0024014122,LOW,19.5566345214844,0.8135,2026-09-29 02:33
GRID_002877,10.012893244804408,77.1680825181502,0.0023626797,LOW,19.5566345214844,0.8302,2026-09-29 02:33
GRID_002878,10.022893244804408,76.78808251815,0.0024261554,LOW,22.856652832031276,0.8215,2026-09-29 02:33
GRID_002879,10.022893244804408,76.85808251815004,0.0022982226,LOW,22.856652832031276,0.8454,2026-09-29 02:33
GRID_002880,10.022893244804408,76.87808251815005,0.0036000933,LOW,18.756646728515648,0.8316,2026-09-29 02:33
GRID_002881,10.022893244804408,76.88808251815006,0.0035919407,LOW,18.756646728515648,0.8277,2026-09-29 02:33
GRID_002882,10.022893244804408,76.9780825181501,0.0034961686,LOW,18.756646728515648,0.8627,2026-09-29 02:33
GRID_002883,10.022893244804408,76.98808251815011,0.0035038437,LOW,18.756646728515648,0.8596,2026-09-29 02:33
GRID_002884,10.022893244804408,77.12808251815018,0.0022790239,LOW,19.5566345214844,0.8718,2026-09-29 02:33
GRID_002885,10.022893244804408,77.14808251815019,0.0023564228,LOW,19.5566345214844,0.8286,2026-09-29 02:33
GRID_002886,10.022893244804408,77.1680825181502,0.0023349486,LOW,19.5566345214844,0.8434,2026-09-29 02:33
GRID_002887,10.032893244804407,76.82808251815003,0.017271467,LOW,22.856652832031276,0.7435,2026-09-29 02:33
GRID_002888,10.032893244804407,76.86808251815005,0.27973637,LOW,22.856652832031276,0.7307,2026-09-29 02:33
GRID_002889,10.032893244804407,76.88808251815006,0.0036563287,LOW,18.756646728515648,0.8122,2026-09-29 02:33
GRID_002890,10.032893244804407,76.99808251815011,0.0035010297,LOW,18.756646728515648,0.8632000000000001,2026-09-29 02:33
GRID_002891,10.032893244804407,77.00808251815012,0.0034695463,LOW,18.756646728515648,0.8759,2026-09-29 02:33
GRID_002892,10.032893244804407,77.01808251815012,0.0034809434,LOW,18.756646728515648,0.8671000000000001,2026-09-29 02:33
GRID_002893,10.032893244804407,77.02808251815013,0.0034943805,LOW,18.756646728515648,0.8641000000000001,2026-09-29 02:33
GRID_002894,10.032893244804407,77.03808251815013,0.23158196,LOW,18.756646728515648,0.7826000000000001,2026-09-29 02:33
GRID_002895,10.032893244804407,77.04808251815014,0.23157442,LOW,18.756646728515648,0.7849,2026-09-29 02:33
GRID_002896,10.032893244804407,77.05808251815014,0.0034650578,LOW,18.756646728515648,0.8708,2026-09-29 02:33
GRID_002897,10.032893244804407,77.06808251815015,0.0036638165,LOW,18.756646728515648,0.8028000000000001,2026-09-29 02:33
GRID_002898,10.032893244804407,77.13808251815018,0.0022683388,LOW,19.5566345214844,0.8756,2026-09-29 02:33
GRID_002899,10.032893244804407,77.14808251815019,0.002275156,LOW,19.5566345214844,0.8742000000000001,2026-09-29 02:33
GRID_002900,10.032893244804407,77.1580825181502,0.15410496,LOW,19.5566345214844,0.7133,2026-09-29 02:33
GRID_002901,10.032893244804407,77.1680825181502,0.0024103764,LOW,19.5566345214844,0.8085,2026-09-29 02:33
GRID_002902,10.042893244804407,76.88808251815006,0.0035084817,LOW,18.756646728515648,0.8586,2026-09-29 02:33
GRID_002903,10.042893244804407,76.93808251815008,0.0035332288,LOW,18.756646728515648,0.8515,2026-09-29 02:33
GRID_002904,10.042893244804407,76.94808251815009,0.0034978124,LOW,18.756646728515648,0.8648,2026-09-29 02:33
GRID_002905,10.042893244804407,76.9680825181501,0.2316096,LOW,18.756646728515648,0.7799,2026-09-29 02:33
GRID_002906,10.042893244804407,77.01808251815012,0.003589111,LOW,18.756646728515648,0.8172,2026-09-29 02:33
GRID_002907,10.042893244804407,77.02808251815013,0.0035121627,LOW,18.756646728515648,0.8518,2026-09-29 02:33
GRID_002908,10.042893244804407,77.03808251815013,0.023068001,LOW,18.756646728515648,0.7869,2026-09-29 02:33
GRID_002909,10.042893244804407,77.04808251815014,0.0035486233,LOW,18.756646728515648,0.8406,2026-09-29 02:33
GRID_002910,10.042893244804407,77.05808251815014,0.0034610112,LOW,18.756646728515648,0.8725,2026-09-29 02:33
GRID_002911,10.042893244804407,77.06808251815015,0.003468092,LOW,18.756646728515648,0.8737,2026-09-29 02:33
GRID_002912,10.042893244804407,77.10808251815017,0.003520795,LOW,18.756646728515648,0.8474,2026-09-29 02:33
GRID_002913,10.042893244804407,77.11808251815017,0.0034769499,LOW,18.756646728515648,0.8714000000000001,2026-09-29 02:33
GRID_002914,10.042893244804407,77.12808251815018,0.0022826008,LOW,19.5566345214844,0.8717,2026-09-29 02:33
GRID_002915,10.042893244804407,77.13808251815018,0.002284419,LOW,19.5566345214844,0.8748,2026-09-29 02:33
GRID_002916,10.042893244804407,77.14808251815019,0.0023250885,LOW,19.5566345214844,0.8540000000000001,2026-09-29 02:33
GRID_002917,10.042893244804407,77.1580825181502,0.0024045096,LOW,19.5566345214844,0.8111,2026-09-29 02:33
GRID_002918,10.042893244804407,77.1680825181502,0.0022525587,LOW,19.5566345214844,0.889,2026-09-29 02:33
GRID_002919,10.052893244804409,76.73808251814998,0.27979738,LOW,22.856652832031276,0.727,2026-09-29 02:33
GRID_002920,10.052893244804409,76.84808251815004,0.0023407335,LOW,22.856652832031276,0.8415,2026-09-29 02:33
GRID_002921,10.052893244804409,76.9780825181501,0.0034545842,LOW,18.756646728515648,0.8727,2026-09-29 02:33
GRID_002922,10.052893244804409,76.99808251815011,0.0035117255,LOW,18.756646728515648,0.8476,2026-09-29 02:33
GRID_002923,10.052893244804409,77.00808251815012,0.003498412,LOW,18.756646728515648,0.8576,2026-09-29 02:33
GRID_002924,10.052893244804409,77.01808251815012,0.003453121,LOW,18.756646728515648,0.873,2026-09-29 02:33
GRID_002925,10.052893244804409,77.02808251815013,0.0034509082,LOW,18.756646728515648,0.8789,2026-09-29 02:33
GRID_002926,10.052893244804409,77.03808251815013,0.0034042932,LOW,18.756646728515648,0.8945000000000001,2026-09-29 02:33
GRID_002927,10.052893244804409,77.04808251815014,0.0035812585,LOW,18.756646728515648,0.8245,2026-09-29 02:33
GRID_002928,10.052893244804409,77.05808251815014,0.0035852906,LOW,18.756646728515648,0.8287,2026-09-29 02:33
GRID_002929,10.052893244804409,77.06808251815015,0.0033918312,LOW,18.756646728515648,0.8961,2026-09-29 02:33
GRID_002930,10.052893244804409,77.07808251815015,0.0034154248,LOW,18.756646728515648,0.885,2026-09-29 02:33
GRID_002931,10.052893244804409,77.08808251815016,0.003405903,LOW,18.756646728515648,0.8959,2026-09-29 02:33
GRID_002932,10.052893244804409,77.11808251815017,0.0036952689,LOW,18.756646728515648,0.7993,2026-09-29 02:33
GRID_002933,10.052893244804409,77.12808251815018,0.0023864422,LOW,19.5566345214844,0.8207,2026-09-29 02:33
GRID_002934,10.052893244804409,77.14808251815019,0.0024029058,LOW,19.5566345214844,0.8125,2026-09-29 02:33
GRID_002935,10.052893244804409,77.1580825181502,0.002408937,LOW,19.5566345214844,0.8132,2026-09-29 02:33
GRID_002936,10.062893244804409,76.82808251815003,0.002249848,LOW,22.856652832031276,0.8718,2026-09-29 02:33
GRID_002937,10.062893244804409,76.83808251815003,0.0022847662,LOW,22.856652832031276,0.8663000000000001,2026-09-29 02:33
GRID_002938,10.062893244804409,76.93808251815008,0.0034763254,LOW,18.756646728515648,0.8634000000000001,2026-09-29 02:33
GRID_002939,10.062893244804409,76.9780825181501,0.0035238005,LOW,18.756646728515648,0.8509,2026-09-29 02:33
GRID_002940,10.062893244804409,77.00808251815012,0.0035071238,LOW,18.756646728515648,0.8542000000000001,2026-09-29 02:33
GRID_002941,10.062893244804409,77.05808251815014,0.003490074,LOW,18.756646728515648,0.8602000000000001,2026-09-29 02:33
GRID_002942,10.062893244804409,77.06808251815015,0.0033800164,LOW,18.756646728515648,0.9046,2026-09-29 02:33
GRID_002943,10.062893244804409,77.07808251815015,0.0034467513,LOW,18.756646728515648,0.8778,2026-09-29 02:33
GRID_002944,10.062893244804409,77.08808251815016,0.0035014558,LOW,18.756646728515648,0.8578,2026-09-29 02:33
GRID_002945,10.062893244804409,77.10808251815017,0.067255825,LOW,18.756646728515648,0.7416,2026-09-29 02:33
GRID_002946,10.062893244804409,77.11808251815017,0.0035508343,LOW,18.756646728515648,0.8373,2026-09-29 02:33
GRID_002947,10.062893244804409,77.14808251815019,0.0022470667,LOW,19.5566345214844,0.894,2026-09-29 02:33
GRID_002948,10.072893244804408,76.67808251814995,0.0023591497,LOW,22.856652832031276,0.8467,2026-09-29 02:33
GRID_002949,10.072893244804408,76.68808251814995,0.0023586177,LOW,22.856652832031276,0.8468,2026-09-29 02:33
GRID_002950,10.072893244804408,76.73808251814998,0.002331357,LOW,22.856652832031276,0.8496,2026-09-29 02:33
GRID_002951,10.072893244804408,76.75808251814999,0.0023448844,LOW,22.856652832031276,0.8437,2026-09-29 02:33
GRID_002952,10.072893244804408,76.80808251815002,0.0024285468,LOW,22.856652832031276,0.7989,2026-09-29 02:33
GRID_002953,10.072893244804408,76.81808251815002,0.0022703602,LOW,22.856652832031276,0.8818,2026-09-29 02:33
GRID_002954,10.072893244804408,76.94808251815009,0.0034614322,LOW,18.756646728515648,0.8782000000000001,2026-09-29 02:33
GRID_002955,10.072893244804408,77.00808251815012,0.11063453,LOW,18.756646728515648,0.7567,2026-09-29 02:33
GRID_002956,10.072893244804408,77.02808251815013,0.0034636362,LOW,18.756646728515648,0.8771,2026-09-29 02:33
GRID_002957,10.072893244804408,77.03808251815013,0.0035458445,LOW,18.756646728515648,0.8437,2026-09-29 02:33
GRID_002958,10.072893244804408,77.04808251815014,0.003623066,LOW,18.756646728515648,0.8174,2026-09-29 02:33
GRID_002959,10.072893244804408,77.05808251815014,0.0036655455,LOW,18.756646728515648,0.8064,2026-09-29 02:33
GRID_002960,10.072893244804408,77.1680825181502,0.0024049403,LOW,19.5566345214844,0.8140000000000001,2026-09-29 02:33
GRID_002961,10.082893244804406,76.66808251814994,0.28779832,LOW,22.856652832031276,0.7785000000000001,2026-09-29 02:33
GRID_002962,10.082893244804406,76.67808251814995,0.002461067,LOW,22.856652832031276,0.809,2026-09-29 02:33
GRID_002963,10.082893244804406,76.69808251814996,0.0024562743,LOW,22.856652832031276,0.8106,2026-09-29 02:33
GRID_002964,10.082893244804406,76.70808251814996,0.002358667,LOW,22.856652832031276,0.8422000000000001,2026-09-29 02:33
GRID_002965,10.082893244804406,76.71808251814997,0.0023382816,LOW,22.856652832031276,0.8496,2026-09-29 02:33
GRID_002966,10.082893244804406,76.84808251815004,0.0023139254,LOW,22.856652832031276,0.8527,2026-09-29 02:33
GRID_002967,10.082893244804406,76.87808251815005,0.0034010196,LOW,18.756646728515648,0.8928,2026-09-29 02:33
GRID_002968,10.082893244804406,76.91808251815007,0.0034143517,LOW,18.756646728515648,0.8945000000000001,2026-09-29 02:33
GRID_002969,10.082893244804406,76.92808251815008,0.0034473364,LOW,18.756646728515648,0.8831,2026-09-29 02:33
GRID_002970,10.082893244804406,76.93808251815008,0.0034538368,LOW,18.756646728515648,0.875,2026-09-29 02:33
GRID_002971,10.082893244804406,76.99808251815011,0.0034424695,LOW,18.756646728515648,0.8748,2026-09-29 02:33
GRID_002972,10.082893244804406,77.00808251815012,0.0035628485,LOW,18.756646728515648,0.8274,2026-09-29 02:33
GRID_002973,10.082893244804406,77.05808251815014,0.0035388703,LOW,18.756646728515648,0.8448,2026-09-29 02:33
GRID_002974,10.092893244804406,76.69808251814996,0.002313286,LOW,22.856652832031276,0.859,2026-09-29 02:33
GRID_002975,10.092893244804406,76.70808251814996,0.0023231106,LOW,22.856652832031276,0.8475,2026-09-29 02:33
GRID_002976,10.092893244804406,76.80808251815002,0.0024092556,LOW,22.856652832031276,0.8101,2026-09-29 02:33
GRID_002977,10.092893244804406,76.84808251815004,0.0022723437,LOW,22.856652832031276,0.8702000000000001,2026-09-29 02:33
GRID_002978,10.092893244804406,76.87808251815005,0.0034053726,LOW,18.756646728515648,0.9032,2026-09-29 02:33
GRID_002979,10.092893244804406,76.89808251815006,0.0035266334,LOW,18.756646728515648,0.8463,2026-09-29 02:33
GRID_002980,10.092893244804406,76.91808251815007,0.003443949,LOW,18.756646728515648,0.8829,2026-09-29 02:33
GRID_002981,10.092893244804406,76.92808251815008,0.0035012923,LOW,18.756646728515648,0.8613000000000001,2026-09-29 02:33
GRID_002982,10.092893244804406,76.93808251815008,0.0034467329,LOW,18.756646728515648,0.8797,2026-09-29 02:33
GRID_002983,10.092893244804406,76.94808251815009,0.0033825678,LOW,18.756646728515648,0.8989,2026-09-29 02:33
GRID_002984,10.092893244804406,76.9780825181501,0.0034286366,LOW,18.756646728515648,0.8859,2026-09-29 02:33
GRID_002985,10.092893244804406,77.00808251815012,0.003464444,LOW,18.756646728515648,0.8747,2026-09-29 02:33
GRID_002986,10.092893244804406,77.1580825181502,0.0023440924,LOW,19.5566345214844,0.8405,2026-09-29 02:33
GRID_002987,10.102893244804406,76.68808251814995,0.0024395483,LOW,22.856652832031276,0.8123,2026-09-29 02:33
GRID_002988,10.102893244804406,76.73808251814998,0.002339168,LOW,22.856652832031276,0.8355,2026-09-29 02:33
GRID_002989,10.102893244804406,76.74808251814999,0.0023289924,LOW,22.856652832031276,0.8484,2026-09-29 02:33
GRID_002990,10.102893244804406,76.83808251815003,0.0024347443,LOW,22.856652832031276,0.7985,2026-09-29 02:33
GRID_002991,10.102893244804406,76.87808251815005,0.00343064,LOW,18.756646728515648,0.8911,2026-09-29 02:33
GRID_002992,10.102893244804406,76.88808251815006,0.0033480534,LOW,18.756646728515648,0.9127,2026-09-29 02:33
GRID_002993,10.102893244804406,76.89808251815006,0.0034581334,LOW,18.756646728515648,0.8778,2026-09-29 02:33
GRID_002994,10.102893244804406,76.90808251815007,0.0034128197,LOW,18.756646728515648,0.9011,2026-09-29 02:33
GRID_002995,10.102893244804406,76.99808251815011,0.0034657912,LOW,18.756646728515648,0.8744000000000001,2026-09-29 02:33
GRID_002996,10.102893244804406,77.01808251815012,0.00347667,LOW,18.756646728515648,0.8638,2026-09-29 02:33
GRID_002997,10.102893244804406,77.07808251815015,0.0034058057,LOW,18.756646728515648,0.9003,2026-09-29 02:33
GRID_002998,10.112893244804406,76.71808251814997,0.0023786023,LOW,22.856652832031276,0.8311000000000001,2026-09-29 02:33
GRID_002999,10.112893244804406,76.72808251814998,0.27973035,LOW,22.856652832031276,0.7286,2026-09-29 02:33
GRID_003000,10.112893244804406,76.73808251814998,0.004021788,LOW,22.856652832031276,0.7461,2026-09-29 02:33
GRID_003001,10.112893244804406,76.81808251815002,0.002277829,LOW,22.856652832031276,0.8782000000000001,2026-09-29 02:33
GRID_003002,10.112893244804406,76.82808251815003,0.002255605,LOW,22.856652832031276,0.8667,2026-09-29 02:33
GRID_003003,10.112893244804406,76.84808251815004,0.0022664268,LOW,22.856652832031276,0.8833000000000001,2026-09-29 02:33
GRID_003004,10.112893244804406,76.85808251815004,0.0022431277,LOW,22.856652832031276,0.8772000000000001,2026-09-29 02:33
GRID_003005,10.112893244804406,76.86808251815005,0.0022196926,LOW,22.856652832031276,0.8986000000000001,2026-09-29 02:33
GRID_003006,10.112893244804406,76.87808251815005,0.0034586685,LOW,18.756646728515648,0.8792000000000001,2026-09-29 02:33
GRID_003007,10.112893244804406,76.88808251815006,0.0034459697,LOW,18.756646728515648,0.8735,2026-09-29 02:33
GRID_003008,10.112893244804406,76.89808251815006,0.003452506,LOW,18.756646728515648,0.8769,2026-09-29 02:33
GRID_003009,10.112893244804406,76.90808251815007,0.0034949882,LOW,18.756646728515648,0.8658,2026-09-29 02:33
GRID_003010,10.112893244804406,76.91808251815007,0.0035380565,LOW,18.756646728515648,0.8497,2026-09-29 02:33
GRID_003011,10.112893244804406,76.92808251815008,0.003554024,LOW,18.756646728515648,0.8460000000000001,2026-09-29 02:33
GRID_003012,10.112893244804406,76.95808251815009,0.0034149461,LOW,18.756646728515648,0.8799,2026-09-29 02:33
GRID_003013,10.122893244804406,76.64808251814993,0.0074230307,LOW,22.856652832031276,0.7951,2026-09-29 02:33
GRID_003014,10.122893244804406,76.65808251814994,0.0024289615,LOW,22.856652832031276,0.8216,2026-09-29 02:33
GRID_003015,10.122893244804406,76.69808251814996,0.0023790528,LOW,22.856652832031276,0.8398,2026-09-29 02:33
GRID_003016,10.122893244804406,76.70808251814996,0.002327989,LOW,22.856652832031276,0.8532000000000001,2026-09-29 02:33
GRID_003017,10.122893244804406,76.71808251814997,0.0022953833,LOW,22.856652832031276,0.8582000000000001,2026-09-29 02:33
GRID_003018,10.122893244804406,76.72808251814998,0.0022688163,LOW,22.856652832031276,0.861,2026-09-29 02:33
GRID_003019,10.122893244804406,76.77808251815,0.0022536134,LOW,22.856652832031276,0.882,2026-09-29 02:33
GRID_003020,10.122893244804406,76.81808251815002,0.0022607313,LOW,22.856652832031276,0.8841,2026-09-29 02:33
GRID_003021,10.122893244804406,76.83808251815003,0.2877866,LOW,22.856652832031276,0.7776000000000001,2026-09-29 02:33
GRID_003022,10.122893244804406,76.85808251815004,0.0022796742,LOW,22.856652832031276,0.878,2026-09-29 02:33
GRID_003023,10.122893244804406,76.86808251815005,0.002238538,LOW,22.856652832031276,0.8878,2026-09-29 02:33
GRID_003024,10.122893244804406,76.87808251815005,0.003422806,LOW,18.756646728515648,0.8916000000000001,2026-09-29 02:33
GRID_003025,10.122893244804406,76.88808251815006,0.0034139922,LOW,18.756646728515648,0.8984000000000001,2026-09-29 02:33
GRID_003026,10.122893244804406,76.89808251815006,0.0035355743,LOW,18.756646728515648,0.8393,2026-09-29 02:33
GRID_003027,10.122893244804406,76.90808251815007,0.0034262498,LOW,18.756646728515648,0.8831,2026-09-29 02:33
GRID_003028,10.122893244804406,76.94808251815009,0.00343906,LOW,18.756646728515648,0.8779,2026-09-29 02:33
GRID_003029,10.122893244804406,77.05808251815014,0.003604386,LOW,18.756646728515648,0.8251000000000001,2026-09-29 02:33
GRID_003030,10.122893244804406,77.06808251815015,0.0034773096,LOW,18.756646728515648,0.863,2026-09-29 02:33
GRID_003031,10.132893244804404,76.64808251814993,0.002413322,LOW,22.856652832031276,0.8255,2026-09-29 02:33
GRID_003032,10.132893244804404,76.67808251814995,0.0024595093,LOW,22.856652832031276,0.8081,2026-09-29 02:33
GRID_003033,10.132893244804404,76.70808251814996,0.0023800551,LOW,22.856652832031276,0.8197,2026-09-29 02:33
GRID_003034,10.132893244804404,76.73808251814998,0.002271548,LOW,22.856652832031276,0.8814000000000001,2026-09-29 02:33
GRID_003035,10.132893244804404,76.80808251815002,0.28773594,LOW,22.856652832031276,0.7852,2026-09-29 02:33
GRID_003036,10.132893244804404,76.81808251815002,0.002249389,LOW,22.856652832031276,0.8791,2026-09-29 02:33
GRID_003037,10.132893244804404,76.82808251815003,0.0022367472,LOW,22.856652832031276,0.8881,2026-09-29 02:33
GRID_003038,10.132893244804404,76.83808251815003,0.007409771,LOW,22.856652832031276,0.7948000000000001,2026-09-29 02:33
GRID_003039,10.132893244804404,76.84808251815004,0.002267786,LOW,22.856652832031276,0.8828,2026-09-29 02:33
GRID_003040,10.132893244804404,76.85808251815004,0.002249593,LOW,22.856652832031276,0.8869,2026-09-29 02:33
GRID_003041,10.132893244804404,76.86808251815005,0.002325409,LOW,22.856652832031276,0.8565,2026-09-29 02:33
GRID_003042,10.132893244804404,76.88808251815006,0.0034610243,LOW,18.756646728515648,0.8785000000000001,2026-09-29 02:33
GRID_003043,10.132893244804404,76.89808251815006,0.0034691808,LOW,18.756646728515648,0.8676,2026-09-29 02:33
GRID_003044,10.132893244804404,76.90808251815007,0.003458152,LOW,18.756646728515648,0.8793000000000001,2026-09-29 02:33
GRID_003045,10.132893244804404,76.91808251815007,0.0035122267,LOW,18.756646728515648,0.8498,2026-09-29 02:33
GRID_003046,10.132893244804404,77.01808251815012,0.0035798429,LOW,18.756646728515648,0.8326,2026-09-29 02:33
GRID_003047,10.132893244804404,77.02808251815013,0.0035359152,LOW,18.756646728515648,0.8484,2026-09-29 02:33
GRID_003048,10.132893244804404,77.07808251815015,0.02304934,LOW,18.756646728515648,0.7877000000000001,2026-09-29 02:33
GRID_003049,10.132893244804404,77.10808251815017,0.0036562434,LOW,18.756646728515648,0.8068000000000001,2026-09-29 02:33
GRID_003050,10.132893244804404,77.11808251815017,0.003628334,LOW,18.756646728515648,0.8132,2026-09-29 02:33
GRID_003051,10.142893244804403,76.62808251814992,0.00236033,LOW,22.856652832031276,0.8458,2026-09-29 02:33
GRID_003052,10.142893244804403,76.69808251814996,0.28777373,LOW,22.856652832031276,0.7865000000000001,2026-09-29 02:33
GRID_003053,10.142893244804403,76.79808251815001,0.0024589468,LOW,22.856652832031276,0.8042,2026-09-29 02:33
GRID_003054,10.142893244804403,76.80808251815002,0.0022354575,LOW,22.856652832031276,0.8915000000000001,2026-09-29 02:33
GRID_003055,10.142893244804403,76.81808251815002,0.002241911,LOW,22.856652832031276,0.8802000000000001,2026-09-29 02:33
GRID_003056,10.142893244804403,76.82808251815003,0.0022953954,LOW,22.856652832031276,0.8643000000000001,2026-09-29 02:33
GRID_003057,10.142893244804403,76.84808251815004,0.0022839769,LOW,22.856652832031276,0.8686,2026-09-29 02:33
GRID_003058,10.142893244804403,76.85808251815004,0.28773752,LOW,22.856652832031276,0.7862,2026-09-29 02:33
GRID_003059,10.142893244804403,76.87808251815005,0.0034950525,LOW,18.756646728515648,0.8667,2026-09-29 02:33
GRID_003060,10.142893244804403,76.88808251815006,0.0035977894,LOW,18.756646728515648,0.8270000000000001,2026-09-29 02:33
GRID_003061,10.142893244804403,77.04808251815014,0.0036380505,LOW,18.756646728515648,0.8118000000000001,2026-09-29 02:33
GRID_003062,10.142893244804403,77.05808251815014,0.0034889039,LOW,18.756646728515648,0.8617,2026-09-29 02:33
GRID_003063,10.142893244804403,77.06808251815015,0.0035628816,LOW,18.756646728515648,0.8359000000000001,2026-09-29 02:33
GRID_003064,10.142893244804403,77.07808251815015,0.0033219745,LOW,18.756646728515648,0.9317,2026-09-29 02:33
GRID_003065,10.142893244804403,77.08808251815016,0.003537858,LOW,18.756646728515648,0.8340000000000001,2026-09-29 02:33
GRID_003066,10.152893244804403,76.63808251814993,0.002396023,LOW,22.856652832031276,0.8326,2026-09-29 02:33
GRID_003067,10.152893244804403,76.78808251815,0.0024220413,LOW,22.856652832031276,0.8163,2026-09-29 02:33
GRID_003068,10.152893244804403,76.80808251815002,0.0022903255,LOW,22.856652832031276,0.8675,2026-09-29 02:33
GRID_003069,10.152893244804403,76.81808251815002,0.0022936258,LOW,22.856652832031276,0.8686,2026-09-29 02:33
GRID_003070,10.152893244804403,76.82808251815003,0.0022877443,LOW,22.856652832031276,0.8651000000000001,2026-09-29 02:33
GRID_003071,10.152893244804403,76.86808251815005,0.0022982531,LOW,22.856652832031276,0.8584,2026-09-29 02:33
GRID_003072,10.152893244804403,76.87808251815005,0.0036314717,LOW,18.756646728515648,0.8125,2026-09-29 02:33
GRID_003073,10.152893244804403,76.88808251815006,0.0034936992,LOW,18.756646728515648,0.8641000000000001,2026-09-29 02:33
GRID_003074,10.152893244804403,76.89808251815006,0.003473209,LOW,18.756646728515648,0.8709,2026-09-29 02:33
GRID_003075,10.152893244804403,76.90808251815007,0.0036397143,LOW,18.756646728515648,0.8173,2026-09-29 02:33
GRID_003076,10.152893244804403,76.91808251815007,0.0035360053,LOW,18.756646728515648,0.8482000000000001,2026-09-29 02:33
GRID_003077,10.152893244804403,77.02808251815013,0.078317195,LOW,18.756646728515648,0.7722,2026-09-29 02:33
GRID_003078,10.152893244804403,77.04808251815014,0.49134347,MODERATE,18.756646728515648,0.6425000000000001,2026-09-29 02:33
GRID_003079,10.152893244804403,77.05808251815014,0.4965866,MODERATE,18.756646728515648,0.6913,2026-09-29 02:33
GRID_003080,10.152893244804403,77.06808251815015,0.0035697354,LOW,18.756646728515648,0.8323,2026-09-29 02:33
GRID_003081,10.152893244804403,77.07808251815015,0.0036202217,LOW,18.756646728515648,0.8169000000000001,2026-09-29 02:33
GRID_003082,10.152893244804403,77.08808251815016,0.0033948852,LOW,18.756646728515648,0.9041,2026-09-29 02:33
GRID_003083,10.162893244804405,76.66808251814994,0.007430191,LOW,22.856652832031276,0.7931,2026-09-29 02:33
GRID_003084,10.162893244804405,76.68808251814995,0.0024445076,LOW,22.856652832031276,0.8001,2026-09-29 02:33
GRID_003085,10.162893244804405,76.80808251815002,0.0023214826,LOW,22.856652832031276,0.8545,2026-09-29 02:33
GRID_003086,10.162893244804405,76.81808251815002,0.0022450192,LOW,22.856652832031276,0.8784000000000001,2026-09-29 02:33
GRID_003087,10.162893244804405,76.85808251815004,0.0024193889,LOW,22.856652832031276,0.8089000000000001,2026-09-29 02:33
GRID_003088,10.162893244804405,76.86808251815005,0.0023034497,LOW,22.856652832031276,0.8614,2026-09-29 02:33
GRID_003089,10.162893244804405,76.87808251815005,0.0034848896,LOW,18.756646728515648,0.868,2026-09-29 02:33
GRID_003090,10.162893244804405,76.88808251815006,0.0034677132,LOW,18.756646728515648,0.8724000000000001,2026-09-29 02:33
GRID_003091,10.162893244804405,76.89808251815006,0.0034163487,LOW,18.756646728515648,0.8886000000000001,2026-09-29 02:33
GRID_003092,10.162893244804405,76.90808251815007,0.0034879325,LOW,18.756646728515648,0.8658,2026-09-29 02:33
GRID_003093,10.162893244804405,76.91808251815007,0.0035033617,LOW,18.756646728515648,0.8588,2026-09-29 02:33
GRID_003094,10.162893244804405,76.93808251815008,0.0034179376,LOW,18.756646728515648,0.8861,2026-09-29 02:33
GRID_003095,10.162893244804405,76.94808251815009,0.0034512507,LOW,18.756646728515648,0.8634000000000001,2026-09-29 02:33
GRID_003096,10.162893244804405,76.95808251815009,0.003494319,LOW,18.756646728515648,0.8508,2026-09-29 02:33
GRID_003097,10.162893244804405,76.99808251815011,0.48746762,MODERATE,18.756646728515648,0.7127,2026-09-29 02:33
GRID_003098,10.162893244804405,77.04808251815014,0.47912878,MODERATE,18.756646728515648,0.6955,2026-09-29 02:33
GRID_003099,10.162893244804405,77.08808251815016,0.003557305,LOW,18.756646728515648,0.8363,2026-09-29 02:33
GRID_003100,10.172893244804404,76.65808251814994,0.28779224,LOW,22.856652832031276,0.7796000000000001,2026-09-29 02:33
GRID_003101,10.172893244804404,76.73808251814998,0.002249701,LOW,22.856652832031276,0.8844000000000001,2026-09-29 02:33
GRID_003102,10.172893244804404,76.80808251815002,0.0023012045,LOW,22.856652832031276,0.8689,2026-09-29 02:33
GRID_003103,10.172893244804404,76.81808251815002,0.0022969572,LOW,22.856652832031276,0.8745,2026-09-29 02:33
GRID_003104,10.172893244804404,76.85808251815004,0.0022827704,LOW,22.856652832031276,0.8734000000000001,2026-09-29 02:33
GRID_003105,10.172893244804404,76.86808251815005,0.0022559692,LOW,22.856652832031276,0.8746,2026-09-29 02:33
GRID_003106,10.172893244804404,76.87808251815005,0.0034201853,LOW,18.756646728515648,0.8893000000000001,2026-09-29 02:33
GRID_003107,10.172893244804404,76.88808251815006,0.0034320233,LOW,18.756646728515648,0.89,2026-09-29 02:33
GRID_003108,10.172893244804404,76.89808251815006,0.0035124319,LOW,18.756646728515648,0.8562000000000001,2026-09-29 02:33
GRID_003109,10.172893244804404,76.90808251815007,0.0035254098,LOW,18.756646728515648,0.8560000000000001,2026-09-29 02:33
GRID_003110,10.172893244804404,76.91808251815007,0.0034457329,LOW,18.756646728515648,0.8854000000000001,2026-09-29 02:33
GRID_003111,10.172893244804404,76.92808251815008,0.0035177255,LOW,18.756646728515648,0.8507,2026-09-29 02:33
GRID_003112,10.172893244804404,76.93808251815008,0.0034757215,LOW,18.756646728515648,0.8692000000000001,2026-09-29 02:33
GRID_003113,10.172893244804404,76.94808251815009,0.0035446123,LOW,18.756646728515648,0.8381000000000001,2026-09-29 02:33
GRID_003114,10.172893244804404,77.04808251815014,0.48761773,MODERATE,18.756646728515648,0.7074,2026-09-29 02:33
GRID_003115,10.172893244804404,77.06808251815015,0.50086427,MODERATE,18.756646728515648,0.6823,2026-09-29 02:33
GRID_003116,10.172893244804404,77.07808251815015,0.44022596,MODERATE,18.756646728515648,0.7207,2026-09-29 02:33
GRID_003117,10.172893244804404,77.08808251815016,0.1671642,LOW,18.756646728515648,0.7611,2026-09-29 02:33
GRID_003118,10.172893244804404,77.09808251815016,0.0036177025,LOW,18.756646728515648,0.8166,2026-09-29 02:33
GRID_003119,10.172893244804404,77.11808251815017,0.0033563734,LOW,18.756646728515648,0.9128,2026-09-29 02:33
GRID_003120,10.182893244804404,76.60808251814991,0.0020270802,LOW,23.856652832031276,0.8534,2026-09-29 02:33
GRID_003121,10.182893244804404,76.61808251814992,0.0020034784,LOW,23.856652832031276,0.8627,2026-09-29 02:33
GRID_003122,10.182893244804404,76.65808251814994,0.0023505837,LOW,22.856652832031276,0.8413,2026-09-29 02:33
GRID_003123,10.182893244804404,76.66808251814994,0.002379824,LOW,22.856652832031276,0.8361000000000001,2026-09-29 02:33
GRID_003124,10.182893244804404,76.70808251814996,0.0074276766,LOW,22.856652832031276,0.794,2026-09-29 02:33
GRID_003125,10.182893244804404,76.75808251814999,0.0023032,LOW,22.856652832031276,0.8634000000000001,2026-09-29 02:33
GRID_003126,10.182893244804404,76.76808251815,0.0022700382,LOW,22.856652832031276,0.8798,2026-09-29 02:33
GRID_003127,10.182893244804404,76.77808251815,0.0022892724,LOW,22.856652832031276,0.8696,2026-09-29 02:33
GRID_003128,10.182893244804404,76.79808251815001,0.0022671414,LOW,22.856652832031276,0.8783000000000001,2026-09-29 02:33
GRID_003129,10.182893244804404,76.90808251815007,0.003436144,LOW,18.756646728515648,0.8873000000000001,2026-09-29 02:33
GRID_003130,10.182893244804404,76.91808251815007,0.0034327041,LOW,18.756646728515648,0.8849,2026-09-29 02:33
GRID_003131,10.182893244804404,76.92808251815008,0.0034689372,LOW,18.756646728515648,0.867,2026-09-29 02:33
GRID_003132,10.182893244804404,76.93808251815008,0.0035372912,LOW,18.756646728515648,0.8500000000000001,2026-09-29 02:33
GRID_003133,10.182893244804404,77.04808251815014,0.16719022,LOW,18.756646728515648,0.7597,2026-09-29 02:33
GRID_003134,10.182893244804404,77.06808251815015,0.0035035324,LOW,18.756646728515648,0.8578,2026-09-29 02:33
GRID_003135,10.182893244804404,77.07808251815015,0.003520583,LOW,18.756646728515648,0.8453,2026-09-29 02:33
GRID_003136,10.182893244804404,77.08808251815016,0.43090844,MODERATE,18.756646728515648,0.7293000000000001,2026-09-29 02:33
GRID_003137,10.182893244804404,77.09808251815016,0.003511735,LOW,18.756646728515648,0.8469,2026-09-29 02:33
GRID_003138,10.182893244804404,77.1680825181502,0.0022821077,LOW,19.5566345214844,0.8784000000000001,2026-09-29 02:33
GRID_003139,10.182893244804404,77.1780825181502,0.0022910365,LOW,19.5566345214844,0.871,2026-09-29 02:33
GRID_003140,10.192893244804404,76.5880825181499,0.0024628434,LOW,22.956658935546898,0.8096,2026-09-29 02:33
GRID_003141,10.192893244804404,76.65808251814994,0.026373703,LOW,20.756646728515648,0.8082,2026-09-29 02:33
GRID_003142,10.192893244804404,76.67808251814995,0.026333157,LOW,20.756646728515648,0.8232,2026-09-29 02:33
GRID_003143,10.192893244804404,76.74808251814999,0.026230646,LOW,20.756646728515648,0.8632000000000001,2026-09-29 02:33
GRID_003144,10.192893244804404,76.79808251815001,0.026296193,LOW,20.756646728515648,0.8391000000000001,2026-09-29 02:33
GRID_003145,10.192893244804404,76.81808251815002,0.026189087,LOW,20.756646728515648,0.8824000000000001,2026-09-29 02:33
GRID_003146,10.192893244804404,76.86808251815005,0.026199384,LOW,20.756646728515648,0.8792000000000001,2026-09-29 02:33
GRID_003147,10.192893244804404,76.87808251815005,0.024973588,LOW,17.156640625000023,0.8852000000000001,2026-09-29 02:33
GRID_003148,10.192893244804404,76.89808251815006,0.025004318,LOW,17.156640625000023,0.8787,2026-09-29 02:33
GRID_003149,10.192893244804404,76.90808251815007,0.025044128,LOW,17.156640625000023,0.8606,2026-09-29 02:33
GRID_003150,10.192893244804404,76.9680825181501,0.024994865,LOW,17.156640625000023,0.8761,2026-09-29 02:33
GRID_003151,10.192893244804404,76.99808251815011,0.025204176,LOW,17.156640625000023,0.8077000000000001,2026-09-29 02:33
GRID_003152,10.192893244804404,77.00808251815012,0.025032796,LOW,17.156640625000023,0.8607,2026-09-29 02:33
GRID_003153,10.192893244804404,77.01808251815012,0.025170624,LOW,17.156640625000023,0.8164,2026-09-29 02:33
GRID_003154,10.192893244804404,77.02808251815013,0.025109587,LOW,17.156640625000023,0.8330000000000001,2026-09-29 02:33
GRID_003155,10.192893244804404,77.04808251815014,0.02505457,LOW,17.156640625000023,0.8552000000000001,2026-09-29 02:33
GRID_003156,10.192893244804404,77.10808251815017,0.02512055,LOW,17.156640625000023,0.8293,2026-09-29 02:33
GRID_003157,10.192893244804404,77.12808251815018,0.0044595585,LOW,17.356652832031273,0.8609,2026-09-29 02:33
GRID_003158,10.192893244804404,77.13808251815018,0.004569186,LOW,17.356652832031273,0.8147000000000001,2026-09-29 02:33
GRID_003159,10.192893244804404,77.1680825181502,0.0043903543,LOW,17.356652832031273,0.8969,2026-09-29 02:33
GRID_003160,10.192893244804404,77.1780825181502,0.004409326,LOW,17.356652832031273,0.8915000000000001,2026-09-29 02:33
GRID_003161,10.202893244804404,76.5780825181499,0.0024344348,LOW,22.956658935546898,0.8166,2026-09-29 02:33
GRID_003162,10.202893244804404,76.62808251814992,0.2540513,LOW,20.756646728515648,0.7898000000000001,2026-09-29 02:33
GRID_003163,10.202893244804404,76.63808251814993,0.026219126,LOW,20.756646728515648,0.8677,2026-09-29 02:33
GRID_003164,10.202893244804404,76.67808251814995,0.026377566,LOW,20.756646728515648,0.8001,2026-09-29 02:33
GRID_003165,10.202893244804404,76.68808251814995,0.02626168,LOW,20.756646728515648,0.8423,2026-09-29 02:33
GRID_003166,10.202893244804404,76.69808251814996,0.026296949,LOW,20.756646728515648,0.8294,2026-09-29 02:33
GRID_003167,10.202893244804404,76.72808251814998,0.02621252,LOW,20.756646728515648,0.8741,2026-09-29 02:33
GRID_003168,10.202893244804404,76.73808251814998,0.026221417,LOW,20.756646728515648,0.8699,2026-09-29 02:33
GRID_003169,10.202893244804404,76.75808251814999,0.026260363,LOW,20.756646728515648,0.8534,2026-09-29 02:33
GRID_003170,10.202893244804404,76.76808251815,0.026211625,LOW,20.756646728515648,0.8728,2026-09-29 02:33
GRID_003171,10.202893244804404,76.81808251815002,0.026215374,LOW,20.756646728515648,0.8735,2026-09-29 02:33
GRID_003172,10.202893244804404,76.86808251815005,0.026163824,LOW,20.756646728515648,0.8912,2026-09-29 02:33
GRID_003173,10.202893244804404,76.87808251815005,0.025025874,LOW,17.156640625000023,0.872,2026-09-29 02:33
GRID_003174,10.202893244804404,76.91808251815007,0.025018385,LOW,17.156640625000023,0.8743000000000001,2026-09-29 02:33
GRID_003175,10.202893244804404,76.99808251815011,0.025154242,LOW,17.156640625000023,0.8233,2026-09-29 02:33
GRID_003176,10.202893244804404,77.00808251815012,0.025165409,LOW,17.156640625000023,0.8215,2026-09-29 02:33
GRID_003177,10.202893244804404,77.01808251815012,0.025125656,LOW,17.156640625000023,0.8288000000000001,2026-09-29 02:33
GRID_003178,10.202893244804404,77.06808251815015,0.49318516,MODERATE,17.156640625000023,0.7051000000000001,2026-09-29 02:33
GRID_003179,10.202893244804404,77.12808251815018,0.004519469,LOW,17.356652832031273,0.8385,2026-09-29 02:33
GRID_003180,10.202893244804404,77.1680825181502,0.004590328,LOW,17.356652832031273,0.8079000000000001,2026-09-29 02:33
GRID_003181,10.202893244804404,77.1780825181502,0.0045758258,LOW,17.356652832031273,0.8107000000000001,2026-09-29 02:33
GRID_003182,10.212893244804404,76.52808251814987,0.0023323703,LOW,22.956658935546898,0.8592000000000001,2026-09-29 02:33
GRID_003183,10.212893244804404,76.55808251814989,0.002407791,LOW,22.956658935546898,0.8326,2026-09-29 02:33
GRID_003184,10.212893244804404,76.64808251814993,0.026293186,LOW,20.756646728515648,0.8388,2026-09-29 02:33
GRID_003185,10.212893244804404,76.67808251814995,0.026253162,LOW,20.756646728515648,0.8539,2026-09-29 02:33
GRID_003186,10.212893244804404,76.68808251814995,0.02626342,LOW,20.756646728515648,0.8416,2026-09-29 02:33
GRID_003187,10.212893244804404,76.73808251814998,0.026320279,LOW,20.756646728515648,0.8218000000000001,2026-09-29 02:33
GRID_003188,10.212893244804404,76.74808251814999,0.026185624,LOW,20.756646728515648,0.8754000000000001,2026-09-29 02:33
GRID_003189,10.212893244804404,76.76808251815,0.026230047,LOW,20.756646728515648,0.8540000000000001,2026-09-29 02:33
GRID_003190,10.212893244804404,76.79808251815001,0.25403768,LOW,20.756646728515648,0.794,2026-09-29 02:33
GRID_003191,10.212893244804404,76.80808251815002,0.026216632,LOW,20.756646728515648,0.8725,2026-09-29 02:33
GRID_003192,10.212893244804404,76.81808251815002,0.026189014,LOW,20.756646728515648,0.8823000000000001,2026-09-29 02:33
GRID_003193,10.212893244804404,76.85808251815004,0.02621364,LOW,20.756646728515648,0.8726,2026-09-29 02:33
GRID_003194,10.212893244804404,76.86808251815005,0.026217556,LOW,20.756646728515648,0.8717,2026-09-29 02:33
GRID_003195,10.212893244804404,76.87808251815005,0.025126686,LOW,17.156640625000023,0.8334,2026-09-29 02:33
GRID_003196,10.212893244804404,76.89808251815006,0.02505627,LOW,17.156640625000023,0.8564,2026-09-29 02:33
GRID_003197,10.212893244804404,76.90808251815007,0.025101218,LOW,17.156640625000023,0.8431000000000001,2026-09-29 02:33
GRID_003198,10.212893244804404,76.92808251815008,0.025054608,LOW,17.156640625000023,0.8596,2026-09-29 02:33
GRID_003199,10.212893244804404,76.94808251815009,0.02507314,LOW,17.156640625000023,0.8528,2026-09-29 02:33
GRID_003200,10.212893244804404,76.99808251815011,0.025117619,LOW,17.156640625000023,0.8355,2026-09-29 02:33
GRID_003201,10.212893244804404,77.00808251815012,0.0251359,LOW,17.156640625000023,0.8295,2026-09-29 02:33
GRID_003202,10.212893244804404,77.03808251815013,0.24673651,LOW,17.156640625000023,0.7807000000000001,2026-09-29 02:33
GRID_003203,10.212893244804404,77.13808251815018,0.0046395157,LOW,17.356652832031273,0.7988000000000001,2026-09-29 02:33
GRID_003204,10.212893244804404,77.1580825181502,0.010155791,LOW,17.356652832031273,0.7879,2026-09-29 02:33
GRID_003205,10.212893244804404,77.1680825181502,0.0027523409,LOW,17.356652832031273,0.7691,2026-09-29 02:33
GRID_003206,10.212893244804404,77.1780825181502,0.0044742897,LOW,17.356652832031273,0.7593000000000001,2026-09-29 02:33
GRID_003207,10.222893244804403,76.51808251814987,0.0023075305,LOW,22.956658935546898,0.8666,2026-09-29 02:33
GRID_003208,10.222893244804403,76.5680825181499,0.0024469425,LOW,22.956658935546898,0.8174,2026-09-29 02:33
GRID_003209,10.222893244804403,76.5780825181499,0.002472635,LOW,22.956658935546898,0.8063,2026-09-29 02:33
GRID_003210,10.222893244804403,76.5880825181499,0.0024329252,LOW,22.956658935546898,0.8135,2026-09-29 02:33
GRID_003211,10.222893244804403,76.59808251814991,0.002401853,LOW,22.956658935546898,0.8187000000000001,2026-09-29 02:33
GRID_003212,10.222893244804403,76.63808251814993,0.026264405,LOW,20.756646728515648,0.8484,2026-09-29 02:33
GRID_003213,10.222893244804403,76.64808251814993,0.17692962,LOW,20.756646728515648,0.7571,2026-09-29 02:33
GRID_003214,10.222893244804403,76.69808251814996,0.026233574,LOW,20.756646728515648,0.8667,2026-09-29 02:33
GRID_003215,10.222893244804403,76.73808251814998,0.026245043,LOW,20.756646728515648,0.8518,2026-09-29 02:33
GRID_003216,10.222893244804403,76.74808251814999,0.026166085,LOW,20.756646728515648,0.8878,2026-09-29 02:33
GRID_003217,10.222893244804403,76.76808251815,0.026275262,LOW,20.756646728515648,0.8435,2026-09-29 02:33
GRID_003218,10.222893244804403,76.77808251815,0.026213733,LOW,20.756646728515648,0.874,2026-09-29 02:33
GRID_003219,10.222893244804403,76.78808251815,0.026346453,LOW,20.756646728515648,0.8108000000000001,2026-09-29 02:33
GRID_003220,10.222893244804403,76.81808251815002,0.026194703,LOW,20.756646728515648,0.8703000000000001,2026-09-29 02:33
GRID_003221,10.222893244804403,76.82808251815003,0.02633953,LOW,20.756646728515648,0.8136,2026-09-29 02:33
GRID_003222,10.222893244804403,76.84808251815004,0.02627616,LOW,20.756646728515648,0.8309000000000001,2026-09-29 02:33
GRID_003223,10.222893244804403,76.85808251815004,0.02628682,LOW,20.756646728515648,0.8331000000000001,2026-09-29 02:33
GRID_003224,10.222893244804403,76.87808251815005,0.025129823,LOW,17.156640625000023,0.8329000000000001,2026-09-29 02:33
GRID_003225,10.222893244804403,76.88808251815006,0.025056101,LOW,17.156640625000023,0.8554,2026-09-29 02:33
GRID_003226,10.222893244804403,76.89808251815006,0.02508911,LOW,17.156640625000023,0.8467,2026-09-29 02:33
GRID_003227,10.222893244804403,76.93808251815008,0.024992209,LOW,17.156640625000023,0.8821,2026-09-29 02:33
GRID_003228,10.222893244804403,76.94808251815009,0.024959648,LOW,17.156640625000023,0.8836,2026-09-29 02:33
GRID_003229,10.222893244804403,77.02808251815013,0.025220234,LOW,17.156640625000023,0.8053,2026-09-29 02:33
GRID_003230,10.222893244804403,77.03808251815013,0.41459253,MODERATE,17.156640625000023,0.7373000000000001,2026-09-29 02:33
GRID_003231,10.222893244804403,77.14808251815019,0.010152613,LOW,17.356652832031273,0.7943,2026-09-29 02:33
GRID_003232,10.222893244804403,77.1680825181502,0.0019224103,LOW,17.356652832031273,0.7451,2026-09-29 02:33
GRID_003233,10.222893244804403,77.1780825181502,0.010773401,LOW,17.356652832031273,0.7861,2026-09-29 02:33
GRID_003234,10.232893244804403,76.54808251814988,0.0074289553,LOW,22.956658935546898,0.7952,2026-09-29 02:33
GRID_003235,10.232893244804403,76.55808251814989,0.00236858,LOW,22.956658935546898,0.8466,2026-09-29 02:33
GRID_003236,10.232893244804403,76.5880825181499,0.002446382,LOW,22.956658935546898,0.8099000000000001,2026-09-29 02:33
GRID_003237,10.232893244804403,76.64808251814993,0.026251066,LOW,20.756646728515648,0.8522000000000001,2026-09-29 02:33
GRID_003238,10.232893244804403,76.65808251814994,0.026234189,LOW,20.756646728515648,0.8567,2026-09-29 02:33
GRID_003239,10.232893244804403,76.67808251814995,0.026286805,LOW,20.756646728515648,0.8328,2026-09-29 02:33
GRID_003240,10.232893244804403,76.71808251814997,0.05579787,LOW,20.756646728515648,0.7682,2026-09-29 02:33
GRID_003241,10.232893244804403,76.72808251814998,0.17694421,LOW,20.756646728515648,0.7565000000000001,2026-09-29 02:33
GRID_003242,10.232893244804403,76.74808251814999,0.026304709,LOW,20.756646728515648,0.8239000000000001,2026-09-29 02:33
GRID_003243,10.232893244804403,76.75808251814999,0.026246918,LOW,20.756646728515648,0.8452000000000001,2026-09-29 02:33
GRID_003244,10.232893244804403,76.76808251815,0.026260499,LOW,20.756646728515648,0.8412000000000001,2026-09-29 02:33
GRID_003245,10.232893244804403,76.77808251815,0.026178336,LOW,20.756646728515648,0.8836,2026-09-29 02:33
GRID_003246,10.232893244804403,76.78808251815,0.026292145,LOW,20.756646728515648,0.8379000000000001,2026-09-29 02:33
GRID_003247,10.232893244804403,76.79808251815001,0.026347889,LOW,20.756646728515648,0.8173,2026-09-29 02:33
GRID_003248,10.232893244804403,76.80808251815002,0.02629987,LOW,20.756646728515648,0.8269000000000001,2026-09-29 02:33
GRID_003249,10.232893244804403,76.81808251815002,0.25211817,LOW,20.756646728515648,0.7813,2026-09-29 02:33
GRID_003250,10.232893244804403,76.82808251815003,0.026217388,LOW,20.756646728515648,0.8633000000000001,2026-09-29 02:33
GRID_003251,10.232893244804403,76.83808251815003,0.25213838,LOW,20.756646728515648,0.7795000000000001,2026-09-29 02:33
GRID_003252,10.232893244804403,76.84808251815004,0.026210908,LOW,20.756646728515648,0.8641000000000001,2026-09-29 02:33
GRID_003253,10.232893244804403,76.85808251815004,0.0261817,LOW,20.756646728515648,0.8835000000000001,2026-09-29 02:33
GRID_003254,10.232893244804403,76.86808251815005,0.026217131,LOW,20.756646728515648,0.8674000000000001,2026-09-29 02:33
GRID_003255,10.232893244804403,76.87808251815005,0.02505085,LOW,17.156640625000023,0.8599,2026-09-29 02:33
GRID_003256,10.232893244804403,76.88808251815006,0.025019797,LOW,17.156640625000023,0.8701000000000001,2026-09-29 02:33
GRID_003257,10.232893244804403,76.89808251815006,0.02510677,LOW,17.156640625000023,0.8348,2026-09-29 02:33
GRID_003258,10.232893244804403,76.90808251815007,0.02495588,LOW,17.156640625000023,0.8931,2026-09-29 02:33
GRID_003259,10.232893244804403,76.94808251815009,0.025128866,LOW,17.156640625000023,0.8349000000000001,2026-09-29 02:33
GRID_003260,10.232893244804403,76.98808251815011,0.02519021,LOW,17.156640625000023,0.8119000000000001,2026-09-29 02:33
GRID_003261,10.232893244804403,77.03808251815013,0.41450095,MODERATE,17.156640625000023,0.7381000000000001,2026-09-29 02:33
GRID_003262,10.232893244804403,77.04808251815014,0.48564914,MODERATE,17.156640625000023,0.6429,2026-09-29 02:33
GRID_003263,10.232893244804403,77.05808251815014,0.48620933,MODERATE,17.156640625000023,0.6388,2026-09-29 02:33
GRID_003264,10.232893244804403,77.06808251815015,0.48620284,MODERATE,17.156640625000023,0.6388,2026-09-29 02:33
GRID_003265,10.232893244804403,77.08808251815016,0.46949077,MODERATE,17.156640625000023,0.7339,2026-09-29 02:33
GRID_003266,10.232893244804403,77.09808251815016,0.05363371,LOW,17.156640625000023,0.7707,2026-09-29 02:33
GRID_003267,10.232893244804403,77.10808251815017,0.46949932,MODERATE,17.156640625000023,0.7332000000000001,2026-09-29 02:33
GRID_003268,10.232893244804403,77.11808251815017,0.025061306,LOW,17.156640625000023,0.8529,2026-09-29 02:33
GRID_003269,10.232893244804403,77.14808251815019,0.004499221,LOW,17.356652832031273,0.8409000000000001,2026-09-29 02:33
GRID_003270,10.242893244804405,76.47808251814985,0.0021502208,LOW,22.956658935546898,0.9505,2026-09-29 02:33
GRID_003271,10.242893244804405,76.50808251814986,0.0024615764,LOW,22.956658935546898,0.8112,2026-09-29 02:33
GRID_003272,10.242893244804405,76.51808251814987,0.0024373138,LOW,22.956658935546898,0.8179000000000001,2026-09-29 02:33
GRID_003273,10.242893244804405,76.53808251814988,0.0023425268,LOW,22.956658935546898,0.8529,2026-09-29 02:33
GRID_003274,10.242893244804405,76.54808251814988,0.0024104388,LOW,22.956658935546898,0.8301000000000001,2026-09-29 02:33
GRID_003275,10.242893244804405,76.55808251814989,0.0024089427,LOW,22.956658935546898,0.8314,2026-09-29 02:33
GRID_003276,10.242893244804405,76.5780825181499,0.0024316953,LOW,22.956658935546898,0.8190000000000001,2026-09-29 02:33
GRID_003277,10.242893244804405,76.59808251814991,0.0024126081,LOW,22.956658935546898,0.8209000000000001,2026-09-29 02:33
GRID_003278,10.242893244804405,76.61808251814992,0.002332103,LOW,22.956658935546898,0.8559,2026-09-29 02:33
GRID_003279,10.242893244804405,76.66808251814994,0.026288792,LOW,20.756646728515648,0.8367,2026-09-29 02:33
GRID_003280,10.242893244804405,76.68808251814995,0.026224492,LOW,20.756646728515648,0.863,2026-09-29 02:33
GRID_003281,10.242893244804405,76.75808251814999,0.5662212,MODERATE,20.756646728515648,0.2365,2026-09-29 02:33
GRID_003282,10.242893244804405,76.76808251815,0.6005907,HIGH,20.756646728515648,0.1327,2026-09-29 02:33
GRID_003283,10.242893244804405,76.77808251815,0.553453,MODERATE,20.756646728515648,0.3367,2026-09-29 02:33
GRID_003284,10.242893244804405,76.78808251815,0.026108954,LOW,20.756646728515648,0.9188,2026-09-29 02:33
GRID_003285,10.242893244804405,76.79808251815001,0.055783167,LOW,20.756646728515648,0.771,2026-09-29 02:33
GRID_003286,10.242893244804405,76.80808251815002,0.46238735,MODERATE,20.756646728515648,0.7205,2026-09-29 02:33
GRID_003287,10.242893244804405,76.84808251815004,0.02611657,LOW,20.756646728515648,0.9072,2026-09-29 02:33
GRID_003288,10.242893244804405,76.85808251815004,0.026162604,LOW,20.756646728515648,0.8796,2026-09-29 02:33
GRID_003289,10.242893244804405,76.86808251815005,0.026175749,LOW,20.756646728515648,0.8872,2026-09-29 02:33
GRID_003290,10.242893244804405,76.88808251815006,0.024959836,LOW,17.156640625000023,0.8796,2026-09-29 02:33
GRID_003291,10.242893244804405,76.89808251815006,0.025156178,LOW,17.156640625000023,0.8267,2026-09-29 02:33
GRID_003292,10.242893244804405,76.90808251815007,0.24674293,LOW,17.156640625000023,0.7805000000000001,2026-09-29 02:33
GRID_003293,10.242893244804405,76.91808251815007,0.025039876,LOW,17.156640625000023,0.8520000000000001,2026-09-29 02:33
GRID_003294,10.242893244804405,76.92808251815008,0.024961313,LOW,17.156640625000023,0.8854000000000001,2026-09-29 02:33
GRID_003295,10.242893244804405,76.93808251815008,0.02496267,LOW,17.156640625000023,0.8895000000000001,2026-09-29 02:33
GRID_003296,10.242893244804405,76.94808251815009,0.024965934,LOW,17.156640625000023,0.8938,2026-09-29 02:33
GRID_003297,10.242893244804405,76.95808251815009,0.024985354,LOW,17.156640625000023,0.8836,2026-09-29 02:33
GRID_003298,10.242893244804405,76.9680825181501,0.025025591,LOW,17.156640625000023,0.8696,2026-09-29 02:33
GRID_003299,10.242893244804405,76.9780825181501,0.025049303,LOW,17.156640625000023,0.8608,2026-09-29 02:33
GRID_003300,10.242893244804405,77.04808251815014,0.49326438,MODERATE,17.156640625000023,0.7049000000000001,2026-09-29 02:33
GRID_003301,10.242893244804405,77.05808251815014,0.0073539624,LOW,17.156640625000023,0.7514000000000001,2026-09-29 02:33
GRID_003302,10.242893244804405,77.06808251815015,0.46956643,MODERATE,17.156640625000023,0.7145,2026-09-29 02:33
GRID_003303,10.242893244804405,77.07808251815015,0.025013518,LOW,17.156640625000023,0.8676,2026-09-29 02:33
GRID_003304,10.242893244804405,77.08808251815016,0.49314374,MODERATE,17.156640625000023,0.7063,2026-09-29 02:33
GRID_003305,10.242893244804405,77.09808251815016,0.49829856,MODERATE,17.156640625000023,0.6672,2026-09-29 02:33
GRID_003306,10.242893244804405,77.10808251815017,0.47870347,MODERATE,17.156640625000023,0.6501,2026-09-29 02:33
GRID_003307,10.242893244804405,77.11808251815017,0.24861653,LOW,17.156640625000023,0.7904,2026-09-29 02:33
GRID_003308,10.242893244804405,77.12808251815018,0.0044414112,LOW,17.356652832031273,0.8738,2026-09-29 02:33
GRID_003309,10.242893244804405,77.13808251815018,0.004550119,LOW,17.356652832031273,0.8233,2026-09-29 02:33
GRID_003310,10.242893244804405,77.14808251815019,0.0045160167,LOW,17.356652832031273,0.8432000000000001,2026-09-29 02:33
GRID_003311,10.242893244804405,77.18808251815021,0.010167298,LOW,17.356652832031273,0.7901,2026-09-29 02:33
GRID_003312,10.252893244804405,76.49808251814986,0.0024315487,LOW,22.956658935546898,0.8213,2026-09-29 02:33
GRID_003313,10.252893244804405,76.50808251814986,0.2877831,LOW,22.956658935546898,0.7849,2026-09-29 02:33
GRID_003314,10.252893244804405,76.51808251814987,0.002431558,LOW,22.956658935546898,0.8219000000000001,2026-09-29 02:33
GRID_003315,10.252893244804405,76.52808251814987,0.007430698,LOW,22.956658935546898,0.7959,2026-09-29 02:33
GRID_003316,10.252893244804405,76.54808251814988,0.007441899,LOW,22.956658935546898,0.7913,2026-09-29 02:33
GRID_003317,10.252893244804405,76.5880825181499,0.0023555867,LOW,22.956658935546898,0.8501000000000001,2026-09-29 02:33
GRID_003318,10.252893244804405,76.59808251814991,0.0024242913,LOW,22.956658935546898,0.8099000000000001,2026-09-29 02:33
GRID_003319,10.252893244804405,76.60808251814991,0.0024359762,LOW,22.956658935546898,0.8162,2026-09-29 02:33
GRID_003320,10.252893244804405,76.61808251814992,0.002413378,LOW,22.956658935546898,0.8232,2026-09-29 02:33
GRID_003321,10.252893244804405,76.62808251814992,0.026255244,LOW,20.756646728515648,0.8550000000000001,2026-09-29 02:33
GRID_003322,10.252893244804405,76.63808251814993,0.026192384,LOW,20.756646728515648,0.885,2026-09-29 02:33
GRID_003323,10.252893244804405,76.64808251814993,0.026238812,LOW,20.756646728515648,0.8613000000000001,2026-09-29 02:33
GRID_003324,10.252893244804405,76.65808251814994,0.026338862,LOW,20.756646728515648,0.8164,2026-09-29 02:33
GRID_003325,10.252893244804405,76.67808251814995,0.026395606,LOW,20.756646728515648,0.8036000000000001,2026-09-29 02:33
GRID_003326,10.252893244804405,76.68808251814995,0.5177852,MODERATE,20.756646728515648,0.4017,2026-09-29 02:33
GRID_003327,10.252893244804405,76.73808251814998,0.51588374,MODERATE,20.756646728515648,0.4124,2026-09-29 02:33
GRID_003328,10.252893244804405,76.74808251814999,0.25403288,LOW,20.756646728515648,0.7968000000000001,2026-09-29 02:33
GRID_003329,10.252893244804405,76.75808251814999,0.026159512,LOW,20.756646728515648,0.901,2026-09-29 02:33
GRID_003330,10.252893244804405,76.76808251815,0.48557854,MODERATE,20.756646728515648,0.6559,2026-09-29 02:33
GRID_003331,10.252893244804405,76.81808251815002,0.49375904,MODERATE,20.756646728515648,0.5857,2026-09-29 02:33
GRID_003332,10.252893244804405,76.82808251815003,0.5165929,MODERATE,20.756646728515648,0.4675,2026-09-29 02:33
GRID_003333,10.252893244804405,76.83808251815003,0.0262351,LOW,20.756646728515648,0.8593000000000001,2026-09-29 02:33
GRID_003334,10.252893244804405,76.85808251815004,0.25213337,LOW,20.756646728515648,0.7761,2026-09-29 02:33
GRID_003335,10.252893244804405,76.86808251815005,0.02625405,LOW,20.756646728515648,0.8557,2026-09-29 02:33
GRID_003336,10.252893244804405,76.88808251815006,0.02494175,LOW,17.156640625000023,0.8932,2026-09-29 02:33
GRID_003337,10.252893244804405,76.89808251815006,0.024977647,LOW,17.156640625000023,0.8779,2026-09-29 02:33
GRID_003338,10.252893244804405,76.90808251815007,0.02511679,LOW,17.156640625000023,0.8349000000000001,2026-09-29 02:33
GRID_003339,10.252893244804405,76.91808251815007,0.02523202,LOW,17.156640625000023,0.8032,2026-09-29 02:33
GRID_003340,10.252893244804405,76.92808251815008,0.02517612,LOW,17.156640625000023,0.8201,2026-09-29 02:33
GRID_003341,10.252893244804405,76.93808251815008,0.025004286,LOW,17.156640625000023,0.8774000000000001,2026-09-29 02:33
GRID_003342,10.252893244804405,76.94808251815009,0.024946775,LOW,17.156640625000023,0.9006000000000001,2026-09-29 02:33
GRID_003343,10.252893244804405,76.95808251815009,0.024952762,LOW,17.156640625000023,0.8861,2026-09-29 02:33
GRID_003344,10.252893244804405,76.9680825181501,0.025026603,LOW,17.156640625000023,0.863,2026-09-29 02:33
GRID_003345,10.252893244804405,77.04808251815014,0.025143895,LOW,17.156640625000023,0.8211,2026-09-29 02:33
GRID_003346,10.252893244804405,77.06808251815015,0.025136227,LOW,17.156640625000023,0.8271000000000001,2026-09-29 02:33
GRID_003347,10.252893244804405,77.07808251815015,0.017217197,LOW,17.156640625000023,0.7472000000000001,2026-09-29 02:33
GRID_003348,10.252893244804405,77.08808251815016,0.49695975,MODERATE,17.156640625000023,0.6701,2026-09-29 02:33
GRID_003349,10.252893244804405,77.09808251815016,0.49669164,MODERATE,17.156640625000023,0.673,2026-09-29 02:33
GRID_003350,10.252893244804405,77.10808251815017,0.02503479,LOW,17.156640625000023,0.8634000000000001,2026-09-29 02:33
GRID_003351,10.252893244804405,77.11808251815017,0.024981067,LOW,17.156640625000023,0.8829,2026-09-29 02:33
GRID_003352,10.252893244804405,77.12808251815018,0.010129372,LOW,17.356652832031273,0.7955,2026-09-29 02:33
GRID_003353,10.252893244804405,77.13808251815018,0.0045028734,LOW,17.356652832031273,0.8389000000000001,2026-09-29 02:33
GRID_003354,10.252893244804405,77.1580825181502,0.0046446575,LOW,17.356652832031273,0.7981,2026-09-29 02:33
GRID_003355,10.252893244804405,77.18808251815021,0.30066952,LOW,17.356652832031273,0.7241000000000001,2026-09-29 02:33
GRID_003356,10.262893244804404,76.42808251814982,0.0024722707,LOW,22.956658935546898,0.8078000000000001,2026-09-29 02:33
GRID_003357,10.262893244804404,76.48808251814985,0.0023839343,LOW,22.956658935546898,0.8385,2026-09-29 02:33
GRID_003358,10.262893244804404,76.49808251814986,0.0024114219,LOW,22.956658935546898,0.8280000000000001,2026-09-29 02:33
GRID_003359,10.262893244804404,76.51808251814987,0.47941068,MODERATE,22.956658935546898,0.6914,2026-09-29 02:33
GRID_003360,10.262893244804404,76.52808251814987,0.002497625,LOW,22.956658935546898,0.7989,2026-09-29 02:33
GRID_003361,10.262893244804404,76.53808251814988,0.0024460778,LOW,22.956658935546898,0.8160000000000001,2026-09-29 02:33
GRID_003362,10.262893244804404,76.54808251814988,0.0024346232,LOW,22.956658935546898,0.8172,2026-09-29 02:33
GRID_003363,10.262893244804404,76.55808251814989,0.002305393,LOW,22.956658935546898,0.8743000000000001,2026-09-29 02:33
GRID_003364,10.262893244804404,76.5680825181499,0.0024188163,LOW,22.956658935546898,0.8258000000000001,2026-09-29 02:33
GRID_003365,10.262893244804404,76.5780825181499,0.0024016027,LOW,22.956658935546898,0.8264,2026-09-29 02:33
GRID_003366,10.262893244804404,76.5880825181499,0.0023886985,LOW,22.956658935546898,0.8300000000000001,2026-09-29 02:33
GRID_003367,10.262893244804404,76.61808251814992,0.0022306964,LOW,22.956658935546898,0.887,2026-09-29 02:33
GRID_003368,10.262893244804404,76.64808251814993,0.026343558,LOW,20.756646728515648,0.8105,2026-09-29 02:33
GRID_003369,10.262893244804404,76.66808251814994,0.026317252,LOW,20.756646728515648,0.8286,2026-09-29 02:33
GRID_003370,10.262893244804404,76.68808251814995,0.48367232,MODERATE,20.756646728515648,0.7261000000000001,2026-09-29 02:33
GRID_003371,10.262893244804404,76.72808251814998,0.25214255,LOW,20.756646728515648,0.778,2026-09-29 02:33
GRID_003372,10.262893244804404,76.73808251814998,0.2521312,LOW,20.756646728515648,0.7809,2026-09-29 02:33
GRID_003373,10.262893244804404,76.76808251815,0.026372092,LOW,20.756646728515648,0.8002,2026-09-29 02:33
GRID_003374,10.262893244804404,76.79808251815001,0.026192587,LOW,20.756646728515648,0.8814000000000001,2026-09-29 02:33
GRID_003375,10.262893244804404,76.80808251815002,0.026190648,LOW,20.756646728515648,0.8798,2026-09-29 02:33
GRID_003376,10.262893244804404,76.81808251815002,0.02619667,LOW,20.756646728515648,0.8736,2026-09-29 02:33
GRID_003377,10.262893244804404,76.82808251815003,0.02618309,LOW,20.756646728515648,0.8824000000000001,2026-09-29 02:33
GRID_003378,10.262893244804404,76.83808251815003,0.026197944,LOW,20.756646728515648,0.8753000000000001,2026-09-29 02:33
GRID_003379,10.262893244804404,76.84808251815004,0.18013142,LOW,20.756646728515648,0.7653000000000001,2026-09-29 02:33
GRID_003380,10.262893244804404,76.85808251815004,0.026192868,LOW,20.756646728515648,0.8776,2026-09-29 02:33
GRID_003381,10.262893244804404,76.86808251815005,0.026155127,LOW,20.756646728515648,0.8928,2026-09-29 02:33
GRID_003382,10.262893244804404,76.88808251815006,0.02506419,LOW,17.156640625000023,0.8540000000000001,2026-09-29 02:33
GRID_003383,10.262893244804404,76.89808251815006,0.025048325,LOW,17.156640625000023,0.8607,2026-09-29 02:33
GRID_003384,10.262893244804404,76.90808251815007,0.025182985,LOW,17.156640625000023,0.8190000000000001,2026-09-29 02:33
GRID_003385,10.262893244804404,76.91808251815007,0.025142604,LOW,17.156640625000023,0.8294,2026-09-29 02:33
GRID_003386,10.262893244804404,76.92808251815008,0.025057139,LOW,17.156640625000023,0.8582000000000001,2026-09-29 02:33
GRID_003387,10.262893244804404,76.93808251815008,0.02518462,LOW,17.156640625000023,0.8164,2026-09-29 02:33
GRID_003388,10.262893244804404,76.94808251815009,0.024975654,LOW,17.156640625000023,0.8904000000000001,2026-09-29 02:33
GRID_003389,10.262893244804404,77.06808251815015,0.025009943,LOW,17.156640625000023,0.8682000000000001,2026-09-29 02:33
GRID_003390,10.262893244804404,77.09808251815016,0.46983716,MODERATE,17.156640625000023,0.7082,2026-09-29 02:33
GRID_003391,10.262893244804404,77.12808251815018,0.0044737556,LOW,17.356652832031273,0.8512000000000001,2026-09-29 02:33
GRID_003392,10.262893244804404,77.18808251815021,0.25088662,LOW,17.356652832031273,0.6940000000000001,2026-09-29 02:33
GRID_003393,10.262893244804404,77.19808251815022,0.07301552,LOW,17.356652832031273,0.7265,2026-09-29 02:33
GRID_003394,10.272893244804402,76.42808251814982,0.007454617,LOW,22.956658935546898,0.7868,2026-09-29 02:33
GRID_003395,10.272893244804402,76.44808251814983,0.11764355,LOW,22.956658935546898,0.7716000000000001,2026-09-29 02:33
GRID_003396,10.272893244804402,76.47808251814985,0.0023565448,LOW,22.956658935546898,0.8470000000000001,2026-09-29 02:33
GRID_003397,10.272893244804402,76.51808251814987,0.007426408,LOW,22.956658935546898,0.7895000000000001,2026-09-29 02:33
GRID_003398,10.272893244804402,76.55808251814989,0.002336884,LOW,22.956658935546898,0.8579,2026-09-29 02:33
GRID_003399,10.272893244804402,76.5680825181499,0.0023621973,LOW,22.956658935546898,0.8291000000000001,2026-09-29 02:33
GRID_003400,10.272893244804402,76.60808251814991,0.0024157683,LOW,22.956658935546898,0.8162,2026-09-29 02:33
GRID_003401,10.272893244804402,76.61808251814992,0.002292343,LOW,22.956658935546898,0.8603000000000001,2026-09-29 02:33
GRID_003402,10.272893244804402,76.67808251814995,0.026260765,LOW,20.756646728515648,0.8496,2026-09-29 02:33
GRID_003403,10.272893244804402,76.69808251814996,0.026379384,LOW,20.756646728515648,0.8052,2026-09-29 02:33
GRID_003404,10.272893244804402,76.71808251814997,0.026346726,LOW,20.756646728515648,0.8176,2026-09-29 02:33
GRID_003405,10.272893244804402,76.72808251814998,0.026311949,LOW,20.756646728515648,0.8282,2026-09-29 02:33
GRID_003406,10.272893244804402,76.75808251814999,0.49499717,MODERATE,20.756646728515648,0.6689,2026-09-29 02:33
GRID_003407,10.272893244804402,76.80808251815002,0.02616461,LOW,20.756646728515648,0.8931,2026-09-29 02:33
GRID_003408,10.272893244804402,76.81808251815002,0.02614069,LOW,20.756646728515648,0.9016,2026-09-29 02:33
GRID_003409,10.272893244804402,76.82808251815003,0.02618991,LOW,20.756646728515648,0.8789,2026-09-29 02:33
GRID_003410,10.272893244804402,76.83808251815003,0.026179701,LOW,20.756646728515648,0.8811,2026-09-29 02:33
GRID_003411,10.272893244804402,76.84808251815004,0.026184894,LOW,20.756646728515648,0.883,2026-09-29 02:33
GRID_003412,10.272893244804402,76.85808251815004,0.026156057,LOW,20.756646728515648,0.8876000000000001,2026-09-29 02:33
GRID_003413,10.272893244804402,76.86808251815005,0.18011372,LOW,20.756646728515648,0.7664000000000001,2026-09-29 02:33
GRID_003414,10.272893244804402,76.87808251815005,0.025072007,LOW,17.156640625000023,0.8490000000000001,2026-09-29 02:33
GRID_003415,10.272893244804402,76.89808251815006,0.025074817,LOW,17.156640625000023,0.8515,2026-09-29 02:33
GRID_003416,10.272893244804402,76.90808251815007,0.02505327,LOW,17.156640625000023,0.8601000000000001,2026-09-29 02:33
GRID_003417,10.272893244804402,76.91808251815007,0.025115669,LOW,17.156640625000023,0.8382000000000001,2026-09-29 02:33
GRID_003418,10.272893244804402,76.92808251815008,0.025045281,LOW,17.156640625000023,0.8631000000000001,2026-09-29 02:33
GRID_003419,10.272893244804402,76.93808251815008,0.025059547,LOW,17.156640625000023,0.8552000000000001,2026-09-29 02:33
GRID_003420,10.272893244804402,76.94808251815009,0.02519741,LOW,17.156640625000023,0.8132,2026-09-29 02:33
GRID_003421,10.272893244804402,77.13808251815018,0.004510459,LOW,17.356652832031273,0.8415,2026-09-29 02:33
GRID_003422,10.272893244804402,77.1580825181502,0.010789464,LOW,17.356652832031273,0.7856000000000001,2026-09-29 02:33
GRID_003423,10.272893244804402,77.1680825181502,0.0044933083,LOW,17.356652832031273,0.7652,2026-09-29 02:33
GRID_003424,10.282893244804402,76.44808251814983,0.479616,MODERATE,22.956658935546898,0.7066,2026-09-29 02:33
GRID_003425,10.282893244804402,76.46808251814984,0.002276489,LOW,22.956658935546898,0.8775000000000001,2026-09-29 02:33
GRID_003426,10.282893244804402,76.47808251814985,0.0023608534,LOW,22.956658935546898,0.8332,2026-09-29 02:33
GRID_003427,10.282893244804402,76.48808251814985,0.0023158183,LOW,22.956658935546898,0.8594,2026-09-29 02:33
GRID_003428,10.282893244804402,76.49808251814986,0.0023154484,LOW,22.956658935546898,0.8525,2026-09-29 02:33
GRID_003429,10.282893244804402,76.51808251814987,0.42884833,MODERATE,22.956658935546898,0.7000000000000001,2026-09-29 02:33
GRID_003430,10.282893244804402,76.52808251814987,0.47862402,MODERATE,22.956658935546898,0.6242,2026-09-29 02:33
GRID_003431,10.282893244804402,76.53808251814988,0.002464672,LOW,22.956658935546898,0.8043,2026-09-29 02:33
GRID_003432,10.282893244804402,76.54808251814988,0.002319477,LOW,22.956658935546898,0.8526,2026-09-29 02:33
GRID_003433,10.282893244804402,76.55808251814989,0.0024805982,LOW,22.956658935546898,0.7987000000000001,2026-09-29 02:33
GRID_003434,10.282893244804402,76.59808251814991,0.002375567,LOW,22.956658935546898,0.8342,2026-09-29 02:33
GRID_003435,10.282893244804402,76.61808251814992,0.0022756814,LOW,22.956658935546898,0.8824000000000001,2026-09-29 02:33
GRID_003436,10.282893244804402,76.62808251814992,0.026168749,LOW,20.756646728515648,0.8954000000000001,2026-09-29 02:33
GRID_003437,10.282893244804402,76.63808251814993,0.026137035,LOW,20.756646728515648,0.9023,2026-09-29 02:33
GRID_003438,10.282893244804402,76.64808251814993,0.026251672,LOW,20.756646728515648,0.8526,2026-09-29 02:33
GRID_003439,10.282893244804402,76.65808251814994,0.026227878,LOW,20.756646728515648,0.8664000000000001,2026-09-29 02:33
GRID_003440,10.282893244804402,76.66808251814994,0.0263064,LOW,20.756646728515648,0.8308000000000001,2026-09-29 02:33
GRID_003441,10.282893244804402,76.67808251814995,0.026311323,LOW,20.756646728515648,0.8298000000000001,2026-09-29 02:33
GRID_003442,10.282893244804402,76.68808251814995,0.026336435,LOW,20.756646728515648,0.8183,2026-09-29 02:33
GRID_003443,10.282893244804402,76.69808251814996,0.026240114,LOW,20.756646728515648,0.8598,2026-09-29 02:33
GRID_003444,10.282893244804402,76.70808251814996,0.02633365,LOW,20.756646728515648,0.8218000000000001,2026-09-29 02:33
GRID_003445,10.282893244804402,76.71808251814997,0.026384296,LOW,20.756646728515648,0.805,2026-09-29 02:33
GRID_003446,10.282893244804402,76.74808251814999,0.055771455,LOW,20.756646728515648,0.7665000000000001,2026-09-29 02:33
GRID_003447,10.282893244804402,76.75808251814999,0.02636587,LOW,20.756646728515648,0.8101,2026-09-29 02:33
GRID_003448,10.282893244804402,76.78808251815,0.026232893,LOW,20.756646728515648,0.8649,2026-09-29 02:33
GRID_003449,10.282893244804402,76.79808251815001,0.026291717,LOW,20.756646728515648,0.8375,2026-09-29 02:33
GRID_003450,10.282893244804402,76.80808251815002,0.02632438,LOW,20.756646728515648,0.8213,2026-09-29 02:33
GRID_003451,10.282893244804402,76.83808251815003,0.026149046,LOW,20.756646728515648,0.89,2026-09-29 02:33
GRID_003452,10.282893244804402,76.91808251815007,0.05366349,LOW,17.156640625000023,0.7697,2026-09-29 02:33
GRID_003453,10.282893244804402,76.92808251815008,0.025139501,LOW,17.156640625000023,0.8315,2026-09-29 02:33
GRID_003454,10.282893244804402,76.93808251815008,0.24866267,LOW,17.156640625000023,0.7889,2026-09-29 02:33
GRID_003455,10.282893244804402,76.94808251815009,0.025090063,LOW,17.156640625000023,0.8473,2026-09-29 02:33
GRID_003456,10.282893244804402,77.03808251815013,0.025138188,LOW,17.156640625000023,0.8202,2026-09-29 02:33
GRID_003457,10.282893244804402,77.06808251815015,0.46156922,MODERATE,17.156640625000023,0.6932,2026-09-29 02:33
GRID_003458,10.282893244804402,77.07808251815015,0.46950147,MODERATE,17.156640625000023,0.7352000000000001,2026-09-29 02:33
GRID_003459,10.282893244804402,77.12808251815018,0.004452936,LOW,17.356652832031273,0.8633000000000001,2026-09-29 02:33
GRID_003460,10.282893244804402,77.13808251815018,0.01015285,LOW,17.356652832031273,0.7894,2026-09-29 02:33
GRID_003461,10.292893244804402,76.46808251814984,0.3160932,LOW,22.956658935546898,0.7179,2026-09-29 02:33
GRID_003462,10.292893244804402,76.47808251814985,0.11765728,LOW,22.956658935546898,0.7684000000000001,2026-09-29 02:33
GRID_003463,10.292893244804402,76.48808251814985,0.0024995976,LOW,22.956658935546898,0.7993,2026-09-29 02:33
GRID_003464,10.292893244804402,76.49808251814986,0.0023331274,LOW,22.956658935546898,0.8587,2026-09-29 02:33
GRID_003465,10.292893244804402,76.52808251814987,0.0024866122,LOW,22.956658935546898,0.7987000000000001,2026-09-29 02:33
GRID_003466,10.292893244804402,76.53808251814988,0.28779072,LOW,22.956658935546898,0.7812,2026-09-29 02:33
GRID_003467,10.292893244804402,76.54808251814988,0.49142516,MODERATE,22.956658935546898,0.5797,2026-09-29 02:33
GRID_003468,10.292893244804402,76.66808251814994,0.0077414196,LOW,20.756646728515648,0.7531,2026-09-29 02:33
GRID_003469,10.292893244804402,76.67808251814995,0.026256686,LOW,20.756646728515648,0.8539,2026-09-29 02:33
GRID_003470,10.292893244804402,76.68808251814995,0.026306583,LOW,20.756646728515648,0.8322,2026-09-29 02:33
GRID_003471,10.292893244804402,76.69808251814996,0.026337406,LOW,20.756646728515648,0.8214,2026-09-29 02:33
GRID_003472,10.292893244804402,76.70808251814996,0.026305314,LOW,20.756646728515648,0.8328,2026-09-29 02:33
GRID_003473,10.292893244804402,76.71808251814997,0.026327277,LOW,20.756646728515648,0.8224,2026-09-29 02:33
GRID_003474,10.292893244804402,76.72808251814998,0.026331065,LOW,20.756646728515648,0.8180000000000001,2026-09-29 02:33
GRID_003475,10.292893244804402,76.75808251814999,0.026345206,LOW,20.756646728515648,0.8178000000000001,2026-09-29 02:33
GRID_003476,10.292893244804402,76.78808251815,0.026196435,LOW,20.756646728515648,0.8834000000000001,2026-09-29 02:33
GRID_003477,10.292893244804402,76.79808251815001,0.026264947,LOW,20.756646728515648,0.8495,2026-09-29 02:33
GRID_003478,10.292893244804402,76.80808251815002,0.02619737,LOW,20.756646728515648,0.8784000000000001,2026-09-29 02:33
GRID_003479,10.292893244804402,76.92808251815008,0.248645,LOW,17.156640625000023,0.7923,2026-09-29 02:33
GRID_003480,10.292893244804402,76.93808251815008,0.025073307,LOW,17.156640625000023,0.8536,2026-09-29 02:33
GRID_003481,10.292893244804402,76.94808251815009,0.025151918,LOW,17.156640625000023,0.8252,2026-09-29 02:33
GRID_003482,10.292893244804402,76.95808251815009,0.025226027,LOW,17.156640625000023,0.806,2026-09-29 02:33
GRID_003483,10.292893244804402,77.04808251815014,0.24858269,LOW,17.156640625000023,0.7964,2026-09-29 02:33
GRID_003484,10.292893244804402,77.12808251815018,0.0044699693,LOW,17.356652832031273,0.8587,2026-09-29 02:33
GRID_003485,10.302893244804402,76.49808251814986,0.002324643,LOW,22.956658935546898,0.8612000000000001,2026-09-29 02:33
GRID_003486,10.302893244804402,76.50808251814986,0.002316687,LOW,22.956658935546898,0.8621000000000001,2026-09-29 02:33
GRID_003487,10.302893244804402,76.51808251814987,0.0023313225,LOW,22.956658935546898,0.8498,2026-09-29 02:33
GRID_003488,10.302893244804402,76.54808251814988,0.0024049613,LOW,22.956658935546898,0.8186,2026-09-29 02:33
GRID_003489,10.302893244804402,76.55808251814989,0.0024461295,LOW,22.956658935546898,0.8121,2026-09-29 02:33
GRID_003490,10.302893244804402,76.5780825181499,0.0024513425,LOW,22.956658935546898,0.8105,2026-09-29 02:33
GRID_003491,10.302893244804402,76.59808251814991,0.004045639,LOW,22.956658935546898,0.7474000000000001,2026-09-29 02:33
GRID_003492,10.302893244804402,76.71808251814997,0.25404707,LOW,20.756646728515648,0.7927000000000001,2026-09-29 02:33
GRID_003493,10.302893244804402,76.72808251814998,0.18015155,LOW,20.756646728515648,0.7613000000000001,2026-09-29 02:33
GRID_003494,10.302893244804402,76.76808251815,0.25213975,LOW,20.756646728515648,0.7784000000000001,2026-09-29 02:33
GRID_003495,10.302893244804402,76.77808251815,0.52064514,MODERATE,20.756646728515648,0.394,2026-09-29 02:33
GRID_003496,10.302893244804402,76.78808251815,0.026248947,LOW,20.756646728515648,0.8537,2026-09-29 02:33
GRID_003497,10.302893244804402,76.79808251815001,0.5608163,MODERATE,20.756646728515648,0.3236,2026-09-29 02:33
GRID_003498,10.302893244804402,76.95808251815009,0.025095578,LOW,17.156640625000023,0.8450000000000001,2026-09-29 02:33
GRID_003499,10.302893244804402,76.98808251815011,0.024989972,LOW,17.156640625000023,0.8795000000000001,2026-09-29 02:33
GRID_003500,10.302893244804402,76.99808251815011,0.024989624,LOW,17.156640625000023,0.8796,2026-09-29 02:33
GRID_003501,10.302893244804402,77.02808251815013,0.025252117,LOW,17.156640625000023,0.7987000000000001,2026-09-29 02:33
GRID_003502,10.302893244804402,77.03808251815013,0.025229475,LOW,17.156640625000023,0.7993,2026-09-29 02:33
GRID_003503,10.302893244804402,77.04808251815014,0.025172377,LOW,17.156640625000023,0.8171,2026-09-29 02:33
GRID_003504,10.312893244804402,76.48808251814985,0.0022715884,LOW,22.956658935546898,0.8755000000000001,2026-09-29 02:33
GRID_003505,10.312893244804402,76.49808251814986,0.0023388425,LOW,22.956658935546898,0.8528,2026-09-29 02:33
GRID_003506,10.312893244804402,76.50808251814986,0.0024408991,LOW,22.956658935546898,0.8031,2026-09-29 02:33
GRID_003507,10.312893244804402,76.51808251814987,0.0023289507,LOW,22.956658935546898,0.8435,2026-09-29 02:33
GRID_003508,10.312893244804402,76.52808251814987,0.0023556342,LOW,22.956658935546898,0.8354,2026-09-29 02:33
GRID_003509,10.312893244804402,76.53808251814988,0.47694787,MODERATE,22.956658935546898,0.612,2026-09-29 02:33
GRID_003510,10.312893244804402,76.61808251814992,0.49238187,MODERATE,22.956658935546898,0.6723,2026-09-29 02:33
GRID_003511,10.312893244804402,76.77808251815,0.15099572,LOW,20.756646728515648,0.7427,2026-09-29 02:33
GRID_003512,10.312893244804402,76.78808251815,0.49474207,MODERATE,20.756646728515648,0.677,2026-09-29 02:33
GRID_003513,10.312893244804402,76.95808251815009,0.025213065,LOW,17.156640625000023,0.8087000000000001,2026-09-29 02:33
GRID_003514,10.312893244804402,76.9680825181501,0.025034048,LOW,17.156640625000023,0.8617,2026-09-29 02:33
GRID_003515,10.312893244804402,76.9780825181501,0.025236826,LOW,17.156640625000023,0.8041,2026-09-29 02:33
GRID_003516,10.312893244804402,76.98808251815011,0.024982492,LOW,17.156640625000023,0.8838,2026-09-29 02:33
GRID_003517,10.3228932448044,76.47808251814985,0.28773513,LOW,22.956658935546898,0.7844,2026-09-29 02:33
GRID_003518,10.3228932448044,76.52808251814987,0.0022327767,LOW,22.956658935546898,0.8936000000000001,2026-09-29 02:33
GRID_003519,10.3228932448044,76.54808251814988,0.0022637679,LOW,22.956658935546898,0.8861,2026-09-29 02:33
GRID_003520,10.3228932448044,76.5680825181499,0.0022518784,LOW,22.956658935546898,0.8821,2026-09-29 02:33
GRID_003521,10.3228932448044,76.5880825181499,0.002286476,LOW,22.956658935546898,0.8697,2026-09-29 02:33
GRID_003522,10.3228932448044,76.63808251814993,0.51567346,MODERATE,20.756646728515648,0.4116,2026-09-29 02:33
GRID_003523,10.3228932448044,76.69808251814996,0.026342684,LOW,20.756646728515648,0.8172,2026-09-29 02:33
GRID_003524,10.3228932448044,76.70808251814996,0.252124,LOW,20.756646728515648,0.7847000000000001,2026-09-29 02:33
GRID_003525,10.3228932448044,76.75808251814999,0.026390938,LOW,20.756646728515648,0.8001,2026-09-29 02:33
GRID_003526,10.3228932448044,76.78808251815,0.4970653,MODERATE,20.756646728515648,0.6119,2026-09-29 02:33
GRID_003527,10.3228932448044,76.95808251815009,0.49349603,MODERATE,17.156640625000023,0.7062,2026-09-29 02:33
GRID_003528,10.3228932448044,76.9680825181501,0.025114873,LOW,17.156640625000023,0.8363,2026-09-29 02:33
GRID_003529,10.3228932448044,76.9780825181501,0.025238395,LOW,17.156640625000023,0.8018000000000001,2026-09-29 02:33
GRID_003530,10.3228932448044,77.03808251815013,0.025190372,LOW,17.156640625000023,0.8086,2026-09-29 02:33
GRID_003531,10.3328932448044,76.41808251814982,0.5304478,MODERATE,22.956658935546898,0.4454,2026-09-29 02:33
GRID_003532,10.3328932448044,76.44808251814983,0.002436121,LOW,22.956658935546898,0.8203,2026-09-29 02:33
GRID_003533,10.3328932448044,76.45808251814984,0.0023347987,LOW,22.956658935546898,0.8556,2026-09-29 02:33
GRID_003534,10.3328932448044,76.46808251814984,0.0023293402,LOW,22.956658935546898,0.8526,2026-09-29 02:33
GRID_003535,10.3328932448044,76.49808251814986,0.0022536418,LOW,22.956658935546898,0.8738,2026-09-29 02:33
GRID_003536,10.3328932448044,76.51808251814987,0.0022631953,LOW,22.956658935546898,0.8741,2026-09-29 02:33
GRID_003537,10.3328932448044,76.52808251814987,0.0022062706,LOW,22.956658935546898,0.9107,2026-09-29 02:33
GRID_003538,10.3328932448044,76.53808251814988,0.0022218232,LOW,22.956658935546898,0.898,2026-09-29 02:33
GRID_003539,10.3328932448044,76.54808251814988,0.0022487976,LOW,22.956658935546898,0.8869,2026-09-29 02:33
GRID_003540,10.3328932448044,76.55808251814989,0.0024107194,LOW,22.956658935546898,0.8214,2026-09-29 02:33
GRID_003541,10.3328932448044,76.5680825181499,0.0022927625,LOW,22.956658935546898,0.8645,2026-09-29 02:33
GRID_003542,10.3328932448044,76.61808251814992,0.0022696843,LOW,22.956658935546898,0.8738,2026-09-29 02:33
GRID_003543,10.3328932448044,76.62808251814992,0.18011576,LOW,20.756646728515648,0.7656000000000001,2026-09-29 02:33
GRID_003544,10.3328932448044,76.63808251814993,0.026332771,LOW,20.756646728515648,0.8233,2026-09-29 02:33
GRID_003545,10.3328932448044,76.64808251814993,0.4703798,MODERATE,20.756646728515648,0.7073,2026-09-29 02:33
GRID_003546,10.3328932448044,76.65808251814994,0.026342127,LOW,20.756646728515648,0.8173,2026-09-29 02:33
GRID_003547,10.3328932448044,76.66808251814994,0.026310455,LOW,20.756646728515648,0.8289000000000001,2026-09-29 02:33
GRID_003548,10.3328932448044,76.67808251814995,0.026324786,LOW,20.756646728515648,0.8235,2026-09-29 02:33
GRID_003549,10.3328932448044,76.68808251814995,0.026328247,LOW,20.756646728515648,0.8185,2026-09-29 02:33
GRID_003550,10.3328932448044,76.71808251814997,0.026303647,LOW,20.756646728515648,0.8269000000000001,2026-09-29 02:33
GRID_003551,10.3328932448044,76.72808251814998,0.026299203,LOW,20.756646728515648,0.8326,2026-09-29 02:33
GRID_003552,10.3328932448044,76.73808251814998,0.026337586,LOW,20.756646728515648,0.8214,2026-09-29 02:33
GRID_003553,10.3328932448044,76.74808251814999,0.026220722,LOW,20.756646728515648,0.8637,2026-09-29 02:33
GRID_003554,10.3328932448044,76.9780825181501,0.025147235,LOW,17.156640625000023,0.8273,2026-09-29 02:33
GRID_003555,10.3328932448044,77.04808251815014,0.46991876,MODERATE,17.156640625000023,0.7074,2026-09-29 02:33
GRID_003556,10.3328932448044,77.12808251815018,0.004597201,LOW,17.356652832031273,0.8051,2026-09-29 02:33
GRID_003557,10.3428932448044,76.3780825181498,0.0022907986,LOW,22.956658935546898,0.8812000000000001,2026-09-29 02:33
GRID_003558,10.3428932448044,76.3980825181498,0.31611195,LOW,22.956658935546898,0.7170000000000001,2026-09-29 02:33
GRID_003559,10.3428932448044,76.49808251814986,0.0023536207,LOW,22.956658935546898,0.8529,2026-09-29 02:33
GRID_003560,10.3428932448044,76.52808251814987,0.0021424307,LOW,22.956658935546898,0.951,2026-09-29 02:33
GRID_003561,10.3428932448044,76.55808251814989,0.002387107,LOW,22.956658935546898,0.8299000000000001,2026-09-29 02:33
GRID_003562,10.3428932448044,76.5680825181499,0.0023698,LOW,22.956658935546898,0.8346,2026-09-29 02:33
GRID_003563,10.3428932448044,76.5780825181499,0.002359902,LOW,22.956658935546898,0.8333,2026-09-29 02:33
GRID_003564,10.3428932448044,76.60808251814991,0.0022555185,LOW,22.956658935546898,0.8722000000000001,2026-09-29 02:33
GRID_003565,10.3428932448044,76.61808251814992,0.002431593,LOW,22.956658935546898,0.8042,2026-09-29 02:33
GRID_003566,10.3428932448044,76.62808251814992,0.026219081,LOW,20.756646728515648,0.8623000000000001,2026-09-29 02:33
GRID_003567,10.3428932448044,76.63808251814993,0.026309758,LOW,20.756646728515648,0.8285,2026-09-29 02:33
GRID_003568,10.3428932448044,76.64808251814993,0.49477693,MODERATE,20.756646728515648,0.6742,2026-09-29 02:33
GRID_003569,10.3428932448044,76.65808251814994,0.25404564,LOW,20.756646728515648,0.7907000000000001,2026-09-29 02:33
GRID_003570,10.3428932448044,76.66808251814994,0.026248658,LOW,20.756646728515648,0.8588,2026-09-29 02:33
GRID_003571,10.3428932448044,76.67808251814995,0.02625781,LOW,20.756646728515648,0.8510000000000001,2026-09-29 02:33
GRID_003572,10.3428932448044,76.68808251814995,0.25402728,LOW,20.756646728515648,0.7937000000000001,2026-09-29 02:33
GRID_003573,10.3428932448044,76.69808251814996,0.1801017,LOW,20.756646728515648,0.7652,2026-09-29 02:33
GRID_003574,10.3428932448044,76.70808251814996,0.026327666,LOW,20.756646728515648,0.8205,2026-09-29 02:33
GRID_003575,10.3428932448044,76.71808251814997,0.02635481,LOW,20.756646728515648,0.8099000000000001,2026-09-29 02:33
GRID_003576,10.3428932448044,76.72808251814998,0.026338795,LOW,20.756646728515648,0.8118000000000001,2026-09-29 02:33
GRID_003577,10.3428932448044,76.73808251814998,0.026356462,LOW,20.756646728515648,0.8101,2026-09-29 02:33
GRID_003578,10.3428932448044,76.74808251814999,0.026285965,LOW,20.756646728515648,0.8400000000000001,2026-09-29 02:33
GRID_003579,10.3428932448044,76.9780825181501,0.025001016,LOW,17.156640625000023,0.8787,2026-09-29 02:33
GRID_003580,10.3528932448044,76.3780825181498,0.48062184,MODERATE,22.956658935546898,0.6491,2026-09-29 02:33
GRID_003581,10.3528932448044,76.3880825181498,0.4594393,MODERATE,22.956658935546898,0.5972000000000001,2026-09-29 02:33
GRID_003582,10.3528932448044,76.47808251814985,0.0023547746,LOW,22.956658935546898,0.8457,2026-09-29 02:33
GRID_003583,10.3528932448044,76.48808251814985,0.00240784,LOW,22.956658935546898,0.8306,2026-09-29 02:33
GRID_003584,10.3528932448044,76.50808251814986,0.0024175239,LOW,22.956658935546898,0.8222,2026-09-29 02:33
GRID_003585,10.3528932448044,76.54808251814988,0.0023276396,LOW,22.956658935546898,0.8516,2026-09-29 02:33
GRID_003586,10.3528932448044,76.55808251814989,0.002322874,LOW,22.956658935546898,0.8611000000000001,2026-09-29 02:33
GRID_003587,10.3528932448044,76.5780825181499,0.002413137,LOW,22.956658935546898,0.8127000000000001,2026-09-29 02:33
GRID_003588,10.3528932448044,76.60808251814991,0.04850147,LOW,22.956658935546898,0.7586,2026-09-29 02:33
GRID_003589,10.3528932448044,76.61808251814992,0.048498537,LOW,22.956658935546898,0.7625000000000001,2026-09-29 02:33
GRID_003590,10.3528932448044,76.62808251814992,0.01800473,LOW,20.756646728515648,0.751,2026-09-29 02:33
GRID_003591,10.3528932448044,76.63808251814993,0.48047346,MODERATE,20.756646728515648,0.6546000000000001,2026-09-29 02:33
GRID_003592,10.3528932448044,76.64808251814993,0.026298767,LOW,20.756646728515648,0.8331000000000001,2026-09-29 02:33
GRID_003593,10.3528932448044,76.66808251814994,0.026324185,LOW,20.756646728515648,0.8254,2026-09-29 02:33
GRID_003594,10.3528932448044,76.67808251814995,0.026365478,LOW,20.756646728515648,0.8096,2026-09-29 02:33
GRID_003595,10.3528932448044,76.68808251814995,0.026328288,LOW,20.756646728515648,0.8188000000000001,2026-09-29 02:33
GRID_003596,10.3528932448044,76.69808251814996,0.02633972,LOW,20.756646728515648,0.8190000000000001,2026-09-29 02:33
GRID_003597,10.3528932448044,76.70808251814996,0.02637621,LOW,20.756646728515648,0.8066,2026-09-29 02:33
GRID_003598,10.3528932448044,76.71808251814997,0.02624891,LOW,20.756646728515648,0.8575,2026-09-29 02:33
GRID_003599,10.3528932448044,76.72808251814998,0.026384594,LOW,20.756646728515648,0.8005,2026-09-29 02:33
GRID_003600,10.3528932448044,76.73808251814998,0.026247004,LOW,20.756646728515648,0.8513000000000001,2026-09-29 02:33
GRID_003601,10.3528932448044,77.10808251815017,0.025054071,LOW,17.156640625000023,0.8504,2026-09-29 02:33
GRID_003602,10.3528932448044,77.11808251815017,0.025223613,LOW,17.156640625000023,0.8028000000000001,2026-09-29 02:33
GRID_003603,10.3628932448044,76.34808251814978,0.45963302,MODERATE,23.856652832031276,0.645,2026-09-29 02:33
GRID_003604,10.3628932448044,76.35808251814979,0.0024743425,LOW,23.856652832031276,0.8283,2026-09-29 02:33
GRID_003605,10.3628932448044,76.3780825181498,0.2797734,LOW,22.956658935546898,0.7303000000000001,2026-09-29 02:33
GRID_003606,10.3628932448044,76.3880825181498,0.31607118,LOW,22.956658935546898,0.7230000000000001,2026-09-29 02:33
GRID_003607,10.3628932448044,76.40808251814981,0.27975643,LOW,22.956658935546898,0.7361000000000001,2026-09-29 02:33
GRID_003608,10.3628932448044,76.41808251814982,0.4925533,MODERATE,22.956658935546898,0.6693,2026-09-29 02:33
GRID_003609,10.3628932448044,76.42808251814982,0.59054315,MODERATE,22.956658935546898,0.3281,2026-09-29 02:33
GRID_003610,10.3628932448044,76.43808251814983,0.0022824479,LOW,22.956658935546898,0.8757,2026-09-29 02:33
GRID_003611,10.3628932448044,76.44808251814983,0.0023728649,LOW,22.956658935546898,0.8413,2026-09-29 02:33
GRID_003612,10.3628932448044,76.45808251814984,0.0024884874,LOW,22.956658935546898,0.8002,2026-09-29 02:33
GRID_003613,10.3628932448044,76.46808251814984,0.0024289964,LOW,22.956658935546898,0.8205,2026-09-29 02:33
GRID_003614,10.3628932448044,76.47808251814985,0.007445492,LOW,22.956658935546898,0.7891,2026-09-29 02:33
GRID_003615,10.3628932448044,76.48808251814985,0.002443322,LOW,22.956658935546898,0.8168000000000001,2026-09-29 02:33
GRID_003616,10.3628932448044,76.49808251814986,0.0023643612,LOW,22.956658935546898,0.8460000000000001,2026-09-29 02:33
GRID_003617,10.3628932448044,76.54808251814988,0.002441977,LOW,22.956658935546898,0.8079000000000001,2026-09-29 02:33
GRID_003618,10.3628932448044,76.5780825181499,0.0021877815,LOW,22.956658935546898,0.9245,2026-09-29 02:33
GRID_003619,10.3628932448044,76.5880825181499,0.27969056,LOW,22.956658935546898,0.7361000000000001,2026-09-29 02:33
GRID_003620,10.3628932448044,76.59808251814991,0.0022805105,LOW,22.956658935546898,0.8764000000000001,2026-09-29 02:33
GRID_003621,10.3628932448044,76.60808251814991,0.0022423717,LOW,22.956658935546898,0.8831,2026-09-29 02:33
GRID_003622,10.3628932448044,76.61808251814992,0.002417673,LOW,22.956658935546898,0.8122,2026-09-29 02:33
GRID_003623,10.3628932448044,76.62808251814992,0.026378706,LOW,20.756646728515648,0.8037000000000001,2026-09-29 02:33
GRID_003624,10.3628932448044,76.63808251814993,0.49741462,MODERATE,20.756646728515648,0.6107,2026-09-29 02:33
GRID_003625,10.3628932448044,76.66808251814994,0.026319675,LOW,20.756646728515648,0.8273,2026-09-29 02:33
GRID_003626,10.3628932448044,76.67808251814995,0.02622424,LOW,20.756646728515648,0.8644000000000001,2026-09-29 02:33
GRID_003627,10.3628932448044,76.68808251814995,0.026252415,LOW,20.756646728515648,0.8538,2026-09-29 02:33
GRID_003628,10.3628932448044,76.69808251814996,0.026272893,LOW,20.756646728515648,0.8436,2026-09-29 02:33
GRID_003629,10.3628932448044,76.70808251814996,0.026255745,LOW,20.756646728515648,0.8501000000000001,2026-09-29 02:33
GRID_003630,10.3628932448044,76.71808251814997,0.026357766,LOW,20.756646728515648,0.8107000000000001,2026-09-29 02:33
GRID_003631,10.3628932448044,76.72808251814998,0.026310654,LOW,20.756646728515648,0.8226,2026-09-29 02:33
GRID_003632,10.3628932448044,76.73808251814998,0.48020053,MODERATE,20.756646728515648,0.6538,2026-09-29 02:33
GRID_003633,10.3728932448044,76.34808251814978,0.049284,LOW,23.856652832031276,0.7631,2026-09-29 02:33
GRID_003634,10.3728932448044,76.35808251814979,0.002522491,LOW,23.856652832031276,0.8190000000000001,2026-09-29 02:33
GRID_003635,10.3728932448044,76.36808251814979,0.49248686,MODERATE,23.856652832031276,0.6768000000000001,2026-09-29 02:33
GRID_003636,10.3728932448044,76.3980825181498,0.0022965996,LOW,22.956658935546898,0.8773000000000001,2026-09-29 02:33
GRID_003637,10.3728932448044,76.40808251814981,0.27975845,LOW,22.956658935546898,0.7352000000000001,2026-09-29 02:33
GRID_003638,10.3728932448044,76.41808251814982,0.4446446,MODERATE,22.956658935546898,0.7147,2026-09-29 02:33
GRID_003639,10.3728932448044,76.42808251814982,0.0023500281,LOW,22.956658935546898,0.8540000000000001,2026-09-29 02:33
GRID_003640,10.3728932448044,76.43808251814983,0.0023431224,LOW,22.956658935546898,0.8560000000000001,2026-09-29 02:33
GRID_003641,10.3728932448044,76.44808251814983,0.002391502,LOW,22.956658935546898,0.8355,2026-09-29 02:33
GRID_003642,10.3728932448044,76.45808251814984,0.0023959384,LOW,22.956658935546898,0.8361000000000001,2026-09-29 02:33
GRID_003643,10.3728932448044,76.46808251814984,0.0024328118,LOW,22.956658935546898,0.8221,2026-09-29 02:33
GRID_003644,10.3728932448044,76.47808251814985,0.0023804845,LOW,22.956658935546898,0.8379000000000001,2026-09-29 02:33
GRID_003645,10.3728932448044,76.48808251814985,0.0024263049,LOW,22.956658935546898,0.8222,2026-09-29 02:33
GRID_003646,10.3728932448044,76.49808251814986,0.002408214,LOW,22.956658935546898,0.8207,2026-09-29 02:33
GRID_003647,10.3728932448044,76.5680825181499,0.002410542,LOW,22.956658935546898,0.8131,2026-09-29 02:33
GRID_003648,10.3728932448044,76.5780825181499,0.002311571,LOW,22.956658935546898,0.8578,2026-09-29 02:33
GRID_003649,10.3728932448044,76.5880825181499,0.002401671,LOW,22.956658935546898,0.8153,2026-09-29 02:33
GRID_003650,10.3728932448044,76.59808251814991,0.0024193414,LOW,22.956658935546898,0.8053,2026-09-29 02:33
GRID_003651,10.3728932448044,76.61808251814992,0.11759638,LOW,22.956658935546898,0.7708,2026-09-29 02:33
GRID_003652,10.3728932448044,76.65808251814994,0.026235187,LOW,20.756646728515648,0.8644000000000001,2026-09-29 02:33
GRID_003653,10.3728932448044,76.66808251814994,0.026227819,LOW,20.756646728515648,0.8624,2026-09-29 02:33
GRID_003654,10.3728932448044,76.67808251814995,0.026261732,LOW,20.756646728515648,0.8526,2026-09-29 02:33
GRID_003655,10.3728932448044,76.68808251814995,0.026219523,LOW,20.756646728515648,0.8709,2026-09-29 02:33
GRID_003656,10.3728932448044,76.69808251814996,0.026223915,LOW,20.756646728515648,0.863,2026-09-29 02:33
GRID_003657,10.3728932448044,76.72808251814998,0.49365914,MODERATE,20.756646728515648,0.6359,2026-09-29 02:33
GRID_003658,10.3728932448044,76.73808251814998,0.026239967,LOW,20.756646728515648,0.8520000000000001,2026-09-29 02:33
GRID_003659,10.3728932448044,76.74808251814999,0.026143115,LOW,20.756646728515648,0.8973000000000001,2026-09-29 02:33
GRID_003660,10.3728932448044,77.03808251815013,0.025084749,LOW,17.156640625000023,0.8426,2026-09-29 02:33
GRID_003661,10.3728932448044,77.04808251815014,0.025185252,LOW,17.156640625000023,0.8155,2026-09-29 02:33
GRID_003662,10.3828932448044,76.3880825181498,0.42887062,MODERATE,22.956658935546898,0.7018,2026-09-29 02:33
GRID_003663,10.3828932448044,76.3980825181498,0.0023025118,LOW,22.956658935546898,0.8745,2026-09-29 02:33
GRID_003664,10.3828932448044,76.41808251814982,0.5169965,MODERATE,22.956658935546898,0.4992,2026-09-29 02:33
GRID_003665,10.3828932448044,76.42808251814982,0.0024215444,LOW,22.956658935546898,0.8260000000000001,2026-09-29 02:33
GRID_003666,10.3828932448044,76.43808251814983,0.0023583327,LOW,22.956658935546898,0.8506,2026-09-29 02:33
GRID_003667,10.3828932448044,76.44808251814983,0.0024301496,LOW,22.956658935546898,0.8213,2026-09-29 02:33
GRID_003668,10.3828932448044,76.45808251814984,0.0023644797,LOW,22.956658935546898,0.8422000000000001,2026-09-29 02:33
GRID_003669,10.3828932448044,76.46808251814984,0.0023620366,LOW,22.956658935546898,0.8403,2026-09-29 02:33
GRID_003670,10.3828932448044,76.47808251814985,0.0023882063,LOW,22.956658935546898,0.8337,2026-09-29 02:33
GRID_003671,10.3828932448044,76.48808251814985,0.0023649018,LOW,22.956658935546898,0.8477,2026-09-29 02:33
GRID_003672,10.3828932448044,76.49808251814986,0.002448129,LOW,22.956658935546898,0.8135,2026-09-29 02:33
GRID_003673,10.3828932448044,76.50808251814986,0.0024599177,LOW,22.956658935546898,0.8085,2026-09-29 02:33
GRID_003674,10.3828932448044,76.51808251814987,0.007401049,LOW,22.956658935546898,0.7966000000000001,2026-09-29 02:33
GRID_003675,10.3828932448044,76.52808251814987,0.007400717,LOW,22.956658935546898,0.7883,2026-09-29 02:33
GRID_003676,10.3828932448044,76.53808251814988,0.002443355,LOW,22.956658935546898,0.8072,2026-09-29 02:33
GRID_003677,10.3828932448044,76.55808251814989,0.5124337,MODERATE,22.956658935546898,0.5395,2026-09-29 02:33
GRID_003678,10.3828932448044,76.5780825181499,0.002289379,LOW,22.956658935546898,0.8685,2026-09-29 02:33
GRID_003679,10.3828932448044,76.59808251814991,0.27971542,LOW,22.956658935546898,0.7355,2026-09-29 02:33
GRID_003680,10.3828932448044,76.60808251814991,0.5055522,MODERATE,22.956658935546898,0.5720000000000001,2026-09-29 02:33
GRID_003681,10.3828932448044,76.61808251814992,0.48722866,MODERATE,22.956658935546898,0.6637000000000001,2026-09-29 02:33
GRID_003682,10.3828932448044,76.62808251814992,0.026283165,LOW,20.756646728515648,0.8430000000000001,2026-09-29 02:33
GRID_003683,10.3828932448044,76.63808251814993,0.026252655,LOW,20.756646728515648,0.8571000000000001,2026-09-29 02:33
GRID_003684,10.3828932448044,76.64808251814993,0.026277924,LOW,20.756646728515648,0.8444,2026-09-29 02:33
GRID_003685,10.3828932448044,76.65808251814994,0.026326504,LOW,20.756646728515648,0.8262,2026-09-29 02:33
GRID_003686,10.3828932448044,76.66808251814994,0.026266176,LOW,20.756646728515648,0.8507,2026-09-29 02:33
GRID_003687,10.3828932448044,76.67808251814995,0.02624704,LOW,20.756646728515648,0.8599,2026-09-29 02:33
GRID_003688,10.3828932448044,76.68808251814995,0.026266482,LOW,20.756646728515648,0.8491000000000001,2026-09-29 02:33
GRID_003689,10.3828932448044,76.69808251814996,0.026254732,LOW,20.756646728515648,0.8556,2026-09-29 02:33
GRID_003690,10.3828932448044,76.70808251814996,0.026194535,LOW,20.756646728515648,0.8759,2026-09-29 02:33
GRID_003691,10.3828932448044,76.71808251814997,0.02621936,LOW,20.756646728515648,0.8635,2026-09-29 02:33
GRID_003692,10.3828932448044,76.72808251814998,0.026211914,LOW,20.756646728515648,0.8723000000000001,2026-09-29 02:33
GRID_003693,10.3828932448044,76.73808251814998,0.026186652,LOW,20.756646728515648,0.8831,2026-09-29 02:33
GRID_003694,10.3928932448044,76.36808251814979,0.4912867,MODERATE,23.856652832031276,0.5732,2026-09-29 02:33
GRID_003695,10.3928932448044,76.3980825181498,0.51855385,MODERATE,22.956658935546898,0.4936,2026-09-29 02:33
GRID_003696,10.3928932448044,76.40808251814981,0.002339555,LOW,22.956658935546898,0.8588,2026-09-29 02:33
GRID_003697,10.3928932448044,76.41808251814982,0.0022576351,LOW,22.956658935546898,0.8981,2026-09-29 02:33
GRID_003698,10.3928932448044,76.42808251814982,0.0023372667,LOW,22.956658935546898,0.8580000000000001,2026-09-29 02:33
GRID_003699,10.3928932448044,76.43808251814983,0.0023528729,LOW,22.956658935546898,0.8510000000000001,2026-09-29 02:33
GRID_003700,10.3928932448044,76.44808251814983,0.0024075056,LOW,22.956658935546898,0.8282,2026-09-29 02:33
GRID_003701,10.3928932448044,76.45808251814984,0.0024009217,LOW,22.956658935546898,0.8207,2026-09-29 02:33
GRID_003702,10.3928932448044,76.46808251814984,0.0024306343,LOW,22.956658935546898,0.8203,2026-09-29 02:33
GRID_003703,10.3928932448044,76.47808251814985,0.0024475274,LOW,22.956658935546898,0.8039000000000001,2026-09-29 02:33
GRID_003704,10.3928932448044,76.48808251814985,0.002403215,LOW,22.956658935546898,0.8109000000000001,2026-09-29 02:33
GRID_003705,10.3928932448044,76.49808251814986,0.0024104677,LOW,22.956658935546898,0.8147000000000001,2026-09-29 02:33
GRID_003706,10.3928932448044,76.50808251814986,0.0024577556,LOW,22.956658935546898,0.7994,2026-09-29 02:33
GRID_003707,10.3928932448044,76.51808251814987,0.0074063987,LOW,22.956658935546898,0.7924,2026-09-29 02:33
GRID_003708,10.3928932448044,76.52808251814987,0.287751,LOW,22.956658935546898,0.7755000000000001,2026-09-29 02:33
GRID_003709,10.3928932448044,76.53808251814988,0.0024578802,LOW,22.956658935546898,0.7972,2026-09-29 02:33
GRID_003710,10.3928932448044,76.54808251814988,0.002415001,LOW,22.956658935546898,0.8038000000000001,2026-09-29 02:33
GRID_003711,10.3928932448044,76.5680825181499,0.0022221347,LOW,22.956658935546898,0.8962,2026-09-29 02:33
GRID_003712,10.3928932448044,76.5780825181499,0.0022606496,LOW,22.956658935546898,0.8787,2026-09-29 02:33
GRID_003713,10.3928932448044,76.61808251814992,0.002349974,LOW,22.956658935546898,0.8414,2026-09-29 02:33
GRID_003714,10.3928932448044,76.62808251814992,0.026052801,LOW,20.756646728515648,0.9582,2026-09-29 02:33
GRID_003715,10.3928932448044,76.63808251814993,0.026222693,LOW,20.756646728515648,0.8698,2026-09-29 02:33
GRID_003716,10.3928932448044,76.64808251814993,0.02624584,LOW,20.756646728515648,0.8582000000000001,2026-09-29 02:33
GRID_003717,10.3928932448044,76.65808251814994,0.026202632,LOW,20.756646728515648,0.8791,2026-09-29 02:33
GRID_003718,10.3928932448044,76.66808251814994,0.02623521,LOW,20.756646728515648,0.8641000000000001,2026-09-29 02:33
GRID_003719,10.3928932448044,76.67808251814995,0.026193816,LOW,20.756646728515648,0.8769,2026-09-29 02:33
GRID_003720,10.3928932448044,76.68808251814995,0.02622901,LOW,20.756646728515648,0.8671000000000001,2026-09-29 02:33
GRID_003721,10.3928932448044,76.69808251814996,0.026224252,LOW,20.756646728515648,0.866,2026-09-29 02:33
GRID_003722,10.3928932448044,76.70808251814996,0.026208509,LOW,20.756646728515648,0.8766,2026-09-29 02:33
GRID_003723,10.3928932448044,76.71808251814997,0.026201887,LOW,20.756646728515648,0.8798,2026-09-29 02:33
GRID_003724,10.3928932448044,76.72808251814998,0.026238158,LOW,20.756646728515648,0.8617,2026-09-29 02:33
GRID_003725,10.3928932448044,76.73808251814998,0.026217503,LOW,20.756646728515648,0.8728,2026-09-29 02:33
GRID_003726,10.3928932448044,76.74808251814999,0.026194416,LOW,20.756646728515648,0.8847,2026-09-29 02:33
GRID_003727,10.3928932448044,77.09808251815016,0.17519945,LOW,17.156640625000023,0.7616,2026-09-29 02:33
GRID_003728,10.4028932448044,76.36808251814979,0.49253848,MODERATE,23.856652832031276,0.6686000000000001,2026-09-29 02:33
GRID_003729,10.4028932448044,76.3980825181498,0.1176447,LOW,22.956658935546898,0.7682,2026-09-29 02:33
GRID_003730,10.4028932448044,76.40808251814981,0.0023399019,LOW,22.956658935546898,0.8588,2026-09-29 02:33
GRID_003731,10.4028932448044,76.41808251814982,0.0023559122,LOW,22.956658935546898,0.8506,2026-09-29 02:33
GRID_003732,10.4028932448044,76.42808251814982,0.0023198738,LOW,22.956658935546898,0.8609,2026-09-29 02:33
GRID_003733,10.4028932448044,76.43808251814983,0.0022000573,LOW,22.956658935546898,0.9089,2026-09-29 02:33
GRID_003734,10.4028932448044,76.44808251814983,0.0023081505,LOW,22.956658935546898,0.8612000000000001,2026-09-29 02:33
GRID_003735,10.4028932448044,76.45808251814984,0.0024257828,LOW,22.956658935546898,0.8218000000000001,2026-09-29 02:33
GRID_003736,10.4028932448044,76.46808251814984,0.0024070377,LOW,22.956658935546898,0.8271000000000001,2026-09-29 02:33
GRID_003737,10.4028932448044,76.47808251814985,0.0023848377,LOW,22.956658935546898,0.8302,2026-09-29 02:33
GRID_003738,10.4028932448044,76.48808251814985,0.0023656846,LOW,22.956658935546898,0.8373,2026-09-29 02:33
GRID_003739,10.4028932448044,76.50808251814986,0.0024238192,LOW,22.956658935546898,0.8075,2026-09-29 02:33
GRID_003740,10.4028932448044,76.51808251814987,0.0073685646,LOW,22.956658935546898,0.7928000000000001,2026-09-29 02:33
GRID_003741,10.4028932448044,76.52808251814987,0.0024355252,LOW,22.956658935546898,0.7974,2026-09-29 02:33
GRID_003742,10.4028932448044,76.53808251814988,0.0024168615,LOW,22.956658935546898,0.8115,2026-09-29 02:33
GRID_003743,10.4028932448044,76.54808251814988,0.007410787,LOW,22.956658935546898,0.7877000000000001,2026-09-29 02:33
GRID_003744,10.4028932448044,76.55808251814989,0.002255274,LOW,22.956658935546898,0.8843000000000001,2026-09-29 02:33
GRID_003745,10.4028932448044,76.5880825181499,0.49163923,MODERATE,22.956658935546898,0.5746,2026-09-29 02:33
GRID_003746,10.4028932448044,76.59808251814991,0.048452638,LOW,22.956658935546898,0.7656000000000001,2026-09-29 02:33
GRID_003747,10.4028932448044,76.61808251814992,0.002205568,LOW,22.956658935546898,0.9015,2026-09-29 02:33
GRID_003748,10.4028932448044,76.62808251814992,0.026272975,LOW,20.756646728515648,0.8438,2026-09-29 02:33
GRID_003749,10.4028932448044,76.63808251814993,0.026215523,LOW,20.756646728515648,0.8673000000000001,2026-09-29 02:33
GRID_003750,10.4028932448044,76.64808251814993,0.026246576,LOW,20.756646728515648,0.8575,2026-09-29 02:33
GRID_003751,10.4028932448044,76.65808251814994,0.026189234,LOW,20.756646728515648,0.8795000000000001,2026-09-29 02:33
GRID_003752,10.4028932448044,76.66808251814994,0.026324011,LOW,20.756646728515648,0.8261000000000001,2026-09-29 02:33
GRID_003753,10.4028932448044,76.67808251814995,0.026197234,LOW,20.756646728515648,0.8763000000000001,2026-09-29 02:33
GRID_003754,10.4028932448044,76.68808251814995,0.026259674,LOW,20.756646728515648,0.8526,2026-09-29 02:33
GRID_003755,10.4028932448044,76.69808251814996,0.026272837,LOW,20.756646728515648,0.8469,2026-09-29 02:33
GRID_003756,10.4028932448044,76.70808251814996,0.026208855,LOW,20.756646728515648,0.875,2026-09-29 02:33
GRID_003757,10.4028932448044,76.71808251814997,0.026226332,LOW,20.756646728515648,0.8695,2026-09-29 02:33
GRID_003758,10.4028932448044,76.72808251814998,0.026209828,LOW,20.756646728515648,0.876,2026-09-29 02:33
GRID_003759,10.4028932448044,76.73808251814998,0.026188597,LOW,20.756646728515648,0.886,2026-09-29 02:33
GRID_003760,10.4028932448044,76.74808251814999,0.02624225,LOW,20.756646728515648,0.8612000000000001,2026-09-29 02:33
GRID_003761,10.4128932448044,76.31808251814977,0.0025634277,LOW,23.856652832031276,0.8035,2026-09-29 02:33
GRID_003762,10.4128932448044,76.36808251814979,0.514453,MODERATE,23.856652832031276,0.4992,2026-09-29 02:33
GRID_003763,10.4128932448044,76.3780825181498,0.0074358615,LOW,22.956658935546898,0.7914,2026-09-29 02:33
GRID_003764,10.4128932448044,76.3880825181498,0.048540436,LOW,22.956658935546898,0.7591,2026-09-29 02:33
GRID_003765,10.4128932448044,76.3980825181498,0.0023078625,LOW,22.956658935546898,0.8704000000000001,2026-09-29 02:33
GRID_003766,10.4128932448044,76.40808251814981,0.0023123864,LOW,22.956658935546898,0.8671000000000001,2026-09-29 02:33
GRID_003767,10.4128932448044,76.41808251814982,0.0023981165,LOW,22.956658935546898,0.8326,2026-09-29 02:33
GRID_003768,10.4128932448044,76.42808251814982,0.0022854917,LOW,22.956658935546898,0.8743000000000001,2026-09-29 02:33
GRID_003769,10.4128932448044,76.43808251814983,0.0023469534,LOW,22.956658935546898,0.8532000000000001,2026-09-29 02:33
GRID_003770,10.4128932448044,76.44808251814983,0.0023383356,LOW,22.956658935546898,0.8443,2026-09-29 02:33
GRID_003771,10.4128932448044,76.46808251814984,0.0023883334,LOW,22.956658935546898,0.8280000000000001,2026-09-29 02:33
GRID_003772,10.4128932448044,76.47808251814985,0.0023566522,LOW,22.956658935546898,0.8344,2026-09-29 02:33
GRID_003773,10.4128932448044,76.48808251814985,0.0023637293,LOW,22.956658935546898,0.8223,2026-09-29 02:33
GRID_003774,10.4128932448044,76.49808251814986,0.0023458148,LOW,22.956658935546898,0.8402000000000001,2026-09-29 02:33
GRID_003775,10.4128932448044,76.51808251814987,0.0024097566,LOW,22.956658935546898,0.8170000000000001,2026-09-29 02:33
GRID_003776,10.4128932448044,76.52808251814987,0.00243536,LOW,22.956658935546898,0.8035,2026-09-29 02:33
GRID_003777,10.4128932448044,76.54808251814988,0.002366678,LOW,22.956658935546898,0.8299000000000001,2026-09-29 02:33
GRID_003778,10.4128932448044,76.55808251814989,0.28777665,LOW,22.956658935546898,0.7737,2026-09-29 02:33
GRID_003779,10.4128932448044,76.5680825181499,0.002274373,LOW,22.956658935546898,0.8679,2026-09-29 02:33
GRID_003780,10.4128932448044,76.5780825181499,0.0040074685,LOW,22.956658935546898,0.7464000000000001,2026-09-29 02:33
GRID_003781,10.4128932448044,76.5880825181499,0.47957116,MODERATE,22.956658935546898,0.7050000000000001,2026-09-29 02:33
GRID_003782,10.4128932448044,76.59808251814991,0.0021394708,LOW,22.956658935546898,0.9399,2026-09-29 02:33
GRID_003783,10.4128932448044,76.60808251814991,0.002245929,LOW,22.956658935546898,0.8777,2026-09-29 02:33
GRID_003784,10.4128932448044,76.62808251814992,0.026149329,LOW,20.756646728515648,0.8982,2026-09-29 02:33
GRID_003785,10.4128932448044,76.63808251814993,0.02630186,LOW,20.756646728515648,0.8289000000000001,2026-09-29 02:33
GRID_003786,10.4128932448044,76.64808251814993,0.026166808,LOW,20.756646728515648,0.8929,2026-09-29 02:33
GRID_003787,10.4128932448044,76.65808251814994,0.026272977,LOW,20.756646728515648,0.8437,2026-09-29 02:33
GRID_003788,10.4128932448044,76.66808251814994,0.02618886,LOW,20.756646728515648,0.8846,2026-09-29 02:33
GRID_003789,10.4128932448044,76.67808251814995,0.026249167,LOW,20.756646728515648,0.8526,2026-09-29 02:33
GRID_003790,10.4128932448044,76.68808251814995,0.026223918,LOW,20.756646728515648,0.8674000000000001,2026-09-29 02:33
GRID_003791,10.4128932448044,76.69808251814996,0.026171144,LOW,20.756646728515648,0.8941,2026-09-29 02:33
GRID_003792,10.4128932448044,76.70808251814996,0.026210029,LOW,20.756646728515648,0.8718,2026-09-29 02:33
GRID_003793,10.4128932448044,76.71808251814997,0.026241293,LOW,20.756646728515648,0.8622000000000001,2026-09-29 02:33
GRID_003794,10.4128932448044,76.72808251814998,0.026204338,LOW,20.756646728515648,0.8797,2026-09-29 02:33
GRID_003795,10.4128932448044,76.73808251814998,0.02622592,LOW,20.756646728515648,0.8693000000000001,2026-09-29 02:33
GRID_003796,10.4128932448044,76.74808251814999,0.02621131,LOW,20.756646728515648,0.8727,2026-09-29 02:33
GRID_003797,10.4228932448044,76.3880825181498,0.28782338,LOW,22.956658935546898,0.7744000000000001,2026-09-29 02:33
GRID_003798,10.4228932448044,76.3980825181498,0.0024196124,LOW,22.956658935546898,0.8280000000000001,2026-09-29 02:33
GRID_003799,10.4228932448044,76.40808251814981,0.002374448,LOW,22.956658935546898,0.8440000000000001,2026-09-29 02:33
GRID_003800,10.4228932448044,76.41808251814982,0.0023313137,LOW,22.956658935546898,0.8586,2026-09-29 02:33
GRID_003801,10.4228932448044,76.42808251814982,0.0023670353,LOW,22.956658935546898,0.8454,2026-09-29 02:33
GRID_003802,10.4228932448044,76.43808251814983,0.0023141967,LOW,22.956658935546898,0.8532000000000001,2026-09-29 02:33
GRID_003803,10.4228932448044,76.44808251814983,0.0023786006,LOW,22.956658935546898,0.8340000000000001,2026-09-29 02:33
GRID_003804,10.4228932448044,76.45808251814984,0.002350051,LOW,22.956658935546898,0.8428,2026-09-29 02:33
GRID_003805,10.4228932448044,76.46808251814984,0.00237162,LOW,22.956658935546898,0.8397,2026-09-29 02:33
GRID_003806,10.4228932448044,76.47808251814985,0.0024200636,LOW,22.956658935546898,0.8198000000000001,2026-09-29 02:33
GRID_003807,10.4228932448044,76.48808251814985,0.0024084453,LOW,22.956658935546898,0.8239000000000001,2026-09-29 02:33
GRID_003808,10.4228932448044,76.50808251814986,0.0024337806,LOW,22.956658935546898,0.8163,2026-09-29 02:33
GRID_003809,10.4228932448044,76.52808251814987,0.0023609684,LOW,22.956658935546898,0.8354,2026-09-29 02:33
GRID_003810,10.4228932448044,76.53808251814988,0.002344088,LOW,22.956658935546898,0.8331000000000001,2026-09-29 02:33
GRID_003811,10.4228932448044,76.54808251814988,0.002408297,LOW,22.956658935546898,0.8147000000000001,2026-09-29 02:33
GRID_003812,10.4228932448044,76.5780825181499,0.0073957555,LOW,22.956658935546898,0.7921,2026-09-29 02:33
GRID_003813,10.4228932448044,76.5880825181499,0.002737819,LOW,22.956658935546898,0.7518,2026-09-29 02:33
GRID_003814,10.4228932448044,76.59808251814991,0.00227107,LOW,22.956658935546898,0.8797,2026-09-29 02:33
GRID_003815,10.4228932448044,76.60808251814991,0.0023143087,LOW,22.956658935546898,0.8555,2026-09-29 02:33
GRID_003816,10.4228932448044,76.61808251814992,0.0024232399,LOW,22.956658935546898,0.8084,2026-09-29 02:33
GRID_003817,10.4228932448044,76.67808251814995,0.026196051,LOW,20.756646728515648,0.8812000000000001,2026-09-29 02:33
GRID_003818,10.4228932448044,76.68808251814995,0.02621872,LOW,20.756646728515648,0.8711000000000001,2026-09-29 02:33
GRID_003819,10.4228932448044,76.69808251814996,0.026226329,LOW,20.756646728515648,0.868,2026-09-29 02:33
GRID_003820,10.4228932448044,76.70808251814996,0.026258951,LOW,20.756646728515648,0.8525,2026-09-29 02:33
GRID_003821,10.4228932448044,76.71808251814997,0.026207961,LOW,20.756646728515648,0.8754000000000001,2026-09-29 02:33
GRID_003822,10.4228932448044,76.72808251814998,0.02622236,LOW,20.756646728515648,0.871,2026-09-29 02:33
GRID_003823,10.4228932448044,76.73808251814998,0.026233636,LOW,20.756646728515648,0.8657,2026-09-29 02:33
GRID_003824,10.4228932448044,76.74808251814999,0.026222467,LOW,20.756646728515648,0.8699,2026-09-29 02:33
GRID_003825,10.4328932448044,76.3880825181498,0.0024755574,LOW,22.956658935546898,0.8072,2026-09-29 02:33
GRID_003826,10.4328932448044,76.3980825181498,0.0023370455,LOW,22.956658935546898,0.8588,2026-09-29 02:33
GRID_003827,10.4328932448044,76.40808251814981,0.002424791,LOW,22.956658935546898,0.8246,2026-09-29 02:33
GRID_003828,10.4328932448044,76.41808251814982,0.0023513483,LOW,22.956658935546898,0.8479,2026-09-29 02:33
GRID_003829,10.4328932448044,76.42808251814982,0.002325708,LOW,22.956658935546898,0.8556,2026-09-29 02:33
GRID_003830,10.4328932448044,76.43808251814983,0.0023364834,LOW,22.956658935546898,0.8460000000000001,2026-09-29 02:33
GRID_003831,10.4328932448044,76.44808251814983,0.0023737398,LOW,22.956658935546898,0.8378,2026-09-29 02:33
GRID_003832,10.4328932448044,76.45808251814984,0.28779015,LOW,22.956658935546898,0.7812,2026-09-29 02:33
GRID_003833,10.4328932448044,76.46808251814984,0.002795937,LOW,22.956658935546898,0.7521,2026-09-29 02:33
GRID_003834,10.4328932448044,76.47808251814985,0.0074320985,LOW,22.956658935546898,0.7922,2026-09-29 02:33
GRID_003835,10.4328932448044,76.48808251814985,0.0024472284,LOW,22.956658935546898,0.8132,2026-09-29 02:33
GRID_003836,10.4328932448044,76.49808251814986,0.0024354886,LOW,22.956658935546898,0.8163,2026-09-29 02:33
GRID_003837,10.4328932448044,76.50808251814986,0.007421022,LOW,22.956658935546898,0.7896000000000001,2026-09-29 02:33
GRID_003838,10.4328932448044,76.51808251814987,0.0024494817,LOW,22.956658935546898,0.8127000000000001,2026-09-29 02:33
GRID_003839,10.4328932448044,76.52808251814987,0.0023725722,LOW,22.956658935546898,0.8262,2026-09-29 02:33
GRID_003840,10.4328932448044,76.53808251814988,0.0024310038,LOW,22.956658935546898,0.8066,2026-09-29 02:33
GRID_003841,10.4328932448044,76.54808251814988,0.11759038,LOW,22.956658935546898,0.7705000000000001,2026-09-29 02:33
GRID_003842,10.4328932448044,76.55808251814989,0.0073962947,LOW,22.956658935546898,0.7908000000000001,2026-09-29 02:33
GRID_003843,10.4328932448044,76.5680825181499,0.45023277,MODERATE,22.956658935546898,0.6522,2026-09-29 02:33
GRID_003844,10.4328932448044,76.5780825181499,0.0024130954,LOW,22.956658935546898,0.8119000000000001,2026-09-29 02:33
GRID_003845,10.4328932448044,76.5880825181499,0.0022673137,LOW,22.956658935546898,0.8742000000000001,2026-09-29 02:33
GRID_003846,10.4328932448044,76.59808251814991,0.0023014466,LOW,22.956658935546898,0.8534,2026-09-29 02:33
GRID_003847,10.4328932448044,76.60808251814991,0.0023215862,LOW,22.956658935546898,0.8449000000000001,2026-09-29 02:33
GRID_003848,10.4328932448044,76.61808251814992,0.2877703,LOW,22.956658935546898,0.774,2026-09-29 02:33
GRID_003849,10.4328932448044,76.62808251814992,0.026219694,LOW,20.756646728515648,0.8639,2026-09-29 02:33
GRID_003850,10.4328932448044,76.63808251814993,0.026211105,LOW,20.756646728515648,0.8718,2026-09-29 02:33
GRID_003851,10.4328932448044,76.64808251814993,0.026336286,LOW,20.756646728515648,0.8190000000000001,2026-09-29 02:33
GRID_003852,10.4328932448044,76.65808251814994,0.026225537,LOW,20.756646728515648,0.866,2026-09-29 02:33
GRID_003853,10.4328932448044,76.66808251814994,0.026214754,LOW,20.756646728515648,0.8676,2026-09-29 02:33
GRID_003854,10.4328932448044,76.67808251814995,0.026216913,LOW,20.756646728515648,0.8669,2026-09-29 02:33
GRID_003855,10.4328932448044,76.70808251814996,0.026261508,LOW,20.756646728515648,0.8514,2026-09-29 02:33
GRID_003856,10.4328932448044,76.71808251814997,0.026187133,LOW,20.756646728515648,0.879,2026-09-29 02:33
GRID_003857,10.4428932448044,76.33808251814978,0.0024691834,LOW,23.856652832031276,0.8406,2026-09-29 02:33
GRID_003858,10.4428932448044,76.36808251814979,0.0041241497,LOW,23.856652832031276,0.7503000000000001,2026-09-29 02:33
GRID_003859,10.4428932448044,76.3780825181498,0.28782105,LOW,22.956658935546898,0.7746000000000001,2026-09-29 02:33
GRID_003860,10.4428932448044,76.3880825181498,0.002452252,LOW,22.956658935546898,0.8126,2026-09-29 02:33
GRID_003861,10.4428932448044,76.3980825181498,0.0023127827,LOW,22.956658935546898,0.8594,2026-09-29 02:33
GRID_003862,10.4428932448044,76.40808251814981,0.0023117475,LOW,22.956658935546898,0.8698,2026-09-29 02:33
GRID_003863,10.4428932448044,76.41808251814982,0.0023598666,LOW,22.956658935546898,0.8474,2026-09-29 02:33
GRID_003864,10.4428932448044,76.42808251814982,0.0023297302,LOW,22.956658935546898,0.8592000000000001,2026-09-29 02:33
GRID_003865,10.4428932448044,76.43808251814983,0.0023489578,LOW,22.956658935546898,0.8502000000000001,2026-09-29 02:33
GRID_003866,10.4428932448044,76.44808251814983,0.0023582922,LOW,22.956658935546898,0.8480000000000001,2026-09-29 02:33
GRID_003867,10.4428932448044,76.45808251814984,0.0024315068,LOW,22.956658935546898,0.8184,2026-09-29 02:33
GRID_003868,10.4428932448044,76.46808251814984,0.49259904,MODERATE,22.956658935546898,0.5742,2026-09-29 02:33
GRID_003869,10.4428932448044,76.47808251814985,0.31606027,LOW,22.956658935546898,0.7238,2026-09-29 02:33
GRID_003870,10.4428932448044,76.48808251814985,0.002482982,LOW,22.956658935546898,0.7981,2026-09-29 02:33
GRID_003871,10.4428932448044,76.49808251814986,0.017284201,LOW,22.956658935546898,0.742,2026-09-29 02:33
GRID_003872,10.4428932448044,76.50808251814986,0.002434664,LOW,22.956658935546898,0.8107000000000001,2026-09-29 02:33
GRID_003873,10.4428932448044,76.51808251814987,0.0024215463,LOW,22.956658935546898,0.8142,2026-09-29 02:33
GRID_003874,10.4428932448044,76.52808251814987,0.0073738783,LOW,22.956658935546898,0.7964,2026-09-29 02:33
GRID_003875,10.4428932448044,76.53808251814988,0.51536584,MODERATE,22.956658935546898,0.5229,2026-09-29 02:33
GRID_003876,10.4428932448044,76.54808251814988,0.28775597,LOW,22.956658935546898,0.7741,2026-09-29 02:33
GRID_003877,10.4428932448044,76.55808251814989,0.007407265,LOW,22.956658935546898,0.788,2026-09-29 02:33
GRID_003878,10.4428932448044,76.5680825181499,0.0024111536,LOW,22.956658935546898,0.8128000000000001,2026-09-29 02:33
GRID_003879,10.4428932448044,76.5880825181499,0.002226905,LOW,22.956658935546898,0.8935000000000001,2026-09-29 02:33
GRID_003880,10.4428932448044,76.59808251814991,0.002298526,LOW,22.956658935546898,0.864,2026-09-29 02:33
GRID_003881,10.4428932448044,76.60808251814991,0.002272253,LOW,22.956658935546898,0.8767,2026-09-29 02:33
GRID_003882,10.4428932448044,76.61808251814992,0.0022665155,LOW,22.956658935546898,0.8734000000000001,2026-09-29 02:33
GRID_003883,10.4428932448044,76.62808251814992,0.02618849,LOW,20.756646728515648,0.8791,2026-09-29 02:33
GRID_003884,10.4428932448044,76.63808251814993,0.026226796,LOW,20.756646728515648,0.8647,2026-09-29 02:33
GRID_003885,10.4428932448044,76.64808251814993,0.026246922,LOW,20.756646728515648,0.8532000000000001,2026-09-29 02:33
GRID_003886,10.4428932448044,76.65808251814994,0.026211621,LOW,20.756646728515648,0.8729,2026-09-29 02:33
GRID_003887,10.4428932448044,76.66808251814994,0.026229898,LOW,20.756646728515648,0.8659,2026-09-29 02:33
GRID_003888,10.4428932448044,76.67808251814995,0.02624481,LOW,20.756646728515648,0.8551000000000001,2026-09-29 02:33
GRID_003889,10.4428932448044,76.68808251814995,0.026199672,LOW,20.756646728515648,0.8762000000000001,2026-09-29 02:33
GRID_003890,10.4528932448044,76.33808251814978,0.001968416,LOW,23.256646728515648,0.8579,2026-09-29 02:33
GRID_003891,10.4528932448044,76.35808251814979,0.002064012,LOW,23.256646728515648,0.8220000000000001,2026-09-29 02:33
GRID_003892,10.4528932448044,76.36808251814979,0.001883512,LOW,23.256646728515648,0.8893000000000001,2026-09-29 02:33
GRID_003893,10.4528932448044,76.3780825181498,0.004821053,LOW,22.156640625000023,0.8277,2026-09-29 02:33
GRID_003894,10.4528932448044,76.3880825181498,0.0047964393,LOW,22.156640625000023,0.8365,2026-09-29 02:33
GRID_003895,10.4528932448044,76.3980825181498,0.00488055,LOW,22.156640625000023,0.8032,2026-09-29 02:33
GRID_003896,10.4528932448044,76.41808251814982,0.004748898,LOW,22.156640625000023,0.8531000000000001,2026-09-29 02:33
GRID_003897,10.4528932448044,76.43808251814983,0.004721769,LOW,22.156640625000023,0.8623000000000001,2026-09-29 02:33
GRID_003898,10.4528932448044,76.45808251814984,0.004820139,LOW,22.156640625000023,0.8247,2026-09-29 02:33
GRID_003899,10.4528932448044,76.47808251814985,0.004853308,LOW,22.156640625000023,0.8128000000000001,2026-09-29 02:33
GRID_003900,10.4528932448044,76.48808251814985,0.0048566326,LOW,22.156640625000023,0.8132,2026-09-29 02:33
GRID_003901,10.4528932448044,76.49808251814986,0.48551896,MODERATE,22.156640625000023,0.6924,2026-09-29 02:33
GRID_003902,10.4528932448044,76.50808251814986,0.0048389295,LOW,22.156640625000023,0.8187000000000001,2026-09-29 02:33
GRID_003903,10.4528932448044,76.51808251814987,0.004883481,LOW,22.156640625000023,0.8032,2026-09-29 02:33
GRID_003904,10.4528932448044,76.52808251814987,0.13813221,LOW,22.156640625000023,0.7595000000000001,2026-09-29 02:33
GRID_003905,10.4528932448044,76.53808251814988,0.5144004,MODERATE,22.156640625000023,0.5135000000000001,2026-09-29 02:33
GRID_003906,10.4528932448044,76.54808251814988,0.13810535,LOW,22.156640625000023,0.7655000000000001,2026-09-29 02:33
GRID_003907,10.4528932448044,76.55808251814989,0.5163358,MODERATE,22.156640625000023,0.4422,2026-09-29 02:33
GRID_003908,10.4528932448044,76.5680825181499,0.4930697,MODERATE,22.156640625000023,0.6648000000000001,2026-09-29 02:33
GRID_003909,10.4528932448044,76.5780825181499,0.0047789165,LOW,22.156640625000023,0.8381000000000001,2026-09-29 02:33
GRID_003910,10.4528932448044,76.5880825181499,0.004802755,LOW,22.156640625000023,0.8296,2026-09-29 02:33
GRID_003911,10.4528932448044,76.59808251814991,0.0047208145,LOW,22.156640625000023,0.8658,2026-09-29 02:33
GRID_003912,10.4528932448044,76.60808251814991,0.004772284,LOW,22.156640625000023,0.8409000000000001,2026-09-29 02:33
GRID_003913,10.4528932448044,76.61808251814992,0.0047827177,LOW,22.156640625000023,0.8375,2026-09-29 02:33
GRID_003914,10.4528932448044,76.62808251814992,0.08644627,LOW,20.656640625000023,0.7877000000000001,2026-09-29 02:33
GRID_003915,10.4528932448044,76.63808251814993,0.0066414718,LOW,20.656640625000023,0.9025,2026-09-29 02:33
GRID_003916,10.4528932448044,76.64808251814993,0.0066883876,LOW,20.656640625000023,0.8754000000000001,2026-09-29 02:33
GRID_003917,10.4528932448044,76.65808251814994,0.0067744963,LOW,20.656640625000023,0.8356,2026-09-29 02:33
GRID_003918,10.4528932448044,76.66808251814994,0.0068043643,LOW,20.656640625000023,0.8191,2026-09-29 02:33
GRID_003919,10.4528932448044,76.67808251814995,0.006713762,LOW,20.656640625000023,0.8607,2026-09-29 02:33
GRID_003920,10.4528932448044,76.68808251814995,0.006667655,LOW,20.656640625000023,0.8859,2026-09-29 02:33
GRID_003921,10.4528932448044,76.73808251814998,0.006760983,LOW,20.656640625000023,0.8433,2026-09-29 02:33
GRID_003922,10.462893244804398,76.35808251814979,0.0032160901,LOW,23.256646728515648,0.7226,2026-09-29 02:33
GRID_003923,10.462893244804398,76.36808251814979,0.31983534,LOW,23.256646728515648,0.6829000000000001,2026-09-29 02:33
GRID_003924,10.462893244804398,76.3780825181498,0.5544695,MODERATE,22.156640625000023,0.3433,2026-09-29 02:33
GRID_003925,10.462893244804398,76.3880825181498,0.46808255,MODERATE,22.156640625000023,0.6025,2026-09-29 02:33
GRID_003926,10.462893244804398,76.3980825181498,0.004875527,LOW,22.156640625000023,0.8022,2026-09-29 02:33
GRID_003927,10.462893244804398,76.42808251814982,0.004832818,LOW,22.156640625000023,0.8139000000000001,2026-09-29 02:33
GRID_003928,10.462893244804398,76.43808251814983,0.0048107924,LOW,22.156640625000023,0.8241,2026-09-29 02:33
GRID_003929,10.462893244804398,76.44808251814983,0.0048008626,LOW,22.156640625000023,0.8272,2026-09-29 02:33
GRID_003930,10.462893244804398,76.45808251814984,0.0047801775,LOW,22.156640625000023,0.8404,2026-09-29 02:33
GRID_003931,10.462893244804398,76.46808251814984,0.0047877543,LOW,22.156640625000023,0.8429000000000001,2026-09-29 02:33
GRID_003932,10.462893244804398,76.47808251814985,0.004816455,LOW,22.156640625000023,0.8278000000000001,2026-09-29 02:33
GRID_003933,10.462893244804398,76.48808251814985,0.004797812,LOW,22.156640625000023,0.8313,2026-09-29 02:33
GRID_003934,10.462893244804398,76.49808251814986,0.0048565324,LOW,22.156640625000023,0.8138000000000001,2026-09-29 02:33
GRID_003935,10.462893244804398,76.50808251814986,0.0048182397,LOW,22.156640625000023,0.8200000000000001,2026-09-29 02:33
GRID_003936,10.462893244804398,76.51808251814987,0.0048677567,LOW,22.156640625000023,0.8037000000000001,2026-09-29 02:33
GRID_003937,10.462893244804398,76.52808251814987,0.4457668,MODERATE,22.156640625000023,0.7023,2026-09-29 02:33
GRID_003938,10.462893244804398,76.53808251814988,0.004830099,LOW,22.156640625000023,0.8173,2026-09-29 02:33
GRID_003939,10.462893244804398,76.54808251814988,0.14060096,LOW,22.156640625000023,0.7848,2026-09-29 02:33
GRID_003940,10.462893244804398,76.55808251814989,0.004564586,LOW,22.156640625000023,0.943,2026-09-29 02:33
GRID_003941,10.462893244804398,76.5680825181499,0.0047386996,LOW,22.156640625000023,0.8584,2026-09-29 02:33
GRID_003942,10.462893244804398,76.5780825181499,0.0047751255,LOW,22.156640625000023,0.8376,2026-09-29 02:33
GRID_003943,10.462893244804398,76.5880825181499,0.0047290158,LOW,22.156640625000023,0.8547,2026-09-29 02:33
GRID_003944,10.462893244804398,76.59808251814991,0.004800744,LOW,22.156640625000023,0.8284,2026-09-29 02:33
GRID_003945,10.462893244804398,76.60808251814991,0.0047936626,LOW,22.156640625000023,0.8315,2026-09-29 02:33
GRID_003946,10.462893244804398,76.61808251814992,0.0048275096,LOW,22.156640625000023,0.8146,2026-09-29 02:33
GRID_003947,10.462893244804398,76.62808251814992,0.0067563443,LOW,20.656640625000023,0.8409000000000001,2026-09-29 02:33
GRID_003948,10.462893244804398,76.63808251814993,0.0066142827,LOW,20.656640625000023,0.9124,2026-09-29 02:33
GRID_003949,10.462893244804398,76.64808251814993,0.0067350175,LOW,20.656640625000023,0.8544,2026-09-29 02:33
GRID_003950,10.462893244804398,76.65808251814994,0.006719867,LOW,20.656640625000023,0.8631000000000001,2026-09-29 02:33
GRID_003951,10.462893244804398,76.66808251814994,0.006702516,LOW,20.656640625000023,0.8659,2026-09-29 02:33
GRID_003952,10.462893244804398,76.67808251814995,0.0066982796,LOW,20.656640625000023,0.8682000000000001,2026-09-29 02:33
GRID_003953,10.462893244804398,76.68808251814995,0.006666636,LOW,20.656640625000023,0.8906000000000001,2026-09-29 02:33
GRID_003954,10.462893244804398,76.69808251814996,0.44177225,MODERATE,20.656640625000023,0.4629,2026-09-29 02:33
GRID_003955,10.462893244804398,76.70808251814996,0.0066571254,LOW,20.656640625000023,0.893,2026-09-29 02:33
GRID_003956,10.462893244804398,76.71808251814997,0.0066665243,LOW,20.656640625000023,0.889,2026-09-29 02:33
GRID_003957,10.462893244804398,76.72808251814998,0.006717964,LOW,20.656640625000023,0.8641000000000001,2026-09-29 02:33
GRID_003958,10.472893244804398,76.33808251814978,0.0019848826,LOW,23.256646728515648,0.8470000000000001,2026-09-29 02:33
GRID_003959,10.472893244804398,76.34808251814978,0.0029775915,LOW,23.256646728515648,0.7282000000000001,2026-09-29 02:33
GRID_003960,10.472893244804398,76.35808251814979,0.45044237,MODERATE,23.256646728515648,0.4687,2026-09-29 02:33
GRID_003961,10.472893244804398,76.36808251814979,0.0019853215,LOW,23.256646728515648,0.8414,2026-09-29 02:33
GRID_003962,10.472893244804398,76.3780825181498,0.46586913,MODERATE,22.156640625000023,0.7132000000000001,2026-09-29 02:33
GRID_003963,10.472893244804398,76.3880825181498,0.0045226375,LOW,22.156640625000023,0.9804,2026-09-29 02:33
GRID_003964,10.472893244804398,76.3980825181498,0.004887308,LOW,22.156640625000023,0.7983,2026-09-29 02:33
GRID_003965,10.472893244804398,76.40808251814981,0.055863883,LOW,22.156640625000023,0.792,2026-09-29 02:33
GRID_003966,10.472893244804398,76.41808251814982,0.0558561,LOW,22.156640625000023,0.7918000000000001,2026-09-29 02:33
GRID_003967,10.472893244804398,76.42808251814982,0.004818215,LOW,22.156640625000023,0.8258000000000001,2026-09-29 02:33
GRID_003968,10.472893244804398,76.43808251814983,0.0048519424,LOW,22.156640625000023,0.8069000000000001,2026-09-29 02:33
GRID_003969,10.472893244804398,76.44808251814983,0.0048562502,LOW,22.156640625000023,0.8095,2026-09-29 02:33
GRID_003970,10.472893244804398,76.45808251814984,0.0047392966,LOW,22.156640625000023,0.8549,2026-09-29 02:33
GRID_003971,10.472893244804398,76.46808251814984,0.004874035,LOW,22.156640625000023,0.8025,2026-09-29 02:33
GRID_003972,10.472893244804398,76.49808251814986,0.004874686,LOW,22.156640625000023,0.7996000000000001,2026-09-29 02:33
GRID_003973,10.472893244804398,76.50808251814986,0.14061184,LOW,22.156640625000023,0.7863,2026-09-29 02:33
GRID_003974,10.472893244804398,76.51808251814987,0.004850995,LOW,22.156640625000023,0.8128000000000001,2026-09-29 02:33
GRID_003975,10.472893244804398,76.52808251814987,0.004611134,LOW,22.156640625000023,0.9251,2026-09-29 02:33
GRID_003976,10.472893244804398,76.54808251814988,0.0047400743,LOW,22.156640625000023,0.8589,2026-09-29 02:33
GRID_003977,10.472893244804398,76.55808251814989,0.48588598,MODERATE,22.156640625000023,0.6876,2026-09-29 02:33
GRID_003978,10.472893244804398,76.5680825181499,0.004716683,LOW,22.156640625000023,0.8687,2026-09-29 02:33
GRID_003979,10.472893244804398,76.5880825181499,0.004813087,LOW,22.156640625000023,0.8198000000000001,2026-09-29 02:33
GRID_003980,10.472893244804398,76.59808251814991,0.0048156222,LOW,22.156640625000023,0.8218000000000001,2026-09-29 02:33
GRID_003981,10.472893244804398,76.60808251814991,0.0048069935,LOW,22.156640625000023,0.8282,2026-09-29 02:33
GRID_003982,10.472893244804398,76.61808251814992,0.14061886,LOW,22.156640625000023,0.7832,2026-09-29 02:33
GRID_003983,10.472893244804398,76.62808251814992,0.006851335,LOW,20.656640625000023,0.802,2026-09-29 02:33
GRID_003984,10.472893244804398,76.63808251814993,0.0068493783,LOW,20.656640625000023,0.8013,2026-09-29 02:33
GRID_003985,10.472893244804398,76.64808251814993,0.006693627,LOW,20.656640625000023,0.874,2026-09-29 02:33
GRID_003986,10.472893244804398,76.65808251814994,0.006740341,LOW,20.656640625000023,0.8484,2026-09-29 02:33
GRID_003987,10.472893244804398,76.66808251814994,0.0067248503,LOW,20.656640625000023,0.8602000000000001,2026-09-29 02:33
GRID_003988,10.472893244804398,76.67808251814995,0.006728939,LOW,20.656640625000023,0.8555,2026-09-29 02:33
GRID_003989,10.472893244804398,76.68808251814995,0.006647693,LOW,20.656640625000023,0.8994000000000001,2026-09-29 02:33
GRID_003990,10.472893244804398,76.69808251814996,0.006636445,LOW,20.656640625000023,0.9071,2026-09-29 02:33
GRID_003991,10.472893244804398,76.70808251814996,0.006658366,LOW,20.656640625000023,0.8923000000000001,2026-09-29 02:33
GRID_003992,10.472893244804398,76.71808251814997,0.0066915127,LOW,20.656640625000023,0.8761,2026-09-29 02:33
GRID_003993,10.472893244804398,76.72808251814998,0.0066749933,LOW,20.656640625000023,0.8777,2026-09-29 02:33
GRID_003994,10.482893244804398,76.35808251814979,0.001681665,LOW,23.256646728515648,0.9856,2026-09-29 02:33
GRID_003995,10.482893244804398,76.36808251814979,0.4430979,MODERATE,23.256646728515648,0.6514,2026-09-29 02:33
GRID_003996,10.482893244804398,76.3780825181498,0.49329382,MODERATE,22.156640625000023,0.6774,2026-09-29 02:33
GRID_003997,10.482893244804398,76.3880825181498,0.55299544,MODERATE,22.156640625000023,0.3091,2026-09-29 02:33
GRID_003998,10.482893244804398,76.3980825181498,0.004818714,LOW,22.156640625000023,0.8249000000000001,2026-09-29 02:33
GRID_003999,10.482893244804398,76.40808251814981,0.0047954456,LOW,22.156640625000023,0.8368,2026-09-29 02:33
GRID_004000,10.482893244804398,76.41808251814982,0.004802062,LOW,22.156640625000023,0.8349000000000001,2026-09-29 02:33
GRID_004001,10.482893244804398,76.42808251814982,0.0048594014,LOW,22.156640625000023,0.8105,2026-09-29 02:33
GRID_004002,10.482893244804398,76.43808251814983,0.055849496,LOW,22.156640625000023,0.7966000000000001,2026-09-29 02:33
GRID_004003,10.482893244804398,76.44808251814983,0.00483427,LOW,22.156640625000023,0.8129000000000001,2026-09-29 02:33
GRID_004004,10.482893244804398,76.45808251814984,0.0048230756,LOW,22.156640625000023,0.8237,2026-09-29 02:33
GRID_004005,10.482893244804398,76.46808251814984,0.0048861997,LOW,22.156640625000023,0.7997000000000001,2026-09-29 02:33
GRID_004006,10.482893244804398,76.48808251814985,0.004641517,LOW,22.156640625000023,0.907,2026-09-29 02:33
GRID_004007,10.482893244804398,76.49808251814986,0.004660872,LOW,22.156640625000023,0.8896000000000001,2026-09-29 02:33
GRID_004008,10.482893244804398,76.50808251814986,0.0048054485,LOW,22.156640625000023,0.8235,2026-09-29 02:33
GRID_004009,10.482893244804398,76.51808251814987,0.004642316,LOW,22.156640625000023,0.9011,2026-09-29 02:33
GRID_004010,10.482893244804398,76.52808251814987,0.0048254565,LOW,22.156640625000023,0.8223,2026-09-29 02:33
GRID_004011,10.482893244804398,76.53808251814988,0.0048067905,LOW,22.156640625000023,0.8302,2026-09-29 02:33
GRID_004012,10.482893244804398,76.55808251814989,0.004810786,LOW,22.156640625000023,0.8306,2026-09-29 02:33
GRID_004013,10.482893244804398,76.5680825181499,0.0048018233,LOW,22.156640625000023,0.8306,2026-09-29 02:33
GRID_004014,10.482893244804398,76.5780825181499,0.03962574,LOW,22.156640625000023,0.7695000000000001,2026-09-29 02:33
GRID_004015,10.482893244804398,76.5880825181499,0.4658179,MODERATE,22.156640625000023,0.7159,2026-09-29 02:33
GRID_004016,10.482893244804398,76.59808251814991,0.0048176707,LOW,22.156640625000023,0.8205,2026-09-29 02:33
GRID_004017,10.482893244804398,76.60808251814991,0.0048172753,LOW,22.156640625000023,0.8220000000000001,2026-09-29 02:33
GRID_004018,10.482893244804398,76.61808251814992,0.0048293974,LOW,22.156640625000023,0.8201,2026-09-29 02:33
GRID_004019,10.482893244804398,76.62808251814992,0.08644358,LOW,20.656640625000023,0.7894,2026-09-29 02:33
GRID_004020,10.482893244804398,76.63808251814993,0.0068254727,LOW,20.656640625000023,0.8130000000000001,2026-09-29 02:33
GRID_004021,10.482893244804398,76.64808251814993,0.006795046,LOW,20.656640625000023,0.8254,2026-09-29 02:33
GRID_004022,10.482893244804398,76.65808251814994,0.0067325165,LOW,20.656640625000023,0.8541000000000001,2026-09-29 02:33
GRID_004023,10.482893244804398,76.66808251814994,0.0066987607,LOW,20.656640625000023,0.8665,2026-09-29 02:33
GRID_004024,10.482893244804398,76.67808251814995,0.0067196507,LOW,20.656640625000023,0.8632000000000001,2026-09-29 02:33
GRID_004025,10.482893244804398,76.68808251814995,0.0067583085,LOW,20.656640625000023,0.8324,2026-09-29 02:33
GRID_004026,10.482893244804398,76.69808251814996,0.006650966,LOW,20.656640625000023,0.896,2026-09-29 02:33
GRID_004027,10.482893244804398,76.71808251814997,0.00669841,LOW,20.656640625000023,0.8687,2026-09-29 02:33
GRID_004028,10.482893244804398,76.72808251814998,0.006672928,LOW,20.656640625000023,0.8877,2026-09-29 02:33
GRID_004029,10.492893244804398,76.33808251814978,0.001985597,LOW,23.256646728515648,0.8444,2026-09-29 02:33
GRID_004030,10.492893244804398,76.41808251814982,0.081122085,LOW,22.156640625000023,0.7414000000000001,2026-09-29 02:33
GRID_004031,10.492893244804398,76.42808251814982,0.004751318,LOW,22.156640625000023,0.8515,2026-09-29 02:33
GRID_004032,10.492893244804398,76.43808251814983,0.004792764,LOW,22.156640625000023,0.8278000000000001,2026-09-29 02:33
GRID_004033,10.492893244804398,76.46808251814984,0.0046246215,LOW,22.156640625000023,0.9175,2026-09-29 02:33
GRID_004034,10.492893244804398,76.47808251814985,0.004820053,LOW,22.156640625000023,0.8225,2026-09-29 02:33
GRID_004035,10.492893244804398,76.48808251814985,0.004820706,LOW,22.156640625000023,0.8213,2026-09-29 02:33
GRID_004036,10.492893244804398,76.49808251814986,0.0047545573,LOW,22.156640625000023,0.8512000000000001,2026-09-29 02:33
GRID_004037,10.492893244804398,76.50808251814986,0.004808006,LOW,22.156640625000023,0.8217,2026-09-29 02:33
GRID_004038,10.492893244804398,76.51808251814987,0.0047771116,LOW,22.156640625000023,0.8392000000000001,2026-09-29 02:33
GRID_004039,10.492893244804398,76.52808251814987,0.0048052967,LOW,22.156640625000023,0.8330000000000001,2026-09-29 02:33
GRID_004040,10.492893244804398,76.53808251814988,0.004843164,LOW,22.156640625000023,0.8206,2026-09-29 02:33
GRID_004041,10.492893244804398,76.54808251814988,0.4659049,MODERATE,22.156640625000023,0.7092,2026-09-29 02:33
GRID_004042,10.492893244804398,76.55808251814989,0.0047726696,LOW,22.156640625000023,0.8501000000000001,2026-09-29 02:33
GRID_004043,10.492893244804398,76.5680825181499,0.0047217514,LOW,22.156640625000023,0.8704000000000001,2026-09-29 02:33
GRID_004044,10.492893244804398,76.5780825181499,0.0047526546,LOW,22.156640625000023,0.8485,2026-09-29 02:33
GRID_004045,10.492893244804398,76.5880825181499,0.004746545,LOW,22.156640625000023,0.8505,2026-09-29 02:33
GRID_004046,10.492893244804398,76.59808251814991,0.0047668493,LOW,22.156640625000023,0.8383,2026-09-29 02:33
GRID_004047,10.492893244804398,76.60808251814991,0.0047733714,LOW,22.156640625000023,0.8388,2026-09-29 02:33
GRID_004048,10.492893244804398,76.61808251814992,0.004882941,LOW,22.156640625000023,0.7971,2026-09-29 02:33
GRID_004049,10.492893244804398,76.62808251814992,0.09146059,LOW,20.656640625000023,0.7849,2026-09-29 02:33
GRID_004050,10.492893244804398,76.63808251814993,0.006808762,LOW,20.656640625000023,0.8192,2026-09-29 02:33
GRID_004051,10.492893244804398,76.64808251814993,0.032845452,LOW,20.656640625000023,0.7617,2026-09-29 02:33
GRID_004052,10.492893244804398,76.65808251814994,0.0067413314,LOW,20.656640625000023,0.8456,2026-09-29 02:33
GRID_004053,10.492893244804398,76.66808251814994,0.0067012804,LOW,20.656640625000023,0.8652000000000001,2026-09-29 02:33
GRID_004054,10.492893244804398,76.67808251814995,0.006657144,LOW,20.656640625000023,0.8951,2026-09-29 02:33
GRID_004055,10.492893244804398,76.68808251814995,0.006643627,LOW,20.656640625000023,0.9,2026-09-29 02:33
GRID_004056,10.492893244804398,76.69808251814996,0.006646336,LOW,20.656640625000023,0.8939,2026-09-29 02:33
GRID_004057,10.492893244804398,76.70808251814996,0.0066246586,LOW,20.656640625000023,0.9095,2026-09-29 02:33
GRID_004058,10.492893244804398,76.71808251814997,0.0066179517,LOW,20.656640625000023,0.9139,2026-09-29 02:33
GRID_004059,10.492893244804398,76.72808251814998,0.0066229603,LOW,20.656640625000023,0.9069,2026-09-29 02:33
GRID_004060,10.502893244804396,76.31808251814977,0.0019221532,LOW,23.256646728515648,0.8757,2026-09-29 02:33
GRID_004061,10.502893244804396,76.3980825181498,0.009235434,LOW,22.156640625000023,0.7499,2026-09-29 02:33
GRID_004062,10.502893244804396,76.40808251814981,0.0047853803,LOW,22.156640625000023,0.8388,2026-09-29 02:33
GRID_004063,10.502893244804396,76.41808251814982,0.5028784,MODERATE,22.156640625000023,0.3884,2026-09-29 02:33
GRID_004064,10.502893244804396,76.42808251814982,0.0046399315,LOW,22.156640625000023,0.9073,2026-09-29 02:33
GRID_004065,10.502893244804396,76.43808251814983,0.0048494884,LOW,22.156640625000023,0.8138000000000001,2026-09-29 02:33
GRID_004066,10.502893244804396,76.44808251814983,0.0045438576,LOW,22.156640625000023,0.968,2026-09-29 02:33
GRID_004067,10.502893244804396,76.45808251814984,0.004826994,LOW,22.156640625000023,0.8239000000000001,2026-09-29 02:33
GRID_004068,10.502893244804396,76.46808251814984,0.004755316,LOW,22.156640625000023,0.8549,2026-09-29 02:33
GRID_004069,10.502893244804396,76.47808251814985,0.14063075,LOW,22.156640625000023,0.7855000000000001,2026-09-29 02:33
GRID_004070,10.502893244804396,76.48808251814985,0.004897109,LOW,22.156640625000023,0.7973,2026-09-29 02:33
GRID_004071,10.502893244804396,76.49808251814986,0.0047810148,LOW,22.156640625000023,0.8331000000000001,2026-09-29 02:33
GRID_004072,10.502893244804396,76.50808251814986,0.0047556884,LOW,22.156640625000023,0.8546,2026-09-29 02:33
GRID_004073,10.502893244804396,76.51808251814987,0.0048483373,LOW,22.156640625000023,0.8161,2026-09-29 02:33
GRID_004074,10.502893244804396,76.52808251814987,0.5214257,MODERATE,22.156640625000023,0.4231,2026-09-29 02:33
GRID_004075,10.502893244804396,76.53808251814988,0.039662447,LOW,22.156640625000023,0.7693,2026-09-29 02:33
GRID_004076,10.502893244804396,76.54808251814988,0.004885149,LOW,22.156640625000023,0.8038000000000001,2026-09-29 02:33
GRID_004077,10.502893244804396,76.55808251814989,0.004783091,LOW,22.156640625000023,0.8430000000000001,2026-09-29 02:33
GRID_004078,10.502893244804396,76.5680825181499,0.004745207,LOW,22.156640625000023,0.8591000000000001,2026-09-29 02:33
GRID_004079,10.502893244804396,76.5780825181499,0.0046675242,LOW,22.156640625000023,0.9024,2026-09-29 02:33
GRID_004080,10.502893244804396,76.5880825181499,0.0047650216,LOW,22.156640625000023,0.8484,2026-09-29 02:33
GRID_004081,10.502893244804396,76.59808251814991,0.004773644,LOW,22.156640625000023,0.8443,2026-09-29 02:33
GRID_004082,10.502893244804396,76.60808251814991,0.0046756254,LOW,22.156640625000023,0.8848,2026-09-29 02:33
GRID_004083,10.502893244804396,76.61808251814992,0.5148331,MODERATE,22.156640625000023,0.5254,2026-09-29 02:33
GRID_004084,10.502893244804396,76.62808251814992,0.006778775,LOW,20.656640625000023,0.8246,2026-09-29 02:33
GRID_004085,10.502893244804396,76.63808251814993,0.0025599452,LOW,20.656640625000023,0.752,2026-09-29 02:33
GRID_004086,10.502893244804396,76.64808251814993,0.014140154,LOW,20.656640625000023,0.7437,2026-09-29 02:33
GRID_004087,10.502893244804396,76.65808251814994,0.00666458,LOW,20.656640625000023,0.8846,2026-09-29 02:33
GRID_004088,10.502893244804396,76.66808251814994,0.0066231336,LOW,20.656640625000023,0.9118,2026-09-29 02:33
GRID_004089,10.502893244804396,76.67808251814995,0.0067575583,LOW,20.656640625000023,0.8442000000000001,2026-09-29 02:33
GRID_004090,10.502893244804396,76.68808251814995,0.006726093,LOW,20.656640625000023,0.8573000000000001,2026-09-29 02:33
GRID_004091,10.502893244804396,76.69808251814996,0.0067014815,LOW,20.656640625000023,0.8669,2026-09-29 02:33
GRID_004092,10.502893244804396,76.70808251814996,0.006720351,LOW,20.656640625000023,0.8525,2026-09-29 02:33
GRID_004093,10.502893244804396,76.71808251814997,0.0066030337,LOW,20.656640625000023,0.9247,2026-09-29 02:33
GRID_004094,10.502893244804396,76.72808251814998,0.0065966896,LOW,20.656640625000023,0.925,2026-09-29 02:33
GRID_004095,10.512893244804395,76.31808251814977,0.0019897604,LOW,23.256646728515648,0.8460000000000001,2026-09-29 02:33
GRID_004096,10.512893244804395,76.32808251814977,0.0019544251,LOW,23.256646728515648,0.8614,2026-09-29 02:33
GRID_004097,10.512893244804395,76.33808251814978,0.34192204,LOW,23.256646728515648,0.6767000000000001,2026-09-29 02:33
GRID_004098,10.512893244804395,76.34808251814978,0.0020521004,LOW,23.256646728515648,0.8230000000000001,2026-09-29 02:33
GRID_004099,10.512893244804395,76.35808251814979,0.0029759589,LOW,23.256646728515648,0.7306,2026-09-29 02:33
GRID_004100,10.512893244804395,76.36808251814979,0.26410842,LOW,23.256646728515648,0.5850000000000001,2026-09-29 02:33
GRID_004101,10.512893244804395,76.3780825181498,0.14067058,LOW,22.156640625000023,0.7743,2026-09-29 02:33
GRID_004102,10.512893244804395,76.3880825181498,0.3447628,LOW,22.156640625000023,0.7362000000000001,2026-09-29 02:33
GRID_004103,10.512893244804395,76.3980825181498,0.14063509,LOW,22.156640625000023,0.7854,2026-09-29 02:33
GRID_004104,10.512893244804395,76.40808251814981,0.0048028273,LOW,22.156640625000023,0.8352,2026-09-29 02:33
GRID_004105,10.512893244804395,76.41808251814982,0.004874533,LOW,22.156640625000023,0.8085,2026-09-29 02:33
GRID_004106,10.512893244804395,76.42808251814982,0.48033378,MODERATE,22.156640625000023,0.6293000000000001,2026-09-29 02:33
GRID_004107,10.512893244804395,76.43808251814983,0.0046780948,LOW,22.156640625000023,0.8951,2026-09-29 02:33
GRID_004108,10.512893244804395,76.44808251814983,0.0047805733,LOW,22.156640625000023,0.8448,2026-09-29 02:33
GRID_004109,10.512893244804395,76.45808251814984,0.004786246,LOW,22.156640625000023,0.8391000000000001,2026-09-29 02:33
GRID_004110,10.512893244804395,76.46808251814984,0.0046672365,LOW,22.156640625000023,0.8912,2026-09-29 02:33
GRID_004111,10.512893244804395,76.47808251814985,0.0047808224,LOW,22.156640625000023,0.8431000000000001,2026-09-29 02:33
GRID_004112,10.512893244804395,76.49808251814986,0.004678541,LOW,22.156640625000023,0.8835000000000001,2026-09-29 02:33
GRID_004113,10.512893244804395,76.53808251814988,0.44582534,MODERATE,22.156640625000023,0.6991,2026-09-29 02:33
GRID_004114,10.512893244804395,76.54808251814988,0.0048259594,LOW,22.156640625000023,0.8276,2026-09-29 02:33
GRID_004115,10.512893244804395,76.55808251814989,0.0047772904,LOW,22.156640625000023,0.8472000000000001,2026-09-29 02:33
GRID_004116,10.512893244804395,76.5880825181499,0.0047812816,LOW,22.156640625000023,0.8411000000000001,2026-09-29 02:33
GRID_004117,10.512893244804395,76.59808251814991,0.0047913245,LOW,22.156640625000023,0.8255,2026-09-29 02:33
GRID_004118,10.512893244804395,76.60808251814991,0.0046972334,LOW,22.156640625000023,0.874,2026-09-29 02:33
GRID_004119,10.512893244804395,76.61808251814992,0.004777385,LOW,22.156640625000023,0.8379000000000001,2026-09-29 02:33
GRID_004120,10.512893244804395,76.62808251814992,0.0068008904,LOW,20.656640625000023,0.8166,2026-09-29 02:33
GRID_004121,10.512893244804395,76.63808251814993,0.4771286,MODERATE,20.656640625000023,0.7155,2026-09-29 02:33
GRID_004122,10.512893244804395,76.64808251814993,0.47080192,MODERATE,20.656640625000023,0.7168,2026-09-29 02:33
GRID_004123,10.512893244804395,76.65808251814994,0.006758297,LOW,20.656640625000023,0.8353,2026-09-29 02:33
GRID_004124,10.512893244804395,76.66808251814994,0.0066550323,LOW,20.656640625000023,0.8958,2026-09-29 02:33
GRID_004125,10.512893244804395,76.67808251814995,0.006713424,LOW,20.656640625000023,0.8664000000000001,2026-09-29 02:33
GRID_004126,10.512893244804395,76.68808251814995,0.0067548403,LOW,20.656640625000023,0.8458,2026-09-29 02:33
GRID_004127,10.512893244804395,76.69808251814996,0.0066452054,LOW,20.656640625000023,0.9024,2026-09-29 02:33
GRID_004128,10.512893244804395,76.70808251814996,0.0066970265,LOW,20.656640625000023,0.8709,2026-09-29 02:33
GRID_004129,10.512893244804395,76.71808251814997,0.0066061695,LOW,20.656640625000023,0.9214,2026-09-29 02:33
GRID_004130,10.512893244804395,76.72808251814998,0.0066144075,LOW,20.656640625000023,0.9125,2026-09-29 02:33
GRID_004131,10.512893244804395,76.73808251814998,0.006654272,LOW,20.656640625000023,0.896,2026-09-29 02:33
GRID_004132,10.522893244804395,76.28808251814975,0.508906,MODERATE,23.256646728515648,0.4276,2026-09-29 02:33
GRID_004133,10.522893244804395,76.29808251814976,0.57421297,MODERATE,23.256646728515648,0.3419,2026-09-29 02:33
GRID_004134,10.522893244804395,76.32808251814977,0.0020058344,LOW,23.256646728515648,0.8417,2026-09-29 02:33
GRID_004135,10.522893244804395,76.34808251814978,0.0020979224,LOW,23.256646728515648,0.8106,2026-09-29 02:33
GRID_004136,10.522893244804395,76.35808251814979,0.5900717,MODERATE,23.256646728515648,0.2813,2026-09-29 02:33
GRID_004137,10.522893244804395,76.36808251814979,0.34190157,LOW,23.256646728515648,0.6785,2026-09-29 02:33
GRID_004138,10.522893244804395,76.3780825181498,0.4934268,MODERATE,22.156640625000023,0.6704,2026-09-29 02:33
GRID_004139,10.522893244804395,76.3880825181498,0.5084959,MODERATE,22.156640625000023,0.3914,2026-09-29 02:33
GRID_004140,10.522893244804395,76.3980825181498,0.5160802,MODERATE,22.156640625000023,0.525,2026-09-29 02:33
GRID_004141,10.522893244804395,76.40808251814981,0.004884512,LOW,22.156640625000023,0.8057000000000001,2026-09-29 02:33
GRID_004142,10.522893244804395,76.41808251814982,0.0046652863,LOW,22.156640625000023,0.9024,2026-09-29 02:33
GRID_004143,10.522893244804395,76.44808251814983,0.004809699,LOW,22.156640625000023,0.8322,2026-09-29 02:33
GRID_004144,10.522893244804395,76.45808251814984,0.00485051,LOW,22.156640625000023,0.8163,2026-09-29 02:33
GRID_004145,10.522893244804395,76.46808251814984,0.0046937894,LOW,22.156640625000023,0.8848,2026-09-29 02:33
GRID_004146,10.522893244804395,76.47808251814985,0.004727734,LOW,22.156640625000023,0.8679,2026-09-29 02:33
GRID_004147,10.522893244804395,76.48808251814985,0.0048230505,LOW,22.156640625000023,0.8286,2026-09-29 02:33
GRID_004148,10.522893244804395,76.49808251814986,0.004833839,LOW,22.156640625000023,0.8238000000000001,2026-09-29 02:33
GRID_004149,10.522893244804395,76.50808251814986,0.0047230637,LOW,22.156640625000023,0.8718,2026-09-29 02:33
GRID_004150,10.522893244804395,76.51808251814987,0.0047374386,LOW,22.156640625000023,0.8673000000000001,2026-09-29 02:33
GRID_004151,10.522893244804395,76.52808251814987,0.14064908,LOW,22.156640625000023,0.7827000000000001,2026-09-29 02:33
GRID_004152,10.522893244804395,76.5780825181499,0.0047522914,LOW,22.156640625000023,0.8613000000000001,2026-09-29 02:33
GRID_004153,10.522893244804395,76.5880825181499,0.0048316442,LOW,22.156640625000023,0.8260000000000001,2026-09-29 02:33
GRID_004154,10.522893244804395,76.59808251814991,0.004843331,LOW,22.156640625000023,0.8196,2026-09-29 02:33
GRID_004155,10.522893244804395,76.60808251814991,0.004673126,LOW,22.156640625000023,0.8988,2026-09-29 02:33
GRID_004156,10.522893244804395,76.61808251814992,0.004660434,LOW,22.156640625000023,0.888,2026-09-29 02:33
GRID_004157,10.522893244804395,76.62808251814992,0.006664359,LOW,20.656640625000023,0.8781,2026-09-29 02:33
GRID_004158,10.522893244804395,76.63808251814993,0.006842334,LOW,20.656640625000023,0.7983,2026-09-29 02:33
GRID_004159,10.522893244804395,76.64808251814993,0.0067967647,LOW,20.656640625000023,0.8179000000000001,2026-09-29 02:33
GRID_004160,10.522893244804395,76.65808251814994,0.006817707,LOW,20.656640625000023,0.8078000000000001,2026-09-29 02:33
GRID_004161,10.522893244804395,76.66808251814994,0.0067523355,LOW,20.656640625000023,0.8442000000000001,2026-09-29 02:33
GRID_004162,10.522893244804395,76.67808251814995,0.006750624,LOW,20.656640625000023,0.8478,2026-09-29 02:33
GRID_004163,10.522893244804395,76.68808251814995,0.0067492067,LOW,20.656640625000023,0.8478,2026-09-29 02:33
GRID_004164,10.522893244804395,76.69808251814996,0.006785403,LOW,20.656640625000023,0.8310000000000001,2026-09-29 02:33
GRID_004165,10.522893244804395,76.70808251814996,0.006722667,LOW,20.656640625000023,0.8594,2026-09-29 02:33
GRID_004166,10.522893244804395,76.71808251814997,0.33168727,LOW,20.656640625000023,0.7252000000000001,2026-09-29 02:33
GRID_004167,10.522893244804395,76.72808251814998,0.006589885,LOW,20.656640625000023,0.9268,2026-09-29 02:33
GRID_004168,10.532893244804397,76.28808251814975,0.18488513,LOW,23.256646728515648,0.6924,2026-09-29 02:33
GRID_004169,10.532893244804397,76.29808251814976,0.0020075485,LOW,23.256646728515648,0.8403,2026-09-29 02:33
GRID_004170,10.532893244804397,76.30808251814976,0.0019317894,LOW,23.256646728515648,0.873,2026-09-29 02:33
GRID_004171,10.532893244804397,76.31808251814977,0.0023793578,LOW,23.256646728515648,0.7425,2026-09-29 02:33
GRID_004172,10.532893244804397,76.32808251814977,0.21861689,LOW,23.256646728515648,0.7071000000000001,2026-09-29 02:33
GRID_004173,10.532893244804397,76.33808251814978,0.0023910152,LOW,23.256646728515648,0.7415,2026-09-29 02:33
GRID_004174,10.532893244804397,76.34808251814978,0.0025714852,LOW,23.256646728515648,0.7386,2026-09-29 02:33
GRID_004175,10.532893244804397,76.35808251814979,0.00323637,LOW,23.256646728515648,0.7183,2026-09-29 02:33
GRID_004176,10.532893244804397,76.36808251814979,0.001985135,LOW,23.256646728515648,0.8488,2026-09-29 02:33
GRID_004177,10.532893244804397,76.3780825181498,0.1381556,LOW,22.156640625000023,0.7615000000000001,2026-09-29 02:33
GRID_004178,10.532893244804397,76.3880825181498,0.5680386,MODERATE,22.156640625000023,0.3254,2026-09-29 02:33
GRID_004179,10.532893244804397,76.3980825181498,0.3447541,LOW,22.156640625000023,0.738,2026-09-29 02:33
GRID_004180,10.532893244804397,76.40808251814981,0.0048935274,LOW,22.156640625000023,0.8001,2026-09-29 02:33
GRID_004181,10.532893244804397,76.44808251814983,0.08896277,LOW,22.156640625000023,0.756,2026-09-29 02:33
GRID_004182,10.532893244804397,76.48808251814985,0.0048316442,LOW,22.156640625000023,0.8252,2026-09-29 02:33
GRID_004183,10.532893244804397,76.49808251814986,0.004871854,LOW,22.156640625000023,0.8099000000000001,2026-09-29 02:33
GRID_004184,10.532893244804397,76.52808251814987,0.14063658,LOW,22.156640625000023,0.7864,2026-09-29 02:33
GRID_004185,10.532893244804397,76.53808251814988,0.055862434,LOW,22.156640625000023,0.7968000000000001,2026-09-29 02:33
GRID_004186,10.532893244804397,76.54808251814988,0.05586304,LOW,22.156640625000023,0.7967000000000001,2026-09-29 02:33
GRID_004187,10.532893244804397,76.55808251814989,0.055868924,LOW,22.156640625000023,0.7949,2026-09-29 02:33
GRID_004188,10.532893244804397,76.5680825181499,0.05587658,LOW,22.156640625000023,0.7921,2026-09-29 02:33
GRID_004189,10.532893244804397,76.5780825181499,0.0048582368,LOW,22.156640625000023,0.8151,2026-09-29 02:33
GRID_004190,10.532893244804397,76.5880825181499,0.03966354,LOW,22.156640625000023,0.7694000000000001,2026-09-29 02:33
GRID_004191,10.532893244804397,76.59808251814991,0.004738264,LOW,22.156640625000023,0.8674000000000001,2026-09-29 02:33
GRID_004192,10.532893244804397,76.61808251814992,0.0047551957,LOW,22.156640625000023,0.8402000000000001,2026-09-29 02:33
GRID_004193,10.532893244804397,76.62808251814992,0.0066986866,LOW,20.656640625000023,0.8701000000000001,2026-09-29 02:33
GRID_004194,10.532893244804397,76.63808251814993,0.006680036,LOW,20.656640625000023,0.8774000000000001,2026-09-29 02:33
GRID_004195,10.532893244804397,76.64808251814993,0.0066553717,LOW,20.656640625000023,0.8895000000000001,2026-09-29 02:33
GRID_004196,10.532893244804397,76.65808251814994,0.0066931834,LOW,20.656640625000023,0.8692000000000001,2026-09-29 02:33
GRID_004197,10.532893244804397,76.66808251814994,0.006670017,LOW,20.656640625000023,0.8755000000000001,2026-09-29 02:33
GRID_004198,10.532893244804397,76.67808251814995,0.0068396293,LOW,20.656640625000023,0.8074,2026-09-29 02:33
GRID_004199,10.532893244804397,76.68808251814995,0.0067475233,LOW,20.656640625000023,0.8493,2026-09-29 02:33
GRID_004200,10.532893244804397,76.69808251814996,0.086435966,LOW,20.656640625000023,0.7927000000000001,2026-09-29 02:33
GRID_004201,10.532893244804397,76.70808251814996,0.006761346,LOW,20.656640625000023,0.8385,2026-09-29 02:33
GRID_004202,10.532893244804397,76.71808251814997,0.0067768088,LOW,20.656640625000023,0.8344,2026-09-29 02:33
GRID_004203,10.532893244804397,76.72808251814998,0.006701643,LOW,20.656640625000023,0.8674000000000001,2026-09-29 02:33
GRID_004204,10.532893244804397,76.73808251814998,0.00666764,LOW,20.656640625000023,0.8908,2026-09-29 02:33
GRID_004205,10.542893244804397,75.97808251814959,0.005679643,LOW,26.756646728515648,0.825538478093774,2026-09-29 02:33
GRID_004206,10.542893244804397,76.29808251814976,0.0019045598,LOW,23.256646728515648,0.8744000000000001,2026-09-29 02:33
GRID_004207,10.542893244804397,76.30808251814976,0.0019880466,LOW,23.256646728515648,0.8472000000000001,2026-09-29 02:33
GRID_004208,10.542893244804397,76.31808251814977,0.002218061,LOW,23.256646728515648,0.7807000000000001,2026-09-29 02:33
GRID_004209,10.542893244804397,76.32808251814977,0.0022823939,LOW,23.256646728515648,0.7624000000000001,2026-09-29 02:33
GRID_004210,10.542893244804397,76.33808251814978,0.0022114217,LOW,23.256646728515648,0.7826000000000001,2026-09-29 02:33
GRID_004211,10.542893244804397,76.34808251814978,0.56228566,MODERATE,23.256646728515648,0.3194,2026-09-29 02:33
GRID_004212,10.542893244804397,76.35808251814979,0.481121,MODERATE,23.256646728515648,0.3911,2026-09-29 02:33
GRID_004213,10.542893244804397,76.36808251814979,0.001872051,LOW,23.256646728515648,0.8862,2026-09-29 02:33
GRID_004214,10.542893244804397,76.3780825181498,0.13815707,LOW,22.156640625000023,0.7573000000000001,2026-09-29 02:33
GRID_004215,10.542893244804397,76.3880825181498,0.51869947,MODERATE,22.156640625000023,0.4367,2026-09-29 02:33
GRID_004216,10.542893244804397,76.41808251814982,0.0048369924,LOW,22.156640625000023,0.8225,2026-09-29 02:33
GRID_004217,10.542893244804397,76.43808251814983,0.4659028,MODERATE,22.156640625000023,0.7079000000000001,2026-09-29 02:33
GRID_004218,10.542893244804397,76.45808251814984,0.03965347,LOW,22.156640625000023,0.772,2026-09-29 02:33
GRID_004219,10.542893244804397,76.46808251814984,0.004809797,LOW,22.156640625000023,0.8340000000000001,2026-09-29 02:33
GRID_004220,10.542893244804397,76.47808251814985,0.14066605,LOW,22.156640625000023,0.7769,2026-09-29 02:33
GRID_004221,10.542893244804397,76.48808251814985,0.14066343,LOW,22.156640625000023,0.7776000000000001,2026-09-29 02:33
GRID_004222,10.542893244804397,76.51808251814987,0.00487666,LOW,22.156640625000023,0.8084,2026-09-29 02:33
GRID_004223,10.542893244804397,76.52808251814987,0.08896022,LOW,22.156640625000023,0.7565000000000001,2026-09-29 02:33
GRID_004224,10.542893244804397,76.53808251814988,0.088959366,LOW,22.156640625000023,0.7572,2026-09-29 02:33
GRID_004225,10.542893244804397,76.54808251814988,0.4789294,MODERATE,22.156640625000023,0.6365000000000001,2026-09-29 02:33
GRID_004226,10.542893244804397,76.55808251814989,0.004862983,LOW,22.156640625000023,0.8095,2026-09-29 02:33
GRID_004227,10.542893244804397,76.5680825181499,0.004785328,LOW,22.156640625000023,0.8436,2026-09-29 02:33
GRID_004228,10.542893244804397,76.59808251814991,0.004853826,LOW,22.156640625000023,0.8143,2026-09-29 02:33
GRID_004229,10.542893244804397,76.61808251814992,0.14064111,LOW,22.156640625000023,0.7848,2026-09-29 02:33
GRID_004230,10.542893244804397,76.62808251814992,0.46290356,MODERATE,20.656640625000023,0.7017,2026-09-29 02:33
GRID_004231,10.542893244804397,76.63808251814993,0.5454992,MODERATE,20.656640625000023,0.0845,2026-09-29 02:33
GRID_004232,10.542893244804397,76.64808251814993,0.0066881846,LOW,20.656640625000023,0.875,2026-09-29 02:33
GRID_004233,10.542893244804397,76.65808251814994,0.006639908,LOW,20.656640625000023,0.8934000000000001,2026-09-29 02:33
GRID_004234,10.542893244804397,76.66808251814994,0.0066655586,LOW,20.656640625000023,0.8833000000000001,2026-09-29 02:33
GRID_004235,10.542893244804397,76.67808251814995,0.006841212,LOW,20.656640625000023,0.8033,2026-09-29 02:33
GRID_004236,10.542893244804397,76.68808251814995,0.006792894,LOW,20.656640625000023,0.8264,2026-09-29 02:33
GRID_004237,10.542893244804397,76.69808251814996,0.006712942,LOW,20.656640625000023,0.8655,2026-09-29 02:33
GRID_004238,10.542893244804397,76.70808251814996,0.0067488663,LOW,20.656640625000023,0.8469,2026-09-29 02:33
GRID_004239,10.542893244804397,76.71808251814997,0.0067438586,LOW,20.656640625000023,0.8482000000000001,2026-09-29 02:33
GRID_004240,10.542893244804397,76.72808251814998,0.0066942833,LOW,20.656640625000023,0.864,2026-09-29 02:33
GRID_004241,10.542893244804397,76.73808251814998,0.006695133,LOW,20.656640625000023,0.8684000000000001,2026-09-29 02:33
GRID_004242,10.552893244804396,75.96808251814959,0.005679643,LOW,26.756646728515648,0.825538478093774,2026-09-29 02:33
GRID_004243,10.552893244804396,76.28808251814975,0.0019227596,LOW,23.256646728515648,0.8763000000000001,2026-09-29 02:33
GRID_004244,10.552893244804396,76.29808251814976,0.0021725507,LOW,23.256646728515648,0.7887000000000001,2026-09-29 02:33
GRID_004245,10.552893244804396,76.30808251814976,0.57915074,MODERATE,23.256646728515648,0.3345,2026-09-29 02:33
GRID_004246,10.552893244804396,76.31808251814977,0.0022748157,LOW,23.256646728515648,0.7637,2026-09-29 02:33
GRID_004247,10.552893244804396,76.32808251814977,0.0019564258,LOW,23.256646728515648,0.8622000000000001,2026-09-29 02:33
GRID_004248,10.552893244804396,76.33808251814978,0.46289358,MODERATE,23.256646728515648,0.5326000000000001,2026-09-29 02:33
GRID_004249,10.552893244804396,76.34808251814978,0.0019735103,LOW,23.256646728515648,0.8552000000000001,2026-09-29 02:33
GRID_004250,10.552893244804396,76.35808251814979,0.0018514405,LOW,23.256646728515648,0.9,2026-09-29 02:33
GRID_004251,10.552893244804396,76.36808251814979,0.47107723,MODERATE,23.256646728515648,0.532,2026-09-29 02:33
GRID_004252,10.552893244804396,76.3780825181498,0.47831458,MODERATE,22.156640625000023,0.6463,2026-09-29 02:33
GRID_004253,10.552893244804396,76.3880825181498,0.055871643,LOW,22.156640625000023,0.79,2026-09-29 02:33
GRID_004254,10.552893244804396,76.3980825181498,0.088951536,LOW,22.156640625000023,0.7566,2026-09-29 02:33
GRID_004255,10.552893244804396,76.40808251814981,0.51722056,MODERATE,22.156640625000023,0.5072,2026-09-29 02:33
GRID_004256,10.552893244804396,76.41808251814982,0.5129342,MODERATE,22.156640625000023,0.5392,2026-09-29 02:33
GRID_004257,10.552893244804396,76.44808251814983,0.43656996,MODERATE,22.156640625000023,0.7278,2026-09-29 02:33
GRID_004258,10.552893244804396,76.45808251814984,0.0048778607,LOW,22.156640625000023,0.8077000000000001,2026-09-29 02:33
GRID_004259,10.552893244804396,76.49808251814986,0.0558715,LOW,22.156640625000023,0.7942,2026-09-29 02:33
GRID_004260,10.552893244804396,76.50808251814986,0.055874135,LOW,22.156640625000023,0.7933,2026-09-29 02:33
GRID_004261,10.552893244804396,76.51808251814987,0.004903482,LOW,22.156640625000023,0.7987000000000001,2026-09-29 02:33
GRID_004262,10.552893244804396,76.52808251814987,0.0049003162,LOW,22.156640625000023,0.8002,2026-09-29 02:33
GRID_004263,10.552893244804396,76.53808251814988,0.49439728,MODERATE,22.156640625000023,0.6655,2026-09-29 02:33
GRID_004264,10.552893244804396,76.54808251814988,0.004785867,LOW,22.156640625000023,0.8361000000000001,2026-09-29 02:33
GRID_004265,10.552893244804396,76.59808251814991,0.05587364,LOW,22.156640625000023,0.7933,2026-09-29 02:33
GRID_004266,10.552893244804396,76.60808251814991,0.13815415,LOW,22.156640625000023,0.7619,2026-09-29 02:33
GRID_004267,10.552893244804396,76.62808251814992,0.0146616455,LOW,20.656640625000023,0.7701,2026-09-29 02:33
GRID_004268,10.552893244804396,76.63808251814993,0.0066843517,LOW,20.656640625000023,0.8771,2026-09-29 02:33
GRID_004269,10.552893244804396,76.64808251814993,0.0066756257,LOW,20.656640625000023,0.8791,2026-09-29 02:33
GRID_004270,10.552893244804396,76.65808251814994,0.006660145,LOW,20.656640625000023,0.8832000000000001,2026-09-29 02:33
GRID_004271,10.552893244804396,76.66808251814994,0.003831999,LOW,20.656640625000023,0.7496,2026-09-29 02:33
GRID_004272,10.552893244804396,76.67808251814995,0.3316856,LOW,20.656640625000023,0.7267,2026-09-29 02:33
GRID_004273,10.552893244804396,76.68808251814995,0.08643207,LOW,20.656640625000023,0.7935,2026-09-29 02:33
GRID_004274,10.552893244804396,76.70808251814996,0.006657022,LOW,20.656640625000023,0.8919,2026-09-29 02:33
GRID_004275,10.552893244804396,76.71808251814997,0.006752701,LOW,20.656640625000023,0.8454,2026-09-29 02:33
GRID_004276,10.552893244804396,76.72808251814998,0.0067362487,LOW,20.656640625000023,0.8519,2026-09-29 02:33
GRID_004277,10.552893244804396,76.73808251814998,0.006677546,LOW,20.656640625000023,0.8813000000000001,2026-09-29 02:33
GRID_004278,10.562893244804396,76.28808251814975,0.0017258263,LOW,23.256646728515648,0.9773,2026-09-29 02:33
GRID_004279,10.562893244804396,76.29808251814976,0.08957149,LOW,23.256646728515648,0.7023,2026-09-29 02:33
GRID_004280,10.562893244804396,76.30808251814976,0.0020122197,LOW,23.256646728515648,0.8379000000000001,2026-09-29 02:33
GRID_004281,10.562893244804396,76.31808251814977,0.2815648,LOW,23.256646728515648,0.6099,2026-09-29 02:33
GRID_004282,10.562893244804396,76.32808251814977,0.6149158,HIGH,23.256646728515648,0.1924,2026-09-29 02:33
GRID_004283,10.562893244804396,76.33808251814978,0.0018818143,LOW,23.256646728515648,0.8845000000000001,2026-09-29 02:33
GRID_004284,10.562893244804396,76.34808251814978,0.0021091031,LOW,23.256646728515648,0.809,2026-09-29 02:33
GRID_004285,10.562893244804396,76.35808251814979,0.35578766,LOW,23.256646728515648,0.6383,2026-09-29 02:33
GRID_004286,10.562893244804396,76.36808251814979,0.4446097,MODERATE,23.256646728515648,0.493,2026-09-29 02:33
GRID_004287,10.562893244804396,76.3780825181498,0.50391495,MODERATE,22.156640625000023,0.3827,2026-09-29 02:33
GRID_004288,10.562893244804396,76.45808251814984,0.004866334,LOW,22.156640625000023,0.8107000000000001,2026-09-29 02:33
GRID_004289,10.562893244804396,76.49808251814986,0.08115006,LOW,22.156640625000023,0.7401,2026-09-29 02:33
GRID_004290,10.562893244804396,76.50808251814986,0.055883948,LOW,22.156640625000023,0.7904,2026-09-29 02:33
GRID_004291,10.562893244804396,76.51808251814987,0.13813803,LOW,22.156640625000023,0.7662,2026-09-29 02:33
GRID_004292,10.562893244804396,76.52808251814987,0.49342784,MODERATE,22.156640625000023,0.6705,2026-09-29 02:33
GRID_004293,10.562893244804396,76.53808251814988,0.004865951,LOW,22.156640625000023,0.8123,2026-09-29 02:33
GRID_004294,10.562893244804396,76.54808251814988,0.004866864,LOW,22.156640625000023,0.8119000000000001,2026-09-29 02:33
GRID_004295,10.562893244804396,76.5880825181499,0.0048015676,LOW,22.156640625000023,0.8386,2026-09-29 02:33
GRID_004296,10.562893244804396,76.60808251814991,0.13813841,LOW,22.156640625000023,0.7663000000000001,2026-09-29 02:33
GRID_004297,10.562893244804396,76.62808251814992,0.08644504,LOW,20.656640625000023,0.7917000000000001,2026-09-29 02:33
GRID_004298,10.562893244804396,76.63808251814993,0.0067902757,LOW,20.656640625000023,0.8181,2026-09-29 02:33
GRID_004299,10.562893244804396,76.64808251814993,0.006658272,LOW,20.656640625000023,0.8915000000000001,2026-09-29 02:33
GRID_004300,10.562893244804396,76.67808251814995,0.006709493,LOW,20.656640625000023,0.8649,2026-09-29 02:33
GRID_004301,10.562893244804396,76.70808251814996,0.0067506703,LOW,20.656640625000023,0.8405,2026-09-29 02:33
GRID_004302,10.562893244804396,76.71808251814997,0.0067605907,LOW,20.656640625000023,0.8344,2026-09-29 02:33
GRID_004303,10.562893244804396,76.72808251814998,0.0065793227,LOW,20.656640625000023,0.9201,2026-09-29 02:33
GRID_004304,10.562893244804396,76.73808251814998,0.006802991,LOW,20.656640625000023,0.8093,2026-09-29 02:33
GRID_004305,10.562893244804396,76.74808251814999,0.006671978,LOW,20.656640625000023,0.8689,2026-09-29 02:33
GRID_004306,10.572893244804396,76.29808251814976,0.20874731,LOW,23.256646728515648,0.6228,2026-09-29 02:33
GRID_004307,10.572893244804396,76.30808251814976,0.002234342,LOW,23.256646728515648,0.7693,2026-09-29 02:33
GRID_004308,10.572893244804396,76.31808251814977,0.25398076,LOW,23.256646728515648,0.5762,2026-09-29 02:33
GRID_004309,10.572893244804396,76.32808251814977,0.0018196177,LOW,23.256646728515648,0.906,2026-09-29 02:33
GRID_004310,10.572893244804396,76.33808251814978,0.0018810173,LOW,23.256646728515648,0.8937,2026-09-29 02:33
GRID_004311,10.572893244804396,76.34808251814978,0.0023462728,LOW,23.256646728515648,0.749,2026-09-29 02:33
GRID_004312,10.572893244804396,76.35808251814979,0.08961078,LOW,23.256646728515648,0.6964,2026-09-29 02:33
GRID_004313,10.572893244804396,76.36808251814979,0.0021947243,LOW,23.256646728515648,0.7842,2026-09-29 02:33
GRID_004314,10.572893244804396,76.3980825181498,0.00458258,LOW,22.156640625000023,0.9512,2026-09-29 02:33
GRID_004315,10.572893244804396,76.42808251814982,0.14066233,LOW,22.156640625000023,0.7775000000000001,2026-09-29 02:33
GRID_004316,10.572893244804396,76.44808251814983,0.14064375,LOW,22.156640625000023,0.7833,2026-09-29 02:33
GRID_004317,10.572893244804396,76.50808251814986,0.1381501,LOW,22.156640625000023,0.7629,2026-09-29 02:33
GRID_004318,10.572893244804396,76.51808251814987,0.0048226696,LOW,22.156640625000023,0.8298000000000001,2026-09-29 02:33
GRID_004319,10.572893244804396,76.52808251814987,0.43653464,MODERATE,22.156640625000023,0.7361000000000001,2026-09-29 02:33
GRID_004320,10.572893244804396,76.53808251814988,0.05587443,LOW,22.156640625000023,0.7932,2026-09-29 02:33
GRID_004321,10.572893244804396,76.54808251814988,0.055879675,LOW,22.156640625000023,0.7913,2026-09-29 02:33
GRID_004322,10.572893244804396,76.60808251814991,0.05588726,LOW,22.156640625000023,0.7892,2026-09-29 02:33
GRID_004323,10.572893244804396,76.69808251814996,0.006730647,LOW,20.656640625000023,0.8553000000000001,2026-09-29 02:33
GRID_004324,10.572893244804396,76.70808251814996,0.0067255558,LOW,20.656640625000023,0.8586,2026-09-29 02:33
GRID_004325,10.572893244804396,76.71808251814997,0.0067225765,LOW,20.656640625000023,0.8609,2026-09-29 02:33
GRID_004326,10.572893244804396,76.72808251814998,0.0067238053,LOW,20.656640625000023,0.8586,2026-09-29 02:33
GRID_004327,10.572893244804396,76.73808251814998,0.0066849454,LOW,20.656640625000023,0.8753000000000001,2026-09-29 02:33
GRID_004328,10.572893244804396,76.74808251814999,0.006750389,LOW,20.656640625000023,0.8436,2026-09-29 02:33
GRID_004329,10.582893244804396,75.95808251814958,0.005679643,LOW,26.756646728515648,0.825538478093774,2026-09-29 02:33
GRID_004330,10.582893244804396,76.28808251814975,0.47194117,MODERATE,23.256646728515648,0.5293,2026-09-29 02:33
GRID_004331,10.582893244804396,76.29808251814976,0.0033867394,LOW,23.256646728515648,0.7253000000000001,2026-09-29 02:33
GRID_004332,10.582893244804396,76.30808251814976,0.0017835147,LOW,23.256646728515648,0.923,2026-09-29 02:33
GRID_004333,10.582893244804396,76.32808251814977,0.49662173,MODERATE,23.256646728515648,0.4435,2026-09-29 02:33
GRID_004334,10.582893244804396,76.33808251814978,0.0016980293,LOW,23.256646728515648,0.9485,2026-09-29 02:33
GRID_004335,10.582893244804396,76.34808251814978,0.0021131532,LOW,23.256646728515648,0.7887000000000001,2026-09-29 02:33
GRID_004336,10.582893244804396,76.35808251814979,0.44750062,MODERATE,23.256646728515648,0.4808,2026-09-29 02:33
GRID_004337,10.582893244804396,76.52808251814987,0.14066426,LOW,22.156640625000023,0.7778,2026-09-29 02:33
GRID_004338,10.582893244804396,76.53808251814988,0.004893475,LOW,22.156640625000023,0.8022,2026-09-29 02:33
GRID_004339,10.582893244804396,76.54808251814988,0.055877782,LOW,22.156640625000023,0.7914,2026-09-29 02:33
GRID_004340,10.582893244804396,76.55808251814989,0.055873677,LOW,22.156640625000023,0.7938000000000001,2026-09-29 02:33
GRID_004341,10.582893244804396,76.5680825181499,0.47886595,MODERATE,22.156640625000023,0.6384000000000001,2026-09-29 02:33
GRID_004342,10.582893244804396,76.66808251814994,0.086458616,LOW,20.656640625000023,0.7879,2026-09-29 02:33
GRID_004343,10.582893244804396,76.69808251814996,0.006707753,LOW,20.656640625000023,0.8691000000000001,2026-09-29 02:33
GRID_004344,10.582893244804396,76.70808251814996,0.00672326,LOW,20.656640625000023,0.8614,2026-09-29 02:33
GRID_004345,10.582893244804396,76.71808251814997,0.006793435,LOW,20.656640625000023,0.8296,2026-09-29 02:33
GRID_004346,10.582893244804396,76.72808251814998,0.006804917,LOW,20.656640625000023,0.8244,2026-09-29 02:33
GRID_004347,10.582893244804396,76.73808251814998,0.00677316,LOW,20.656640625000023,0.8377,2026-09-29 02:33
GRID_004348,10.582893244804396,76.74808251814999,0.0068368013,LOW,20.656640625000023,0.8115,2026-09-29 02:33
GRID_004349,10.592893244804396,76.32808251814977,0.5063207,MODERATE,23.256646728515648,0.4341,2026-09-29 02:33
GRID_004350,10.592893244804396,76.33808251814978,0.0019785408,LOW,23.256646728515648,0.8283,2026-09-29 02:33
GRID_004351,10.592893244804396,76.34808251814978,0.002053668,LOW,23.256646728515648,0.8122,2026-09-29 02:33
GRID_004352,10.592893244804396,76.5680825181499,0.039649922,LOW,22.156640625000023,0.773,2026-09-29 02:33
GRID_004353,10.592893244804396,76.5780825181499,0.14066191,LOW,22.156640625000023,0.778,2026-09-29 02:33
GRID_004354,10.592893244804396,76.62808251814992,0.08644786,LOW,20.656640625000023,0.7916000000000001,2026-09-29 02:33
GRID_004355,10.592893244804396,76.63808251814993,0.0068689636,LOW,20.656640625000023,0.7995,2026-09-29 02:33
GRID_004356,10.592893244804396,76.66808251814994,0.09151157,LOW,20.656640625000023,0.7735000000000001,2026-09-29 02:33
GRID_004357,10.592893244804396,76.67808251814995,0.0068558375,LOW,20.656640625000023,0.8046000000000001,2026-09-29 02:33
GRID_004358,10.592893244804396,76.68808251814995,0.014654335,LOW,20.656640625000023,0.773,2026-09-29 02:33
GRID_004359,10.592893244804396,76.69808251814996,0.006858353,LOW,20.656640625000023,0.8036000000000001,2026-09-29 02:33
GRID_004360,10.592893244804396,76.70808251814996,0.032881636,LOW,20.656640625000023,0.7592,2026-09-29 02:33
GRID_004361,10.592893244804396,76.71808251814997,0.086433984,LOW,20.656640625000023,0.7964,2026-09-29 02:33
GRID_004362,10.592893244804396,76.72808251814998,0.006789898,LOW,20.656640625000023,0.8311000000000001,2026-09-29 02:33
GRID_004363,10.592893244804396,76.73808251814998,0.00682565,LOW,20.656640625000023,0.8159000000000001,2026-09-29 02:33
GRID_004364,10.592893244804396,76.74808251814999,0.0038681403,LOW,20.656640625000023,0.7487,2026-09-29 02:33
GRID_004365,10.602893244804395,76.32808251814977,0.20875978,LOW,23.256646728515648,0.6203000000000001,2026-09-29 02:33
GRID_004366,10.602893244804395,76.34808251814978,0.0020495763,LOW,23.256646728515648,0.8216,2026-09-29 02:33
GRID_004367,10.602893244804395,76.47808251814985,0.055866085,LOW,22.156640625000023,0.7961,2026-09-29 02:33
GRID_004368,10.602893244804395,76.5680825181499,0.03966712,LOW,22.156640625000023,0.7684000000000001,2026-09-29 02:33
GRID_004369,10.602893244804395,76.5780825181499,0.004827854,LOW,22.156640625000023,0.8275,2026-09-29 02:33
GRID_004370,10.602893244804395,76.63808251814993,0.006719583,LOW,20.656640625000023,0.8632000000000001,2026-09-29 02:33
GRID_004371,10.602893244804395,76.65808251814994,0.26444876,LOW,20.656640625000023,0.7288,2026-09-29 02:33
GRID_004372,10.602893244804395,76.66808251814994,0.086448394,LOW,20.656640625000023,0.7914,2026-09-29 02:33
GRID_004373,10.602893244804395,76.67808251814995,0.006819633,LOW,20.656640625000023,0.8184,2026-09-29 02:33
GRID_004374,10.602893244804395,76.68808251814995,0.0068380316,LOW,20.656640625000023,0.8111,2026-09-29 02:33
GRID_004375,10.602893244804395,76.69808251814996,0.0067729293,LOW,20.656640625000023,0.8382000000000001,2026-09-29 02:33
GRID_004376,10.602893244804395,76.70808251814996,0.0068647377,LOW,20.656640625000023,0.801,2026-09-29 02:33
GRID_004377,10.602893244804395,76.71808251814997,0.0025785458,LOW,20.656640625000023,0.753,2026-09-29 02:33
GRID_004378,10.602893244804395,76.72808251814998,0.006778162,LOW,20.656640625000023,0.8355,2026-09-29 02:33
GRID_004379,10.602893244804395,76.73808251814998,0.08643838,LOW,20.656640625000023,0.7948000000000001,2026-09-29 02:33
GRID_004380,10.602893244804395,76.74808251814999,0.00680441,LOW,20.656640625000023,0.8246,2026-09-29 02:33
GRID_004381,10.612893244804397,76.29808251814976,0.0020778622,LOW,23.256646728515648,0.8150000000000001,2026-09-29 02:33
GRID_004382,10.612893244804397,76.30808251814976,0.002055319,LOW,23.256646728515648,0.8242,2026-09-29 02:33
GRID_004383,10.612893244804397,76.31808251814977,0.65472376,HIGH,23.256646728515648,0.0817,2026-09-29 02:33
GRID_004384,10.612893244804397,76.62808251814992,0.014675319,LOW,20.656640625000023,0.767,2026-09-29 02:33
GRID_004385,10.612893244804397,76.65808251814994,0.08644239,LOW,20.656640625000023,0.7935,2026-09-29 02:33
GRID_004386,10.612893244804397,76.66808251814994,0.091508724,LOW,20.656640625000023,0.7744000000000001,2026-09-29 02:33
GRID_004387,10.612893244804397,76.69808251814996,0.45371088,MODERATE,20.656640625000023,0.5828,2026-09-29 02:33
GRID_004388,10.612893244804397,76.70808251814996,0.08643885,LOW,20.656640625000023,0.7947000000000001,2026-09-29 02:33
GRID_004389,10.612893244804397,76.71808251814997,0.08644908,LOW,20.656640625000023,0.7911,2026-09-29 02:33
GRID_004390,10.612893244804397,76.72808251814998,0.01418047,LOW,20.656640625000023,0.7395,2026-09-29 02:33
GRID_004391,10.612893244804397,76.73808251814998,0.09148126,LOW,20.656640625000023,0.7831,2026-09-29 02:33
GRID_004392,10.622893244804397,76.29808251814976,0.0022126932,LOW,23.256646728515648,0.7823,2026-09-29 02:33
GRID_004393,10.622893244804397,76.30808251814976,0.0022156981,LOW,23.256646728515648,0.7814,2026-09-29 02:33
GRID_004394,10.622893244804397,76.31808251814977,0.0021210602,LOW,23.256646728515648,0.7964,2026-09-29 02:33
GRID_004395,10.622893244804397,76.62808251814992,0.0025801694,LOW,20.656640625000023,0.7529,2026-09-29 02:33
GRID_004396,10.622893244804397,76.63808251814993,0.0038669354,LOW,20.656640625000023,0.7492000000000001,2026-09-29 02:33
GRID_004397,10.622893244804397,76.66808251814994,0.0038626315,LOW,20.656640625000023,0.7503000000000001,2026-09-29 02:33
GRID_004398,10.622893244804397,76.67808251814995,0.0068286485,LOW,20.656640625000023,0.8151,2026-09-29 02:33
GRID_004399,10.622893244804397,76.68808251814995,0.0038631547,LOW,20.656640625000023,0.7503000000000001,2026-09-29 02:33
GRID_004400,10.632893244804396,76.23808251814972,0.0021026996,LOW,23.256646728515648,0.8081,2026-09-29 02:33
GRID_004401,10.632893244804396,76.29808251814976,0.45528185,MODERATE,23.256646728515648,0.6606000000000001,2026-09-29 02:33
GRID_004402,10.632893244804396,76.55808251814989,0.009250814,LOW,22.156640625000023,0.7507,2026-09-29 02:33
GRID_004403,10.642893244804394,76.21808251814971,0.4757079,MODERATE,23.256646728515648,0.5155000000000001,2026-09-29 02:33
GRID_004404,10.642893244804394,76.23808251814972,0.0020920036,LOW,23.256646728515648,0.8098000000000001,2026-09-29 02:33
GRID_004405,10.642893244804394,76.24808251814973,0.0032574022,LOW,23.256646728515648,0.7167,2026-09-29 02:33
GRID_004406,10.642893244804394,76.25808251814973,0.3891025,LOW,23.256646728515648,0.6539,2026-09-29 02:33
GRID_004407,10.642893244804394,76.28808251814975,0.0032609906,LOW,23.256646728515648,0.7167,2026-09-29 02:33
GRID_004408,10.642893244804394,76.29808251814976,0.6063747,HIGH,23.256646728515648,0.2198,2026-09-29 02:33
GRID_004409,10.642893244804394,76.30808251814976,0.0020314925,LOW,23.256646728515648,0.8275,2026-09-29 02:33
GRID_004410,10.652893244804394,76.22808251814972,0.0020689932,LOW,23.256646728515648,0.8194,2026-09-29 02:33
GRID_004411,10.652893244804394,76.23808251814972,0.089621946,LOW,23.256646728515648,0.6954,2026-09-29 02:33
GRID_004412,10.652893244804394,76.24808251814973,0.11143255,LOW,23.256646728515648,0.7126,2026-09-29 02:33
GRID_004413,10.652893244804394,76.25808251814973,0.5013153,MODERATE,23.256646728515648,0.3854,2026-09-29 02:33
GRID_004414,10.652893244804394,76.26808251814974,0.34196037,LOW,23.256646728515648,0.6768000000000001,2026-09-29 02:33
GRID_004415,10.652893244804394,76.27808251814974,0.0021915666,LOW,23.256646728515648,0.7858,2026-09-29 02:33
GRID_004416,10.652893244804394,76.28808251814975,0.0020910623,LOW,23.256646728515648,0.8117000000000001,2026-09-29 02:33
GRID_004417,10.652893244804394,76.29808251814976,0.5072239,MODERATE,23.256646728515648,0.4303,2026-09-29 02:33
GRID_004418,10.652893244804394,76.30808251814976,0.0020674749,LOW,23.256646728515648,0.8123,2026-09-29 02:33
GRID_004419,10.652893244804394,76.31808251814977,0.0020550692,LOW,23.256646728515648,0.8173,2026-09-29 02:33
GRID_004420,10.662893244804394,76.21808251814971,0.0022722185,LOW,23.256646728515648,0.7647,2026-09-29 02:33
GRID_004421,10.662893244804394,76.22808251814972,0.002118803,LOW,23.256646728515648,0.7985,2026-09-29 02:33
GRID_004422,10.662893244804394,76.23808251814972,0.0022992112,LOW,23.256646728515648,0.7586,2026-09-29 02:33
GRID_004423,10.662893244804394,76.24808251814973,0.20611967,LOW,23.256646728515648,0.548,2026-09-29 02:33
GRID_004424,10.662893244804394,76.25808251814973,0.105929084,LOW,23.256646728515648,0.7032,2026-09-29 02:33
GRID_004425,10.662893244804394,76.26808251814974,0.0020834939,LOW,23.256646728515648,0.8107000000000001,2026-09-29 02:33
GRID_004426,10.662893244804394,76.27808251814974,0.0020492063,LOW,23.256646728515648,0.8226,2026-09-29 02:33
GRID_004427,10.662893244804394,76.28808251814975,0.0029407004,LOW,23.256646728515648,0.7287,2026-09-29 02:33
GRID_004428,10.662893244804394,76.29808251814976,0.4448161,MODERATE,23.256646728515648,0.4889,2026-09-29 02:33
GRID_004429,10.672893244804394,76.22808251814972,0.0024141306,LOW,23.256646728515648,0.7419,2026-09-29 02:33
GRID_004430,10.672893244804394,76.23808251814972,0.24447612,LOW,23.256646728515648,0.6555000000000001,2026-09-29 02:33
GRID_004431,10.672893244804394,76.24808251814973,0.0021253442,LOW,23.256646728515648,0.8022,2026-09-29 02:33
GRID_004432,10.672893244804394,76.25808251814973,0.0025677714,LOW,23.256646728515648,0.7378,2026-09-29 02:33
GRID_004433,10.672893244804394,76.26808251814974,0.002154496,LOW,23.256646728515648,0.7915000000000001,2026-09-29 02:33
GRID_004434,10.672893244804394,76.27808251814974,0.0019461511,LOW,23.256646728515648,0.8474,2026-09-29 02:33
GRID_004435,10.672893244804394,76.28808251814975,0.0021569212,LOW,23.256646728515648,0.7876000000000001,2026-09-29 02:33
GRID_004436,10.682893244804394,76.22808251814972,0.0021005839,LOW,23.256646728515648,0.8087000000000001,2026-09-29 02:33
GRID_004437,10.682893244804394,76.23808251814972,0.0022743843,LOW,23.256646728515648,0.7634000000000001,2026-09-29 02:33
GRID_004438,10.682893244804394,76.24808251814973,0.002312356,LOW,23.256646728515648,0.7538,2026-09-29 02:33
GRID_004439,10.682893244804394,76.25808251814973,0.0020444805,LOW,23.256646728515648,0.8235,2026-09-29 02:33
GRID_004440,10.682893244804394,76.26808251814974,0.0021957587,LOW,23.256646728515648,0.7861,2026-09-29 02:33
GRID_004441,10.682893244804394,76.27808251814974,0.0020437466,LOW,23.256646728515648,0.8162,2026-09-29 02:33
GRID_004442,10.682893244804394,76.28808251814975,0.0021112983,LOW,23.256646728515648,0.7952,2026-09-29 02:33
GRID_004443,10.692893244804392,76.23808251814972,0.0020273137,LOW,23.256646728515648,0.8298000000000001,2026-09-29 02:33
GRID_004444,10.692893244804392,76.24808251814973,0.0020114994,LOW,23.256646728515648,0.8373,2026-09-29 02:33
GRID_004445,10.692893244804392,76.25808251814973,0.0020957158,LOW,23.256646728515648,0.8056000000000001,2026-09-29 02:33
GRID_004446,10.692893244804392,76.26808251814974,0.36129206,LOW,23.256646728515648,0.5535,2026-09-29 02:33
GRID_004447,10.692893244804392,76.27808251814974,0.0018006787,LOW,23.256646728515648,0.9132,2026-09-29 02:33
GRID_004448,10.702893244804391,76.22808251814972,0.002383095,LOW,23.0566345214844,0.8403,2026-09-29 02:33
GRID_004449,10.702893244804391,76.23808251814972,0.0023840934,LOW,23.0566345214844,0.8391000000000001,2026-09-29 02:33
GRID_004450,10.702893244804391,76.24808251814973,0.002474517,LOW,23.0566345214844,0.8065,2026-09-29 02:33
GRID_004451,10.702893244804391,76.25808251814973,0.49250957,MODERATE,23.0566345214844,0.6735,2026-09-29 02:33
GRID_004452,10.702893244804391,76.28808251814975,0.5134902,MODERATE,23.0566345214844,0.4718,2026-09-29 02:33
GRID_004453,10.702893244804391,76.29808251814976,0.28981867,LOW,23.0566345214844,0.7829,2026-09-29 02:33
GRID_004454,10.712893244804391,76.22808251814972,0.119134694,LOW,23.0566345214844,0.7685000000000001,2026-09-29 02:33
GRID_004455,10.712893244804391,76.23808251814972,0.28981438,LOW,23.0566345214844,0.7826000000000001,2026-09-29 02:33
GRID_004456,10.712893244804391,76.24808251814973,0.11912342,LOW,23.0566345214844,0.7708,2026-09-29 02:33
GRID_004457,10.712893244804391,76.25808251814973,0.42990044,MODERATE,23.0566345214844,0.6991,2026-09-29 02:33
GRID_004458,10.712893244804391,76.28808251814975,0.004081969,LOW,23.0566345214844,0.7476,2026-09-29 02:33
GRID_004459,10.712893244804391,76.29808251814976,0.119139396,LOW,23.0566345214844,0.7676000000000001,2026-09-29 02:33
GRID_004460,10.712893244804391,76.30808251814976,0.48196888,MODERATE,23.0566345214844,0.6142000000000001,2026-09-29 02:33
GRID_004461,10.722893244804393,76.20808251814971,0.34713182,LOW,23.0566345214844,0.7255,2026-09-29 02:33
GRID_004462,10.722893244804393,76.21808251814971,0.13635537,LOW,23.0566345214844,0.7371000000000001,2026-09-29 02:33
GRID_004463,10.722893244804393,76.22808251814972,0.49241787,MODERATE,23.0566345214844,0.682,2026-09-29 02:33
GRID_004464,10.722893244804393,76.23808251814972,0.28984097,LOW,23.0566345214844,0.7733,2026-09-29 02:33
GRID_004465,10.722893244804393,76.30808251814976,0.049212553,LOW,23.0566345214844,0.7653000000000001,2026-09-29 02:33
GRID_004466,10.732893244804393,76.20808251814971,0.04923836,LOW,23.0566345214844,0.7597,2026-09-29 02:33
GRID_004467,10.732893244804393,76.21808251814971,0.0024591903,LOW,23.0566345214844,0.8108000000000001,2026-09-29 02:33
GRID_004468,10.732893244804393,76.22808251814972,0.0024251435,LOW,23.0566345214844,0.8228000000000001,2026-09-29 02:33
GRID_004469,10.732893244804393,76.30808251814976,0.28982347,LOW,23.0566345214844,0.7829,2026-09-29 02:33
GRID_004470,10.732893244804393,76.31808251814977,0.01752786,LOW,23.0566345214844,0.7429,2026-09-29 02:33
GRID_004471,10.742893244804392,76.1980825181497,0.4455017,MODERATE,23.0566345214844,0.7125,2026-09-29 02:33
GRID_004472,10.742893244804392,76.20808251814971,0.0075213904,LOW,23.0566345214844,0.792,2026-09-29 02:33
GRID_004473,10.742893244804392,76.21808251814971,0.281813,LOW,23.0566345214844,0.7332000000000001,2026-09-29 02:33
GRID_004474,10.902893244804387,76.66808251814994,0.1634066,LOW,22.456658935546898,0.0572,2026-09-29 02:33
GRID_004475,10.912893244804389,76.66808251814994,0.06469296,LOW,22.456658935546898,0.4711,2026-09-29 02:33
GRID_004476,10.912893244804389,76.67808251814995,0.09671083,LOW,22.456658935546898,0.305,2026-09-29 02:33
GRID_004477,10.912893244804389,76.69808251814996,0.0027027437,LOW,22.456658935546898,0.8929,2026-09-29 02:33
GRID_004478,10.912893244804389,76.70808251814996,0.0027052425,LOW,22.456658935546898,0.8934000000000001,2026-09-29 02:33
GRID_004479,10.912893244804389,76.73808251814998,0.0026492593,LOW,22.456658935546898,0.8907,2026-09-29 02:33
GRID_004480,10.922893244804389,76.67808251814995,0.0026839753,LOW,22.456658935546898,0.8607,2026-09-29 02:33
GRID_004481,10.922893244804389,76.69808251814996,0.0026614224,LOW,22.456658935546898,0.9135,2026-09-29 02:33
GRID_004482,10.922893244804389,76.70808251814996,0.0026747445,LOW,22.456658935546898,0.9162,2026-09-29 02:33
GRID_004483,10.922893244804389,76.71808251814997,0.0026501263,LOW,22.456658935546898,0.8917,2026-09-29 02:33
GRID_004484,10.922893244804389,76.72808251814998,0.0026429603,LOW,22.456658935546898,0.8907,2026-09-29 02:33
GRID_004485,10.922893244804389,76.73808251814998,0.003004802,LOW,22.456658935546898,0.7758,2026-09-29 02:33
GRID_004486,10.932893244804388,76.52808251814987,0.5880556,MODERATE,22.856652832031276,0.3123,2026-09-29 02:33
GRID_004487,10.932893244804388,76.53808251814988,0.501481,MODERATE,22.856652832031276,0.636,2026-09-29 02:33
GRID_004488,10.932893244804388,76.54808251814988,0.49899298,MODERATE,22.856652832031276,0.6563,2026-09-29 02:33
GRID_004489,10.932893244804388,76.55808251814989,0.09660413,LOW,22.856652832031276,0.8917,2026-09-29 02:33
GRID_004490,10.932893244804388,76.60808251814991,0.09660026,LOW,22.856652832031276,0.8982,2026-09-29 02:33
GRID_004491,10.932893244804388,76.61808251814992,0.09660301,LOW,22.856652832031276,0.8886000000000001,2026-09-29 02:33
GRID_004492,10.932893244804388,76.63808251814993,0.0028661157,LOW,22.456658935546898,0.7921,2026-09-29 02:33
GRID_004493,10.932893244804388,76.64808251814993,0.0026763352,LOW,22.456658935546898,0.8928,2026-09-29 02:33
GRID_004494,10.932893244804388,76.65808251814994,0.00279159,LOW,22.456658935546898,0.9244,2026-09-29 02:33
GRID_004495,10.932893244804388,76.66808251814994,0.0026696464,LOW,22.456658935546898,0.8529,2026-09-29 02:33
GRID_004496,10.932893244804388,76.67808251814995,0.0026798644,LOW,22.456658935546898,0.9028,2026-09-29 02:33
GRID_004497,10.932893244804388,76.68808251814995,0.0026629926,LOW,22.456658935546898,0.9139,2026-09-29 02:33
GRID_004498,10.932893244804388,76.70808251814996,0.0026585823,LOW,22.456658935546898,0.8319000000000001,2026-09-29 02:33
GRID_004499,10.942893244804388,76.52808251814987,0.5299132,MODERATE,22.856652832031276,0.4593,2026-09-29 02:33
GRID_004500,10.942893244804388,76.53808251814988,0.09666235,LOW,22.856652832031276,0.8638,2026-09-29 02:33
GRID_004501,10.942893244804388,76.54808251814988,0.50044835,MODERATE,22.856652832031276,0.6599,2026-09-29 02:33
GRID_004502,10.942893244804388,76.55808251814989,0.096801825,LOW,22.856652832031276,0.8017000000000001,2026-09-29 02:33
GRID_004503,10.942893244804388,76.59808251814991,0.41146156,MODERATE,22.856652832031276,0.7833,2026-09-29 02:33
GRID_004504,10.942893244804388,76.61808251814992,0.09665167,LOW,22.856652832031276,0.8520000000000001,2026-09-29 02:33
GRID_004505,10.942893244804388,76.62808251814992,0.002787604,LOW,22.456658935546898,0.8981,2026-09-29 02:33
GRID_004506,10.942893244804388,76.63808251814993,0.0027623363,LOW,22.456658935546898,0.9191,2026-09-29 02:33
GRID_004507,10.942893244804388,76.64808251814993,0.0027070036,LOW,22.456658935546898,0.8624,2026-09-29 02:33
GRID_004508,10.942893244804388,76.65808251814994,0.0026960652,LOW,22.456658935546898,0.8921,2026-09-29 02:33
GRID_004509,10.942893244804388,76.66808251814994,0.0026871455,LOW,22.456658935546898,0.8817,2026-09-29 02:33
GRID_004510,10.952893244804388,76.51808251814987,0.4713352,MODERATE,20.656640625000023,0.6920000000000001,2026-09-29 02:33
GRID_004511,10.952893244804388,76.52808251814987,0.51463866,MODERATE,20.656640625000023,0.1665,2026-09-29 02:33
GRID_004512,10.952893244804388,76.53808251814988,0.4371587,MODERATE,20.656640625000023,0.7072,2026-09-29 02:33
GRID_004513,10.952893244804388,76.54808251814988,0.01300944,LOW,20.656640625000023,0.8914000000000001,2026-09-29 02:33
GRID_004514,10.952893244804388,76.55808251814989,0.012817926,LOW,20.656640625000023,0.9901,2026-09-29 02:33
GRID_004515,10.952893244804388,76.5680825181499,0.4854902,MODERATE,20.656640625000023,0.6815,2026-09-29 02:33
GRID_004516,10.952893244804388,76.5780825181499,0.013126555,LOW,20.656640625000023,0.8352,2026-09-29 02:33
GRID_004517,10.952893244804388,76.61808251814992,0.013076188,LOW,20.656640625000023,0.8525,2026-09-29 02:33
GRID_004518,10.952893244804388,76.62808251814992,0.002109743,LOW,20.656640625000023,0.8862,2026-09-29 02:33
GRID_004519,10.962893244804388,76.47808251814985,0.013230267,LOW,20.656640625000023,0.8056000000000001,2026-09-29 02:33
GRID_004520,10.962893244804388,76.48808251814985,0.013178363,LOW,20.656640625000023,0.8233,2026-09-29 02:33
GRID_004521,10.962893244804388,76.49808251814986,0.013084097,LOW,20.656640625000023,0.8599,2026-09-29 02:33
GRID_004522,10.962893244804388,76.50808251814986,0.47170022,MODERATE,20.656640625000023,0.6168,2026-09-29 02:33
GRID_004523,10.962893244804388,76.51808251814987,0.47147977,MODERATE,20.656640625000023,0.6057,2026-09-29 02:33
GRID_004524,10.962893244804388,76.52808251814987,0.50376207,MODERATE,20.656640625000023,0.4865,2026-09-29 02:33
GRID_004525,10.962893244804388,76.53808251814988,0.4755806,MODERATE,20.656640625000023,0.3063,2026-09-29 02:33
GRID_004526,10.962893244804388,76.54808251814988,0.012929472,LOW,20.656640625000023,0.9353,2026-09-29 02:33
GRID_004527,10.962893244804388,76.55808251814989,0.48564464,MODERATE,20.656640625000023,0.6635,2026-09-29 02:33
GRID_004528,10.962893244804388,76.5880825181499,0.5017616,MODERATE,20.656640625000023,0.4365,2026-09-29 02:33
GRID_004529,10.962893244804388,76.59808251814991,0.1581996,LOW,20.656640625000023,0.7765000000000001,2026-09-29 02:33
GRID_004530,10.962893244804388,76.61808251814992,0.0129823405,LOW,20.656640625000023,0.9001,2026-09-29 02:33
GRID_004531,10.972893244804387,76.47808251814985,0.01308778,LOW,20.656640625000023,0.8593000000000001,2026-09-29 02:33
GRID_004532,10.972893244804387,76.48808251814985,0.01313387,LOW,20.656640625000023,0.8400000000000001,2026-09-29 02:33
GRID_004533,10.972893244804387,76.49808251814986,0.013158521,LOW,20.656640625000023,0.8306,2026-09-29 02:33
GRID_004534,10.972893244804387,76.50808251814986,0.5130359,MODERATE,20.656640625000023,0.5424,2026-09-29 02:33
GRID_004535,10.972893244804387,76.51808251814987,0.4852444,MODERATE,20.656640625000023,0.4588,2026-09-29 02:33
GRID_004536,10.972893244804387,76.52808251814987,0.4688276,MODERATE,20.656640625000023,0.4015,2026-09-29 02:33
GRID_004537,10.972893244804387,76.53808251814988,0.4045167,MODERATE,20.656640625000023,0.6949000000000001,2026-09-29 02:33
GRID_004538,10.972893244804387,76.55808251814989,0.15986212,LOW,20.656640625000023,0.7926000000000001,2026-09-29 02:33
GRID_004539,10.972893244804387,76.5680825181499,0.42476553,MODERATE,20.656640625000023,0.5926,2026-09-29 02:33
GRID_004540,10.972893244804387,76.5780825181499,0.51210064,MODERATE,20.656640625000023,0.3006,2026-09-29 02:33
GRID_004541,10.982893244804387,76.48808251814985,0.013245817,LOW,20.656640625000023,0.8011,2026-09-29 02:33
GRID_004542,10.982893244804387,76.51808251814987,0.4708974,MODERATE,20.656640625000023,0.3943,2026-09-29 02:33
GRID_004543,10.982893244804387,76.52808251814987,0.48959574,MODERATE,20.656640625000023,0.2506,2026-09-29 02:33
GRID_004544,10.982893244804387,76.53808251814988,0.494361,MODERATE,20.656640625000023,0.2362,2026-09-29 02:33
GRID_004545,10.982893244804387,76.54808251814988,0.5325589,MODERATE,20.656640625000023,0.1142,2026-09-29 02:33
GRID_004546,10.982893244804387,76.55808251814989,0.009373192,LOW,20.656640625000023,0.7447,2026-09-29 02:33
GRID_004547,10.982893244804387,76.5680825181499,0.41301584,MODERATE,20.656640625000023,0.6546000000000001,2026-09-29 02:33
GRID_004548,10.992893244804389,76.45808251814984,0.51418245,MODERATE,20.656640625000023,0.5129,2026-09-29 02:33
GRID_004549,10.992893244804389,76.49808251814986,0.55808353,MODERATE,20.656640625000023,0.1845,2026-09-29 02:33
GRID_004550,10.992893244804389,76.50808251814986,0.45889845,MODERATE,20.656640625000023,0.6461,2026-09-29 02:33
GRID_004551,10.992893244804389,76.51808251814987,0.46244064,MODERATE,20.656640625000023,0.625,2026-09-29 02:33
GRID_004552,10.992893244804389,76.52808251814987,0.52925944,MODERATE,20.656640625000023,0.1248,2026-09-29 02:33
GRID_004553,10.992893244804389,76.53808251814988,0.5175896,MODERATE,20.656640625000023,0.3161,2026-09-29 02:33
GRID_004554,10.992893244804389,76.54808251814988,0.53764904,MODERATE,20.656640625000023,0.102,2026-09-29 02:33
GRID_004555,10.992893244804389,76.55808251814989,0.4593417,MODERATE,20.656640625000023,0.6402,2026-09-29 02:33
GRID_004556,10.992893244804389,76.5680825181499,0.4587852,MODERATE,20.656640625000023,0.6473,2026-09-29 02:33
GRID_004557,10.992893244804389,76.5780825181499,0.47414535,MODERATE,20.656640625000023,0.3662,2026-09-29 02:33
GRID_004558,11.002893244804389,76.46808251814984,0.44135758,MODERATE,20.656640625000023,0.5838,2026-09-29 02:33
GRID_004559,11.002893244804389,76.48808251814985,0.4850714,MODERATE,20.656640625000023,0.3062,2026-09-29 02:33
GRID_004560,11.002893244804389,76.51808251814987,0.52952504,MODERATE,20.656640625000023,0.1261,2026-09-29 02:33
GRID_004561,11.002893244804389,76.52808251814987,0.5006782,MODERATE,20.656640625000023,0.5029,2026-09-29 02:33
GRID_004562,11.002893244804389,76.54808251814988,0.51259404,MODERATE,20.656640625000023,0.5435,2026-09-29 02:33
GRID_004563,11.002893244804389,76.55808251814989,0.4313413,MODERATE,20.656640625000023,0.7233,2026-09-29 02:33
GRID_004564,11.002893244804389,76.5680825181499,0.45978934,MODERATE,20.656640625000023,0.6333000000000001,2026-09-29 02:33
GRID_004565,11.012893244804388,76.45808251814984,0.15825875,LOW,20.656640625000023,0.7776000000000001,2026-09-29 02:33
GRID_004566,11.012893244804388,76.46808251814984,0.48201394,MODERATE,20.656640625000023,0.6831,2026-09-29 02:33
GRID_004567,11.012893244804388,76.47808251814985,0.49963957,MODERATE,20.656640625000023,0.4517,2026-09-29 02:33
GRID_004568,11.012893244804388,76.48808251814985,0.5144029,MODERATE,20.656640625000023,0.512,2026-09-29 02:33
GRID_004569,11.012893244804388,76.49808251814986,0.4694908,MODERATE,20.656640625000023,0.398,2026-09-29 02:33
GRID_004570,11.012893244804388,76.50808251814986,0.55144846,MODERATE,20.656640625000023,0.2028,2026-09-29 02:33
GRID_004571,11.012893244804388,76.51808251814987,0.4045073,MODERATE,20.656640625000023,0.6997,2026-09-29 02:33
GRID_004572,11.012893244804388,76.53808251814988,0.51214504,MODERATE,20.656640625000023,0.3381,2026-09-29 02:33
GRID_004573,11.012893244804388,76.54808251814988,0.4246715,MODERATE,20.656640625000023,0.5911000000000001,2026-09-29 02:33
GRID_004574,11.012893244804388,76.55808251814989,0.013175652,LOW,20.656640625000023,0.8137000000000001,2026-09-29 02:33
GRID_004575,11.012893244804388,76.5680825181499,0.51559114,MODERATE,20.656640625000023,0.3514,2026-09-29 02:33
GRID_004576,11.012893244804388,76.5780825181499,0.509356,MODERATE,20.656640625000023,0.1518,2026-09-29 02:33
GRID_004577,11.022893244804386,76.47808251814985,0.48731548,MODERATE,20.656640625000023,0.2586,2026-09-29 02:33
GRID_004578,11.022893244804386,76.48808251814985,0.49392182,MODERATE,20.656640625000023,0.2393,2026-09-29 02:33
GRID_004579,11.022893244804386,76.49808251814986,0.5113795,MODERATE,20.656640625000023,0.1783,2026-09-29 02:33
GRID_004580,11.022893244804386,76.50808251814986,0.5565293,MODERATE,20.656640625000023,0.1906,2026-09-29 02:33
GRID_004581,11.022893244804386,76.51808251814987,0.4777966,MODERATE,20.656640625000023,0.3696,2026-09-29 02:33
GRID_004582,11.022893244804386,76.52808251814987,0.47143984,MODERATE,20.656640625000023,0.6051000000000001,2026-09-29 02:33
GRID_004583,11.022893244804386,76.53808251814988,0.46337113,MODERATE,20.656640625000023,0.7247,2026-09-29 02:33
GRID_004584,11.022893244804386,76.54808251814988,0.40451172,MODERATE,20.656640625000023,0.6968000000000001,2026-09-29 02:33
GRID_004585,11.022893244804386,76.55808251814989,0.48589173,MODERATE,20.656640625000023,0.67,2026-09-29 02:33
GRID_004586,11.022893244804386,76.5680825181499,0.5142229,MODERATE,20.656640625000023,0.5078,2026-09-29 02:33
GRID_004587,11.022893244804386,76.5780825181499,0.4722476,MODERATE,20.656640625000023,0.3711,2026-09-29 02:33
GRID_004588,11.032893244804386,76.49808251814986,0.5071742,MODERATE,20.656640625000023,0.4734,2026-09-29 02:33
GRID_004589,11.032893244804386,76.50808251814986,0.47199023,MODERATE,20.656640625000023,0.3706,2026-09-29 02:33
GRID_004590,11.032893244804386,76.51808251814987,0.5242266,MODERATE,20.656640625000023,0.2932,2026-09-29 02:33
GRID_004591,11.032893244804386,76.52808251814987,0.46861702,MODERATE,20.656640625000023,0.4024,2026-09-29 02:33
GRID_004592,11.032893244804386,76.53808251814988,0.4676053,MODERATE,20.656640625000023,0.3882,2026-09-29 02:33
GRID_004593,11.032893244804386,76.54808251814988,0.5418029,MODERATE,20.656640625000023,0.1981,2026-09-29 02:33
GRID_004594,11.032893244804386,76.55808251814989,0.41309837,MODERATE,20.656640625000023,0.6529,2026-09-29 02:33
GRID_004595,11.032893244804386,76.5680825181499,0.4928209,MODERATE,20.656640625000023,0.2452,2026-09-29 02:33
GRID_004596,11.032893244804386,76.5780825181499,0.513247,MODERATE,20.656640625000023,0.512,2026-09-29 02:33
GRID_004597,11.032893244804386,76.5880825181499,0.5469268,MODERATE,20.656640625000023,0.2249,2026-09-29 02:33
GRID_004598,11.042893244804386,76.47808251814985,0.5044839,MODERATE,20.656640625000023,0.4229,2026-09-29 02:33
GRID_004599,11.042893244804386,76.48808251814985,0.5275689,MODERATE,20.656640625000023,0.2808,2026-09-29 02:33
GRID_004600,11.042893244804386,76.49808251814986,0.500581,MODERATE,20.656640625000023,0.1712,2026-09-29 02:33
GRID_004601,11.042893244804386,76.50808251814986,0.53705883,MODERATE,20.656640625000023,0.1933,2026-09-29 02:33
GRID_004602,11.042893244804386,76.51808251814987,0.5455479,MODERATE,20.656640625000023,0.0832,2026-09-29 02:33
GRID_004603,11.042893244804386,76.52808251814987,0.5308598,MODERATE,20.656640625000023,0.0996,2026-09-29 02:33
GRID_004604,11.042893244804386,76.53808251814988,0.5275914,MODERATE,20.656640625000023,0.0925,2026-09-29 02:33
GRID_004605,11.042893244804386,76.54808251814988,0.46185765,MODERATE,20.656640625000023,0.6275000000000001,2026-09-29 02:33
GRID_004606,11.042893244804386,76.55808251814989,0.43710768,MODERATE,20.656640625000023,0.7157,2026-09-29 02:33
GRID_004607,11.042893244804386,76.5680825181499,0.013160603,LOW,20.656640625000023,0.8242,2026-09-29 02:33
GRID_004608,11.042893244804386,76.5780825181499,0.48754436,MODERATE,20.656640625000023,0.236,2026-09-29 02:33
GRID_004609,11.042893244804386,76.5880825181499,0.013138414,LOW,20.656640625000023,0.8334,2026-09-29 02:33
GRID_004610,11.042893244804386,76.59808251814991,0.013178538,LOW,20.656640625000023,0.8194,2026-09-29 02:33
GRID_004611,11.052893244804386,76.50808251814986,0.5155124,MODERATE,20.656640625000023,0.1625,2026-09-29 02:33
GRID_004612,11.052893244804386,76.51808251814987,0.54205537,MODERATE,20.656640625000023,0.2243,2026-09-29 02:33
GRID_004613,11.052893244804386,76.52808251814987,0.52067935,MODERATE,20.656640625000023,0.1523,2026-09-29 02:33
GRID_004614,11.052893244804386,76.53808251814988,0.5420352,MODERATE,20.656640625000023,0.0993,2026-09-29 02:33
GRID_004615,11.052893244804386,76.54808251814988,0.4726239,MODERATE,20.656640625000023,0.3963,2026-09-29 02:33
GRID_004616,11.052893244804386,76.55808251814989,0.48472518,MODERATE,20.656640625000023,0.4575,2026-09-29 02:33
GRID_004617,11.052893244804386,76.5680825181499,0.013223188,LOW,20.656640625000023,0.805,2026-09-29 02:33
GRID_004618,11.052893244804386,76.5780825181499,0.5168395,MODERATE,20.656640625000023,0.521,2026-09-29 02:33
GRID_004619,11.052893244804386,76.5880825181499,0.009376887,LOW,20.656640625000023,0.7442000000000001,2026-09-29 02:33
GRID_004620,11.052893244804386,76.59808251814991,0.01317129,LOW,20.656640625000023,0.8232,2026-09-29 02:33
GRID_004621,11.062893244804386,75.7880825181495,0.004398109,LOW,26.656640625000023,0.825538478093774,2026-09-29 02:33
GRID_004622,11.062893244804386,76.51808251814987,0.45879474,MODERATE,20.656640625000023,0.64,2026-09-29 02:33
GRID_004623,11.062893244804386,76.52808251814987,0.47987255,MODERATE,20.656640625000023,0.3069,2026-09-29 02:33
GRID_004624,11.062893244804386,76.53808251814988,0.46679252,MODERATE,20.656640625000023,0.5747,2026-09-29 02:33
GRID_004625,11.062893244804386,76.54808251814988,0.5021127,MODERATE,20.656640625000023,0.4927,2026-09-29 02:33
GRID_004626,11.062893244804386,76.55808251814989,0.5464388,MODERATE,20.656640625000023,0.2207,2026-09-29 02:33
GRID_004627,11.062893244804386,76.5680825181499,0.5201645,MODERATE,20.656640625000023,0.148,2026-09-29 02:33
GRID_004628,11.062893244804386,76.5780825181499,0.4822554,MODERATE,20.656640625000023,0.2675,2026-09-29 02:33
GRID_004629,11.062893244804386,76.5880825181499,0.437124,MODERATE,20.656640625000023,0.7100000000000001,2026-09-29 02:33
GRID_004630,11.062893244804386,76.59808251814991,0.013074757,LOW,20.656640625000023,0.8597,2026-09-29 02:33
GRID_004631,11.072893244804384,76.44808251814983,0.013026642,LOW,20.656640625000023,0.8827,2026-09-29 02:33
GRID_004632,11.072893244804384,76.45808251814984,0.013130445,LOW,20.656640625000023,0.8369000000000001,2026-09-29 02:33
GRID_004633,11.072893244804384,76.46808251814984,0.158214,LOW,20.656640625000023,0.7785000000000001,2026-09-29 02:33
GRID_004634,11.072893244804384,76.47808251814985,0.0131206885,LOW,20.656640625000023,0.8301000000000001,2026-09-29 02:33
GRID_004635,11.072893244804384,76.48808251814985,0.013051466,LOW,20.656640625000023,0.8704000000000001,2026-09-29 02:33
GRID_004636,11.072893244804384,76.49808251814986,0.0045320806,LOW,20.656640625000023,0.7546,2026-09-29 02:33
GRID_004637,11.072893244804384,76.50808251814986,0.013213206,LOW,20.656640625000023,0.8031,2026-09-29 02:33
GRID_004638,11.072893244804384,76.51808251814987,0.1582043,LOW,20.656640625000023,0.7832,2026-09-29 02:33
GRID_004639,11.072893244804384,76.52808251814987,0.15824677,LOW,20.656640625000023,0.7745000000000001,2026-09-29 02:33
GRID_004640,11.072893244804384,76.53808251814988,0.45915678,MODERATE,20.656640625000023,0.6394000000000001,2026-09-29 02:33
GRID_004641,11.072893244804384,76.54808251814988,0.44108635,MODERATE,20.656640625000023,0.5813,2026-09-29 02:33
GRID_004642,11.072893244804384,76.55808251814989,0.44692084,MODERATE,20.656640625000023,0.6505000000000001,2026-09-29 02:33
GRID_004643,11.072893244804384,76.5680825181499,0.47103626,MODERATE,20.656640625000023,0.6189,2026-09-29 02:33
GRID_004644,11.072893244804384,76.5780825181499,0.50098914,MODERATE,20.656640625000023,0.4395,2026-09-29 02:33
GRID_004645,11.072893244804384,76.5880825181499,0.102361664,LOW,20.656640625000023,0.764,2026-09-29 02:33
GRID_004646,11.072893244804384,76.59808251814991,0.013018437,LOW,20.656640625000023,0.8881,2026-09-29 02:33
GRID_004647,11.082893244804383,76.48808251814985,0.012975007,LOW,20.656640625000023,0.9109,2026-09-29 02:33
GRID_004648,11.082893244804383,76.49808251814986,0.012974373,LOW,20.656640625000023,0.9065,2026-09-29 02:33
GRID_004649,11.082893244804383,76.50808251814986,0.027852623,LOW,20.656640625000023,0.7693,2026-09-29 02:33
GRID_004650,11.082893244804383,76.54808251814988,0.47575113,MODERATE,20.656640625000023,0.3671,2026-09-29 02:33
GRID_004651,11.082893244804383,76.55808251814989,0.44109046,MODERATE,20.656640625000023,0.5941000000000001,2026-09-29 02:33
GRID_004652,11.082893244804383,76.5680825181499,0.50248706,MODERATE,20.656640625000023,0.4321,2026-09-29 02:33
GRID_004653,11.082893244804383,76.5780825181499,0.5019189,MODERATE,20.656640625000023,0.494,2026-09-29 02:33
GRID_004654,11.082893244804383,76.5880825181499,0.10016194,LOW,20.656640625000023,0.757,2026-09-29 02:33
GRID_004655,11.082893244804383,76.59808251814991,0.34742945,LOW,20.656640625000023,0.7391000000000001,2026-09-29 02:33
GRID_004656,11.082893244804383,76.60808251814991,0.013128623,LOW,20.656640625000023,0.8366,2026-09-29 02:33
GRID_004657,11.082893244804383,76.61808251814992,0.0130294645,LOW,20.656640625000023,0.8818,2026-09-29 02:33
GRID_004658,11.092893244804385,76.47808251814985,0.013050258,LOW,20.656640625000023,0.8611000000000001,2026-09-29 02:33
GRID_004659,11.092893244804385,76.48808251814985,0.012985703,LOW,20.656640625000023,0.9014,2026-09-29 02:33
GRID_004660,11.092893244804385,76.49808251814986,0.10233863,LOW,20.656640625000023,0.7656000000000001,2026-09-29 02:33
GRID_004661,11.092893244804385,76.52808251814987,0.013222023,LOW,20.656640625000023,0.8035,2026-09-29 02:33
GRID_004662,11.092893244804385,76.53808251814988,0.15822785,LOW,20.656640625000023,0.7738,2026-09-29 02:33
GRID_004663,11.092893244804385,76.54808251814988,0.42071447,MODERATE,20.656640625000023,0.6944,2026-09-29 02:33
GRID_004664,11.092893244804385,76.55808251814989,0.4706018,MODERATE,20.656640625000023,0.6187,2026-09-29 02:33
GRID_004665,11.092893244804385,76.5880825181499,0.0130815655,LOW,20.656640625000023,0.8587,2026-09-29 02:33
GRID_004666,11.092893244804385,76.59808251814991,0.013181451,LOW,20.656640625000023,0.8170000000000001,2026-09-29 02:33
GRID_004667,11.092893244804385,76.60808251814991,0.012969359,LOW,20.656640625000023,0.9088,2026-09-29 02:33
GRID_004668,11.092893244804385,76.61808251814992,0.48170754,MODERATE,20.656640625000023,0.7050000000000001,2026-09-29 02:33
GRID_004669,11.092893244804385,76.62808251814992,0.0021487602,LOW,20.656640625000023,0.8639,2026-09-29 02:33
GRID_004670,11.092893244804385,76.63808251814993,0.003076044,LOW,20.656640625000023,0.7918000000000001,2026-09-29 02:33
GRID_004671,11.092893244804385,76.64808251814993,0.0030806316,LOW,20.656640625000023,0.7875000000000001,2026-09-29 02:33
GRID_004672,11.092893244804385,76.65808251814994,0.0022415405,LOW,20.656640625000023,0.8133,2026-09-29 02:33
GRID_004673,11.102893244804385,76.3880825181498,0.0131196175,LOW,20.656640625000023,0.8380000000000001,2026-09-29 02:33
GRID_004674,11.102893244804385,76.43808251814983,0.013007706,LOW,20.656640625000023,0.8895000000000001,2026-09-29 02:33
GRID_004675,11.102893244804385,76.44808251814983,0.013001212,LOW,20.656640625000023,0.8961,2026-09-29 02:33
GRID_004676,11.102893244804385,76.46808251814984,0.013106071,LOW,20.656640625000023,0.8429000000000001,2026-09-29 02:33
GRID_004677,11.102893244804385,76.49808251814986,0.0130655505,LOW,20.656640625000023,0.8584,2026-09-29 02:33
GRID_004678,11.102893244804385,76.54808251814988,0.009316233,LOW,20.656640625000023,0.7484000000000001,2026-09-29 02:33
GRID_004679,11.102893244804385,76.55808251814989,0.013071984,LOW,20.656640625000023,0.8515,2026-09-29 02:33
GRID_004680,11.102893244804385,76.5680825181499,0.013003459,LOW,20.656640625000023,0.8902,2026-09-29 02:33
GRID_004681,11.102893244804385,76.5780825181499,0.013215765,LOW,20.656640625000023,0.8073,2026-09-29 02:33
GRID_004682,11.102893244804385,76.5880825181499,0.013181899,LOW,20.656640625000023,0.8188000000000001,2026-09-29 02:33
GRID_004683,11.102893244804385,76.59808251814991,0.40447736,MODERATE,20.656640625000023,0.7004,2026-09-29 02:33
GRID_004684,11.102893244804385,76.60808251814991,0.013097951,LOW,20.656640625000023,0.8521000000000001,2026-09-29 02:33
GRID_004685,11.102893244804385,76.61808251814992,0.013189434,LOW,20.656640625000023,0.8160000000000001,2026-09-29 02:33
GRID_004686,11.102893244804385,76.63808251814993,0.0019926487,LOW,20.656640625000023,0.7453000000000001,2026-09-29 02:33
GRID_004687,11.102893244804385,76.70808251814996,0.07202085,LOW,20.656640625000023,0.6984,2026-09-29 02:33
GRID_004688,11.112893244804384,76.36808251814979,0.0018345756,LOW,22.456658935546898,0.8467,2026-09-29 02:33
GRID_004689,11.112893244804384,76.5680825181499,0.012971823,LOW,20.656640625000023,0.9025,2026-09-29 02:33
GRID_004690,11.112893244804384,76.5780825181499,0.0131605705,LOW,20.656640625000023,0.8256,2026-09-29 02:33
GRID_004691,11.122893244804384,76.36808251814979,0.0018657424,LOW,22.456658935546898,0.8392000000000001,2026-09-29 02:33
GRID_004692,11.122893244804384,76.3980825181498,0.013013207,LOW,20.656640625000023,0.8815000000000001,2026-09-29 02:33
GRID_004693,11.122893244804384,76.40808251814981,0.013017446,LOW,20.656640625000023,0.8768,2026-09-29 02:33
GRID_004694,11.122893244804384,76.5680825181499,0.013040791,LOW,20.656640625000023,0.8738,2026-09-29 02:33
GRID_004695,11.122893244804384,76.5780825181499,0.102394834,LOW,20.656640625000023,0.7582,2026-09-29 02:33
GRID_004696,11.122893244804384,76.5880825181499,0.15986831,LOW,20.656640625000023,0.7918000000000001,2026-09-29 02:33
GRID_004697,11.122893244804384,76.59808251814991,0.15822878,LOW,20.656640625000023,0.7813,2026-09-29 02:33
GRID_004698,11.132893244804384,76.3780825181498,0.013124007,LOW,20.656640625000023,0.8386,2026-09-29 02:33
GRID_004699,11.132893244804384,76.44808251814983,0.013045293,LOW,20.656640625000023,0.8724000000000001,2026-09-29 02:33
GRID_004700,11.132893244804384,76.5780825181499,0.15986103,LOW,20.656640625000023,0.7916000000000001,2026-09-29 02:33
GRID_004701,11.132893244804384,76.65808251814994,0.2663627,LOW,20.656640625000023,0.5717,2026-09-29 02:33
GRID_004702,11.132893244804384,76.66808251814994,0.18661828,LOW,20.656640625000023,0.6813,2026-09-29 02:33
GRID_004703,11.142893244804384,76.32808251814977,0.0019559339,LOW,22.456658935546898,0.8197,2026-09-29 02:33
GRID_004704,11.142893244804384,76.33808251814978,0.0019383981,LOW,22.456658935546898,0.8245,2026-09-29 02:33
GRID_004705,11.142893244804384,76.34808251814978,0.0022467668,LOW,22.456658935546898,0.7473000000000001,2026-09-29 02:33
GRID_004706,11.142893244804384,76.35808251814979,0.0019338011,LOW,22.456658935546898,0.8223,2026-09-29 02:33
GRID_004707,11.142893244804384,76.36808251814979,0.0018083162,LOW,22.456658935546898,0.8595,2026-09-29 02:33
GRID_004708,11.142893244804384,76.3780825181498,0.013052185,LOW,20.656640625000023,0.8684000000000001,2026-09-29 02:33
GRID_004709,11.142893244804384,76.3880825181498,0.013208065,LOW,20.656640625000023,0.8063,2026-09-29 02:33
GRID_004710,11.142893244804384,76.3980825181498,0.012995401,LOW,20.656640625000023,0.8971,2026-09-29 02:33
GRID_004711,11.142893244804384,76.40808251814981,0.013029078,LOW,20.656640625000023,0.8737,2026-09-29 02:33
GRID_004712,11.142893244804384,76.41808251814982,0.013067028,LOW,20.656640625000023,0.8581000000000001,2026-09-29 02:33
GRID_004713,11.142893244804384,76.44808251814983,0.012995634,LOW,20.656640625000023,0.8944000000000001,2026-09-29 02:33
GRID_004714,11.142893244804384,76.55808251814989,0.013125034,LOW,20.656640625000023,0.8279000000000001,2026-09-29 02:33
GRID_004715,11.142893244804384,76.5880825181499,0.027852688,LOW,20.656640625000023,0.7718,2026-09-29 02:33
GRID_004716,11.142893244804384,76.59808251814991,0.485469,MODERATE,20.656640625000023,0.6809000000000001,2026-09-29 02:33
GRID_004717,11.142893244804384,76.64808251814993,0.008551284,LOW,20.656640625000023,0.7336,2026-09-29 02:33
GRID_004718,11.142893244804384,76.65808251814994,0.11106744,LOW,20.656640625000023,0.6888000000000001,2026-09-29 02:33
GRID_004719,11.152893244804384,76.33808251814978,0.0020078013,LOW,22.456658935546898,0.8025,2026-09-29 02:33
GRID_004720,11.152893244804384,76.34808251814978,0.001913357,LOW,22.456658935546898,0.8340000000000001,2026-09-29 02:33
GRID_004721,11.152893244804384,76.36808251814979,0.0019223384,LOW,22.456658935546898,0.8273,2026-09-29 02:33
GRID_004722,11.152893244804384,76.3780825181498,0.027874995,LOW,20.656640625000023,0.767,2026-09-29 02:33
GRID_004723,11.152893244804384,76.3880825181498,0.013224791,LOW,20.656640625000023,0.8005,2026-09-29 02:33
GRID_004724,11.152893244804384,76.3980825181498,0.013107333,LOW,20.656640625000023,0.8434,2026-09-29 02:33
GRID_004725,11.152893244804384,76.40808251814981,0.013041343,LOW,20.656640625000023,0.8634000000000001,2026-09-29 02:33
GRID_004726,11.152893244804384,76.42808251814982,0.013123334,LOW,20.656640625000023,0.8361000000000001,2026-09-29 02:33
GRID_004727,11.152893244804384,76.44808251814983,0.013069775,LOW,20.656640625000023,0.8568,2026-09-29 02:33
GRID_004728,11.152893244804384,76.45808251814984,0.012959077,LOW,20.656640625000023,0.9111,2026-09-29 02:33
GRID_004729,11.152893244804384,76.5880825181499,0.01305096,LOW,20.656640625000023,0.8648,2026-09-29 02:33
GRID_004730,11.152893244804384,76.64808251814993,0.10656034,LOW,20.656640625000023,0.7121000000000001,2026-09-29 02:33
GRID_004731,11.162893244804383,76.31808251814977,0.0019929586,LOW,22.456658935546898,0.807,2026-09-29 02:33
GRID_004732,11.162893244804383,76.32808251814977,0.0018853948,LOW,22.456658935546898,0.8445,2026-09-29 02:33
GRID_004733,11.162893244804383,76.33808251814978,0.0068938537,LOW,22.456658935546898,0.7769,2026-09-29 02:33
GRID_004734,11.162893244804383,76.34808251814978,0.0020033552,LOW,22.456658935546898,0.8048000000000001,2026-09-29 02:33
GRID_004735,11.162893244804383,76.35808251814979,0.0018843884,LOW,22.456658935546898,0.8418,2026-09-29 02:33
GRID_004736,11.162893244804383,76.36808251814979,0.0018940154,LOW,22.456658935546898,0.8332,2026-09-29 02:33
GRID_004737,11.162893244804383,76.3780825181498,0.013117598,LOW,20.656640625000023,0.8404,2026-09-29 02:33
GRID_004738,11.162893244804383,76.3880825181498,0.027855065,LOW,20.656640625000023,0.7722,2026-09-29 02:33
GRID_004739,11.162893244804383,76.3980825181498,0.013103472,LOW,20.656640625000023,0.8410000000000001,2026-09-29 02:33
GRID_004740,11.162893244804383,76.40808251814981,0.013075785,LOW,20.656640625000023,0.8496,2026-09-29 02:33
GRID_004741,11.162893244804383,76.41808251814982,0.013027512,LOW,20.656640625000023,0.8778,2026-09-29 02:33
GRID_004742,11.162893244804383,76.43808251814983,0.42226285,MODERATE,20.656640625000023,0.7191000000000001,2026-09-29 02:33
GRID_004743,11.162893244804383,76.44808251814983,0.012975004,LOW,20.656640625000023,0.8995000000000001,2026-09-29 02:33
GRID_004744,11.162893244804383,76.45808251814984,0.013013843,LOW,20.656640625000023,0.8774000000000001,2026-09-29 02:33
GRID_004745,11.162893244804383,76.47808251814985,0.013028368,LOW,20.656640625000023,0.8797,2026-09-29 02:33
GRID_004746,11.172893244804383,76.30808251814976,0.0024118077,LOW,22.456658935546898,0.7413000000000001,2026-09-29 02:33
GRID_004747,11.172893244804383,76.31808251814977,0.0025002211,LOW,22.456658935546898,0.7597,2026-09-29 02:33
GRID_004748,11.172893244804383,76.32808251814977,0.0032083397,LOW,22.456658935546898,0.7729,2026-09-29 02:33
GRID_004749,11.172893244804383,76.33808251814978,0.0018928538,LOW,22.456658935546898,0.8362,2026-09-29 02:33
GRID_004750,11.172893244804383,76.34808251814978,0.0019277305,LOW,22.456658935546898,0.8259000000000001,2026-09-29 02:33
GRID_004751,11.172893244804383,76.35808251814979,0.0018071386,LOW,22.456658935546898,0.869,2026-09-29 02:33
GRID_004752,11.172893244804383,76.36808251814979,0.0017210844,LOW,22.456658935546898,0.883,2026-09-29 02:33
GRID_004753,11.172893244804383,76.3780825181498,0.0130329495,LOW,20.656640625000023,0.871,2026-09-29 02:33
GRID_004754,11.172893244804383,76.3880825181498,0.013021683,LOW,20.656640625000023,0.8832000000000001,2026-09-29 02:33
GRID_004755,11.172893244804383,76.3980825181498,0.013023019,LOW,20.656640625000023,0.8776,2026-09-29 02:33
GRID_004756,11.172893244804383,76.40808251814981,0.013170004,LOW,20.656640625000023,0.8138000000000001,2026-09-29 02:33
GRID_004757,11.172893244804383,76.41808251814982,0.013062855,LOW,20.656640625000023,0.8672000000000001,2026-09-29 02:33
GRID_004758,11.172893244804383,76.42808251814982,0.013071257,LOW,20.656640625000023,0.8525,2026-09-29 02:33
GRID_004759,11.172893244804383,76.43808251814983,0.15981513,LOW,20.656640625000023,0.7955,2026-09-29 02:33
GRID_004760,11.172893244804383,76.44808251814983,0.013009082,LOW,20.656640625000023,0.8806,2026-09-29 02:33
GRID_004761,11.172893244804383,76.45808251814984,0.012995943,LOW,20.656640625000023,0.8907,2026-09-29 02:33
GRID_004762,11.172893244804383,76.46808251814984,0.01308329,LOW,20.656640625000023,0.8503000000000001,2026-09-29 02:33
GRID_004763,11.172893244804383,76.48808251814985,0.013144818,LOW,20.656640625000023,0.8266,2026-09-29 02:33
GRID_004764,11.182893244804385,76.32808251814977,0.0019375398,LOW,22.456658935546898,0.8172,2026-09-29 02:33
GRID_004765,11.182893244804385,76.33808251814978,0.0017969331,LOW,22.456658935546898,0.8673000000000001,2026-09-29 02:33
GRID_004766,11.182893244804385,76.34808251814978,0.0017764975,LOW,22.456658935546898,0.8723000000000001,2026-09-29 02:33
GRID_004767,11.182893244804385,76.35808251814979,0.0018335807,LOW,22.456658935546898,0.8531000000000001,2026-09-29 02:33
GRID_004768,11.182893244804385,76.36808251814979,0.0017773755,LOW,22.456658935546898,0.8604,2026-09-29 02:33
GRID_004769,11.182893244804385,76.3780825181498,0.012979684,LOW,20.656640625000023,0.8941,2026-09-29 02:33
GRID_004770,11.182893244804385,76.3880825181498,0.45153025,MODERATE,20.656640625000023,0.5635,2026-09-29 02:33
GRID_004771,11.182893244804385,76.3980825181498,0.01306138,LOW,20.656640625000023,0.8521000000000001,2026-09-29 02:33
GRID_004772,11.182893244804385,76.40808251814981,0.013072064,LOW,20.656640625000023,0.8543000000000001,2026-09-29 02:33
GRID_004773,11.182893244804385,76.41808251814982,0.013062246,LOW,20.656640625000023,0.8574,2026-09-29 02:33
GRID_004774,11.182893244804385,76.42808251814982,0.012971391,LOW,20.656640625000023,0.8997,2026-09-29 02:33
GRID_004775,11.182893244804385,76.46808251814984,0.013161739,LOW,20.656640625000023,0.8192,2026-09-29 02:33
GRID_004776,11.192893244804385,76.31808251814977,0.0018947553,LOW,22.456658935546898,0.8411000000000001,2026-09-29 02:33
GRID_004777,11.192893244804385,76.32808251814977,0.0068714917,LOW,22.456658935546898,0.7826000000000001,2026-09-29 02:33
GRID_004778,11.192893244804385,76.33808251814978,0.0018455542,LOW,22.456658935546898,0.8440000000000001,2026-09-29 02:33
GRID_004779,11.192893244804385,76.34808251814978,0.0017852305,LOW,22.456658935546898,0.8674000000000001,2026-09-29 02:33
GRID_004780,11.192893244804385,76.35808251814979,0.0017588423,LOW,22.456658935546898,0.8703000000000001,2026-09-29 02:33
GRID_004781,11.192893244804385,76.36808251814979,0.0017605678,LOW,22.456658935546898,0.865,2026-09-29 02:33
GRID_004782,11.192893244804385,76.3780825181498,0.013001924,LOW,20.656640625000023,0.892,2026-09-29 02:33
GRID_004783,11.192893244804385,76.3880825181498,0.013039237,LOW,20.656640625000023,0.8757,2026-09-29 02:33
GRID_004784,11.192893244804385,76.3980825181498,0.013067465,LOW,20.656640625000023,0.8534,2026-09-29 02:33
GRID_004785,11.192893244804385,76.40808251814981,0.013059833,LOW,20.656640625000023,0.863,2026-09-29 02:33
GRID_004786,11.192893244804385,76.41808251814982,0.013004998,LOW,20.656640625000023,0.8821,2026-09-29 02:33
GRID_004787,11.192893244804385,76.42808251814982,0.0130633665,LOW,20.656640625000023,0.8582000000000001,2026-09-29 02:33
GRID_004788,11.192893244804385,76.45808251814984,0.10234788,LOW,20.656640625000023,0.7606,2026-09-29 02:33
GRID_004789,11.192893244804385,76.46808251814984,0.013150495,LOW,20.656640625000023,0.8189000000000001,2026-09-29 02:33
GRID_004790,11.202893244804384,76.31808251814977,0.002515635,LOW,21.956658935546898,0.8477,2026-09-29 02:33
GRID_004791,11.202893244804384,76.32808251814977,0.0024380423,LOW,21.956658935546898,0.8815000000000001,2026-09-29 02:33
GRID_004792,11.202893244804384,76.33808251814978,0.0032364146,LOW,21.956658935546898,0.7513000000000001,2026-09-29 02:33
GRID_004793,11.202893244804384,76.34808251814978,0.0025450482,LOW,21.956658935546898,0.8394,2026-09-29 02:33
GRID_004794,11.202893244804384,76.35808251814979,0.0024243637,LOW,21.956658935546898,0.8897,2026-09-29 02:33
GRID_004795,11.202893244804384,76.36808251814979,0.0024123648,LOW,21.956658935546898,0.8851,2026-09-29 02:33
GRID_004796,11.202893244804384,76.3780825181498,0.02933694,LOW,16.756646728515648,0.8784000000000001,2026-09-29 02:33
GRID_004797,11.202893244804384,76.3880825181498,0.029362483,LOW,16.756646728515648,0.8588,2026-09-29 02:33
GRID_004798,11.202893244804384,76.3980825181498,0.029321175,LOW,16.756646728515648,0.876,2026-09-29 02:33
GRID_004799,11.202893244804384,76.40808251814981,0.029377356,LOW,16.756646728515648,0.8624,2026-09-29 02:33
GRID_004800,11.202893244804384,76.41808251814982,0.029418413,LOW,16.756646728515648,0.8456,2026-09-29 02:33
GRID_004801,11.202893244804384,76.42808251814982,0.029421244,LOW,16.756646728515648,0.8413,2026-09-29 02:33
GRID_004802,11.202893244804384,76.43808251814983,0.029394923,LOW,16.756646728515648,0.8541000000000001,2026-09-29 02:33
GRID_004803,11.202893244804384,76.44808251814983,0.45025074,MODERATE,16.756646728515648,0.7385,2026-09-29 02:33
GRID_004804,11.202893244804384,76.45808251814984,0.029404486,LOW,16.756646728515648,0.8503000000000001,2026-09-29 02:33
GRID_004805,11.212893244804382,76.31808251814977,0.0025336805,LOW,21.956658935546898,0.8471000000000001,2026-09-29 02:33
GRID_004806,11.212893244804382,76.32808251814977,0.0025388736,LOW,21.956658935546898,0.8443,2026-09-29 02:33
GRID_004807,11.212893244804382,76.33808251814978,0.010606201,LOW,21.956658935546898,0.7913,2026-09-29 02:33
GRID_004808,11.212893244804382,76.34808251814978,0.0025753765,LOW,21.956658935546898,0.8307,2026-09-29 02:33
GRID_004809,11.212893244804382,76.35808251814979,0.002500643,LOW,21.956658935546898,0.8614,2026-09-29 02:33
GRID_004810,11.212893244804382,76.36808251814979,0.0024361713,LOW,21.956658935546898,0.8822000000000001,2026-09-29 02:33
GRID_004811,11.212893244804382,76.3780825181498,0.029381812,LOW,16.756646728515648,0.8581000000000001,2026-09-29 02:33
GRID_004812,11.212893244804382,76.3880825181498,0.029376842,LOW,16.756646728515648,0.8594,2026-09-29 02:33
GRID_004813,11.212893244804382,76.3980825181498,0.02935167,LOW,16.756646728515648,0.8597,2026-09-29 02:33
GRID_004814,11.212893244804382,76.40808251814981,0.029326027,LOW,16.756646728515648,0.8691000000000001,2026-09-29 02:33
GRID_004815,11.212893244804382,76.41808251814982,0.02936152,LOW,16.756646728515648,0.8573000000000001,2026-09-29 02:33
GRID_004816,11.212893244804382,76.42808251814982,0.029338244,LOW,16.756646728515648,0.8675,2026-09-29 02:33
GRID_004817,11.212893244804382,76.45808251814984,0.06719261,LOW,16.756646728515648,0.7728,2026-09-29 02:33
GRID_004818,11.212893244804382,76.46808251814984,0.50039566,MODERATE,16.756646728515648,0.7038,2026-09-29 02:33
GRID_004819,11.222893244804382,76.32808251814977,0.0025571848,LOW,21.956658935546898,0.8386,2026-09-29 02:33
GRID_004820,11.222893244804382,76.33808251814978,0.0025460445,LOW,21.956658935546898,0.8425,2026-09-29 02:33
GRID_004821,11.222893244804382,76.34808251814978,0.00253362,LOW,21.956658935546898,0.8494,2026-09-29 02:33
GRID_004822,11.222893244804382,76.35808251814979,0.0024265833,LOW,21.956658935546898,0.8868,2026-09-29 02:33
GRID_004823,11.222893244804382,76.36808251814979,0.002424538,LOW,21.956658935546898,0.8851,2026-09-29 02:33
GRID_004824,11.222893244804382,76.3980825181498,0.029370114,LOW,16.756646728515648,0.8518,2026-09-29 02:33
GRID_004825,11.222893244804382,76.40808251814981,0.02931046,LOW,16.756646728515648,0.8788,2026-09-29 02:33
GRID_004826,11.222893244804382,76.45808251814984,0.5049849,MODERATE,16.756646728515648,0.6617000000000001,2026-09-29 02:33
GRID_004827,11.222893244804382,76.46808251814984,0.5038872,MODERATE,16.756646728515648,0.6744,2026-09-29 02:33
GRID_004828,11.222893244804382,76.47808251814985,0.5010289,MODERATE,16.756646728515648,0.6893,2026-09-29 02:33
GRID_004829,11.222893244804382,76.48808251814985,0.5004914,MODERATE,16.756646728515648,0.7160000000000001,2026-09-29 02:33
GRID_004830,11.232893244804382,76.28808251814975,0.0025569007,LOW,21.956658935546898,0.8399000000000001,2026-09-29 02:33
GRID_004831,11.232893244804382,76.32808251814977,0.0025736713,LOW,21.956658935546898,0.8319000000000001,2026-09-29 02:33
GRID_004832,11.232893244804382,76.33808251814978,0.0026171,LOW,21.956658935546898,0.8163,2026-09-29 02:33
GRID_004833,11.232893244804382,76.34808251814978,0.0025543517,LOW,21.956658935546898,0.8394,2026-09-29 02:33
GRID_004834,11.232893244804382,76.35808251814979,0.0025402964,LOW,21.956658935546898,0.8444,2026-09-29 02:33
GRID_004835,11.232893244804382,76.36808251814979,0.002461703,LOW,21.956658935546898,0.8715,2026-09-29 02:33
GRID_004836,11.232893244804382,76.3780825181498,0.029379092,LOW,16.756646728515648,0.8596,2026-09-29 02:33
GRID_004837,11.232893244804382,76.3880825181498,0.029486645,LOW,16.756646728515648,0.8219000000000001,2026-09-29 02:33
GRID_004838,11.232893244804382,76.3980825181498,0.029322919,LOW,16.756646728515648,0.8784000000000001,2026-09-29 02:33
GRID_004839,11.232893244804382,76.40808251814981,0.029342365,LOW,16.756646728515648,0.8671000000000001,2026-09-29 02:33
GRID_004840,11.232893244804382,76.41808251814982,0.029368004,LOW,16.756646728515648,0.8594,2026-09-29 02:33
GRID_004841,11.232893244804382,76.45808251814984,0.50420374,MODERATE,16.756646728515648,0.6527000000000001,2026-09-29 02:33
GRID_004842,11.232893244804382,76.46808251814984,0.5003773,MODERATE,16.756646728515648,0.7042,2026-09-29 02:33
GRID_004843,11.232893244804382,76.47808251814985,0.502833,MODERATE,16.756646728515648,0.6862,2026-09-29 02:33
GRID_004844,11.232893244804382,76.49808251814986,0.5000049,MODERATE,16.756646728515648,0.6985,2026-09-29 02:33
GRID_004845,11.232893244804382,76.51808251814987,0.45022988,MODERATE,16.756646728515648,0.7392000000000001,2026-09-29 02:33
GRID_004846,11.232893244804382,76.52808251814987,0.27947447,LOW,16.756646728515648,0.7823,2026-09-29 02:33
GRID_004847,11.242893244804382,76.29808251814976,0.41270947,MODERATE,21.956658935546898,0.7219,2026-09-29 02:33
GRID_004848,11.242893244804382,76.31808251814977,0.002575629,LOW,21.956658935546898,0.8324,2026-09-29 02:33
GRID_004849,11.242893244804382,76.32808251814977,0.0025454091,LOW,21.956658935546898,0.8440000000000001,2026-09-29 02:33
GRID_004850,11.242893244804382,76.33808251814978,0.0024863044,LOW,21.956658935546898,0.8699,2026-09-29 02:33
GRID_004851,11.242893244804382,76.34808251814978,0.0024623044,LOW,21.956658935546898,0.8804000000000001,2026-09-29 02:33
GRID_004852,11.242893244804382,76.35808251814979,0.0025334784,LOW,21.956658935546898,0.8483,2026-09-29 02:33
GRID_004853,11.242893244804382,76.36808251814979,0.0024895172,LOW,21.956658935546898,0.8649,2026-09-29 02:33
GRID_004854,11.242893244804382,76.3780825181498,0.029390914,LOW,16.756646728515648,0.8571000000000001,2026-09-29 02:33
GRID_004855,11.242893244804382,76.3980825181498,0.029335365,LOW,16.756646728515648,0.8728,2026-09-29 02:33
GRID_004856,11.242893244804382,76.40808251814981,0.029388938,LOW,16.756646728515648,0.8559,2026-09-29 02:33
GRID_004857,11.242893244804382,76.41808251814982,0.029327989,LOW,16.756646728515648,0.8798,2026-09-29 02:33
GRID_004858,11.242893244804382,76.42808251814982,0.029345455,LOW,16.756646728515648,0.8678,2026-09-29 02:33
GRID_004859,11.242893244804382,76.45808251814984,0.5006941,MODERATE,16.756646728515648,0.7102,2026-09-29 02:33
GRID_004860,11.242893244804382,76.46808251814984,0.5011208,MODERATE,16.756646728515648,0.6884,2026-09-29 02:33
GRID_004861,11.242893244804382,76.47808251814985,0.5004538,MODERATE,16.756646728515648,0.6907,2026-09-29 02:33
GRID_004862,11.242893244804382,76.49808251814986,0.008987426,LOW,16.756646728515648,0.7534000000000001,2026-09-29 02:33
GRID_004863,11.242893244804382,76.51808251814987,0.20605953,LOW,16.756646728515648,0.7625000000000001,2026-09-29 02:33
GRID_004864,11.242893244804382,76.53808251814988,0.0672073,LOW,16.756646728515648,0.7693,2026-09-29 02:33
GRID_004865,11.242893244804382,76.5780825181499,0.029395897,LOW,16.756646728515648,0.8571000000000001,2026-09-29 02:33
GRID_004866,11.25289324480438,76.26808251814974,0.08405097,LOW,21.956658935546898,0.7643000000000001,2026-09-29 02:33
GRID_004867,11.25289324480438,76.30808251814976,0.035471383,LOW,21.956658935546898,0.7675000000000001,2026-09-29 02:33
GRID_004868,11.25289324480438,76.31808251814977,0.0025079618,LOW,21.956658935546898,0.8605,2026-09-29 02:33
GRID_004869,11.25289324480438,76.32808251814977,0.0024707254,LOW,21.956658935546898,0.8689,2026-09-29 02:33
GRID_004870,11.25289324480438,76.33808251814978,0.0024779697,LOW,21.956658935546898,0.8648,2026-09-29 02:33
GRID_004871,11.25289324480438,76.34808251814978,0.0026141354,LOW,21.956658935546898,0.8182,2026-09-29 02:33
GRID_004872,11.25289324480438,76.35808251814979,0.002526666,LOW,21.956658935546898,0.8505,2026-09-29 02:33
GRID_004873,11.25289324480438,76.36808251814979,0.002491159,LOW,21.956658935546898,0.8591000000000001,2026-09-29 02:33
GRID_004874,11.25289324480438,76.3880825181498,0.029402962,LOW,16.756646728515648,0.8494,2026-09-29 02:33
GRID_004875,11.25289324480438,76.3980825181498,0.029329449,LOW,16.756646728515648,0.8767,2026-09-29 02:33
GRID_004876,11.25289324480438,76.40808251814981,0.029312123,LOW,16.756646728515648,0.8901,2026-09-29 02:33
GRID_004877,11.25289324480438,76.41808251814982,0.029284185,LOW,16.756646728515648,0.8934000000000001,2026-09-29 02:33
GRID_004878,11.25289324480438,76.42808251814982,0.029345501,LOW,16.756646728515648,0.865,2026-09-29 02:33
GRID_004879,11.25289324480438,76.44808251814983,0.02940821,LOW,16.756646728515648,0.8377,2026-09-29 02:33
GRID_004880,11.25289324480438,76.45808251814984,0.029342003,LOW,16.756646728515648,0.8655,2026-09-29 02:33
GRID_004881,11.25289324480438,76.46808251814984,0.029270025,LOW,16.756646728515648,0.8942,2026-09-29 02:33
GRID_004882,11.25289324480438,76.51808251814987,0.49140984,MODERATE,16.756646728515648,0.7308,2026-09-29 02:33
GRID_004883,11.25289324480438,76.52808251814987,0.06721626,LOW,16.756646728515648,0.768,2026-09-29 02:33
GRID_004884,11.25289324480438,76.5680825181499,0.029410476,LOW,16.756646728515648,0.8485,2026-09-29 02:33
GRID_004885,11.26289324480438,76.26808251814974,0.0024950646,LOW,21.956658935546898,0.8632000000000001,2026-09-29 02:33
GRID_004886,11.26289324480438,76.27808251814974,0.0025125863,LOW,21.956658935546898,0.8587,2026-09-29 02:33
GRID_004887,11.26289324480438,76.29808251814976,0.3548379,LOW,21.956658935546898,0.7299,2026-09-29 02:33
GRID_004888,11.26289324480438,76.31808251814977,0.0025669674,LOW,21.956658935546898,0.8356,2026-09-29 02:33
GRID_004889,11.26289324480438,76.32808251814977,0.0025929974,LOW,21.956658935546898,0.8257,2026-09-29 02:33
GRID_004890,11.26289324480438,76.33808251814978,0.0025466783,LOW,21.956658935546898,0.8429000000000001,2026-09-29 02:33
GRID_004891,11.26289324480438,76.34808251814978,0.0025882605,LOW,21.956658935546898,0.8274,2026-09-29 02:33
GRID_004892,11.26289324480438,76.35808251814979,0.0026178486,LOW,21.956658935546898,0.8169000000000001,2026-09-29 02:33
GRID_004893,11.26289324480438,76.40808251814981,0.029278332,LOW,16.756646728515648,0.901,2026-09-29 02:33
GRID_004894,11.26289324480438,76.41808251814982,0.029291686,LOW,16.756646728515648,0.8902,2026-09-29 02:33
GRID_004895,11.26289324480438,76.42808251814982,0.029317096,LOW,16.756646728515648,0.8757,2026-09-29 02:33
GRID_004896,11.27289324480438,76.26808251814974,0.002641248,LOW,21.956658935546898,0.808,2026-09-29 02:33
GRID_004897,11.27289324480438,76.27808251814974,0.002644264,LOW,21.956658935546898,0.8065,2026-09-29 02:33
GRID_004898,11.27289324480438,76.28808251814975,0.12825516,LOW,21.956658935546898,0.7764000000000001,2026-09-29 02:33
GRID_004899,11.27289324480438,76.30808251814976,0.08405581,LOW,21.956658935546898,0.7636000000000001,2026-09-29 02:33
GRID_004900,11.27289324480438,76.31808251814977,0.002603008,LOW,21.956658935546898,0.8214,2026-09-29 02:33
GRID_004901,11.27289324480438,76.32808251814977,0.0026168302,LOW,21.956658935546898,0.8170000000000001,2026-09-29 02:33
GRID_004902,11.27289324480438,76.33808251814978,0.0025101583,LOW,21.956658935546898,0.8597,2026-09-29 02:33
GRID_004903,11.27289324480438,76.34808251814978,0.0025587867,LOW,21.956658935546898,0.8390000000000001,2026-09-29 02:33
GRID_004904,11.27289324480438,76.35808251814979,0.002591324,LOW,21.956658935546898,0.8262,2026-09-29 02:33
GRID_004905,11.27289324480438,76.36808251814979,0.0025606283,LOW,21.956658935546898,0.8376,2026-09-29 02:33
GRID_004906,11.28289324480438,76.27808251814974,0.08407094,LOW,21.956658935546898,0.7591,2026-09-29 02:33
GRID_004907,11.28289324480438,76.28808251814975,0.002630354,LOW,21.956658935546898,0.8126,2026-09-29 02:33
GRID_004908,11.28289324480438,76.29808251814976,0.40593523,MODERATE,21.956658935546898,0.7254,2026-09-29 02:33
GRID_004909,11.28289324480438,76.31808251814977,0.0025607725,LOW,21.956658935546898,0.8377,2026-09-29 02:33
GRID_004910,11.28289324480438,76.32808251814977,0.002518932,LOW,21.956658935546898,0.8559,2026-09-29 02:33
GRID_004911,11.28289324480438,76.33808251814978,0.0025465616,LOW,21.956658935546898,0.8441000000000001,2026-09-29 02:33
GRID_004912,11.28289324480438,76.34808251814978,0.0025387658,LOW,21.956658935546898,0.8473,2026-09-29 02:33
GRID_004913,11.28289324480438,76.35808251814979,0.0025860488,LOW,21.956658935546898,0.8278000000000001,2026-09-29 02:33
GRID_004914,11.28289324480438,76.36808251814979,0.0025069716,LOW,21.956658935546898,0.8616,2026-09-29 02:33
GRID_004915,11.29289324480438,76.28808251814975,0.010611059,LOW,21.956658935546898,0.7899,2026-09-29 02:33
GRID_004916,11.29289324480438,76.29808251814976,0.0025537761,LOW,21.956658935546898,0.8393,2026-09-29 02:33
GRID_004917,11.29289324480438,76.30808251814976,0.4059385,MODERATE,21.956658935546898,0.7251000000000001,2026-09-29 02:33
GRID_004918,11.29289324480438,76.31808251814977,0.12823524,LOW,21.956658935546898,0.782,2026-09-29 02:33
GRID_004919,11.29289324480438,76.32808251814977,0.0026445503,LOW,21.956658935546898,0.8069000000000001,2026-09-29 02:33
GRID_004920,11.29289324480438,76.33808251814978,0.051755406,LOW,21.956658935546898,0.7556,2026-09-29 02:33
GRID_004921,11.29289324480438,76.34808251814978,0.0025924023,LOW,21.956658935546898,0.8259000000000001,2026-09-29 02:33
GRID_004922,11.29289324480438,76.35808251814979,0.0025919136,LOW,21.956658935546898,0.8260000000000001,2026-09-29 02:33
GRID_004923,11.30289324480438,76.31808251814977,0.0025384598,LOW,21.956658935546898,0.8481000000000001,2026-09-29 02:33
GRID_004924,11.30289324480438,76.33808251814978,0.0025112873,LOW,21.956658935546898,0.8598,2026-09-29 02:33
GRID_004925,11.30289324480438,76.34808251814978,0.0025315986,LOW,21.956658935546898,0.8503000000000001,2026-09-29 02:33
GRID_004926,11.30289324480438,76.35808251814979,0.40181747,MODERATE,21.956658935546898,0.7199,2026-09-29 02:33
GRID_004927,11.30289324480438,76.36808251814979,0.0024977168,LOW,21.956658935546898,0.8638,2026-09-29 02:33
GRID_004928,11.31289324480438,76.28808251814975,0.0025244388,LOW,21.956658935546898,0.8511000000000001,2026-09-29 02:33
GRID_004929,11.31289324480438,76.29808251814976,0.0025244143,LOW,21.956658935546898,0.8522000000000001,2026-09-29 02:33
GRID_004930,11.31289324480438,76.30808251814976,0.002603203,LOW,21.956658935546898,0.8214,2026-09-29 02:33
GRID_004931,11.31289324480438,76.31808251814977,0.00255521,LOW,21.956658935546898,0.8400000000000001,2026-09-29 02:33
GRID_004932,11.31289324480438,76.32808251814977,0.002564671,LOW,21.956658935546898,0.8362,2026-09-29 02:33
GRID_004933,11.31289324480438,76.33808251814978,0.0025223081,LOW,21.956658935546898,0.8544,2026-09-29 02:33
GRID_004934,11.31289324480438,76.34808251814978,0.010608881,LOW,21.956658935546898,0.7908000000000001,2026-09-29 02:33
GRID_004935,11.31289324480438,76.35808251814979,0.0025338386,LOW,21.956658935546898,0.8493,2026-09-29 02:33
GRID_004936,11.31289324480438,76.36808251814979,0.0024964102,LOW,21.956658935546898,0.8651000000000001,2026-09-29 02:33
GRID_004937,11.31289324480438,76.3780825181498,0.029390698,LOW,16.756646728515648,0.8622000000000001,2026-09-29 02:33
GRID_004938,11.31289324480438,76.3880825181498,0.029353028,LOW,16.756646728515648,0.8757,2026-09-29 02:33
GRID_004939,11.32289324480438,76.0080825181496,0.0027055703,LOW,22.5566345214844,0.801,2026-09-29 02:33
GRID_004940,11.32289324480438,76.29808251814976,0.010600258,LOW,21.956658935546898,0.7937000000000001,2026-09-29 02:33
GRID_004941,11.32289324480438,76.30808251814976,0.0840511,LOW,21.956658935546898,0.7643000000000001,2026-09-29 02:33
GRID_004942,11.32289324480438,76.31808251814977,0.0026450483,LOW,21.956658935546898,0.8067000000000001,2026-09-29 02:33
GRID_004943,11.32289324480438,76.32808251814977,0.0026201925,LOW,21.956658935546898,0.8152,2026-09-29 02:33
GRID_004944,11.32289324480438,76.33808251814978,0.0026286023,LOW,21.956658935546898,0.8117000000000001,2026-09-29 02:33
GRID_004945,11.32289324480438,76.34808251814978,0.0025171244,LOW,21.956658935546898,0.8566,2026-09-29 02:33
GRID_004946,11.32289324480438,76.35808251814979,0.0025292607,LOW,21.956658935546898,0.8501000000000001,2026-09-29 02:33
GRID_004947,11.32289324480438,76.36808251814979,0.0025595892,LOW,21.956658935546898,0.8391000000000001,2026-09-29 02:33
GRID_004948,11.32289324480438,76.3780825181498,0.029403118,LOW,16.756646728515648,0.8573000000000001,2026-09-29 02:33
GRID_004949,11.32289324480438,76.3880825181498,0.029380502,LOW,16.756646728515648,0.8651000000000001,2026-09-29 02:33
GRID_004950,11.32289324480438,76.3980825181498,0.029333314,LOW,16.756646728515648,0.875,2026-09-29 02:33
GRID_004951,11.33289324480438,76.26808251814974,0.035454307,LOW,21.956658935546898,0.7724000000000001,2026-09-29 02:33
GRID_004952,11.33289324480438,76.27808251814974,0.4059321,MODERATE,21.956658935546898,0.7263000000000001,2026-09-29 02:33
GRID_004953,11.33289324480438,76.28808251814975,0.002580831,LOW,21.956658935546898,0.8298000000000001,2026-09-29 02:33
GRID_004954,11.33289324480438,76.29808251814976,0.0026260207,LOW,21.956658935546898,0.8138000000000001,2026-09-29 02:33
GRID_004955,11.33289324480438,76.30808251814976,0.12823132,LOW,21.956658935546898,0.7826000000000001,2026-09-29 02:33
GRID_004956,11.33289324480438,76.31808251814977,0.0025686114,LOW,21.956658935546898,0.8352,2026-09-29 02:33
GRID_004957,11.33289324480438,76.32808251814977,0.0025664591,LOW,21.956658935546898,0.8354,2026-09-29 02:33
GRID_004958,11.33289324480438,76.33808251814978,0.0025283033,LOW,21.956658935546898,0.8517,2026-09-29 02:33
GRID_004959,11.33289324480438,76.34808251814978,0.0026012214,LOW,21.956658935546898,0.8225,2026-09-29 02:33
GRID_004960,11.33289324480438,76.35808251814979,0.0025551305,LOW,21.956658935546898,0.8399000000000001,2026-09-29 02:33
GRID_004961,11.33289324480438,76.36808251814979,0.0025042808,LOW,21.956658935546898,0.8616,2026-09-29 02:33
GRID_004962,11.33289324480438,76.3780825181498,0.029355796,LOW,16.756646728515648,0.8751,2026-09-29 02:33
GRID_004963,11.33289324480438,76.3880825181498,0.02938806,LOW,16.756646728515648,0.8632000000000001,2026-09-29 02:33
GRID_004964,11.33289324480438,76.3980825181498,0.029327095,LOW,16.756646728515648,0.882,2026-09-29 02:33
GRID_004965,11.33289324480438,76.40808251814981,0.02924368,LOW,16.756646728515648,0.9179,2026-09-29 02:33
GRID_004966,11.33289324480438,76.41808251814982,0.029326096,LOW,16.756646728515648,0.8859,2026-09-29 02:33
GRID_004967,11.33289324480438,76.42808251814982,0.029327821,LOW,16.756646728515648,0.8837,2026-09-29 02:33
GRID_004968,11.34289324480438,76.05808251814963,0.0025969357,LOW,22.5566345214844,0.8405,2026-09-29 02:33
GRID_004969,11.34289324480438,76.25808251814973,0.0056329733,LOW,21.956658935546898,0.7451,2026-09-29 02:33
GRID_004970,11.34289324480438,76.26808251814974,0.0026134017,LOW,21.956658935546898,0.8182,2026-09-29 02:33
GRID_004971,11.34289324480438,76.28808251814975,0.035452202,LOW,21.956658935546898,0.7725000000000001,2026-09-29 02:33
GRID_004972,11.34289324480438,76.30808251814976,0.0026156052,LOW,21.956658935546898,0.8164,2026-09-29 02:33
GRID_004973,11.34289324480438,76.31808251814977,0.0026578924,LOW,21.956658935546898,0.8024,2026-09-29 02:33
GRID_004974,11.34289324480438,76.32808251814977,0.002495675,LOW,21.956658935546898,0.8617,2026-09-29 02:33
GRID_004975,11.34289324480438,76.33808251814978,0.0025757009,LOW,21.956658935546898,0.8307,2026-09-29 02:33
GRID_004976,11.34289324480438,76.34808251814978,0.0025141018,LOW,21.956658935546898,0.8573000000000001,2026-09-29 02:33
GRID_004977,11.34289324480438,76.35808251814979,0.0024859272,LOW,21.956658935546898,0.8701000000000001,2026-09-29 02:33
GRID_004978,11.34289324480438,76.36808251814979,0.0025067742,LOW,21.956658935546898,0.8606,2026-09-29 02:33
GRID_004979,11.34289324480438,76.3780825181498,0.029387005,LOW,16.756646728515648,0.8636,2026-09-29 02:33
GRID_004980,11.34289324480438,76.3880825181498,0.02938462,LOW,16.756646728515648,0.86,2026-09-29 02:33
GRID_004981,11.34289324480438,76.3980825181498,0.02934953,LOW,16.756646728515648,0.8738,2026-09-29 02:33
GRID_004982,11.34289324480438,76.40808251814981,0.029353969,LOW,16.756646728515648,0.8706,2026-09-29 02:33
GRID_004983,11.34289324480438,76.41808251814982,0.029284913,LOW,16.756646728515648,0.8988,2026-09-29 02:33
GRID_004984,11.34289324480438,76.42808251814982,0.029350378,LOW,16.756646728515648,0.8738,2026-09-29 02:33
GRID_004985,11.34289324480438,76.43808251814983,0.029349126,LOW,16.756646728515648,0.8743000000000001,2026-09-29 02:33
GRID_004986,11.35289324480438,76.09808251814965,0.12824489,LOW,22.5566345214844,0.7799,2026-09-29 02:33
GRID_004987,11.35289324480438,76.10808251814966,0.0025583897,LOW,22.5566345214844,0.8510000000000001,2026-09-29 02:33
GRID_004988,11.35289324480438,76.11808251814966,0.0025929047,LOW,22.5566345214844,0.8317,2026-09-29 02:33
GRID_004989,11.35289324480438,76.24808251814973,0.0025257978,LOW,21.956658935546898,0.8510000000000001,2026-09-29 02:33
GRID_004990,11.35289324480438,76.27808251814974,0.12824334,LOW,21.956658935546898,0.7788,2026-09-29 02:33
GRID_004991,11.35289324480438,76.28808251814975,0.0026673148,LOW,21.956658935546898,0.7994,2026-09-29 02:33
GRID_004992,11.35289324480438,76.29808251814976,0.4843065,MODERATE,21.956658935546898,0.5908,2026-09-29 02:33
GRID_004993,11.35289324480438,76.30808251814976,0.12824371,LOW,21.956658935546898,0.7799,2026-09-29 02:33
GRID_004994,11.35289324480438,76.31808251814977,0.0025400969,LOW,21.956658935546898,0.8474,2026-09-29 02:33
GRID_004995,11.35289324480438,76.32808251814977,0.002502409,LOW,21.956658935546898,0.8580000000000001,2026-09-29 02:33
GRID_004996,11.35289324480438,76.33808251814978,0.0025772692,LOW,21.956658935546898,0.8323,2026-09-29 02:33
GRID_004997,11.35289324480438,76.34808251814978,0.0025354142,LOW,21.956658935546898,0.8482000000000001,2026-09-29 02:33
GRID_004998,11.35289324480438,76.35808251814979,0.010589939,LOW,21.956658935546898,0.7964,2026-09-29 02:33
GRID_004999,11.35289324480438,76.36808251814979,0.0025018873,LOW,21.956658935546898,0.8634000000000001,2026-09-29 02:33
GRID_005000,11.35289324480438,76.3780825181498,0.029405424,LOW,16.756646728515648,0.8565,2026-09-29 02:33
GRID_005001,11.35289324480438,76.3880825181498,0.029401267,LOW,16.756646728515648,0.8523000000000001,2026-09-29 02:33
GRID_005002,11.35289324480438,76.3980825181498,0.029328847,LOW,16.756646728515648,0.8813000000000001,2026-09-29 02:33
GRID_005003,11.35289324480438,76.40808251814981,0.029278973,LOW,16.756646728515648,0.9021,2026-09-29 02:33
GRID_005004,11.35289324480438,76.41808251814982,0.029284379,LOW,16.756646728515648,0.8981,2026-09-29 02:33
GRID_005005,11.35289324480438,76.42808251814982,0.029384421,LOW,16.756646728515648,0.8547,2026-09-29 02:33
GRID_005006,11.35289324480438,76.43808251814983,0.029354658,LOW,16.756646728515648,0.8674000000000001,2026-09-29 02:33
GRID_005007,11.36289324480438,76.01808251814961,0.12828963,LOW,22.5566345214844,0.777,2026-09-29 02:33
GRID_005008,11.36289324480438,76.09808251814965,0.0025446217,LOW,22.5566345214844,0.8551000000000001,2026-09-29 02:33
GRID_005009,11.36289324480438,76.10808251814966,0.0024943892,LOW,22.5566345214844,0.8765000000000001,2026-09-29 02:33
GRID_005010,11.36289324480438,76.26808251814974,0.0026168027,LOW,21.956658935546898,0.8144,2026-09-29 02:33
GRID_005011,11.36289324480438,76.28808251814975,0.0026117433,LOW,21.956658935546898,0.8188000000000001,2026-09-29 02:33
GRID_005012,11.36289324480438,76.29808251814976,0.030245224,LOW,21.956658935546898,0.7414000000000001,2026-09-29 02:33
GRID_005013,11.36289324480438,76.31808251814977,0.46115035,MODERATE,21.956658935546898,0.6975,2026-09-29 02:33
GRID_005014,11.36289324480438,76.32808251814977,0.08405645,LOW,21.956658935546898,0.7632,2026-09-29 02:33
GRID_005015,11.36289324480438,76.33808251814978,0.0024970116,LOW,21.956658935546898,0.8657,2026-09-29 02:33
GRID_005016,11.36289324480438,76.34808251814978,0.0024934656,LOW,21.956658935546898,0.8673000000000001,2026-09-29 02:33
GRID_005017,11.36289324480438,76.35808251814979,0.0024913496,LOW,21.956658935546898,0.8669,2026-09-29 02:33
GRID_005018,11.36289324480438,76.36808251814979,0.0025164755,LOW,21.956658935546898,0.8569,2026-09-29 02:33
GRID_005019,11.36289324480438,76.3780825181498,0.029354211,LOW,16.756646728515648,0.8743000000000001,2026-09-29 02:33
GRID_005020,11.36289324480438,76.3880825181498,0.02937805,LOW,16.756646728515648,0.8637,2026-09-29 02:33
GRID_005021,11.36289324480438,76.3980825181498,0.02936456,LOW,16.756646728515648,0.8669,2026-09-29 02:33
GRID_005022,11.36289324480438,76.40808251814981,0.029326867,LOW,16.756646728515648,0.8841,2026-09-29 02:33
GRID_005023,11.36289324480438,76.41808251814982,0.029359743,LOW,16.756646728515648,0.8696,2026-09-29 02:33
GRID_005024,11.36289324480438,76.42808251814982,0.029372647,LOW,16.756646728515648,0.86,2026-09-29 02:33
GRID_005025,11.36289324480438,76.43808251814983,0.029519388,LOW,16.756646728515648,0.8136,2026-09-29 02:33
GRID_005026,11.36289324480438,76.44808251814983,0.029388523,LOW,16.756646728515648,0.8536,2026-09-29 02:33
GRID_005027,11.37289324480438,76.04808251814963,0.002685977,LOW,22.5566345214844,0.8061,2026-09-29 02:33
GRID_005028,11.37289324480438,76.06808251814964,0.002543644,LOW,22.5566345214844,0.8476,2026-09-29 02:33
GRID_005029,11.37289324480438,76.10808251814966,0.0025374286,LOW,22.5566345214844,0.8563000000000001,2026-09-29 02:33
GRID_005030,11.37289324480438,76.26808251814974,0.0025138103,LOW,21.956658935546898,0.8555,2026-09-29 02:33
GRID_005031,11.37289324480438,76.28808251814975,0.0025593408,LOW,21.956658935546898,0.8383,2026-09-29 02:33
GRID_005032,11.37289324480438,76.29808251814976,0.0026586123,LOW,21.956658935546898,0.8021,2026-09-29 02:33
GRID_005033,11.37289324480438,76.30808251814976,0.0026394597,LOW,21.956658935546898,0.8091,2026-09-29 02:33
GRID_005034,11.37289324480438,76.31808251814977,0.0025684137,LOW,21.956658935546898,0.8347,2026-09-29 02:33
GRID_005035,11.37289324480438,76.32808251814977,0.0025525861,LOW,21.956658935546898,0.8416,2026-09-29 02:33
GRID_005036,11.37289324480438,76.33808251814978,0.0025821915,LOW,21.956658935546898,0.8292,2026-09-29 02:33
GRID_005037,11.37289324480438,76.34808251814978,0.010592987,LOW,21.956658935546898,0.7954,2026-09-29 02:33
GRID_005038,11.37289324480438,76.35808251814979,0.002528833,LOW,21.956658935546898,0.8514,2026-09-29 02:33
GRID_005039,11.37289324480438,76.36808251814979,0.0025021788,LOW,21.956658935546898,0.8625,2026-09-29 02:33
GRID_005040,11.37289324480438,76.3780825181498,0.029441236,LOW,16.756646728515648,0.8424,2026-09-29 02:33
GRID_005041,11.37289324480438,76.3880825181498,0.029407602,LOW,16.756646728515648,0.8539,2026-09-29 02:33
GRID_005042,11.37289324480438,76.3980825181498,0.029363712,LOW,16.756646728515648,0.8663000000000001,2026-09-29 02:33
GRID_005043,11.37289324480438,76.40808251814981,0.02935346,LOW,16.756646728515648,0.8665,2026-09-29 02:33
GRID_005044,11.37289324480438,76.41808251814982,0.029344883,LOW,16.756646728515648,0.8699,2026-09-29 02:33
GRID_005045,11.37289324480438,76.42808251814982,0.0293362,LOW,16.756646728515648,0.8787,2026-09-29 02:33
GRID_005046,11.37289324480438,76.43808251814983,0.029392695,LOW,16.756646728515648,0.8454,2026-09-29 02:33
GRID_005047,11.37289324480438,76.44808251814983,0.029446138,LOW,16.756646728515648,0.8259000000000001,2026-09-29 02:33
GRID_005048,11.38289324480438,76.06808251814964,0.0025965285,LOW,22.5566345214844,0.8248000000000001,2026-09-29 02:33
GRID_005049,11.38289324480438,76.10808251814966,0.0026412965,LOW,22.5566345214844,0.8095,2026-09-29 02:33
GRID_005050,11.38289324480438,76.27808251814974,0.0026634,LOW,21.956658935546898,0.8005,2026-09-29 02:33
GRID_005051,11.38289324480438,76.28808251814975,0.084063,LOW,21.956658935546898,0.7609,2026-09-29 02:33
GRID_005052,11.38289324480438,76.29808251814976,0.0026714318,LOW,21.956658935546898,0.7988000000000001,2026-09-29 02:33
GRID_005053,11.38289324480438,76.30808251814976,0.0032270653,LOW,21.956658935546898,0.7529,2026-09-29 02:33
GRID_005054,11.38289324480438,76.31808251814977,0.002539333,LOW,21.956658935546898,0.8465,2026-09-29 02:33
GRID_005055,11.38289324480438,76.32808251814977,0.0025641797,LOW,21.956658935546898,0.8363,2026-09-29 02:33
GRID_005056,11.38289324480438,76.33808251814978,0.030236386,LOW,21.956658935546898,0.7436,2026-09-29 02:33
GRID_005057,11.38289324480438,76.34808251814978,0.0025272134,LOW,21.956658935546898,0.8424,2026-09-29 02:33
GRID_005058,11.38289324480438,76.35808251814979,0.0025162918,LOW,21.956658935546898,0.8562000000000001,2026-09-29 02:33
GRID_005059,11.38289324480438,76.36808251814979,0.0024882916,LOW,21.956658935546898,0.8662000000000001,2026-09-29 02:33
GRID_005060,11.38289324480438,76.3780825181498,0.029512327,LOW,16.756646728515648,0.8217,2026-09-29 02:33
GRID_005061,11.38289324480438,76.3880825181498,0.029391654,LOW,16.756646728515648,0.86,2026-09-29 02:33
GRID_005062,11.38289324480438,76.3980825181498,0.029367251,LOW,16.756646728515648,0.8668,2026-09-29 02:33
GRID_005063,11.38289324480438,76.40808251814981,0.029321382,LOW,16.756646728515648,0.884,2026-09-29 02:33
GRID_005064,11.38289324480438,76.41808251814982,0.02937422,LOW,16.756646728515648,0.859,2026-09-29 02:33
GRID_005065,11.38289324480438,76.42808251814982,0.029260872,LOW,16.756646728515648,0.9059,2026-09-29 02:33
GRID_005066,11.38289324480438,76.43808251814983,0.029431662,LOW,16.756646728515648,0.8358,2026-09-29 02:33
GRID_005067,11.38289324480438,76.44808251814983,0.029494181,LOW,16.756646728515648,0.8163,2026-09-29 02:33
GRID_005068,11.392893244804378,76.28808251814975,0.0025281748,LOW,21.956658935546898,0.8518,2026-09-29 02:33
GRID_005069,11.392893244804378,76.30808251814976,0.12826407,LOW,21.956658935546898,0.7735000000000001,2026-09-29 02:33
GRID_005070,11.392893244804378,76.31808251814977,0.0025550828,LOW,21.956658935546898,0.8394,2026-09-29 02:33
GRID_005071,11.392893244804378,76.32808251814977,0.00250299,LOW,21.956658935546898,0.8559,2026-09-29 02:33
GRID_005072,11.392893244804378,76.33808251814978,0.12824348,LOW,21.956658935546898,0.7795000000000001,2026-09-29 02:33
GRID_005073,11.392893244804378,76.34808251814978,0.0026608955,LOW,21.956658935546898,0.8009000000000001,2026-09-29 02:33
GRID_005074,11.392893244804378,76.35808251814979,0.0024866534,LOW,21.956658935546898,0.8595,2026-09-29 02:33
GRID_005075,11.392893244804378,76.36808251814979,0.002450223,LOW,21.956658935546898,0.874,2026-09-29 02:33
GRID_005076,11.392893244804378,76.3780825181498,0.029398303,LOW,16.756646728515648,0.8533000000000001,2026-09-29 02:33
GRID_005077,11.392893244804378,76.3880825181498,0.02943397,LOW,16.756646728515648,0.8455,2026-09-29 02:33
GRID_005078,11.392893244804378,76.3980825181498,0.029452335,LOW,16.756646728515648,0.8371000000000001,2026-09-29 02:33
GRID_005079,11.392893244804378,76.40808251814981,0.029358793,LOW,16.756646728515648,0.8682000000000001,2026-09-29 02:33
GRID_005080,11.392893244804378,76.41808251814982,0.029382935,LOW,16.756646728515648,0.8535,2026-09-29 02:33
GRID_005081,11.392893244804378,76.42808251814982,0.029386673,LOW,16.756646728515648,0.8507,2026-09-29 02:33
GRID_005082,11.392893244804378,76.43808251814983,0.029449048,LOW,16.756646728515648,0.8360000000000001,2026-09-29 02:33
GRID_005083,11.392893244804378,76.44808251814983,0.029495303,LOW,16.756646728515648,0.8224,2026-09-29 02:33
GRID_005084,11.392893244804378,76.45808251814984,0.029234745,LOW,16.756646728515648,0.9235,2026-09-29 02:33
GRID_005085,11.402893244804378,76.09808251814965,0.002587761,LOW,22.5566345214844,0.8271000000000001,2026-09-29 02:33
GRID_005086,11.402893244804378,76.11808251814966,0.002527642,LOW,22.5566345214844,0.8508,2026-09-29 02:33
GRID_005087,11.402893244804378,76.28808251814975,0.0025039124,LOW,21.956658935546898,0.8618,2026-09-29 02:33
GRID_005088,11.402893244804378,76.29808251814976,0.0024926476,LOW,21.956658935546898,0.863,2026-09-29 02:33
GRID_005089,11.402893244804378,76.30808251814976,0.0025786252,LOW,21.956658935546898,0.8311000000000001,2026-09-29 02:33
GRID_005090,11.402893244804378,76.31808251814977,0.002504236,LOW,21.956658935546898,0.8624,2026-09-29 02:33
GRID_005091,11.402893244804378,76.32808251814977,0.12825215,LOW,21.956658935546898,0.7774000000000001,2026-09-29 02:33
GRID_005092,11.402893244804378,76.33808251814978,0.01060661,LOW,21.956658935546898,0.7911,2026-09-29 02:33
GRID_005093,11.402893244804378,76.34808251814978,0.0026356608,LOW,21.956658935546898,0.8101,2026-09-29 02:33
GRID_005094,11.402893244804378,76.35808251814979,0.0025500252,LOW,21.956658935546898,0.8390000000000001,2026-09-29 02:33
GRID_005095,11.402893244804378,76.36808251814979,0.0025248295,LOW,21.956658935546898,0.8364,2026-09-29 02:33
GRID_005096,11.402893244804378,76.3780825181498,0.029301276,LOW,16.756646728515648,0.8876000000000001,2026-09-29 02:33
GRID_005097,11.402893244804378,76.3880825181498,0.029333582,LOW,16.756646728515648,0.8793000000000001,2026-09-29 02:33
GRID_005098,11.402893244804378,76.3980825181498,0.029374612,LOW,16.756646728515648,0.8631000000000001,2026-09-29 02:33
GRID_005099,11.402893244804378,76.40808251814981,0.029338237,LOW,16.756646728515648,0.8769,2026-09-29 02:33
GRID_005100,11.402893244804378,76.41808251814982,0.029371306,LOW,16.756646728515648,0.862,2026-09-29 02:33
GRID_005101,11.402893244804378,76.42808251814982,0.029363232,LOW,16.756646728515648,0.8627,2026-09-29 02:33
GRID_005102,11.402893244804378,76.43808251814983,0.029389642,LOW,16.756646728515648,0.8474,2026-09-29 02:33
GRID_005103,11.402893244804378,76.44808251814983,0.02938402,LOW,16.756646728515648,0.8524,2026-09-29 02:33
GRID_005104,11.402893244804378,76.45808251814984,0.029322252,LOW,16.756646728515648,0.8738,2026-09-29 02:33
GRID_005105,11.412893244804378,75.66808251814943,0.00435643,LOW,25.0566345214844,0.825538478093774,2026-09-29 02:33
GRID_005106,11.412893244804378,75.9880825181496,0.0025881848,LOW,22.5566345214844,0.8450000000000001,2026-09-29 02:33
GRID_005107,11.412893244804378,76.04808251814963,0.0025570826,LOW,22.5566345214844,0.8535,2026-09-29 02:33
GRID_005108,11.412893244804378,76.05808251814963,0.0025299827,LOW,22.5566345214844,0.862,2026-09-29 02:33
GRID_005109,11.412893244804378,76.08808251814965,0.0025471053,LOW,22.5566345214844,0.8457,2026-09-29 02:33
GRID_005110,11.412893244804378,76.10808251814966,0.0025248635,LOW,22.5566345214844,0.8562000000000001,2026-09-29 02:33
GRID_005111,11.412893244804378,76.11808251814966,0.0025260393,LOW,22.5566345214844,0.8594,2026-09-29 02:33
GRID_005112,11.412893244804378,76.30808251814976,0.0025581105,LOW,21.956658935546898,0.8397,2026-09-29 02:33
GRID_005113,11.412893244804378,76.31808251814977,0.0025494315,LOW,21.956658935546898,0.8432000000000001,2026-09-29 02:33
GRID_005114,11.412893244804378,76.32808251814977,0.00250505,LOW,21.956658935546898,0.8619,2026-09-29 02:33
GRID_005115,11.412893244804378,76.33808251814978,0.0024653024,LOW,21.956658935546898,0.8761,2026-09-29 02:33
GRID_005116,11.412893244804378,76.34808251814978,0.0025050808,LOW,21.956658935546898,0.8612000000000001,2026-09-29 02:33
GRID_005117,11.412893244804378,76.35808251814979,0.0025416745,LOW,21.956658935546898,0.8459,2026-09-29 02:33
GRID_005118,11.412893244804378,76.36808251814979,0.0024548841,LOW,21.956658935546898,0.8744000000000001,2026-09-29 02:33
GRID_005119,11.412893244804378,76.3780825181498,0.029390259,LOW,16.756646728515648,0.8555,2026-09-29 02:33
GRID_005120,11.412893244804378,76.3880825181498,0.029276976,LOW,16.756646728515648,0.8998,2026-09-29 02:33
GRID_005121,11.412893244804378,76.3980825181498,0.029387737,LOW,16.756646728515648,0.8570000000000001,2026-09-29 02:33
GRID_005122,11.412893244804378,76.40808251814981,0.029327739,LOW,16.756646728515648,0.8798,2026-09-29 02:33
GRID_005123,11.412893244804378,76.43808251814983,0.029394878,LOW,16.756646728515648,0.8536,2026-09-29 02:33
GRID_005124,11.412893244804378,76.44808251814983,0.029364228,LOW,16.756646728515648,0.8645,2026-09-29 02:33
GRID_005125,11.412893244804378,76.45808251814984,0.029328853,LOW,16.756646728515648,0.8795000000000001,2026-09-29 02:33
GRID_005126,11.422893244804378,75.65808251814943,0.00435643,LOW,25.0566345214844,0.825538478093774,2026-09-29 02:33
GRID_005127,11.422893244804378,75.9980825181496,0.0025751279,LOW,22.5566345214844,0.8517,2026-09-29 02:33
GRID_005128,11.422893244804378,76.0080825181496,0.002653769,LOW,22.5566345214844,0.8192,2026-09-29 02:33
GRID_005129,11.422893244804378,76.04808251814963,0.00255838,LOW,22.5566345214844,0.8526,2026-09-29 02:33
GRID_005130,11.422893244804378,76.07808251814964,0.0024948944,LOW,22.5566345214844,0.8722000000000001,2026-09-29 02:33
GRID_005131,11.422893244804378,76.08808251814965,0.0025331476,LOW,22.5566345214844,0.8514,2026-09-29 02:33
GRID_005132,11.422893244804378,76.09808251814965,0.0025223987,LOW,22.5566345214844,0.8566,2026-09-29 02:33
GRID_005133,11.422893244804378,76.10808251814966,0.0025225782,LOW,22.5566345214844,0.8500000000000001,2026-09-29 02:33
GRID_005134,11.422893244804378,76.29808251814976,0.0025211473,LOW,21.956658935546898,0.8533000000000001,2026-09-29 02:33
GRID_005135,11.422893244804378,76.30808251814976,0.0024798543,LOW,21.956658935546898,0.8733000000000001,2026-09-29 02:33
GRID_005136,11.422893244804378,76.31808251814977,0.0026055821,LOW,21.956658935546898,0.8203,2026-09-29 02:33
GRID_005137,11.422893244804378,76.32808251814977,0.0026318491,LOW,21.956658935546898,0.8118000000000001,2026-09-29 02:33
GRID_005138,11.422893244804378,76.33808251814978,0.0024581195,LOW,21.956658935546898,0.8833000000000001,2026-09-29 02:33
GRID_005139,11.422893244804378,76.34808251814978,0.0023990031,LOW,21.956658935546898,0.8974000000000001,2026-09-29 02:33
GRID_005140,11.422893244804378,76.35808251814979,0.0023895076,LOW,21.956658935546898,0.9015,2026-09-29 02:33
GRID_005141,11.422893244804378,76.36808251814979,0.0024700111,LOW,21.956658935546898,0.8751,2026-09-29 02:33
GRID_005142,11.422893244804378,76.3780825181498,0.029294206,LOW,16.756646728515648,0.8934000000000001,2026-09-29 02:33
GRID_005143,11.422893244804378,76.3880825181498,0.029305289,LOW,16.756646728515648,0.8825000000000001,2026-09-29 02:33
GRID_005144,11.422893244804378,76.3980825181498,0.029302958,LOW,16.756646728515648,0.8845000000000001,2026-09-29 02:33
GRID_005145,11.422893244804378,76.40808251814981,0.029409178,LOW,16.756646728515648,0.8476,2026-09-29 02:33
GRID_005146,11.422893244804378,76.41808251814982,0.02939496,LOW,16.756646728515648,0.8557,2026-09-29 02:33
GRID_005147,11.432893244804378,76.03808251814962,0.002625863,LOW,22.5566345214844,0.8294,2026-09-29 02:33
GRID_005148,11.432893244804378,76.04808251814963,0.0026491992,LOW,22.5566345214844,0.8181,2026-09-29 02:33
GRID_005149,11.432893244804378,76.07808251814964,0.0025757523,LOW,22.5566345214844,0.8417,2026-09-29 02:33
GRID_005150,11.432893244804378,76.08808251814965,0.0025770804,LOW,22.5566345214844,0.8423,2026-09-29 02:33
GRID_005151,11.432893244804378,76.09808251814965,0.0025831773,LOW,22.5566345214844,0.8376,2026-09-29 02:33
GRID_005152,11.432893244804378,76.10808251814966,0.0025337897,LOW,22.5566345214844,0.8532000000000001,2026-09-29 02:33
GRID_005153,11.432893244804378,76.30808251814976,0.0024260131,LOW,21.956658935546898,0.8971,2026-09-29 02:33
GRID_005154,11.432893244804378,76.31808251814977,0.0024411518,LOW,21.956658935546898,0.8865000000000001,2026-09-29 02:33
GRID_005155,11.432893244804378,76.32808251814977,0.002573993,LOW,21.956658935546898,0.8317,2026-09-29 02:33
GRID_005156,11.432893244804378,76.33808251814978,0.0024178117,LOW,21.956658935546898,0.8959,2026-09-29 02:33
GRID_005157,11.432893244804378,76.34808251814978,0.002370649,LOW,21.956658935546898,0.9154,2026-09-29 02:33
GRID_005158,11.432893244804378,76.35808251814979,0.0024222846,LOW,21.956658935546898,0.8863000000000001,2026-09-29 02:33
GRID_005159,11.432893244804378,76.36808251814979,0.0024633547,LOW,21.956658935546898,0.8665,2026-09-29 02:33
GRID_005160,11.432893244804378,76.3780825181498,0.029325234,LOW,16.756646728515648,0.8833000000000001,2026-09-29 02:33
GRID_005161,11.432893244804378,76.3880825181498,0.029385932,LOW,16.756646728515648,0.8548,2026-09-29 02:33
GRID_005162,11.432893244804378,76.3980825181498,0.029335488,LOW,16.756646728515648,0.8718,2026-09-29 02:33
GRID_005163,11.432893244804378,76.40808251814981,0.029309241,LOW,16.756646728515648,0.8853000000000001,2026-09-29 02:33
GRID_005164,11.442893244804376,75.77808251814949,0.008575065,LOW,25.0566345214844,0.794,2026-09-29 02:33
GRID_005165,11.442893244804376,76.03808251814962,0.0025873543,LOW,22.5566345214844,0.8436,2026-09-29 02:33
GRID_005166,11.442893244804376,76.04808251814963,0.0025910996,LOW,22.5566345214844,0.8385,2026-09-29 02:33
GRID_005167,11.442893244804376,76.07808251814964,0.0026619232,LOW,22.5566345214844,0.8105,2026-09-29 02:33
GRID_005168,11.442893244804376,76.08808251814965,0.1282457,LOW,22.5566345214844,0.7827000000000001,2026-09-29 02:33
GRID_005169,11.442893244804376,76.09808251814965,0.0025715658,LOW,22.5566345214844,0.8418,2026-09-29 02:33
GRID_005170,11.442893244804376,76.10808251814966,0.002596721,LOW,22.5566345214844,0.8281000000000001,2026-09-29 02:33
GRID_005171,11.442893244804376,76.11808251814966,0.0024733944,LOW,22.5566345214844,0.8725,2026-09-29 02:33
GRID_005172,11.442893244804376,76.28808251814975,0.0024317566,LOW,21.956658935546898,0.8913000000000001,2026-09-29 02:33
GRID_005173,11.442893244804376,76.29808251814976,0.002405797,LOW,21.956658935546898,0.9001,2026-09-29 02:33
GRID_005174,11.442893244804376,76.30808251814976,0.0023911498,LOW,21.956658935546898,0.9067,2026-09-29 02:33
GRID_005175,11.442893244804376,76.31808251814977,0.002392158,LOW,21.956658935546898,0.9023,2026-09-29 02:33
GRID_005176,11.442893244804376,76.32808251814977,0.0024159597,LOW,21.956658935546898,0.8952,2026-09-29 02:33
GRID_005177,11.442893244804376,76.33808251814978,0.0024044889,LOW,21.956658935546898,0.8965000000000001,2026-09-29 02:33
GRID_005178,11.442893244804376,76.35808251814979,0.0024167192,LOW,21.956658935546898,0.8866,2026-09-29 02:33
GRID_005179,11.442893244804376,76.36808251814979,0.0024202857,LOW,21.956658935546898,0.8836,2026-09-29 02:33
GRID_005180,11.442893244804376,76.3780825181498,0.029287184,LOW,16.756646728515648,0.892,2026-09-29 02:33
GRID_005181,11.442893244804376,76.3880825181498,0.029310368,LOW,16.756646728515648,0.8898,2026-09-29 02:33
GRID_005182,11.452893244804375,75.77808251814949,0.0041760234,LOW,23.256646728515648,0.8580000000000001,2026-09-29 02:33
GRID_005183,11.452893244804375,75.96808251814959,0.009365414,LOW,20.356652832031276,0.8535,2026-09-29 02:33
GRID_005184,11.452893244804375,75.97808251814959,0.0054993974,LOW,20.356652832031276,0.8506,2026-09-29 02:33
GRID_005185,11.452893244804375,76.0080825181496,0.009428705,LOW,20.356652832031276,0.8279000000000001,2026-09-29 02:33
GRID_005186,11.452893244804375,76.03808251814962,0.0094370255,LOW,20.356652832031276,0.8227,2026-09-29 02:33
GRID_005187,11.452893244804375,76.04808251814963,0.009321775,LOW,20.356652832031276,0.8688,2026-09-29 02:33
GRID_005188,11.452893244804375,76.05808251814963,0.009388739,LOW,20.356652832031276,0.8401000000000001,2026-09-29 02:33
GRID_005189,11.452893244804375,76.06808251814964,0.009336134,LOW,20.356652832031276,0.8587,2026-09-29 02:33
GRID_005190,11.452893244804375,76.07808251814964,0.009330915,LOW,20.356652832031276,0.8562000000000001,2026-09-29 02:33
GRID_005191,11.452893244804375,76.08808251814965,0.009408066,LOW,20.356652832031276,0.8335,2026-09-29 02:33
GRID_005192,11.452893244804375,76.09808251814965,0.009428591,LOW,20.356652832031276,0.8233,2026-09-29 02:33
GRID_005193,11.452893244804375,76.10808251814966,0.009389189,LOW,20.356652832031276,0.8317,2026-09-29 02:33
GRID_005194,11.452893244804375,76.11808251814966,0.009353769,LOW,20.356652832031276,0.8455,2026-09-29 02:33
GRID_005195,11.452893244804375,76.12808251814967,0.0021725108,LOW,19.756646728515648,0.9244,2026-09-29 02:33
GRID_005196,11.452893244804375,76.28808251814975,0.0022528116,LOW,19.756646728515648,0.8897,2026-09-29 02:33
GRID_005197,11.452893244804375,76.32808251814977,0.0022237774,LOW,19.756646728515648,0.9,2026-09-29 02:33
GRID_005198,11.452893244804375,76.33808251814978,0.0022626717,LOW,19.756646728515648,0.8857,2026-09-29 02:33
GRID_005199,11.452893244804375,76.34808251814978,0.0022561583,LOW,19.756646728515648,0.8884000000000001,2026-09-29 02:33
GRID_005200,11.452893244804375,76.35808251814979,0.0022714236,LOW,19.756646728515648,0.8773000000000001,2026-09-29 02:33
GRID_005201,11.462893244804375,75.63808251814942,0.0042504175,LOW,23.256646728515648,0.825538478093774,2026-09-29 02:33
GRID_005202,11.462893244804375,75.64808251814942,0.0042524394,LOW,23.256646728515648,0.825538478093774,2026-09-29 02:33
GRID_005203,11.462893244804375,75.9880825181496,0.0054918122,LOW,20.356652832031276,0.8530000000000001,2026-09-29 02:33
GRID_005204,11.462893244804375,76.01808251814961,0.0070357844,LOW,20.356652832031276,0.8126,2026-09-29 02:33
GRID_005205,11.462893244804375,76.03808251814962,0.009430878,LOW,20.356652832031276,0.8248000000000001,2026-09-29 02:33
GRID_005206,11.462893244804375,76.04808251814963,0.009350378,LOW,20.356652832031276,0.8547,2026-09-29 02:33
GRID_005207,11.462893244804375,76.05808251814963,0.009248687,LOW,20.356652832031276,0.8977,2026-09-29 02:33
GRID_005208,11.462893244804375,76.08808251814965,0.009341871,LOW,20.356652832031276,0.8564,2026-09-29 02:33
GRID_005209,11.462893244804375,76.09808251814965,0.0093747815,LOW,20.356652832031276,0.8392000000000001,2026-09-29 02:33
GRID_005210,11.462893244804375,76.10808251814966,0.009334162,LOW,20.356652832031276,0.8523000000000001,2026-09-29 02:33
GRID_005211,11.462893244804375,76.11808251814966,0.009308407,LOW,20.356652832031276,0.8726,2026-09-29 02:33
GRID_005212,11.462893244804375,76.29808251814976,0.0023002215,LOW,19.756646728515648,0.8652000000000001,2026-09-29 02:33
GRID_005213,11.462893244804375,76.30808251814976,0.002249345,LOW,19.756646728515648,0.8887,2026-09-29 02:33
GRID_005214,11.462893244804375,76.31808251814977,0.0022565508,LOW,19.756646728515648,0.8825000000000001,2026-09-29 02:33
GRID_005215,11.462893244804375,76.32808251814977,0.0022440157,LOW,19.756646728515648,0.8924000000000001,2026-09-29 02:33
GRID_005216,11.462893244804375,76.33808251814978,0.0022609194,LOW,19.756646728515648,0.8856,2026-09-29 02:33
GRID_005217,11.462893244804375,76.34808251814978,0.0022645723,LOW,19.756646728515648,0.8756,2026-09-29 02:33
GRID_005218,11.472893244804377,75.63808251814942,0.43235216,MODERATE,23.256646728515648,0.6971,2026-09-29 02:33
GRID_005219,11.472893244804377,75.64808251814942,0.47171202,MODERATE,23.256646728515648,0.636,2026-09-29 02:33
GRID_005220,11.472893244804377,75.65808251814943,0.072761595,LOW,23.256646728515648,0.7561,2026-09-29 02:33
GRID_005221,11.472893244804377,75.73808251814947,0.00422508,LOW,23.256646728515648,0.8361000000000001,2026-09-29 02:33
GRID_005222,11.472893244804377,75.9880825181496,0.005535838,LOW,20.356652832031276,0.8351000000000001,2026-09-29 02:33
GRID_005223,11.472893244804377,75.9980825181496,0.005513721,LOW,20.356652832031276,0.8441000000000001,2026-09-29 02:33
GRID_005224,11.472893244804377,76.0080825181496,0.5080299,MODERATE,20.356652832031276,0.5637,2026-09-29 02:33
GRID_005225,11.472893244804377,76.02808251814962,0.021138543,LOW,20.356652832031276,0.7708,2026-09-29 02:33
GRID_005226,11.472893244804377,76.03808251814962,0.009380668,LOW,20.356652832031276,0.8432000000000001,2026-09-29 02:33
GRID_005227,11.472893244804377,76.04808251814963,0.009435287,LOW,20.356652832031276,0.8217,2026-09-29 02:33
GRID_005228,11.472893244804377,76.05808251814963,0.009273566,LOW,20.356652832031276,0.8864000000000001,2026-09-29 02:33
GRID_005229,11.472893244804377,76.08808251814965,0.009374702,LOW,20.356652832031276,0.8374,2026-09-29 02:33
GRID_005230,11.472893244804377,76.09808251814965,0.009369056,LOW,20.356652832031276,0.8457,2026-09-29 02:33
GRID_005231,11.472893244804377,76.10808251814966,0.009361451,LOW,20.356652832031276,0.8468,2026-09-29 02:33
GRID_005232,11.472893244804377,76.11808251814966,0.009322794,LOW,20.356652832031276,0.8537,2026-09-29 02:33
GRID_005233,11.472893244804377,76.12808251814967,0.0022479456,LOW,19.756646728515648,0.8876000000000001,2026-09-29 02:33
GRID_005234,11.472893244804377,76.13808251814967,0.002388288,LOW,19.756646728515648,0.8259000000000001,2026-09-29 02:33
GRID_005235,11.472893244804377,76.27808251814974,0.0022578505,LOW,19.756646728515648,0.8803000000000001,2026-09-29 02:33
GRID_005236,11.472893244804377,76.29808251814976,0.0022840207,LOW,19.756646728515648,0.8716,2026-09-29 02:33
GRID_005237,11.472893244804377,76.30808251814976,0.0022657993,LOW,19.756646728515648,0.8897,2026-09-29 02:33
GRID_005238,11.472893244804377,76.31808251814977,0.0022700704,LOW,19.756646728515648,0.8826,2026-09-29 02:33
GRID_005239,11.472893244804377,76.32808251814977,0.0022907606,LOW,19.756646728515648,0.8717,2026-09-29 02:33
GRID_005240,11.472893244804377,76.33808251814978,0.0023794442,LOW,19.756646728515648,0.8385,2026-09-29 02:33
GRID_005241,11.482893244804377,75.63808251814942,0.0042974874,LOW,23.256646728515648,0.8064,2026-09-29 02:33
GRID_005242,11.482893244804377,75.64808251814942,0.003994457,LOW,23.256646728515648,0.9619,2026-09-29 02:33
GRID_005243,11.482893244804377,75.9980825181496,0.0055887923,LOW,20.356652832031276,0.8145,2026-09-29 02:33
GRID_005244,11.482893244804377,76.0080825181496,0.011666259,LOW,20.356652832031276,0.7678,2026-09-29 02:33
GRID_005245,11.482893244804377,76.01808251814961,0.009406751,LOW,20.356652832031276,0.8357,2026-09-29 02:33
GRID_005246,11.482893244804377,76.02808251814962,0.12680303,LOW,20.356652832031276,0.7789,2026-09-29 02:33
GRID_005247,11.482893244804377,76.03808251814962,0.009270972,LOW,20.356652832031276,0.8909,2026-09-29 02:33
GRID_005248,11.482893244804377,76.04808251814963,0.009270594,LOW,20.356652832031276,0.8901,2026-09-29 02:33
GRID_005249,11.482893244804377,76.05808251814963,0.009335286,LOW,20.356652832031276,0.8614,2026-09-29 02:33
GRID_005250,11.482893244804377,76.06808251814964,0.009331917,LOW,20.356652832031276,0.8591000000000001,2026-09-29 02:33
GRID_005251,11.482893244804377,76.10808251814966,0.009363079,LOW,20.356652832031276,0.8469,2026-09-29 02:33
GRID_005252,11.482893244804377,76.11808251814966,0.0093192505,LOW,20.356652832031276,0.8634000000000001,2026-09-29 02:33
GRID_005253,11.482893244804377,76.12808251814967,0.0023250056,LOW,19.756646728515648,0.8523000000000001,2026-09-29 02:33
GRID_005254,11.482893244804377,76.13808251814967,0.0022417363,LOW,19.756646728515648,0.892,2026-09-29 02:33
GRID_005255,11.482893244804377,76.25808251814973,0.0022605327,LOW,19.756646728515648,0.8899,2026-09-29 02:33
GRID_005256,11.482893244804377,76.28808251814975,0.0022999877,LOW,19.756646728515648,0.8631000000000001,2026-09-29 02:33
GRID_005257,11.482893244804377,76.29808251814976,0.0022628256,LOW,19.756646728515648,0.882,2026-09-29 02:33
GRID_005258,11.482893244804377,76.30808251814976,0.0022610566,LOW,19.756646728515648,0.8881,2026-09-29 02:33
GRID_005259,11.482893244804377,76.32808251814977,0.0022821282,LOW,19.756646728515648,0.8784000000000001,2026-09-29 02:33
GRID_005260,11.492893244804376,75.63808251814942,0.004294201,LOW,23.256646728515648,0.8077000000000001,2026-09-29 02:33
GRID_005261,11.492893244804376,75.72808251814946,0.004214311,LOW,23.256646728515648,0.8410000000000001,2026-09-29 02:33
GRID_005262,11.492893244804376,75.73808251814947,0.004274872,LOW,23.256646728515648,0.8152,2026-09-29 02:33
GRID_005263,11.492893244804376,75.9880825181496,0.006933469,LOW,20.356652832031276,0.8521000000000001,2026-09-29 02:33
GRID_005264,11.492893244804376,75.9980825181496,0.07313122,LOW,20.356652832031276,0.7853,2026-09-29 02:33
GRID_005265,11.492893244804376,76.0080825181496,0.007050565,LOW,20.356652832031276,0.8075,2026-09-29 02:33
GRID_005266,11.492893244804376,76.01808251814961,0.009351306,LOW,20.356652832031276,0.8541000000000001,2026-09-29 02:33
GRID_005267,11.492893244804376,76.02808251814962,0.009328709,LOW,20.356652832031276,0.8617,2026-09-29 02:33
GRID_005268,11.492893244804376,76.03808251814962,0.009333324,LOW,20.356652832031276,0.8629,2026-09-29 02:33
GRID_005269,11.492893244804376,76.04808251814963,0.009232381,LOW,20.356652832031276,0.9049,2026-09-29 02:33
GRID_005270,11.492893244804376,76.05808251814963,0.009345259,LOW,20.356652832031276,0.8535,2026-09-29 02:33
GRID_005271,11.492893244804376,76.06808251814964,0.009373774,LOW,20.356652832031276,0.8402000000000001,2026-09-29 02:33
GRID_005272,11.492893244804376,76.07808251814964,0.00934727,LOW,20.356652832031276,0.8535,2026-09-29 02:33
GRID_005273,11.492893244804376,76.08808251814965,0.009335462,LOW,20.356652832031276,0.8619,2026-09-29 02:33
GRID_005274,11.492893244804376,76.09808251814965,0.009348095,LOW,20.356652832031276,0.8566,2026-09-29 02:33
GRID_005275,11.492893244804376,76.10808251814966,0.009372367,LOW,20.356652832031276,0.8451000000000001,2026-09-29 02:33
GRID_005276,11.492893244804376,76.11808251814966,0.009348672,LOW,20.356652832031276,0.8509,2026-09-29 02:33
GRID_005277,11.492893244804376,76.12808251814967,0.002391322,LOW,19.756646728515648,0.8290000000000001,2026-09-29 02:33
GRID_005278,11.492893244804376,76.13808251814967,0.002311697,LOW,19.756646728515648,0.8651000000000001,2026-09-29 02:33
GRID_005279,11.492893244804376,76.14808251814968,0.002315515,LOW,19.756646728515648,0.8666,2026-09-29 02:33
GRID_005280,11.492893244804376,76.1880825181497,0.0022765386,LOW,19.756646728515648,0.8825000000000001,2026-09-29 02:33
GRID_005281,11.492893244804376,76.22808251814972,0.0023323756,LOW,19.756646728515648,0.8599,2026-09-29 02:33
GRID_005282,11.492893244804376,76.25808251814973,0.002271182,LOW,19.756646728515648,0.8826,2026-09-29 02:33
GRID_005283,11.492893244804376,76.26808251814974,0.0022574412,LOW,19.756646728515648,0.8869,2026-09-29 02:33
GRID_005284,11.492893244804376,76.27808251814974,0.0022504174,LOW,19.756646728515648,0.895,2026-09-29 02:33
GRID_005285,11.492893244804376,76.29808251814976,0.002296386,LOW,19.756646728515648,0.8746,2026-09-29 02:33
GRID_005286,11.492893244804376,76.30808251814976,0.002295094,LOW,19.756646728515648,0.8723000000000001,2026-09-29 02:33
GRID_005287,11.492893244804376,76.31808251814977,0.0022713863,LOW,19.756646728515648,0.8804000000000001,2026-09-29 02:33
GRID_005288,11.492893244804376,76.32808251814977,0.0022810735,LOW,19.756646728515648,0.8811,2026-09-29 02:33
GRID_005289,11.502893244804376,76.01808251814961,0.009387124,LOW,20.356652832031276,0.8384,2026-09-29 02:33
GRID_005290,11.502893244804376,76.02808251814962,0.009290339,LOW,20.356652832031276,0.8752000000000001,2026-09-29 02:33
GRID_005291,11.502893244804376,76.03808251814962,0.009329874,LOW,20.356652832031276,0.8542000000000001,2026-09-29 02:33
GRID_005292,11.502893244804376,76.04808251814963,0.009345816,LOW,20.356652832031276,0.8457,2026-09-29 02:33
GRID_005293,11.502893244804376,76.05808251814963,0.009350936,LOW,20.356652832031276,0.8486,2026-09-29 02:33
GRID_005294,11.502893244804376,76.06808251814964,0.009410273,LOW,20.356652832031276,0.8278000000000001,2026-09-29 02:33
GRID_005295,11.502893244804376,76.07808251814964,0.0093486495,LOW,20.356652832031276,0.8486,2026-09-29 02:33
GRID_005296,11.502893244804376,76.08808251814965,0.009334799,LOW,20.356652832031276,0.8551000000000001,2026-09-29 02:33
GRID_005297,11.502893244804376,76.09808251814965,0.009313288,LOW,20.356652832031276,0.8704000000000001,2026-09-29 02:33
GRID_005298,11.502893244804376,76.10808251814966,0.009358978,LOW,20.356652832031276,0.8503000000000001,2026-09-29 02:33
GRID_005299,11.502893244804376,76.11808251814966,0.009334905,LOW,20.356652832031276,0.8602000000000001,2026-09-29 02:33
GRID_005300,11.502893244804376,76.12808251814967,0.0023022194,LOW,19.756646728515648,0.8675,2026-09-29 02:33
GRID_005301,11.502893244804376,76.13808251814967,0.0023142202,LOW,19.756646728515648,0.8654000000000001,2026-09-29 02:33
GRID_005302,11.502893244804376,76.14808251814968,0.0023578801,LOW,19.756646728515648,0.8519,2026-09-29 02:33
GRID_005303,11.502893244804376,76.1980825181497,0.002297567,LOW,19.756646728515648,0.8606,2026-09-29 02:33
GRID_005304,11.502893244804376,76.20808251814971,0.002262676,LOW,19.756646728515648,0.8746,2026-09-29 02:33
GRID_005305,11.502893244804376,76.21808251814971,0.002291286,LOW,19.756646728515648,0.871,2026-09-29 02:33
GRID_005306,11.502893244804376,76.22808251814972,0.010467023,LOW,19.756646728515648,0.7914,2026-09-29 02:33
GRID_005307,11.502893244804376,76.23808251814972,0.002299357,LOW,19.756646728515648,0.8729,2026-09-29 02:33
GRID_005308,11.502893244804376,76.24808251814973,0.002306759,LOW,19.756646728515648,0.8572000000000001,2026-09-29 02:33
GRID_005309,11.502893244804376,76.26808251814974,0.0023719494,LOW,19.756646728515648,0.8450000000000001,2026-09-29 02:33
GRID_005310,11.502893244804376,76.27808251814974,0.0024204575,LOW,19.756646728515648,0.8262,2026-09-29 02:33
GRID_005311,11.502893244804376,76.28808251814975,0.0022761656,LOW,19.756646728515648,0.8856,2026-09-29 02:33
GRID_005312,11.502893244804376,76.29808251814976,0.0023259772,LOW,19.756646728515648,0.8621000000000001,2026-09-29 02:33
GRID_005313,11.512893244804376,75.9880825181496,0.009389503,LOW,20.356652832031276,0.8412000000000001,2026-09-29 02:33
GRID_005314,11.512893244804376,75.9980825181496,0.00931896,LOW,20.356652832031276,0.8657,2026-09-29 02:33
GRID_005315,11.512893244804376,76.0080825181496,0.009304742,LOW,20.356652832031276,0.8709,2026-09-29 02:33
GRID_005316,11.512893244804376,76.03808251814962,0.009405327,LOW,20.356652832031276,0.8315,2026-09-29 02:33
GRID_005317,11.512893244804376,76.04808251814963,0.009397108,LOW,20.356652832031276,0.8327,2026-09-29 02:33
GRID_005318,11.512893244804376,76.07808251814964,0.009282301,LOW,20.356652832031276,0.8784000000000001,2026-09-29 02:33
GRID_005319,11.512893244804376,76.08808251814965,0.009375967,LOW,20.356652832031276,0.8401000000000001,2026-09-29 02:33
GRID_005320,11.512893244804376,76.09808251814965,0.12031204,LOW,20.356652832031276,0.7947000000000001,2026-09-29 02:33
GRID_005321,11.512893244804376,76.10808251814966,0.12676272,LOW,20.356652832031276,0.7836000000000001,2026-09-29 02:33
GRID_005322,11.512893244804376,76.11808251814966,0.009364866,LOW,20.356652832031276,0.8503000000000001,2026-09-29 02:33
GRID_005323,11.512893244804376,76.12808251814967,0.002343928,LOW,19.756646728515648,0.8518,2026-09-29 02:33
GRID_005324,11.512893244804376,76.13808251814967,0.002433498,LOW,19.756646728515648,0.8228000000000001,2026-09-29 02:33
GRID_005325,11.512893244804376,76.14808251814968,0.0023175874,LOW,19.756646728515648,0.8665,2026-09-29 02:33
GRID_005326,11.512893244804376,76.20808251814971,0.0022951756,LOW,19.756646728515648,0.8701000000000001,2026-09-29 02:33
GRID_005327,11.512893244804376,76.21808251814971,0.002294785,LOW,19.756646728515648,0.8766,2026-09-29 02:33
GRID_005328,11.512893244804376,76.22808251814972,0.0022953453,LOW,19.756646728515648,0.872,2026-09-29 02:33
GRID_005329,11.512893244804376,76.24808251814973,0.0023065563,LOW,19.756646728515648,0.859,2026-09-29 02:33
GRID_005330,11.512893244804376,76.25808251814973,0.00224582,LOW,19.756646728515648,0.9008,2026-09-29 02:33
GRID_005331,11.512893244804376,76.26808251814974,0.0024058465,LOW,19.756646728515648,0.8336,2026-09-29 02:33
GRID_005332,11.512893244804376,76.27808251814974,0.0024205248,LOW,19.756646728515648,0.8268000000000001,2026-09-29 02:33
GRID_005333,11.522893244804376,75.77808251814949,0.004241772,LOW,23.256646728515648,0.8295,2026-09-29 02:33
GRID_005334,11.522893244804376,75.7880825181495,0.0041932175,LOW,23.256646728515648,0.8523000000000001,2026-09-29 02:33
GRID_005335,11.522893244804376,75.85808251814953,0.0041201143,LOW,23.256646728515648,0.8769,2026-09-29 02:33
GRID_005336,11.522893244804376,75.9880825181496,0.009403786,LOW,20.356652832031276,0.8327,2026-09-29 02:33
GRID_005337,11.522893244804376,75.9980825181496,0.009329144,LOW,20.356652832031276,0.8530000000000001,2026-09-29 02:33
GRID_005338,11.522893244804376,76.0080825181496,0.009327767,LOW,20.356652832031276,0.8642000000000001,2026-09-29 02:33
GRID_005339,11.522893244804376,76.01808251814961,0.009434822,LOW,20.356652832031276,0.8219000000000001,2026-09-29 02:33
GRID_005340,11.522893244804376,76.03808251814962,0.009355691,LOW,20.356652832031276,0.8549,2026-09-29 02:33
GRID_005341,11.522893244804376,76.05808251814963,0.009380719,LOW,20.356652832031276,0.8393,2026-09-29 02:33
GRID_005342,11.522893244804376,76.06808251814964,0.009392398,LOW,20.356652832031276,0.8332,2026-09-29 02:33
GRID_005343,11.522893244804376,76.07808251814964,0.009333738,LOW,20.356652832031276,0.8599,2026-09-29 02:33
GRID_005344,11.522893244804376,76.08808251814965,0.009314787,LOW,20.356652832031276,0.8651000000000001,2026-09-29 02:33
GRID_005345,11.522893244804376,76.09808251814965,0.009382889,LOW,20.356652832031276,0.8359000000000001,2026-09-29 02:33
GRID_005346,11.522893244804376,76.10808251814966,0.42825085,MODERATE,20.356652832031276,0.7338,2026-09-29 02:33
GRID_005347,11.522893244804376,76.11808251814966,0.009347072,LOW,20.356652832031276,0.8576,2026-09-29 02:33
GRID_005348,11.522893244804376,76.12808251814967,0.0023777268,LOW,19.756646728515648,0.8367,2026-09-29 02:33
GRID_005349,11.522893244804376,76.13808251814967,0.0024621796,LOW,19.756646728515648,0.8140000000000001,2026-09-29 02:33
GRID_005350,11.522893244804376,76.14808251814968,0.0022795445,LOW,19.756646728515648,0.8806,2026-09-29 02:33
GRID_005351,11.522893244804376,76.16808251814969,0.0022877012,LOW,19.756646728515648,0.8635,2026-09-29 02:33
GRID_005352,11.522893244804376,76.1780825181497,0.0023171983,LOW,19.756646728515648,0.8531000000000001,2026-09-29 02:33
GRID_005353,11.522893244804376,76.1880825181497,0.0023222538,LOW,19.756646728515648,0.8573000000000001,2026-09-29 02:33
GRID_005354,11.522893244804376,76.1980825181497,0.0022428574,LOW,19.756646728515648,0.8866,2026-09-29 02:33
GRID_005355,11.522893244804376,76.20808251814971,0.002322264,LOW,19.756646728515648,0.8584,2026-09-29 02:33
GRID_005356,11.522893244804376,76.21808251814971,0.002292356,LOW,19.756646728515648,0.8644000000000001,2026-09-29 02:33
GRID_005357,11.522893244804376,76.25808251814973,0.12810749,LOW,19.756646728515648,0.7773,2026-09-29 02:33
GRID_005358,11.532893244804375,75.56808251814938,0.0028480696,LOW,26.156640625000023,0.825538478093774,2026-09-29 02:33
GRID_005359,11.532893244804375,75.57808251814939,0.0028480696,LOW,26.156640625000023,0.825538478093774,2026-09-29 02:33
GRID_005360,11.532893244804375,75.9880825181496,0.009342816,LOW,20.356652832031276,0.8504,2026-09-29 02:33
GRID_005361,11.532893244804375,76.0080825181496,0.009360133,LOW,20.356652832031276,0.8517,2026-09-29 02:33
GRID_005362,11.532893244804375,76.01808251814961,0.009414226,LOW,20.356652832031276,0.8281000000000001,2026-09-29 02:33
GRID_005363,11.532893244804375,76.02808251814962,0.009358795,LOW,20.356652832031276,0.8539,2026-09-29 02:33
GRID_005364,11.532893244804375,76.03808251814962,0.009380877,LOW,20.356652832031276,0.8450000000000001,2026-09-29 02:33
GRID_005365,11.532893244804375,76.04808251814963,0.009302224,LOW,20.356652832031276,0.8737,2026-09-29 02:33
GRID_005366,11.532893244804375,76.05808251814963,0.00929684,LOW,20.356652832031276,0.8754000000000001,2026-09-29 02:33
GRID_005367,11.532893244804375,76.06808251814964,0.009231696,LOW,20.356652832031276,0.9062,2026-09-29 02:33
GRID_005368,11.532893244804375,76.07808251814964,0.009261413,LOW,20.356652832031276,0.8899,2026-09-29 02:33
GRID_005369,11.532893244804375,76.08808251814965,0.009424595,LOW,20.356652832031276,0.8172,2026-09-29 02:33
GRID_005370,11.532893244804375,76.09808251814965,0.009409848,LOW,20.356652832031276,0.8276,2026-09-29 02:33
GRID_005371,11.532893244804375,76.10808251814966,0.009459322,LOW,20.356652832031276,0.8085,2026-09-29 02:33
GRID_005372,11.532893244804375,76.11808251814966,0.009271675,LOW,20.356652832031276,0.8939,2026-09-29 02:33
GRID_005373,11.532893244804375,76.12808251814967,0.035307925,LOW,19.756646728515648,0.7718,2026-09-29 02:33
GRID_005374,11.532893244804375,76.13808251814967,0.0024205765,LOW,19.756646728515648,0.8257,2026-09-29 02:33
GRID_005375,11.532893244804375,76.15808251814968,0.0023170786,LOW,19.756646728515648,0.8668,2026-09-29 02:33
GRID_005376,11.532893244804375,76.1880825181497,0.0025091507,LOW,19.756646728515648,0.8007000000000001,2026-09-29 02:33
GRID_005377,11.532893244804375,76.1980825181497,0.0023571707,LOW,19.756646728515648,0.8499,2026-09-29 02:33
GRID_005378,11.542893244804375,75.74808251814947,0.004189766,LOW,23.256646728515648,0.8530000000000001,2026-09-29 02:33
GRID_005379,11.542893244804375,75.75808251814948,0.004233313,LOW,23.256646728515648,0.8323,2026-09-29 02:33
GRID_005380,11.542893244804375,75.83808251814952,0.0042723957,LOW,23.256646728515648,0.8135,2026-09-29 02:33
GRID_005381,11.542893244804375,75.84808251814952,0.004256885,LOW,23.256646728515648,0.8225,2026-09-29 02:33
GRID_005382,11.542893244804375,75.9880825181496,0.009309717,LOW,20.356652832031276,0.8676,2026-09-29 02:33
GRID_005383,11.542893244804375,75.9980825181496,0.009316521,LOW,20.356652832031276,0.8653000000000001,2026-09-29 02:33
GRID_005384,11.542893244804375,76.0080825181496,0.009343277,LOW,20.356652832031276,0.8588,2026-09-29 02:33
GRID_005385,11.542893244804375,76.01808251814961,0.00936519,LOW,20.356652832031276,0.8505,2026-09-29 02:33
GRID_005386,11.542893244804375,76.02808251814962,0.1203441,LOW,20.356652832031276,0.7924,2026-09-29 02:33
GRID_005387,11.542893244804375,76.03808251814962,0.12035997,LOW,20.356652832031276,0.788,2026-09-29 02:33
GRID_005388,11.542893244804375,76.04808251814963,0.009450176,LOW,20.356652832031276,0.8174,2026-09-29 02:33
GRID_005389,11.542893244804375,76.05808251814963,0.009305568,LOW,20.356652832031276,0.8783000000000001,2026-09-29 02:33
GRID_005390,11.542893244804375,76.06808251814964,0.009279972,LOW,20.356652832031276,0.8885000000000001,2026-09-29 02:33
GRID_005391,11.542893244804375,76.07808251814964,0.009337464,LOW,20.356652832031276,0.8558,2026-09-29 02:33
GRID_005392,11.542893244804375,76.08808251814965,0.009369815,LOW,20.356652832031276,0.8383,2026-09-29 02:33
GRID_005393,11.542893244804375,76.09808251814965,0.1267463,LOW,20.356652832031276,0.7849,2026-09-29 02:33
GRID_005394,11.542893244804375,76.10808251814966,0.009333094,LOW,20.356652832031276,0.8633000000000001,2026-09-29 02:33
GRID_005395,11.542893244804375,76.11808251814966,0.00932814,LOW,20.356652832031276,0.8679,2026-09-29 02:33
GRID_005396,11.542893244804375,76.12808251814967,0.002379189,LOW,19.756646728515648,0.8403,2026-09-29 02:33
GRID_005397,11.542893244804375,76.13808251814967,0.002330099,LOW,19.756646728515648,0.8598,2026-09-29 02:33
GRID_005398,11.542893244804375,76.14808251814968,0.002310184,LOW,19.756646728515648,0.8691000000000001,2026-09-29 02:33
GRID_005399,11.542893244804375,76.15808251814968,0.00236003,LOW,19.756646728515648,0.8492000000000001,2026-09-29 02:33
GRID_005400,11.552893244804377,75.76808251814948,0.004222937,LOW,23.256646728515648,0.8362,2026-09-29 02:33
GRID_005401,11.552893244804377,75.7880825181495,0.0041915844,LOW,23.256646728515648,0.8521000000000001,2026-09-29 02:33
GRID_005402,11.552893244804377,75.7980825181495,0.0041856184,LOW,23.256646728515648,0.8550000000000001,2026-09-29 02:33
GRID_005403,11.552893244804377,75.84808251814952,0.004246733,LOW,23.256646728515648,0.8273,2026-09-29 02:33
GRID_005404,11.552893244804377,75.96808251814959,0.0093281325,LOW,20.356652832031276,0.8641000000000001,2026-09-29 02:33
GRID_005405,11.552893244804377,75.97808251814959,0.009473854,LOW,20.356652832031276,0.8031,2026-09-29 02:33
GRID_005406,11.552893244804377,75.9880825181496,0.009306041,LOW,20.356652832031276,0.8757,2026-09-29 02:33
GRID_005407,11.552893244804377,75.9980825181496,0.009327846,LOW,20.356652832031276,0.8655,2026-09-29 02:33
GRID_005408,11.552893244804377,76.0080825181496,0.0093265055,LOW,20.356652832031276,0.868,2026-09-29 02:33
GRID_005409,11.552893244804377,76.01808251814961,0.009369033,LOW,20.356652832031276,0.8509,2026-09-29 02:33
GRID_005410,11.552893244804377,76.02808251814962,0.009480827,LOW,20.356652832031276,0.8066,2026-09-29 02:33
GRID_005411,11.552893244804377,76.03808251814962,0.4571161,MODERATE,20.356652832031276,0.7249,2026-09-29 02:33
GRID_005412,11.552893244804377,76.04808251814963,0.009438637,LOW,20.356652832031276,0.8217,2026-09-29 02:33
GRID_005413,11.552893244804377,76.05808251814963,0.009351419,LOW,20.356652832031276,0.8564,2026-09-29 02:33
GRID_005414,11.552893244804377,76.08808251814965,0.00946595,LOW,20.356652832031276,0.8062,2026-09-29 02:33
GRID_005415,11.552893244804377,76.10808251814966,0.009373074,LOW,20.356652832031276,0.8429000000000001,2026-09-29 02:33
GRID_005416,11.552893244804377,76.11808251814966,0.009419015,LOW,20.356652832031276,0.8292,2026-09-29 02:33
GRID_005417,11.552893244804377,76.12808251814967,0.0023307747,LOW,19.756646728515648,0.8558,2026-09-29 02:33
GRID_005418,11.552893244804377,76.13808251814967,0.12810858,LOW,19.756646728515648,0.7776000000000001,2026-09-29 02:33
GRID_005419,11.552893244804377,76.15808251814968,0.12807815,LOW,19.756646728515648,0.7843,2026-09-29 02:33
GRID_005420,11.552893244804377,76.16808251814969,0.0023138323,LOW,19.756646728515648,0.8691000000000001,2026-09-29 02:33
GRID_005421,11.562893244804377,75.57808251814939,0.0028480696,LOW,26.156640625000023,0.825538478093774,2026-09-29 02:33
GRID_005422,11.562893244804377,75.82808251814951,0.0042305556,LOW,23.256646728515648,0.8344,2026-09-29 02:33
GRID_005423,11.562893244804377,75.83808251814952,0.0043110754,LOW,23.256646728515648,0.8009000000000001,2026-09-29 02:33
GRID_005424,11.562893244804377,75.94808251814958,0.009353535,LOW,20.356652832031276,0.8544,2026-09-29 02:33
GRID_005425,11.562893244804377,75.96808251814959,0.009421178,LOW,20.356652832031276,0.8212,2026-09-29 02:33
GRID_005426,11.562893244804377,75.97808251814959,0.009420199,LOW,20.356652832031276,0.8191,2026-09-29 02:33
GRID_005427,11.562893244804377,75.9880825181496,0.009336067,LOW,20.356652832031276,0.8594,2026-09-29 02:33
GRID_005428,11.562893244804377,75.9980825181496,0.009300329,LOW,20.356652832031276,0.8771,2026-09-29 02:33
GRID_005429,11.562893244804377,76.01808251814961,0.009351247,LOW,20.356652832031276,0.8586,2026-09-29 02:33
GRID_005430,11.562893244804377,76.02808251814962,0.009431991,LOW,20.356652832031276,0.8247,2026-09-29 02:33
GRID_005431,11.562893244804377,76.03808251814962,0.009381525,LOW,20.356652832031276,0.8439000000000001,2026-09-29 02:33
GRID_005432,11.562893244804377,76.04808251814963,0.009328285,LOW,20.356652832031276,0.8668,2026-09-29 02:33
GRID_005433,11.562893244804377,76.10808251814966,0.009318168,LOW,20.356652832031276,0.874,2026-09-29 02:33
GRID_005434,11.562893244804377,76.11808251814966,0.009401878,LOW,20.356652832031276,0.8345,2026-09-29 02:33
GRID_005435,11.562893244804377,76.12808251814967,0.0839227,LOW,19.756646728515648,0.763,2026-09-29 02:33
GRID_005436,11.562893244804377,76.13808251814967,0.0023038466,LOW,19.756646728515648,0.872,2026-09-29 02:33
GRID_005437,11.562893244804377,76.15808251814968,0.0023269462,LOW,19.756646728515648,0.8615,2026-09-29 02:33
GRID_005438,11.572893244804376,75.72808251814946,0.0042151897,LOW,23.256646728515648,0.8411000000000001,2026-09-29 02:33
GRID_005439,11.572893244804376,75.75808251814948,0.0041865064,LOW,23.256646728515648,0.8528,2026-09-29 02:33
GRID_005440,11.572893244804376,75.76808251814948,0.004216565,LOW,23.256646728515648,0.8398,2026-09-29 02:33
GRID_005441,11.572893244804376,75.82808251814951,0.04520289,LOW,23.256646728515648,0.7916000000000001,2026-09-29 02:33
GRID_005442,11.572893244804376,75.84808251814952,0.06616838,LOW,23.256646728515648,0.744,2026-09-29 02:33
GRID_005443,11.572893244804376,75.85808251814953,0.115269035,LOW,23.256646728515648,0.7631,2026-09-29 02:33
GRID_005444,11.572893244804376,75.86808251814954,0.004201959,LOW,23.256646728515648,0.8448,2026-09-29 02:33
GRID_005445,11.572893244804376,75.92808251814957,0.009356428,LOW,20.356652832031276,0.8534,2026-09-29 02:33
GRID_005446,11.572893244804376,75.95808251814958,0.009416964,LOW,20.356652832031276,0.8228000000000001,2026-09-29 02:33
GRID_005447,11.572893244804376,75.96808251814959,0.009430894,LOW,20.356652832031276,0.8211,2026-09-29 02:33
GRID_005448,11.572893244804376,75.97808251814959,0.009442135,LOW,20.356652832031276,0.8152,2026-09-29 02:33
GRID_005449,11.572893244804376,76.08808251814965,0.009486803,LOW,20.356652832031276,0.8031,2026-09-29 02:33
GRID_005450,11.572893244804376,76.09808251814965,0.009383113,LOW,20.356652832031276,0.8444,2026-09-29 02:33
GRID_005451,11.572893244804376,76.12808251814967,0.0054879724,LOW,19.756646728515648,0.7508,2026-09-29 02:33
GRID_005452,11.572893244804376,76.13808251814967,0.0023730646,LOW,19.756646728515648,0.8440000000000001,2026-09-29 02:33
GRID_005453,11.572893244804376,76.14808251814968,0.002316939,LOW,19.756646728515648,0.8674000000000001,2026-09-29 02:33
GRID_005454,11.572893244804376,76.15808251814968,0.0022744203,LOW,19.756646728515648,0.8848,2026-09-29 02:33
GRID_005455,11.582893244804374,75.76808251814948,0.0042688064,LOW,23.256646728515648,0.8175,2026-09-29 02:33
GRID_005456,11.582893244804374,75.7980825181495,0.004284985,LOW,23.256646728515648,0.8109000000000001,2026-09-29 02:33
GRID_005457,11.582893244804374,75.82808251814951,0.0042294115,LOW,23.256646728515648,0.8347,2026-09-29 02:33
GRID_005458,11.582893244804374,75.85808251814953,0.0042717326,LOW,23.256646728515648,0.8087000000000001,2026-09-29 02:33
GRID_005459,11.582893244804374,75.89808251814955,0.009302891,LOW,20.356652832031276,0.8688,2026-09-29 02:33
GRID_005460,11.582893244804374,75.96808251814959,0.009370438,LOW,20.356652832031276,0.8430000000000001,2026-09-29 02:33
GRID_005461,11.582893244804374,75.97808251814959,0.4282578,MODERATE,20.356652832031276,0.7321000000000001,2026-09-29 02:33
GRID_005462,11.582893244804374,75.9980825181496,0.009301833,LOW,20.356652832031276,0.8798,2026-09-29 02:33
GRID_005463,11.582893244804374,76.0080825181496,0.009345076,LOW,20.356652832031276,0.8589,2026-09-29 02:33
GRID_005464,11.582893244804374,76.01808251814961,0.009453553,LOW,20.356652832031276,0.8159000000000001,2026-09-29 02:33
GRID_005465,11.582893244804374,76.06808251814964,0.009490907,LOW,20.356652832031276,0.8029000000000001,2026-09-29 02:33
GRID_005466,11.582893244804374,76.13808251814967,0.0022895727,LOW,19.756646728515648,0.8767,2026-09-29 02:33
GRID_005467,11.582893244804374,76.14808251814968,0.0023149885,LOW,19.756646728515648,0.8673000000000001,2026-09-29 02:33
GRID_005468,11.582893244804374,76.15808251814968,0.0022922426,LOW,19.756646728515648,0.8767,2026-09-29 02:33
GRID_005469,11.592893244804374,75.54808251814937,0.0028480696,LOW,26.156640625000023,0.825538478093774,2026-09-29 02:33
GRID_005470,11.592893244804374,75.81808251814951,0.0042153136,LOW,23.256646728515648,0.8404,2026-09-29 02:33
GRID_005471,11.592893244804374,75.83808251814952,0.5051634,MODERATE,23.256646728515648,0.4902,2026-09-29 02:33
GRID_005472,11.592893244804374,75.85808251814953,0.004204587,LOW,23.256646728515648,0.8409000000000001,2026-09-29 02:33
GRID_005473,11.592893244804374,75.86808251814954,0.0041355947,LOW,23.256646728515648,0.8735,2026-09-29 02:33
GRID_005474,11.592893244804374,75.87808251814954,0.009312807,LOW,20.356652832031276,0.8655,2026-09-29 02:33
GRID_005475,11.592893244804374,75.88808251814955,0.009308125,LOW,20.356652832031276,0.8647,2026-09-29 02:33
GRID_005476,11.592893244804374,75.91808251814956,0.009341826,LOW,20.356652832031276,0.8626,2026-09-29 02:33
GRID_005477,11.592893244804374,75.92808251814957,0.009316281,LOW,20.356652832031276,0.8735,2026-09-29 02:33
GRID_005478,11.592893244804374,75.97808251814959,0.009338799,LOW,20.356652832031276,0.8611000000000001,2026-09-29 02:33
GRID_005479,11.592893244804374,75.9880825181496,0.009380614,LOW,20.356652832031276,0.8428,2026-09-29 02:33
GRID_005480,11.592893244804374,75.9980825181496,0.009396551,LOW,20.356652832031276,0.8379000000000001,2026-09-29 02:33
GRID_005481,11.592893244804374,76.01808251814961,0.009418772,LOW,20.356652832031276,0.8286,2026-09-29 02:33
GRID_005482,11.592893244804374,76.03808251814962,0.0093639605,LOW,20.356652832031276,0.8512000000000001,2026-09-29 02:33
GRID_005483,11.602893244804374,75.82808251814951,0.004222612,LOW,23.256646728515648,0.8370000000000001,2026-09-29 02:33
GRID_005484,11.602893244804374,75.83808251814952,0.0042421846,LOW,23.256646728515648,0.8282,2026-09-29 02:33
GRID_005485,11.602893244804374,75.84808251814952,0.004257419,LOW,23.256646728515648,0.8220000000000001,2026-09-29 02:33
GRID_005486,11.602893244804374,75.85808251814953,0.004183677,LOW,23.256646728515648,0.8512000000000001,2026-09-29 02:33
GRID_005487,11.602893244804374,75.86808251814954,0.0041493783,LOW,23.256646728515648,0.8595,2026-09-29 02:33
GRID_005488,11.602893244804374,75.87808251814954,0.009285858,LOW,20.356652832031276,0.8817,2026-09-29 02:33
GRID_005489,11.602893244804374,75.88808251814955,0.009354564,LOW,20.356652832031276,0.8509,2026-09-29 02:33
GRID_005490,11.602893244804374,75.90808251814956,0.009346779,LOW,20.356652832031276,0.8596,2026-09-29 02:33
GRID_005491,11.602893244804374,75.91808251814956,0.009320398,LOW,20.356652832031276,0.8706,2026-09-29 02:33
GRID_005492,11.602893244804374,75.97808251814959,0.42828664,MODERATE,20.356652832031276,0.7274,2026-09-29 02:33
GRID_005493,11.602893244804374,75.9880825181496,0.023228947,LOW,20.356652832031276,0.7412000000000001,2026-09-29 02:33
GRID_005494,11.602893244804374,75.9980825181496,0.009383734,LOW,20.356652832031276,0.8410000000000001,2026-09-29 02:33
GRID_005495,11.602893244804374,76.11808251814966,0.009437906,LOW,20.356652832031276,0.8167000000000001,2026-09-29 02:33
GRID_005496,11.612893244804374,75.7880825181495,0.0041937586,LOW,23.256646728515648,0.8511000000000001,2026-09-29 02:33
GRID_005497,11.612893244804374,75.7980825181495,0.004191319,LOW,23.256646728515648,0.8502000000000001,2026-09-29 02:33
GRID_005498,11.612893244804374,75.83808251814952,0.004172846,LOW,23.256646728515648,0.8611000000000001,2026-09-29 02:33
GRID_005499,11.612893244804374,75.84808251814952,0.00423099,LOW,23.256646728515648,0.8329000000000001,2026-09-29 02:33
GRID_005500,11.612893244804374,75.85808251814953,0.004191476,LOW,23.256646728515648,0.8458,2026-09-29 02:33
GRID_005501,11.612893244804374,75.86808251814954,0.0041196896,LOW,23.256646728515648,0.8759,2026-09-29 02:33
GRID_005502,11.612893244804374,75.87808251814954,0.009306329,LOW,20.356652832031276,0.8768,2026-09-29 02:33
GRID_005503,11.612893244804374,75.88808251814955,0.0093218805,LOW,20.356652832031276,0.8608,2026-09-29 02:33
GRID_005504,11.612893244804374,75.90808251814956,0.0093380725,LOW,20.356652832031276,0.8635,2026-09-29 02:33
GRID_005505,11.612893244804374,75.91808251814956,0.009507641,LOW,20.356652832031276,0.7973,2026-09-29 02:33
GRID_005506,11.612893244804374,75.92808251814957,0.009331747,LOW,20.356652832031276,0.8638,2026-09-29 02:33
GRID_005507,11.612893244804374,75.9880825181496,0.009475524,LOW,20.356652832031276,0.8041,2026-09-29 02:33
GRID_005508,11.612893244804374,75.9980825181496,0.0094060935,LOW,20.356652832031276,0.8317,2026-09-29 02:33
GRID_005509,11.622893244804374,75.77808251814949,0.0042633084,LOW,23.256646728515648,0.8197,2026-09-29 02:33
GRID_005510,11.622893244804374,75.8080825181495,0.0042550517,LOW,23.256646728515648,0.8224,2026-09-29 02:33
GRID_005511,11.622893244804374,75.82808251814951,0.004160314,LOW,23.256646728515648,0.866,2026-09-29 02:33
GRID_005512,11.622893244804374,75.83808251814952,0.004149888,LOW,23.256646728515648,0.8725,2026-09-29 02:33
GRID_005513,11.622893244804374,75.84808251814952,0.004169548,LOW,23.256646728515648,0.8621000000000001,2026-09-29 02:33
GRID_005514,11.622893244804374,75.85808251814953,0.0041301986,LOW,23.256646728515648,0.8743000000000001,2026-09-29 02:33
GRID_005515,11.622893244804374,75.86808251814954,0.0041193566,LOW,23.256646728515648,0.8714000000000001,2026-09-29 02:33
GRID_005516,11.622893244804374,75.87808251814954,0.009313383,LOW,20.356652832031276,0.8698,2026-09-29 02:33
GRID_005517,11.622893244804374,75.88808251814955,0.009347369,LOW,20.356652832031276,0.8592000000000001,2026-09-29 02:33
GRID_005518,11.622893244804374,75.9980825181496,0.009332687,LOW,20.356652832031276,0.8656,2026-09-29 02:33
GRID_005519,11.622893244804374,76.0080825181496,0.009356701,LOW,20.356652832031276,0.8570000000000001,2026-09-29 02:33
GRID_005520,11.622893244804374,76.01808251814961,0.49267936,MODERATE,20.356652832031276,0.7101000000000001,2026-09-29 02:33
GRID_005521,11.622893244804374,76.08808251814965,0.48984492,MODERATE,20.356652832031276,0.7030000000000001,2026-09-29 02:33
GRID_005522,11.622893244804374,76.09808251814965,0.00933952,LOW,20.356652832031276,0.8614,2026-09-29 02:33
GRID_005523,11.632893244804372,75.75808251814948,0.0042659002,LOW,23.256646728515648,0.8197,2026-09-29 02:33
GRID_005524,11.632893244804372,75.81808251814951,0.117476724,LOW,23.256646728515648,0.7834,2026-09-29 02:33
GRID_005525,11.632893244804372,75.82808251814951,0.0042158305,LOW,23.256646728515648,0.8409000000000001,2026-09-29 02:33
GRID_005526,11.632893244804372,75.83808251814952,0.004162067,LOW,23.256646728515648,0.8647,2026-09-29 02:33
GRID_005527,11.632893244804372,75.84808251814952,0.0041707037,LOW,23.256646728515648,0.8568,2026-09-29 02:33
GRID_005528,11.632893244804372,75.85808251814953,0.004128414,LOW,23.256646728515648,0.8797,2026-09-29 02:33
GRID_005529,11.632893244804372,75.86808251814954,0.004148489,LOW,23.256646728515648,0.8616,2026-09-29 02:33
GRID_005530,11.632893244804372,75.87808251814954,0.009355021,LOW,20.356652832031276,0.8516,2026-09-29 02:33
GRID_005531,11.632893244804372,75.88808251814955,0.009329487,LOW,20.356652832031276,0.8617,2026-09-29 02:33
GRID_005532,11.632893244804372,75.91808251814956,0.009462622,LOW,20.356652832031276,0.8093,2026-09-29 02:33
GRID_005533,11.632893244804372,75.92808251814957,0.42828858,MODERATE,20.356652832031276,0.7309,2026-09-29 02:33
GRID_005534,11.642893244804371,75.8080825181495,0.004223058,LOW,23.256646728515648,0.8373,2026-09-29 02:33
GRID_005535,11.642893244804371,75.81808251814951,0.004185518,LOW,23.256646728515648,0.8539,2026-09-29 02:33
GRID_005536,11.642893244804371,75.82808251814951,0.004232372,LOW,23.256646728515648,0.8329000000000001,2026-09-29 02:33
GRID_005537,11.642893244804371,75.83808251814952,0.004174526,LOW,23.256646728515648,0.8568,2026-09-29 02:33
GRID_005538,11.642893244804371,75.84808251814952,0.0041743373,LOW,23.256646728515648,0.8583000000000001,2026-09-29 02:33
GRID_005539,11.642893244804371,75.85808251814953,0.004277575,LOW,23.256646728515648,0.8103,2026-09-29 02:33
GRID_005540,11.642893244804371,75.86808251814954,0.0041122064,LOW,23.256646728515648,0.8818,2026-09-29 02:33
GRID_005541,11.642893244804371,75.87808251814954,0.009319304,LOW,20.356652832031276,0.8655,2026-09-29 02:33
GRID_005542,11.642893244804371,75.88808251814955,0.00927891,LOW,20.356652832031276,0.8822000000000001,2026-09-29 02:33
GRID_005543,11.642893244804371,75.91808251814956,0.009370044,LOW,20.356652832031276,0.8450000000000001,2026-09-29 02:33
GRID_005544,11.652893244804371,75.75808251814948,0.48837373,MODERATE,23.256646728515648,0.7053,2026-09-29 02:33
GRID_005545,11.652893244804371,75.76808251814948,0.0042792982,LOW,23.256646728515648,0.8135,2026-09-29 02:33
GRID_005546,11.652893244804371,75.7880825181495,0.0042419974,LOW,23.256646728515648,0.8289000000000001,2026-09-29 02:33
GRID_005547,11.652893244804371,75.7980825181495,0.004222835,LOW,23.256646728515648,0.8367,2026-09-29 02:33
GRID_005548,11.652893244804371,75.8080825181495,0.0041467124,LOW,23.256646728515648,0.8651000000000001,2026-09-29 02:33
GRID_005549,11.652893244804371,75.81808251814951,0.0041868538,LOW,23.256646728515648,0.8532000000000001,2026-09-29 02:33
GRID_005550,11.652893244804371,75.82808251814951,0.4815386,MODERATE,23.256646728515648,0.6875,2026-09-29 02:33
GRID_005551,11.652893244804371,75.83808251814952,0.0041815573,LOW,23.256646728515648,0.8546,2026-09-29 02:33
GRID_005552,11.652893244804371,75.85808251814953,0.004117636,LOW,23.256646728515648,0.8777,2026-09-29 02:33
GRID_005553,11.652893244804371,75.86808251814954,0.0041437806,LOW,23.256646728515648,0.8676,2026-09-29 02:33
GRID_005554,11.652893244804371,75.87808251814954,0.009290571,LOW,20.356652832031276,0.8815000000000001,2026-09-29 02:33
GRID_005555,11.652893244804371,75.88808251814955,0.009335703,LOW,20.356652832031276,0.8545,2026-09-29 02:33
GRID_005556,11.652893244804371,75.89808251814955,0.00929658,LOW,20.356652832031276,0.8755000000000001,2026-09-29 02:33
GRID_005557,11.652893244804371,75.90808251814956,0.0093329195,LOW,20.356652832031276,0.8588,2026-09-29 02:33
GRID_005558,11.652893244804371,76.28808251814975,0.030128868,LOW,19.756646728515648,0.7425,2026-09-29 02:33
GRID_005559,11.662893244804373,75.76808251814948,0.0042435713,LOW,23.256646728515648,0.8288000000000001,2026-09-29 02:33
GRID_005560,11.662893244804373,75.7980825181495,0.0042616082,LOW,23.256646728515648,0.8182,2026-09-29 02:33
GRID_005561,11.662893244804373,75.8080825181495,0.0041487776,LOW,23.256646728515648,0.8671000000000001,2026-09-29 02:33
GRID_005562,11.662893244804373,75.81808251814951,0.0042593908,LOW,23.256646728515648,0.8213,2026-09-29 02:33
GRID_005563,11.662893244804373,75.82808251814951,0.0042086984,LOW,23.256646728515648,0.8412000000000001,2026-09-29 02:33
GRID_005564,11.662893244804373,75.83808251814952,0.004157641,LOW,23.256646728515648,0.862,2026-09-29 02:33
GRID_005565,11.662893244804373,75.86808251814954,0.0041499166,LOW,23.256646728515648,0.8586,2026-09-29 02:33
GRID_005566,11.662893244804373,75.87808251814954,0.009331322,LOW,20.356652832031276,0.8623000000000001,2026-09-29 02:33
GRID_005567,11.662893244804373,75.88808251814955,0.009352712,LOW,20.356652832031276,0.8451000000000001,2026-09-29 02:33
GRID_005568,11.662893244804373,76.08808251814965,0.009412955,LOW,20.356652832031276,0.8316,2026-09-29 02:33
GRID_005569,11.662893244804373,76.26808251814974,0.35473925,LOW,19.756646728515648,0.7287,2026-09-29 02:33
GRID_005570,11.662893244804373,76.27808251814974,0.08391395,LOW,19.756646728515648,0.7647,2026-09-29 02:33
GRID_005571,11.662893244804373,76.28808251814975,0.00239732,LOW,19.756646728515648,0.8357,2026-09-29 02:33
GRID_005572,11.672893244804373,75.73808251814947,0.0042802095,LOW,23.256646728515648,0.8133,2026-09-29 02:33
GRID_005573,11.672893244804373,75.74808251814947,0.004287186,LOW,23.256646728515648,0.8105,2026-09-29 02:33
GRID_005574,11.672893244804373,75.75808251814948,0.0043085655,LOW,23.256646728515648,0.8012,2026-09-29 02:33
GRID_005575,11.672893244804373,75.7880825181495,0.004260513,LOW,23.256646728515648,0.8213,2026-09-29 02:33
GRID_005576,11.672893244804373,75.7980825181495,0.0041656327,LOW,23.256646728515648,0.8587,2026-09-29 02:33
GRID_005577,11.672893244804373,75.8080825181495,0.0041952166,LOW,23.256646728515648,0.8457,2026-09-29 02:33
GRID_005578,11.672893244804373,75.81808251814951,0.0042367172,LOW,23.256646728515648,0.8306,2026-09-29 02:33
GRID_005579,11.672893244804373,75.82808251814951,0.004139658,LOW,23.256646728515648,0.8633000000000001,2026-09-29 02:33
GRID_005580,11.672893244804373,75.85808251814953,0.004084995,LOW,23.256646728515648,0.8885000000000001,2026-09-29 02:33
GRID_005581,11.672893244804373,75.86808251814954,0.0041155163,LOW,23.256646728515648,0.8696,2026-09-29 02:33
GRID_005582,11.672893244804373,75.87808251814954,0.009280099,LOW,20.356652832031276,0.881,2026-09-29 02:33
GRID_005583,11.672893244804373,75.88808251814955,0.00947424,LOW,20.356652832031276,0.8039000000000001,2026-09-29 02:33
GRID_005584,11.672893244804373,75.89808251814955,0.009372665,LOW,20.356652832031276,0.8364,2026-09-29 02:33
GRID_005585,11.672893244804373,76.03808251814962,0.4916602,MODERATE,20.356652832031276,0.7241000000000001,2026-09-29 02:33
GRID_005586,11.672893244804373,76.04808251814963,0.009441344,LOW,20.356652832031276,0.8205,2026-09-29 02:33
GRID_005587,11.672893244804373,76.25808251814973,0.03531558,LOW,19.756646728515648,0.7722,2026-09-29 02:33
GRID_005588,11.672893244804373,76.26808251814974,0.35475075,LOW,19.756646728515648,0.7274,2026-09-29 02:33
GRID_005589,11.672893244804373,76.27808251814974,0.1281072,LOW,19.756646728515648,0.7779,2026-09-29 02:33
GRID_005590,11.672893244804373,76.29808251814976,0.010463009,LOW,19.756646728515648,0.7887000000000001,2026-09-29 02:33
GRID_005591,11.682893244804372,75.73808251814947,0.0042878543,LOW,23.256646728515648,0.8102,2026-09-29 02:33
GRID_005592,11.682893244804372,75.74808251814947,0.11750154,LOW,23.256646728515648,0.7752,2026-09-29 02:33
GRID_005593,11.682893244804372,75.75808251814948,0.004237725,LOW,23.256646728515648,0.8308000000000001,2026-09-29 02:33
GRID_005594,11.682893244804372,75.76808251814948,0.0042108074,LOW,23.256646728515648,0.8415,2026-09-29 02:33
GRID_005595,11.682893244804372,75.77808251814949,0.004247815,LOW,23.256646728515648,0.8255,2026-09-29 02:33
GRID_005596,11.682893244804372,75.7880825181495,0.045213524,LOW,23.256646728515648,0.7889,2026-09-29 02:33
GRID_005597,11.682893244804372,75.7980825181495,0.0042277044,LOW,23.256646728515648,0.8351000000000001,2026-09-29 02:33
GRID_005598,11.682893244804372,75.8080825181495,0.0041983025,LOW,23.256646728515648,0.8449000000000001,2026-09-29 02:33
GRID_005599,11.682893244804372,75.81808251814951,0.0041636415,LOW,23.256646728515648,0.8545,2026-09-29 02:33
GRID_005600,11.682893244804372,75.82808251814951,0.004175107,LOW,23.256646728515648,0.8507,2026-09-29 02:33
GRID_005601,11.682893244804372,75.85808251814953,0.0041118194,LOW,23.256646728515648,0.8748,2026-09-29 02:33
GRID_005602,11.682893244804372,75.86808251814954,0.0041372785,LOW,23.256646728515648,0.8703000000000001,2026-09-29 02:33
GRID_005603,11.682893244804372,75.87808251814954,0.009318889,LOW,20.356652832031276,0.8704000000000001,2026-09-29 02:33
GRID_005604,11.682893244804372,75.88808251814955,0.009330727,LOW,20.356652832031276,0.8596,2026-09-29 02:33
GRID_005605,11.682893244804372,75.89808251814955,0.009289371,LOW,20.356652832031276,0.8751,2026-09-29 02:33
GRID_005606,11.682893244804372,75.90808251814956,0.009290875,LOW,20.356652832031276,0.8799,2026-09-29 02:33
GRID_005607,11.682893244804372,76.02808251814962,0.49999997,MODERATE,20.356652832031276,0.6407,2026-09-29 02:33
GRID_005608,11.682893244804372,76.25808251814973,0.0024758168,LOW,19.756646728515648,0.811,2026-09-29 02:33
GRID_005609,11.682893244804372,76.26808251814974,0.49467725,MODERATE,19.756646728515648,0.7067,2026-09-29 02:33
GRID_005610,11.682893244804372,76.27808251814974,0.010446854,LOW,19.756646728515648,0.793,2026-09-29 02:33
GRID_005611,11.682893244804372,76.28808251814975,0.0024567905,LOW,19.756646728515648,0.8150000000000001,2026-09-29 02:33
GRID_005612,11.682893244804372,76.29808251814976,0.0024012856,LOW,19.756646728515648,0.8352,2026-09-29 02:33
GRID_005613,11.692893244804372,75.70808251814945,0.11750288,LOW,23.256646728515648,0.7746000000000001,2026-09-29 02:33
GRID_005614,11.692893244804372,75.71808251814946,0.0042109415,LOW,23.256646728515648,0.8429000000000001,2026-09-29 02:33
GRID_005615,11.692893244804372,75.72808251814946,0.0042635947,LOW,23.256646728515648,0.8187000000000001,2026-09-29 02:33
GRID_005616,11.692893244804372,75.74808251814947,0.0042450344,LOW,23.256646728515648,0.8261000000000001,2026-09-29 02:33
GRID_005617,11.692893244804372,75.75808251814948,0.0041307914,LOW,23.256646728515648,0.8777,2026-09-29 02:33
GRID_005618,11.692893244804372,75.77808251814949,0.004177806,LOW,23.256646728515648,0.8549,2026-09-29 02:33
GRID_005619,11.692893244804372,75.7880825181495,0.004112878,LOW,23.256646728515648,0.883,2026-09-29 02:33
GRID_005620,11.692893244804372,75.7980825181495,0.0042660506,LOW,23.256646728515648,0.8178000000000001,2026-09-29 02:33
GRID_005621,11.692893244804372,75.8080825181495,0.0041713947,LOW,23.256646728515648,0.8574,2026-09-29 02:33
GRID_005622,11.692893244804372,75.81808251814951,0.004164673,LOW,23.256646728515648,0.8588,2026-09-29 02:33
GRID_005623,11.692893244804372,75.82808251814951,0.00413502,LOW,23.256646728515648,0.8711000000000001,2026-09-29 02:33
GRID_005624,11.692893244804372,75.85808251814953,0.0040844497,LOW,23.256646728515648,0.8904000000000001,2026-09-29 02:33
GRID_005625,11.692893244804372,75.86808251814954,0.004119466,LOW,23.256646728515648,0.8697,2026-09-29 02:33
GRID_005626,11.692893244804372,75.87808251814954,0.009343752,LOW,20.356652832031276,0.8531000000000001,2026-09-29 02:33
GRID_005627,11.692893244804372,75.88808251814955,0.009401735,LOW,20.356652832031276,0.8254,2026-09-29 02:33
GRID_005628,11.692893244804372,75.89808251814955,0.00929502,LOW,20.356652832031276,0.8709,2026-09-29 02:33
GRID_005629,11.692893244804372,75.90808251814956,0.009419579,LOW,20.356652832031276,0.8191,2026-09-29 02:33
GRID_005630,11.692893244804372,76.26808251814974,0.0025040023,LOW,19.756646728515648,0.8014,2026-09-29 02:33
GRID_005631,11.692893244804372,76.27808251814974,0.0023806526,LOW,19.756646728515648,0.8408,2026-09-29 02:33
GRID_005632,11.692893244804372,76.28808251814975,0.0023142574,LOW,19.756646728515648,0.8677,2026-09-29 02:33
GRID_005633,11.692893244804372,76.29808251814976,0.0023222682,LOW,19.756646728515648,0.8643000000000001,2026-09-29 02:33
GRID_005634,11.692893244804372,76.30808251814976,0.0023300028,LOW,19.756646728515648,0.8627,2026-09-29 02:33
GRID_005635,11.692893244804372,76.31808251814977,0.002358801,LOW,19.756646728515648,0.8500000000000001,2026-09-29 02:33
GRID_005636,11.692893244804372,76.32808251814977,0.0024740426,LOW,19.756646728515648,0.811,2026-09-29 02:33
GRID_005637,11.692893244804372,76.33808251814978,0.0023642299,LOW,19.756646728515648,0.8479,2026-09-29 02:33
GRID_005638,11.702893244804372,75.71808251814946,0.017548295,LOW,21.656640625000023,0.8336,2026-09-29 02:33
GRID_005639,11.702893244804372,75.7980825181495,0.017459037,LOW,21.656640625000023,0.8709,2026-09-29 02:33
GRID_005640,11.702893244804372,75.8080825181495,0.017395345,LOW,21.656640625000023,0.8926000000000001,2026-09-29 02:33
GRID_005641,11.702893244804372,75.81808251814951,0.017452978,LOW,21.656640625000023,0.8678,2026-09-29 02:33
GRID_005642,11.702893244804372,75.82808251814951,0.017485362,LOW,21.656640625000023,0.8548,2026-09-29 02:33
GRID_005643,11.702893244804372,75.84808251814952,0.017460836,LOW,21.656640625000023,0.8547,2026-09-29 02:33
GRID_005644,11.702893244804372,75.86808251814954,0.017467368,LOW,21.656640625000023,0.8509,2026-09-29 02:33
GRID_005645,11.702893244804372,75.87808251814954,0.001695555,LOW,18.456658935546898,0.8899,2026-09-29 02:33
GRID_005646,11.702893244804372,75.88808251814955,0.0017932463,LOW,18.456658935546898,0.8539,2026-09-29 02:33
GRID_005647,11.702893244804372,76.14808251814968,0.001987413,LOW,18.0566345214844,0.8192,2026-09-29 02:33
GRID_005648,11.702893244804372,76.27808251814974,0.0018914763,LOW,18.0566345214844,0.8472000000000001,2026-09-29 02:33
GRID_005649,11.702893244804372,76.28808251814975,0.0018704192,LOW,18.0566345214844,0.8545,2026-09-29 02:33
GRID_005650,11.702893244804372,76.29808251814976,0.0018663827,LOW,18.0566345214844,0.8558,2026-09-29 02:33
GRID_005651,11.702893244804372,76.30808251814976,0.0018336172,LOW,18.0566345214844,0.8675,2026-09-29 02:33
GRID_005652,11.702893244804372,76.31808251814977,0.0018454111,LOW,18.0566345214844,0.864,2026-09-29 02:33
GRID_005653,11.702893244804372,76.32808251814977,0.0018811997,LOW,18.0566345214844,0.8507,2026-09-29 02:33
GRID_005654,11.702893244804372,76.33808251814978,0.001942323,LOW,18.0566345214844,0.8309000000000001,2026-09-29 02:33
GRID_005655,11.702893244804372,76.34808251814978,0.0018426139,LOW,18.0566345214844,0.8642000000000001,2026-09-29 02:33
GRID_005656,11.702893244804372,76.35808251814979,0.0019245333,LOW,18.0566345214844,0.8364,2026-09-29 02:33
GRID_005657,11.712893244804372,75.76808251814948,0.01743857,LOW,21.656640625000023,0.8721,2026-09-29 02:33
GRID_005658,11.712893244804372,75.7980825181495,0.017447267,LOW,21.656640625000023,0.8714000000000001,2026-09-29 02:33
GRID_005659,11.712893244804372,75.8080825181495,0.01740133,LOW,21.656640625000023,0.8924000000000001,2026-09-29 02:33
GRID_005660,11.712893244804372,75.81808251814951,0.017408948,LOW,21.656640625000023,0.8841,2026-09-29 02:33
GRID_005661,11.712893244804372,75.9980825181496,0.0020265575,LOW,18.456658935546898,0.8032,2026-09-29 02:33
GRID_005662,11.712893244804372,76.0080825181496,0.005628225,LOW,18.456658935546898,0.7897000000000001,2026-09-29 02:33
GRID_005663,11.712893244804372,76.26808251814974,0.0018556647,LOW,18.0566345214844,0.8587,2026-09-29 02:33
GRID_005664,11.712893244804372,76.27808251814974,0.001866172,LOW,18.0566345214844,0.8549,2026-09-29 02:33
GRID_005665,11.712893244804372,76.28808251814975,0.0019108448,LOW,18.0566345214844,0.8408,2026-09-29 02:33
GRID_005666,11.712893244804372,76.30808251814976,0.0018950222,LOW,18.0566345214844,0.8469,2026-09-29 02:33
GRID_005667,11.712893244804372,76.31808251814977,0.0019187701,LOW,18.0566345214844,0.8380000000000001,2026-09-29 02:33
GRID_005668,11.712893244804372,76.32808251814977,0.0018795907,LOW,18.0566345214844,0.8513000000000001,2026-09-29 02:33
GRID_005669,11.712893244804372,76.33808251814978,0.0019033116,LOW,18.0566345214844,0.8435,2026-09-29 02:33
GRID_005670,11.712893244804372,76.34808251814978,0.0019098897,LOW,18.0566345214844,0.8418,2026-09-29 02:33
GRID_005671,11.722893244804371,75.70808251814945,0.19732621,LOW,21.656640625000023,0.7933,2026-09-29 02:33
GRID_005672,11.722893244804371,75.72808251814946,0.01748449,LOW,21.656640625000023,0.8597,2026-09-29 02:33
GRID_005673,11.722893244804371,75.7980825181495,0.017469993,LOW,21.656640625000023,0.86,2026-09-29 02:33
GRID_005674,11.722893244804371,75.8080825181495,0.017468741,LOW,21.656640625000023,0.8618,2026-09-29 02:33
GRID_005675,11.722893244804371,75.81808251814951,0.017484125,LOW,21.656640625000023,0.8524,2026-09-29 02:33
GRID_005676,11.722893244804371,75.85808251814953,0.017462675,LOW,21.656640625000023,0.864,2026-09-29 02:33
GRID_005677,11.722893244804371,75.9980825181496,0.0019578387,LOW,18.456658935546898,0.8186,2026-09-29 02:33
GRID_005678,11.722893244804371,76.27808251814974,0.0020119573,LOW,18.0566345214844,0.812,2026-09-29 02:33
GRID_005679,11.722893244804371,76.30808251814976,0.0018985835,LOW,18.0566345214844,0.8446,2026-09-29 02:33
GRID_005680,11.722893244804371,76.31808251814977,0.0018974954,LOW,18.0566345214844,0.8458,2026-09-29 02:33
GRID_005681,11.722893244804371,76.32808251814977,0.0019252432,LOW,18.0566345214844,0.8365,2026-09-29 02:33
GRID_005682,11.722893244804371,76.33808251814978,0.0018764286,LOW,18.0566345214844,0.8529,2026-09-29 02:33
GRID_005683,11.732893244804371,75.7980825181495,0.017474366,LOW,21.656640625000023,0.8538,2026-09-29 02:33
GRID_005684,11.732893244804371,75.8080825181495,0.017446952,LOW,21.656640625000023,0.8692000000000001,2026-09-29 02:33
GRID_005685,11.732893244804371,75.81808251814951,0.017449701,LOW,21.656640625000023,0.8642000000000001,2026-09-29 02:33
GRID_005686,11.732893244804371,75.82808251814951,0.017473767,LOW,21.656640625000023,0.8559,2026-09-29 02:33
GRID_005687,11.732893244804371,75.83808251814952,0.017488081,LOW,21.656640625000023,0.8561000000000001,2026-09-29 02:33
GRID_005688,11.732893244804371,75.86808251814954,0.017453138,LOW,21.656640625000023,0.8686,2026-09-29 02:33
GRID_005689,11.732893244804371,75.88808251814955,0.0017101147,LOW,18.456658935546898,0.8989,2026-09-29 02:33
GRID_005690,11.732893244804371,76.30808251814976,0.0018362732,LOW,18.0566345214844,0.8664000000000001,2026-09-29 02:33
GRID_005691,11.732893244804371,76.31808251814977,0.001859792,LOW,18.0566345214844,0.8572000000000001,2026-09-29 02:33
GRID_005692,11.732893244804371,76.32808251814977,0.0019297653,LOW,18.0566345214844,0.8345,2026-09-29 02:33
GRID_005693,11.742893244804373,75.73808251814947,0.0174281,LOW,21.656640625000023,0.8763000000000001,2026-09-29 02:33
GRID_005694,11.742893244804373,75.74808251814947,0.017396439,LOW,21.656640625000023,0.894,2026-09-29 02:33
GRID_005695,11.742893244804373,75.76808251814948,0.01739912,LOW,21.656640625000023,0.8885000000000001,2026-09-29 02:33
GRID_005696,11.742893244804373,75.77808251814949,0.017355036,LOW,21.656640625000023,0.9096,2026-09-29 02:33
GRID_005697,11.742893244804373,75.7880825181495,0.017452512,LOW,21.656640625000023,0.8699,2026-09-29 02:33
GRID_005698,11.742893244804373,75.7980825181495,0.01748974,LOW,21.656640625000023,0.8471000000000001,2026-09-29 02:33
GRID_005699,11.742893244804373,75.8080825181495,0.017366415,LOW,21.656640625000023,0.9027,2026-09-29 02:33
GRID_005700,11.742893244804373,75.81808251814951,0.017444836,LOW,21.656640625000023,0.8761,2026-09-29 02:33
GRID_005701,11.742893244804373,76.15808251814968,0.0018242056,LOW,18.0566345214844,0.871,2026-09-29 02:33
GRID_005702,11.742893244804373,76.16808251814969,0.0018635641,LOW,18.0566345214844,0.8559,2026-09-29 02:33
GRID_005703,11.742893244804373,76.28808251814975,0.0019374645,LOW,18.0566345214844,0.8318000000000001,2026-09-29 02:33
GRID_005704,11.742893244804373,76.30808251814976,0.0018521897,LOW,18.0566345214844,0.8594,2026-09-29 02:33
GRID_005705,11.742893244804373,76.31808251814977,0.0018741067,LOW,18.0566345214844,0.8517,2026-09-29 02:33
GRID_005706,11.75289324480437,75.67808251814944,0.01746134,LOW,21.656640625000023,0.8701000000000001,2026-09-29 02:33
GRID_005707,11.75289324480437,75.68808251814944,0.017493265,LOW,21.656640625000023,0.8564,2026-09-29 02:33
GRID_005708,11.75289324480437,75.69808251814945,0.01742112,LOW,21.656640625000023,0.8902,2026-09-29 02:33
GRID_005709,11.75289324480437,75.72808251814946,0.017491305,LOW,21.656640625000023,0.8567,2026-09-29 02:33
GRID_005710,11.75289324480437,75.73808251814947,0.01747046,LOW,21.656640625000023,0.8669,2026-09-29 02:33
GRID_005711,11.75289324480437,75.75808251814948,0.01743243,LOW,21.656640625000023,0.8752000000000001,2026-09-29 02:33
GRID_005712,11.75289324480437,75.76808251814948,0.017453583,LOW,21.656640625000023,0.8697,2026-09-29 02:33
GRID_005713,11.75289324480437,75.77808251814949,0.017383493,LOW,21.656640625000023,0.8999,2026-09-29 02:33
GRID_005714,11.75289324480437,75.7880825181495,0.017394993,LOW,21.656640625000023,0.8982,2026-09-29 02:33
GRID_005715,11.75289324480437,75.8080825181495,0.01744455,LOW,21.656640625000023,0.8739,2026-09-29 02:33
GRID_005716,11.75289324480437,75.81808251814951,0.0174734,LOW,21.656640625000023,0.8629,2026-09-29 02:33
GRID_005717,11.75289324480437,75.82808251814951,0.017481485,LOW,21.656640625000023,0.8595,2026-09-29 02:33
GRID_005718,11.75289324480437,76.15808251814968,0.0018095772,LOW,18.0566345214844,0.8751,2026-09-29 02:33
GRID_005719,11.75289324480437,76.16808251814969,0.0018016547,LOW,18.0566345214844,0.8804000000000001,2026-09-29 02:33
GRID_005720,11.75289324480437,76.27808251814974,0.0018030589,LOW,18.0566345214844,0.875,2026-09-29 02:33
GRID_005721,11.75289324480437,76.28808251814975,0.0018371211,LOW,18.0566345214844,0.8658,2026-09-29 02:33
GRID_005722,11.75289324480437,76.29808251814976,0.0018807966,LOW,18.0566345214844,0.8503000000000001,2026-09-29 02:33
GRID_005723,11.75289324480437,76.30808251814976,0.0018951437,LOW,18.0566345214844,0.8458,2026-09-29 02:33
GRID_005724,11.76289324480437,75.67808251814944,0.017504891,LOW,21.656640625000023,0.8532000000000001,2026-09-29 02:33
GRID_005725,11.76289324480437,75.68808251814944,0.017479789,LOW,21.656640625000023,0.8631000000000001,2026-09-29 02:33
GRID_005726,11.76289324480437,75.70808251814945,0.017487925,LOW,21.656640625000023,0.8598,2026-09-29 02:33
GRID_005727,11.76289324480437,75.71808251814946,0.017436165,LOW,21.656640625000023,0.8837,2026-09-29 02:33
GRID_005728,11.76289324480437,75.75808251814948,0.017475577,LOW,21.656640625000023,0.8621000000000001,2026-09-29 02:33
GRID_005729,11.76289324480437,75.76808251814948,0.017462792,LOW,21.656640625000023,0.8707,2026-09-29 02:33
GRID_005730,11.76289324480437,75.77808251814949,0.01744833,LOW,21.656640625000023,0.8765000000000001,2026-09-29 02:33
GRID_005731,11.76289324480437,75.7880825181495,0.017420894,LOW,21.656640625000023,0.8907,2026-09-29 02:33
GRID_005732,11.76289324480437,75.7980825181495,0.01742435,LOW,21.656640625000023,0.8824000000000001,2026-09-29 02:33
GRID_005733,11.76289324480437,75.8080825181495,0.017428724,LOW,21.656640625000023,0.8807,2026-09-29 02:33
GRID_005734,11.76289324480437,75.81808251814951,0.017437685,LOW,21.656640625000023,0.8787,2026-09-29 02:33
GRID_005735,11.76289324480437,75.82808251814951,0.017456744,LOW,21.656640625000023,0.8721,2026-09-29 02:33
GRID_005736,11.76289324480437,75.86808251814954,0.19732936,LOW,21.656640625000023,0.7887000000000001,2026-09-29 02:33
GRID_005737,11.76289324480437,76.15808251814968,0.0018430488,LOW,18.0566345214844,0.8642000000000001,2026-09-29 02:33
GRID_005738,11.76289324480437,76.16808251814969,0.0018839383,LOW,18.0566345214844,0.8502000000000001,2026-09-29 02:33
GRID_005739,11.76289324480437,76.28808251814975,0.0018172376,LOW,18.0566345214844,0.8711000000000001,2026-09-29 02:33
GRID_005740,11.76289324480437,76.29808251814976,0.0018260314,LOW,18.0566345214844,0.8666,2026-09-29 02:33
GRID_005741,11.77289324480437,75.67808251814944,0.017445663,LOW,21.656640625000023,0.879,2026-09-29 02:33
GRID_005742,11.77289324480437,75.69808251814945,0.017466988,LOW,21.656640625000023,0.8656,2026-09-29 02:33
GRID_005743,11.77289324480437,75.72808251814946,0.017450813,LOW,21.656640625000023,0.8739,2026-09-29 02:33
GRID_005744,11.77289324480437,75.76808251814948,0.017449602,LOW,21.656640625000023,0.8768,2026-09-29 02:33
GRID_005745,11.77289324480437,75.77808251814949,0.017500272,LOW,21.656640625000023,0.8429000000000001,2026-09-29 02:33
GRID_005746,11.77289324480437,75.7880825181495,0.017453972,LOW,21.656640625000023,0.8686,2026-09-29 02:33
GRID_005747,11.77289324480437,75.7980825181495,0.017416928,LOW,21.656640625000023,0.8825000000000001,2026-09-29 02:33
GRID_005748,11.77289324480437,75.8080825181495,0.017430767,LOW,21.656640625000023,0.8816,2026-09-29 02:33
GRID_005749,11.77289324480437,75.81808251814951,0.017462008,LOW,21.656640625000023,0.8644000000000001,2026-09-29 02:33
GRID_005750,11.77289324480437,75.82808251814951,0.017491084,LOW,21.656640625000023,0.8473,2026-09-29 02:33
GRID_005751,11.77289324480437,75.84808251814952,0.01763157,LOW,21.656640625000023,0.7969,2026-09-29 02:33
GRID_005752,11.77289324480437,76.14808251814968,0.0019858847,LOW,18.0566345214844,0.8191,2026-09-29 02:33
GRID_005753,11.77289324480437,76.15808251814968,0.0019033989,LOW,18.0566345214844,0.8429000000000001,2026-09-29 02:33
GRID_005754,11.77289324480437,76.16808251814969,0.0018610717,LOW,18.0566345214844,0.8581000000000001,2026-09-29 02:33
GRID_005755,11.77289324480437,76.1780825181497,0.0017990927,LOW,18.0566345214844,0.8813000000000001,2026-09-29 02:33
GRID_005756,11.77289324480437,76.23808251814972,0.0018749324,LOW,18.0566345214844,0.8523000000000001,2026-09-29 02:33
GRID_005757,11.77289324480437,76.24808251814973,0.0018623256,LOW,18.0566345214844,0.8557,2026-09-29 02:33
GRID_005758,11.77289324480437,76.26808251814974,0.001848708,LOW,18.0566345214844,0.8624,2026-09-29 02:33
GRID_005759,11.77289324480437,76.27808251814974,0.0018829157,LOW,18.0566345214844,0.8488,2026-09-29 02:33
GRID_005760,11.77289324480437,76.28808251814975,0.0019075292,LOW,18.0566345214844,0.8416,2026-09-29 02:33
GRID_005761,11.77289324480437,76.29808251814976,0.0018574258,LOW,18.0566345214844,0.8586,2026-09-29 02:33
GRID_005762,11.77289324480437,76.30808251814976,0.001852626,LOW,18.0566345214844,0.8603000000000001,2026-09-29 02:33
GRID_005763,11.77289324480437,76.31808251814977,0.0018428559,LOW,18.0566345214844,0.864,2026-09-29 02:33
GRID_005764,11.77289324480437,76.32808251814977,0.0018970654,LOW,18.0566345214844,0.8455,2026-09-29 02:33
GRID_005765,11.78289324480437,75.65808251814943,0.017480895,LOW,21.656640625000023,0.8642000000000001,2026-09-29 02:33
GRID_005766,11.78289324480437,75.66808251814943,0.01742731,LOW,21.656640625000023,0.8864000000000001,2026-09-29 02:33
GRID_005767,11.78289324480437,75.67808251814944,0.017420363,LOW,21.656640625000023,0.8885000000000001,2026-09-29 02:33
GRID_005768,11.78289324480437,75.72808251814946,0.017490966,LOW,21.656640625000023,0.8520000000000001,2026-09-29 02:33
GRID_005769,11.78289324480437,75.73808251814947,0.017447604,LOW,21.656640625000023,0.8758,2026-09-29 02:33
GRID_005770,11.78289324480437,75.74808251814947,0.017453004,LOW,21.656640625000023,0.8658,2026-09-29 02:33
GRID_005771,11.78289324480437,75.75808251814948,0.017458059,LOW,21.656640625000023,0.8715,2026-09-29 02:33
GRID_005772,11.78289324480437,75.76808251814948,0.017422894,LOW,21.656640625000023,0.8809,2026-09-29 02:33
GRID_005773,11.78289324480437,75.77808251814949,0.01743197,LOW,21.656640625000023,0.8729,2026-09-29 02:33
GRID_005774,11.78289324480437,75.7880825181495,0.017464569,LOW,21.656640625000023,0.8634000000000001,2026-09-29 02:33
GRID_005775,11.78289324480437,75.7980825181495,0.017422846,LOW,21.656640625000023,0.8851,2026-09-29 02:33
GRID_005776,11.78289324480437,75.8080825181495,0.017413236,LOW,21.656640625000023,0.8947,2026-09-29 02:33
GRID_005777,11.78289324480437,75.81808251814951,0.017471043,LOW,21.656640625000023,0.8592000000000001,2026-09-29 02:33
GRID_005778,11.78289324480437,76.15808251814968,0.0018531821,LOW,18.0566345214844,0.8596,2026-09-29 02:33
GRID_005779,11.78289324480437,76.16808251814969,0.0020357298,LOW,18.0566345214844,0.8059000000000001,2026-09-29 02:33
GRID_005780,11.78289324480437,76.24808251814973,0.0018474864,LOW,18.0566345214844,0.8627,2026-09-29 02:33
GRID_005781,11.78289324480437,76.25808251814973,0.00181332,LOW,18.0566345214844,0.8744000000000001,2026-09-29 02:33
GRID_005782,11.78289324480437,76.26808251814974,0.0019275391,LOW,18.0566345214844,0.8351000000000001,2026-09-29 02:33
GRID_005783,11.78289324480437,76.27808251814974,0.001839172,LOW,18.0566345214844,0.8659,2026-09-29 02:33
GRID_005784,11.78289324480437,76.28808251814975,0.0017869122,LOW,18.0566345214844,0.8867,2026-09-29 02:33
GRID_005785,11.78289324480437,76.29808251814976,0.0018316681,LOW,18.0566345214844,0.8676,2026-09-29 02:33
GRID_005786,11.78289324480437,76.30808251814976,0.0018262507,LOW,18.0566345214844,0.8691000000000001,2026-09-29 02:33
GRID_005787,11.78289324480437,76.31808251814977,0.0018992723,LOW,18.0566345214844,0.8437,2026-09-29 02:33
GRID_005788,11.78289324480437,76.32808251814977,0.0018329988,LOW,18.0566345214844,0.8677,2026-09-29 02:33
GRID_005789,11.78289324480437,76.33808251814978,0.0018658149,LOW,18.0566345214844,0.8565,2026-09-29 02:33
GRID_005790,11.79289324480437,75.65808251814943,0.017487036,LOW,21.656640625000023,0.8531000000000001,2026-09-29 02:33
GRID_005791,11.79289324480437,75.66808251814943,0.017422618,LOW,21.656640625000023,0.88,2026-09-29 02:33
GRID_005792,11.79289324480437,75.68808251814944,0.017399013,LOW,21.656640625000023,0.8929,2026-09-29 02:33
GRID_005793,11.79289324480437,75.69808251814945,0.017436482,LOW,21.656640625000023,0.8796,2026-09-29 02:33
GRID_005794,11.79289324480437,75.70808251814945,0.01741191,LOW,21.656640625000023,0.8867,2026-09-29 02:33
GRID_005795,11.79289324480437,75.71808251814946,0.017490227,LOW,21.656640625000023,0.8431000000000001,2026-09-29 02:33
GRID_005796,11.79289324480437,75.74808251814947,0.01743863,LOW,21.656640625000023,0.8733000000000001,2026-09-29 02:33
GRID_005797,11.79289324480437,75.75808251814948,0.017428666,LOW,21.656640625000023,0.881,2026-09-29 02:33
GRID_005798,11.79289324480437,75.76808251814948,0.017409164,LOW,21.656640625000023,0.8913000000000001,2026-09-29 02:33
GRID_005799,11.79289324480437,75.77808251814949,0.017416395,LOW,21.656640625000023,0.8773000000000001,2026-09-29 02:33
GRID_005800,11.79289324480437,75.7880825181495,0.017417634,LOW,21.656640625000023,0.8839,2026-09-29 02:33
GRID_005801,11.79289324480437,75.7980825181495,0.017485922,LOW,21.656640625000023,0.8507,2026-09-29 02:33
GRID_005802,11.79289324480437,75.8080825181495,0.01751023,LOW,21.656640625000023,0.8409000000000001,2026-09-29 02:33
GRID_005803,11.79289324480437,75.81808251814951,0.017451199,LOW,21.656640625000023,0.8701000000000001,2026-09-29 02:33
GRID_005804,11.79289324480437,75.82808251814951,0.017512174,LOW,21.656640625000023,0.8440000000000001,2026-09-29 02:33
GRID_005805,11.79289324480437,75.83808251814952,0.017476633,LOW,21.656640625000023,0.8618,2026-09-29 02:33
GRID_005806,11.79289324480437,76.10808251814966,0.0017642749,LOW,18.456658935546898,0.879,2026-09-29 02:33
GRID_005807,11.79289324480437,76.13808251814967,0.0019238142,LOW,18.0566345214844,0.8374,2026-09-29 02:33
GRID_005808,11.79289324480437,76.14808251814968,0.0018456776,LOW,18.0566345214844,0.8634000000000001,2026-09-29 02:33
GRID_005809,11.79289324480437,76.1880825181497,0.0018273501,LOW,18.0566345214844,0.8698,2026-09-29 02:33
GRID_005810,11.79289324480437,76.23808251814972,0.0018336569,LOW,18.0566345214844,0.8683000000000001,2026-09-29 02:33
GRID_005811,11.79289324480437,76.24808251814973,0.0018527025,LOW,18.0566345214844,0.8602000000000001,2026-09-29 02:33
GRID_005812,11.79289324480437,76.25808251814973,0.0017840238,LOW,18.0566345214844,0.8811,2026-09-29 02:33
GRID_005813,11.79289324480437,76.26808251814974,0.0018082311,LOW,18.0566345214844,0.8776,2026-09-29 02:33
GRID_005814,11.79289324480437,76.27808251814974,0.0017775205,LOW,18.0566345214844,0.8853000000000001,2026-09-29 02:33
GRID_005815,11.79289324480437,76.28808251814975,0.0018309556,LOW,18.0566345214844,0.8685,2026-09-29 02:33
GRID_005816,11.79289324480437,76.29808251814976,0.0018442442,LOW,18.0566345214844,0.8619,2026-09-29 02:33
GRID_005817,11.79289324480437,76.30808251814976,0.0018530429,LOW,18.0566345214844,0.8575,2026-09-29 02:33
GRID_005818,11.79289324480437,76.31808251814977,0.0018332512,LOW,18.0566345214844,0.8644000000000001,2026-09-29 02:33
GRID_005819,11.79289324480437,76.32808251814977,0.0018107401,LOW,18.0566345214844,0.8726,2026-09-29 02:33
GRID_005820,11.79289324480437,76.33808251814978,0.0018482113,LOW,18.0566345214844,0.8615,2026-09-29 02:33
GRID_005821,11.80289324480437,75.65808251814943,0.01738523,LOW,21.656640625000023,0.8934000000000001,2026-09-29 02:33
GRID_005822,11.80289324480437,75.66808251814943,0.01741395,LOW,21.656640625000023,0.887,2026-09-29 02:33
GRID_005823,11.80289324480437,75.67808251814944,0.01746495,LOW,21.656640625000023,0.8652000000000001,2026-09-29 02:33
GRID_005824,11.80289324480437,75.68808251814944,0.01744889,LOW,21.656640625000023,0.8721,2026-09-29 02:33
GRID_005825,11.80289324480437,75.69808251814945,0.017446633,LOW,21.656640625000023,0.8677,2026-09-29 02:33
GRID_005826,11.80289324480437,75.70808251814945,0.017477013,LOW,21.656640625000023,0.8520000000000001,2026-09-29 02:33
GRID_005827,11.80289324480437,75.71808251814946,0.01742983,LOW,21.656640625000023,0.8722000000000001,2026-09-29 02:33
GRID_005828,11.80289324480437,75.72808251814946,0.017426347,LOW,21.656640625000023,0.8786,2026-09-29 02:33
GRID_005829,11.80289324480437,75.73808251814947,0.017473735,LOW,21.656640625000023,0.8602000000000001,2026-09-29 02:33
GRID_005830,11.80289324480437,75.74808251814947,0.017452488,LOW,21.656640625000023,0.873,2026-09-29 02:33
GRID_005831,11.80289324480437,76.06808251814964,0.0020285705,LOW,18.456658935546898,0.8022,2026-09-29 02:33
GRID_005832,11.80289324480437,76.10808251814966,0.0018458983,LOW,18.456658935546898,0.8508,2026-09-29 02:33
GRID_005833,11.80289324480437,76.21808251814971,0.0018695025,LOW,18.0566345214844,0.8535,2026-09-29 02:33
GRID_005834,11.80289324480437,76.22808251814972,0.0018632874,LOW,18.0566345214844,0.8574,2026-09-29 02:33
GRID_005835,11.80289324480437,76.23808251814972,0.0018737571,LOW,18.0566345214844,0.8537,2026-09-29 02:33
GRID_005836,11.80289324480437,76.24808251814973,0.0018733792,LOW,18.0566345214844,0.8538,2026-09-29 02:33
GRID_005837,11.80289324480437,76.27808251814974,0.0018524425,LOW,18.0566345214844,0.8606,2026-09-29 02:33
GRID_005838,11.80289324480437,76.28808251814975,0.0018764326,LOW,18.0566345214844,0.8526,2026-09-29 02:33
GRID_005839,11.80289324480437,76.29808251814976,0.0018332831,LOW,18.0566345214844,0.8673000000000001,2026-09-29 02:33
GRID_005840,11.80289324480437,76.30808251814976,0.0018262811,LOW,18.0566345214844,0.8666,2026-09-29 02:33
GRID_005841,11.80289324480437,76.31808251814977,0.0018055975,LOW,18.0566345214844,0.8765000000000001,2026-09-29 02:33
GRID_005842,11.81289324480437,75.6080825181494,0.009600598,LOW,24.156640625000023,0.8637,2026-09-29 02:33
GRID_005843,11.81289324480437,75.66808251814943,0.017431872,LOW,21.656640625000023,0.8799,2026-09-29 02:33
GRID_005844,11.81289324480437,75.67808251814944,0.017401975,LOW,21.656640625000023,0.894,2026-09-29 02:33
GRID_005845,11.81289324480437,75.69808251814945,0.017417522,LOW,21.656640625000023,0.886,2026-09-29 02:33
GRID_005846,11.81289324480437,75.70808251814945,0.017393548,LOW,21.656640625000023,0.8934000000000001,2026-09-29 02:33
GRID_005847,11.81289324480437,75.71808251814946,0.017413016,LOW,21.656640625000023,0.8899,2026-09-29 02:33
GRID_005848,11.81289324480437,75.72808251814946,0.017417386,LOW,21.656640625000023,0.8854000000000001,2026-09-29 02:33
GRID_005849,11.81289324480437,75.73808251814947,0.017433764,LOW,21.656640625000023,0.8816,2026-09-29 02:33
GRID_005850,11.81289324480437,75.74808251814947,0.017430345,LOW,21.656640625000023,0.8812000000000001,2026-09-29 02:33
GRID_005851,11.81289324480437,75.75808251814948,0.017453633,LOW,21.656640625000023,0.868,2026-09-29 02:33
GRID_005852,11.81289324480437,76.05808251814963,0.0019771347,LOW,18.456658935546898,0.8145,2026-09-29 02:33
GRID_005853,11.81289324480437,76.06808251814964,0.00201633,LOW,18.456658935546898,0.8052,2026-09-29 02:33
GRID_005854,11.81289324480437,76.13808251814967,0.0018144002,LOW,18.0566345214844,0.8753000000000001,2026-09-29 02:33
GRID_005855,11.81289324480437,76.14808251814968,0.0018287295,LOW,18.0566345214844,0.8698,2026-09-29 02:33
GRID_005856,11.81289324480437,76.1780825181497,0.0018250118,LOW,18.0566345214844,0.8701000000000001,2026-09-29 02:33
GRID_005857,11.81289324480437,76.1880825181497,0.0018824071,LOW,18.0566345214844,0.8499,2026-09-29 02:33
GRID_005858,11.81289324480437,76.1980825181497,0.0019433234,LOW,18.0566345214844,0.8317,2026-09-29 02:33
GRID_005859,11.81289324480437,76.20808251814971,0.0018078525,LOW,18.0566345214844,0.8781,2026-09-29 02:33
GRID_005860,11.81289324480437,76.21808251814971,0.0018681476,LOW,18.0566345214844,0.8559,2026-09-29 02:33
GRID_005861,11.81289324480437,76.22808251814972,0.0018763194,LOW,18.0566345214844,0.8535,2026-09-29 02:33
GRID_005862,11.81289324480437,76.32808251814977,0.0018731767,LOW,18.0566345214844,0.8533000000000001,2026-09-29 02:33
GRID_005863,11.82289324480437,75.62808251814941,0.017510988,LOW,21.656640625000023,0.8484,2026-09-29 02:33
GRID_005864,11.82289324480437,75.66808251814943,0.017424567,LOW,21.656640625000023,0.8907,2026-09-29 02:33
GRID_005865,11.82289324480437,75.67808251814944,0.01740518,LOW,21.656640625000023,0.8959,2026-09-29 02:33
GRID_005866,11.82289324480437,75.68808251814944,0.017431745,LOW,21.656640625000023,0.8852000000000001,2026-09-29 02:33
GRID_005867,11.82289324480437,75.69808251814945,0.017418357,LOW,21.656640625000023,0.8914000000000001,2026-09-29 02:33
GRID_005868,11.82289324480437,75.70808251814945,0.017417133,LOW,21.656640625000023,0.889,2026-09-29 02:33
GRID_005869,11.82289324480437,75.71808251814946,0.017404068,LOW,21.656640625000023,0.8982,2026-09-29 02:33
GRID_005870,11.82289324480437,75.72808251814946,0.017416783,LOW,21.656640625000023,0.8897,2026-09-29 02:33
GRID_005871,11.82289324480437,75.73808251814947,0.017430391,LOW,21.656640625000023,0.8841,2026-09-29 02:33
GRID_005872,11.82289324480437,75.74808251814947,0.017425653,LOW,21.656640625000023,0.8882,2026-09-29 02:33
GRID_005873,11.82289324480437,75.75808251814948,0.017402899,LOW,21.656640625000023,0.898,2026-09-29 02:33
GRID_005874,11.82289324480437,76.07808251814964,0.0018481527,LOW,18.456658935546898,0.8481000000000001,2026-09-29 02:33
GRID_005875,11.82289324480437,76.14808251814968,0.001824392,LOW,18.0566345214844,0.8705,2026-09-29 02:33
GRID_005876,11.82289324480437,76.15808251814968,0.0019785175,LOW,18.0566345214844,0.8208000000000001,2026-09-29 02:33
GRID_005877,11.82289324480437,76.16808251814969,0.0019460313,LOW,18.0566345214844,0.8299000000000001,2026-09-29 02:33
GRID_005878,11.82289324480437,76.1780825181497,0.0019443302,LOW,18.0566345214844,0.8304,2026-09-29 02:33
GRID_005879,11.82289324480437,76.1880825181497,0.0019360053,LOW,18.0566345214844,0.8324,2026-09-29 02:33
GRID_005880,11.82289324480437,76.1980825181497,0.50458074,MODERATE,18.0566345214844,0.5658000000000001,2026-09-29 02:33
GRID_005881,11.82289324480437,76.20808251814971,0.0017347927,LOW,18.0566345214844,0.9111,2026-09-29 02:33
GRID_005882,11.82289324480437,76.21808251814971,0.0018926717,LOW,18.0566345214844,0.8471000000000001,2026-09-29 02:33
GRID_005883,11.82289324480437,76.22808251814972,0.0018122499,LOW,18.0566345214844,0.8773000000000001,2026-09-29 02:33
GRID_005884,11.832893244804367,75.64808251814942,0.017441254,LOW,21.656640625000023,0.8788,2026-09-29 02:33
GRID_005885,11.832893244804367,75.65808251814943,0.017445326,LOW,21.656640625000023,0.8756,2026-09-29 02:33
GRID_005886,11.832893244804367,75.71808251814946,0.017428905,LOW,21.656640625000023,0.8891,2026-09-29 02:33
GRID_005887,11.832893244804367,75.72808251814946,0.01742712,LOW,21.656640625000023,0.89,2026-09-29 02:33
GRID_005888,11.832893244804367,75.73808251814947,0.017417638,LOW,21.656640625000023,0.8943000000000001,2026-09-29 02:33
GRID_005889,11.832893244804367,75.74808251814947,0.017424654,LOW,21.656640625000023,0.8893000000000001,2026-09-29 02:33
GRID_005890,11.832893244804367,75.76808251814948,0.017440218,LOW,21.656640625000023,0.8798,2026-09-29 02:33
GRID_005891,11.832893244804367,76.02808251814962,0.0018440913,LOW,18.456658935546898,0.8500000000000001,2026-09-29 02:33
GRID_005892,11.832893244804367,76.03808251814962,0.0018257225,LOW,18.456658935546898,0.8567,2026-09-29 02:33
GRID_005893,11.832893244804367,76.04808251814963,0.0018431519,LOW,18.456658935546898,0.8518,2026-09-29 02:33
GRID_005894,11.832893244804367,76.05808251814963,0.0017653258,LOW,18.456658935546898,0.8774000000000001,2026-09-29 02:33
GRID_005895,11.832893244804367,76.14808251814968,0.0019068599,LOW,18.0566345214844,0.8424,2026-09-29 02:33
GRID_005896,11.832893244804367,76.15808251814968,0.0018942151,LOW,18.0566345214844,0.8461000000000001,2026-09-29 02:33
GRID_005897,11.832893244804367,76.16808251814969,0.0019044235,LOW,18.0566345214844,0.8435,2026-09-29 02:33
GRID_005898,11.832893244804367,76.1780825181497,0.0019045249,LOW,18.0566345214844,0.8412000000000001,2026-09-29 02:33
GRID_005899,11.832893244804367,76.1880825181497,0.0018796958,LOW,18.0566345214844,0.8503000000000001,2026-09-29 02:33
GRID_005900,11.832893244804367,76.1980825181497,0.0019559362,LOW,18.0566345214844,0.8275,2026-09-29 02:33
GRID_005901,11.832893244804367,76.20808251814971,0.0019251937,LOW,18.0566345214844,0.8368,2026-09-29 02:33
GRID_005902,11.842893244804367,75.5980825181494,0.009597339,LOW,24.156640625000023,0.8661000000000001,2026-09-29 02:33
GRID_005903,11.842893244804367,75.6080825181494,0.009690586,LOW,24.156640625000023,0.8194,2026-09-29 02:33
GRID_005904,11.842893244804367,75.65808251814943,0.0176177,LOW,21.656640625000023,0.8075,2026-09-29 02:33
GRID_005905,11.842893244804367,75.71808251814946,0.017434033,LOW,21.656640625000023,0.8829,2026-09-29 02:33
GRID_005906,11.842893244804367,75.72808251814946,0.017426794,LOW,21.656640625000023,0.8871,2026-09-29 02:33
GRID_005907,11.842893244804367,75.73808251814947,0.017466998,LOW,21.656640625000023,0.8657,2026-09-29 02:33
GRID_005908,11.842893244804367,75.74808251814947,0.017417884,LOW,21.656640625000023,0.8899,2026-09-29 02:33
GRID_005909,11.842893244804367,75.75808251814948,0.017445754,LOW,21.656640625000023,0.8745,2026-09-29 02:33
GRID_005910,11.842893244804367,75.76808251814948,0.017439269,LOW,21.656640625000023,0.8782000000000001,2026-09-29 02:33
GRID_005911,11.842893244804367,75.77808251814949,0.017437223,LOW,21.656640625000023,0.872,2026-09-29 02:33
GRID_005912,11.842893244804367,76.01808251814961,0.0018844422,LOW,18.456658935546898,0.8359000000000001,2026-09-29 02:33
GRID_005913,11.842893244804367,76.02808251814962,0.090459056,LOW,18.456658935546898,0.7681,2026-09-29 02:33
GRID_005914,11.842893244804367,76.04808251814963,0.0020444389,LOW,18.456658935546898,0.7986000000000001,2026-09-29 02:33
GRID_005915,11.842893244804367,76.13808251814967,0.0018123059,LOW,18.0566345214844,0.8772000000000001,2026-09-29 02:33
GRID_005916,11.842893244804367,76.14808251814968,0.0018722446,LOW,18.0566345214844,0.8539,2026-09-29 02:33
GRID_005917,11.842893244804367,76.15808251814968,0.0019447939,LOW,18.0566345214844,0.8317,2026-09-29 02:33
GRID_005918,11.842893244804367,76.16808251814969,0.0018321446,LOW,18.0566345214844,0.8685,2026-09-29 02:33
GRID_005919,11.842893244804367,76.1780825181497,0.0019404864,LOW,18.0566345214844,0.8327,2026-09-29 02:33
GRID_005920,11.842893244804367,76.1880825181497,0.0018577431,LOW,18.0566345214844,0.8581000000000001,2026-09-29 02:33
GRID_005921,11.842893244804367,76.1980825181497,0.0018366813,LOW,18.0566345214844,0.8658,2026-09-29 02:33
GRID_005922,11.842893244804367,76.20808251814971,0.0018605745,LOW,18.0566345214844,0.8586,2026-09-29 02:33
GRID_005923,11.842893244804367,76.21808251814971,0.0018135037,LOW,18.0566345214844,0.8764000000000001,2026-09-29 02:33
GRID_005924,11.852893244804369,75.65808251814943,0.017525256,LOW,21.656640625000023,0.8427,2026-09-29 02:33
GRID_005925,11.852893244804369,75.66808251814943,0.017499475,LOW,21.656640625000023,0.8535,2026-09-29 02:33
GRID_005926,11.852893244804369,75.72808251814946,0.01756733,LOW,21.656640625000023,0.8267,2026-09-29 02:33
GRID_005927,11.852893244804369,75.73808251814947,0.017465532,LOW,21.656640625000023,0.8697,2026-09-29 02:33
GRID_005928,11.852893244804369,75.74808251814947,0.017468879,LOW,21.656640625000023,0.8663000000000001,2026-09-29 02:33
GRID_005929,11.852893244804369,75.75808251814948,0.017522799,LOW,21.656640625000023,0.8379000000000001,2026-09-29 02:33
GRID_005930,11.852893244804369,75.76808251814948,0.017499898,LOW,21.656640625000023,0.8524,2026-09-29 02:33
GRID_005931,11.852893244804369,75.7880825181495,0.017452696,LOW,21.656640625000023,0.8681000000000001,2026-09-29 02:33
GRID_005932,11.852893244804369,76.02808251814962,0.0019770656,LOW,18.456658935546898,0.8143,2026-09-29 02:33
GRID_005933,11.852893244804369,76.03808251814962,0.0019604403,LOW,18.456658935546898,0.8177000000000001,2026-09-29 02:33
GRID_005934,11.852893244804369,76.14808251814968,0.0018843464,LOW,18.0566345214844,0.8503000000000001,2026-09-29 02:33
GRID_005935,11.852893244804369,76.15808251814968,0.0018709238,LOW,18.0566345214844,0.8531000000000001,2026-09-29 02:33
GRID_005936,11.852893244804369,76.16808251814969,0.0018037442,LOW,18.0566345214844,0.8803000000000001,2026-09-29 02:33
GRID_005937,11.852893244804369,76.1780825181497,0.0018636585,LOW,18.0566345214844,0.8569,2026-09-29 02:33
GRID_005938,11.852893244804369,76.1880825181497,0.0018330556,LOW,18.0566345214844,0.8693000000000001,2026-09-29 02:33
GRID_005939,11.852893244804369,76.1980825181497,0.0018873049,LOW,18.0566345214844,0.8489,2026-09-29 02:33
GRID_005940,11.852893244804369,76.20808251814971,0.13866425,LOW,18.0566345214844,0.7371000000000001,2026-09-29 02:33
GRID_005941,11.862893244804368,75.62808251814941,0.017498778,LOW,21.656640625000023,0.8529,2026-09-29 02:33
GRID_005942,11.862893244804368,75.63808251814942,0.017528554,LOW,21.656640625000023,0.8414,2026-09-29 02:33
GRID_005943,11.862893244804368,75.64808251814942,0.017476741,LOW,21.656640625000023,0.8645,2026-09-29 02:33
GRID_005944,11.862893244804368,75.65808251814943,0.017525684,LOW,21.656640625000023,0.8430000000000001,2026-09-29 02:33
GRID_005945,11.862893244804368,75.66808251814943,0.017475571,LOW,21.656640625000023,0.862,2026-09-29 02:33
GRID_005946,11.862893244804368,75.69808251814945,0.017543988,LOW,21.656640625000023,0.8339000000000001,2026-09-29 02:33
GRID_005947,11.862893244804368,75.70808251814945,0.017520402,LOW,21.656640625000023,0.8457,2026-09-29 02:33
GRID_005948,11.862893244804368,75.71808251814946,0.017451415,LOW,21.656640625000023,0.8732000000000001,2026-09-29 02:33
GRID_005949,11.862893244804368,75.72808251814946,0.017432222,LOW,21.656640625000023,0.885,2026-09-29 02:33
GRID_005950,11.862893244804368,75.73808251814947,0.017449353,LOW,21.656640625000023,0.8741,2026-09-29 02:33
GRID_005951,11.862893244804368,75.74808251814947,0.017486159,LOW,21.656640625000023,0.8572000000000001,2026-09-29 02:33
GRID_005952,11.862893244804368,75.75808251814948,0.017514354,LOW,21.656640625000023,0.8462000000000001,2026-09-29 02:33
GRID_005953,11.862893244804368,75.76808251814948,0.01747163,LOW,21.656640625000023,0.8652000000000001,2026-09-29 02:33
GRID_005954,11.862893244804368,76.14808251814968,0.049904242,LOW,18.0566345214844,0.7642,2026-09-29 02:33
GRID_005955,11.862893244804368,76.15808251814968,0.0018064808,LOW,18.0566345214844,0.8781,2026-09-29 02:33
GRID_005956,11.862893244804368,76.16808251814969,0.0018234852,LOW,18.0566345214844,0.8719,2026-09-29 02:33
GRID_005957,11.862893244804368,76.1780825181497,0.001868898,LOW,18.0566345214844,0.8547,2026-09-29 02:33
GRID_005958,11.862893244804368,76.1880825181497,0.0018527092,LOW,18.0566345214844,0.8609,2026-09-29 02:33
GRID_005959,11.862893244804368,76.1980825181497,0.47242418,MODERATE,18.0566345214844,0.6439,2026-09-29 02:33
GRID_005960,11.872893244804368,75.55808251814938,0.009628499,LOW,24.156640625000023,0.8508,2026-09-29 02:33
GRID_005961,11.872893244804368,75.56808251814938,0.48783585,MODERATE,24.156640625000023,0.7110000000000001,2026-09-29 02:33
GRID_005962,11.872893244804368,75.57808251814939,0.009677939,LOW,24.156640625000023,0.8257,2026-09-29 02:33
GRID_005963,11.872893244804368,75.58808251814939,0.12676656,LOW,24.156640625000023,0.7855000000000001,2026-09-29 02:33
GRID_005964,11.872893244804368,75.5980825181494,0.009695722,LOW,24.156640625000023,0.8165,2026-09-29 02:33
GRID_005965,11.872893244804368,75.6080825181494,0.009631669,LOW,24.156640625000023,0.8495,2026-09-29 02:33
GRID_005966,11.872893244804368,75.61808251814941,0.009615716,LOW,24.156640625000023,0.8574,2026-09-29 02:33
GRID_005967,11.872893244804368,75.62808251814941,0.017485261,LOW,21.656640625000023,0.8611000000000001,2026-09-29 02:33
GRID_005968,11.872893244804368,75.63808251814942,0.017510101,LOW,21.656640625000023,0.8498,2026-09-29 02:33
GRID_005969,11.872893244804368,75.64808251814942,0.017497482,LOW,21.656640625000023,0.8559,2026-09-29 02:33
GRID_005970,11.872893244804368,75.65808251814943,0.017438851,LOW,21.656640625000023,0.8806,2026-09-29 02:33
GRID_005971,11.872893244804368,75.66808251814943,0.017467543,LOW,21.656640625000023,0.8672000000000001,2026-09-29 02:33
GRID_005972,11.872893244804368,75.67808251814944,0.01752072,LOW,21.656640625000023,0.8461000000000001,2026-09-29 02:33
GRID_005973,11.872893244804368,75.68808251814944,0.017546713,LOW,21.656640625000023,0.8346,2026-09-29 02:33
GRID_005974,11.872893244804368,75.69808251814945,0.017547188,LOW,21.656640625000023,0.8325,2026-09-29 02:33
GRID_005975,11.872893244804368,75.70808251814945,0.01747286,LOW,21.656640625000023,0.864,2026-09-29 02:33
GRID_005976,11.872893244804368,75.71808251814946,0.017467005,LOW,21.656640625000023,0.8688,2026-09-29 02:33
GRID_005977,11.872893244804368,75.72808251814946,0.017498227,LOW,21.656640625000023,0.8528,2026-09-29 02:33
GRID_005978,11.872893244804368,75.73808251814947,0.017588932,LOW,21.656640625000023,0.8169000000000001,2026-09-29 02:33
GRID_005979,11.872893244804368,75.74808251814947,0.017559309,LOW,21.656640625000023,0.8283,2026-09-29 02:33
GRID_005980,11.872893244804368,75.75808251814948,0.017493246,LOW,21.656640625000023,0.8545,2026-09-29 02:33
GRID_005981,11.872893244804368,75.77808251814949,0.01746233,LOW,21.656640625000023,0.8651000000000001,2026-09-29 02:33
GRID_005982,11.872893244804368,76.02808251814962,0.001969298,LOW,18.456658935546898,0.8103,2026-09-29 02:33
GRID_005983,11.872893244804368,76.03808251814962,0.0016929378,LOW,18.456658935546898,0.9044,2026-09-29 02:33
GRID_005984,11.872893244804368,76.04808251814963,0.0017882792,LOW,18.456658935546898,0.869,2026-09-29 02:33
GRID_005985,11.872893244804368,76.05808251814963,0.0017443986,LOW,18.456658935546898,0.883,2026-09-29 02:33
GRID_005986,11.882893244804368,75.58808251814939,0.009653004,LOW,24.156640625000023,0.8362,2026-09-29 02:33
GRID_005987,11.882893244804368,75.5980825181494,0.009639047,LOW,24.156640625000023,0.8443,2026-09-29 02:33
GRID_005988,11.882893244804368,75.6080825181494,0.009609863,LOW,24.156640625000023,0.8601000000000001,2026-09-29 02:33
GRID_005989,11.882893244804368,75.61808251814941,0.009641757,LOW,24.156640625000023,0.8435,2026-09-29 02:33
GRID_005990,11.882893244804368,75.62808251814941,0.017483864,LOW,21.656640625000023,0.8589,2026-09-29 02:33
GRID_005991,11.882893244804368,75.63808251814942,0.017469345,LOW,21.656640625000023,0.8675,2026-09-29 02:33
GRID_005992,11.882893244804368,75.64808251814942,0.017564505,LOW,21.656640625000023,0.8267,2026-09-29 02:33
GRID_005993,11.882893244804368,75.65808251814943,0.017563114,LOW,21.656640625000023,0.8272,2026-09-29 02:33
GRID_005994,11.882893244804368,75.66808251814943,0.017487409,LOW,21.656640625000023,0.8605,2026-09-29 02:33
GRID_005995,11.882893244804368,75.67808251814944,0.017508851,LOW,21.656640625000023,0.8506,2026-09-29 02:33
GRID_005996,11.882893244804368,75.68808251814944,0.017505366,LOW,21.656640625000023,0.8508,2026-09-29 02:33
GRID_005997,11.882893244804368,75.69808251814945,0.017512705,LOW,21.656640625000023,0.8465,2026-09-29 02:33
GRID_005998,11.882893244804368,75.70808251814945,0.017482184,LOW,21.656640625000023,0.8606,2026-09-29 02:33
GRID_005999,11.882893244804368,75.71808251814946,0.017495153,LOW,21.656640625000023,0.8563000000000001,2026-09-29 02:33
GRID_006000,11.882893244804368,75.72808251814946,0.017490849,LOW,21.656640625000023,0.8586,2026-09-29 02:33
GRID_006001,11.882893244804368,75.73808251814947,0.017518817,LOW,21.656640625000023,0.8462000000000001,2026-09-29 02:33
GRID_006002,11.882893244804368,75.74808251814947,0.01749867,LOW,21.656640625000023,0.8541000000000001,2026-09-29 02:33
GRID_006003,11.882893244804368,75.75808251814948,0.017486542,LOW,21.656640625000023,0.8586,2026-09-29 02:33
GRID_006004,11.882893244804368,75.8080825181495,0.01751415,LOW,21.656640625000023,0.8450000000000001,2026-09-29 02:33
GRID_006005,11.882893244804368,75.81808251814951,0.017484993,LOW,21.656640625000023,0.8580000000000001,2026-09-29 02:33
GRID_006006,11.882893244804368,76.03808251814962,0.0016997902,LOW,18.456658935546898,0.9027,2026-09-29 02:33
GRID_006007,11.882893244804368,76.04808251814963,0.0017635805,LOW,18.456658935546898,0.8782000000000001,2026-09-29 02:33
GRID_006008,11.882893244804368,76.05808251814963,0.0017540685,LOW,18.456658935546898,0.88,2026-09-29 02:33
GRID_006009,11.892893244804368,75.57808251814939,0.009638294,LOW,24.156640625000023,0.8458,2026-09-29 02:33
GRID_006010,11.892893244804368,75.58808251814939,0.00969643,LOW,24.156640625000023,0.8150000000000001,2026-09-29 02:33
GRID_006011,11.892893244804368,75.5980825181494,0.009613154,LOW,24.156640625000023,0.8566,2026-09-29 02:33
GRID_006012,11.892893244804368,75.6080825181494,0.009588695,LOW,24.156640625000023,0.8722000000000001,2026-09-29 02:33
GRID_006013,11.892893244804368,75.61808251814941,0.009608036,LOW,24.156640625000023,0.8618,2026-09-29 02:33
GRID_006014,11.892893244804368,75.62808251814941,0.017526885,LOW,21.656640625000023,0.8425,2026-09-29 02:33
GRID_006015,11.892893244804368,75.63808251814942,0.017542567,LOW,21.656640625000023,0.8364,2026-09-29 02:33
GRID_006016,11.892893244804368,75.64808251814942,0.017551042,LOW,21.656640625000023,0.8319000000000001,2026-09-29 02:33
GRID_006017,11.892893244804368,75.65808251814943,0.017532192,LOW,21.656640625000023,0.8398,2026-09-29 02:33
GRID_006018,11.892893244804368,75.66808251814943,0.017472867,LOW,21.656640625000023,0.8674000000000001,2026-09-29 02:33
GRID_006019,11.892893244804368,75.67808251814944,0.01748505,LOW,21.656640625000023,0.8611000000000001,2026-09-29 02:33
GRID_006020,11.892893244804368,75.68808251814944,0.017527314,LOW,21.656640625000023,0.8409000000000001,2026-09-29 02:33
GRID_006021,11.892893244804368,75.69808251814945,0.017562134,LOW,21.656640625000023,0.8279000000000001,2026-09-29 02:33
GRID_006022,11.892893244804368,75.70808251814945,0.01752717,LOW,21.656640625000023,0.8409000000000001,2026-09-29 02:33
GRID_006023,11.892893244804368,75.71808251814946,0.017498573,LOW,21.656640625000023,0.8553000000000001,2026-09-29 02:33
GRID_006024,11.892893244804368,75.72808251814946,0.017546669,LOW,21.656640625000023,0.8336,2026-09-29 02:33
GRID_006025,11.892893244804368,75.73808251814947,0.017498687,LOW,21.656640625000023,0.8537,2026-09-29 02:33
GRID_006026,11.892893244804368,75.74808251814947,0.017616292,LOW,21.656640625000023,0.8063,2026-09-29 02:33
GRID_006027,11.892893244804368,75.75808251814948,0.017506778,LOW,21.656640625000023,0.8505,2026-09-29 02:33
GRID_006028,11.892893244804368,75.7980825181495,0.017554495,LOW,21.656640625000023,0.8277,2026-09-29 02:33
GRID_006029,11.892893244804368,75.81808251814951,0.13138638,LOW,21.656640625000023,0.7597,2026-09-29 02:33
GRID_006030,11.892893244804368,76.03808251814962,0.0018465264,LOW,18.456658935546898,0.8513000000000001,2026-09-29 02:33
GRID_006031,11.892893244804368,76.04808251814963,0.0018415644,LOW,18.456658935546898,0.8529,2026-09-29 02:33
GRID_006032,11.892893244804368,76.05808251814963,0.0017836455,LOW,18.456658935546898,0.8729,2026-09-29 02:33
GRID_006033,11.892893244804368,76.06808251814964,0.0018176286,LOW,18.456658935546898,0.8599,2026-09-29 02:33
GRID_006034,11.892893244804368,76.11808251814966,0.0017907014,LOW,18.456658935546898,0.8694000000000001,2026-09-29 02:33
GRID_006035,11.902893244804368,75.5980825181494,0.12035043,LOW,24.156640625000023,0.7915000000000001,2026-09-29 02:33
GRID_006036,11.902893244804368,75.6080825181494,0.009686686,LOW,24.156640625000023,0.8210000000000001,2026-09-29 02:33
GRID_006037,11.902893244804368,75.61808251814941,0.009615137,LOW,24.156640625000023,0.8560000000000001,2026-09-29 02:33
GRID_006038,11.902893244804368,75.62808251814941,0.017449865,LOW,21.656640625000023,0.8681000000000001,2026-09-29 02:33
GRID_006039,11.902893244804368,75.63808251814942,0.01741918,LOW,21.656640625000023,0.8812000000000001,2026-09-29 02:33
GRID_006040,11.902893244804368,75.64808251814942,0.03730017,LOW,21.656640625000023,0.7713,2026-09-29 02:33
GRID_006041,11.902893244804368,75.65808251814943,0.017465914,LOW,21.656640625000023,0.8647,2026-09-29 02:33
GRID_006042,11.902893244804368,75.66808251814943,0.017537963,LOW,21.656640625000023,0.8326,2026-09-29 02:33
GRID_006043,11.902893244804368,75.67808251814944,0.017475653,LOW,21.656640625000023,0.8615,2026-09-29 02:33
GRID_006044,11.902893244804368,75.68808251814944,0.017467178,LOW,21.656640625000023,0.8623000000000001,2026-09-29 02:33
GRID_006045,11.902893244804368,75.69808251814945,0.017482413,LOW,21.656640625000023,0.8564,2026-09-29 02:33
GRID_006046,11.902893244804368,75.70808251814945,0.017496968,LOW,21.656640625000023,0.8462000000000001,2026-09-29 02:33
GRID_006047,11.902893244804368,75.71808251814946,0.017470226,LOW,21.656640625000023,0.862,2026-09-29 02:33
GRID_006048,11.902893244804368,75.72808251814946,0.017510567,LOW,21.656640625000023,0.8483,2026-09-29 02:33
GRID_006049,11.902893244804368,75.73808251814947,0.017636498,LOW,21.656640625000023,0.8001,2026-09-29 02:33
GRID_006050,11.902893244804368,75.74808251814947,0.017547349,LOW,21.656640625000023,0.8320000000000001,2026-09-29 02:33
GRID_006051,11.902893244804368,75.85808251814953,0.017405163,LOW,21.656640625000023,0.8873000000000001,2026-09-29 02:33
GRID_006052,11.902893244804368,76.04808251814963,0.0018184342,LOW,18.456658935546898,0.8603000000000001,2026-09-29 02:33
GRID_006053,11.902893244804368,76.05808251814963,0.0017926586,LOW,18.456658935546898,0.8694000000000001,2026-09-29 02:33
GRID_006054,11.912893244804367,75.65808251814943,0.01748016,LOW,21.656640625000023,0.8606,2026-09-29 02:33
GRID_006055,11.912893244804367,75.70808251814945,0.017429931,LOW,21.656640625000023,0.8765000000000001,2026-09-29 02:33
GRID_006056,11.912893244804367,75.71808251814946,0.017541774,LOW,21.656640625000023,0.8334,2026-09-29 02:33
GRID_006057,11.912893244804367,75.72808251814946,0.19550902,LOW,21.656640625000023,0.7851,2026-09-29 02:33
GRID_006058,11.912893244804367,75.74808251814947,0.017522892,LOW,21.656640625000023,0.8445,2026-09-29 02:33
GRID_006059,11.912893244804367,75.75808251814948,0.017584668,LOW,21.656640625000023,0.8186,2026-09-29 02:33
GRID_006060,11.912893244804367,75.76808251814948,0.017569272,LOW,21.656640625000023,0.8245,2026-09-29 02:33
GRID_006061,11.912893244804367,75.77808251814949,0.017572375,LOW,21.656640625000023,0.8234,2026-09-29 02:33
GRID_006062,11.912893244804367,75.7880825181495,0.017550295,LOW,21.656640625000023,0.8326,2026-09-29 02:33
GRID_006063,11.912893244804367,75.7980825181495,0.017574206,LOW,21.656640625000023,0.8231,2026-09-29 02:33
GRID_006064,11.912893244804367,75.8080825181495,0.017502325,LOW,21.656640625000023,0.8520000000000001,2026-09-29 02:33
GRID_006065,11.912893244804367,75.83808251814952,0.017416421,LOW,21.656640625000023,0.8903000000000001,2026-09-29 02:33
GRID_006066,11.912893244804367,75.84808251814952,0.017400794,LOW,21.656640625000023,0.8878,2026-09-29 02:33
GRID_006067,11.912893244804367,75.85808251814953,0.017445236,LOW,21.656640625000023,0.8709,2026-09-29 02:33
GRID_006068,11.912893244804367,75.9980825181496,0.001827404,LOW,18.456658935546898,0.8546,2026-09-29 02:33
GRID_006069,11.912893244804367,76.0080825181496,0.0016794171,LOW,18.456658935546898,0.9092,2026-09-29 02:33
GRID_006070,11.912893244804367,76.01808251814961,0.0017514135,LOW,18.456658935546898,0.8815000000000001,2026-09-29 02:33
GRID_006071,11.912893244804367,76.02808251814962,0.0018389692,LOW,18.456658935546898,0.8528,2026-09-29 02:33
GRID_006072,11.912893244804367,76.05808251814963,0.001784681,LOW,18.456658935546898,0.8735,2026-09-29 02:33
GRID_006073,11.922893244804367,75.63808251814942,0.01756474,LOW,21.656640625000023,0.8265,2026-09-29 02:33
GRID_006074,11.922893244804367,75.64808251814942,0.017497959,LOW,21.656640625000023,0.8500000000000001,2026-09-29 02:33
GRID_006075,11.922893244804367,75.65808251814943,0.017569821,LOW,21.656640625000023,0.8254,2026-09-29 02:33
GRID_006076,11.922893244804367,75.66808251814943,0.017495293,LOW,21.656640625000023,0.8554,2026-09-29 02:33
GRID_006077,11.922893244804367,75.69808251814945,0.017469952,LOW,21.656640625000023,0.8621000000000001,2026-09-29 02:33
GRID_006078,11.922893244804367,75.72808251814946,0.017499603,LOW,21.656640625000023,0.8517,2026-09-29 02:33
GRID_006079,11.922893244804367,75.73808251814947,0.017591948,LOW,21.656640625000023,0.8167000000000001,2026-09-29 02:33
GRID_006080,11.922893244804367,75.74808251814947,0.017494373,LOW,21.656640625000023,0.8562000000000001,2026-09-29 02:33
GRID_006081,11.922893244804367,75.75808251814948,0.017566644,LOW,21.656640625000023,0.8261000000000001,2026-09-29 02:33
GRID_006082,11.922893244804367,75.76808251814948,0.017541278,LOW,21.656640625000023,0.8358,2026-09-29 02:33
GRID_006083,11.922893244804367,75.7880825181495,0.017578037,LOW,21.656640625000023,0.8216,2026-09-29 02:33
GRID_006084,11.922893244804367,75.7980825181495,0.017548352,LOW,21.656640625000023,0.8329000000000001,2026-09-29 02:33
GRID_006085,11.922893244804367,75.82808251814951,0.017513316,LOW,21.656640625000023,0.8461000000000001,2026-09-29 02:33
GRID_006086,11.922893244804367,75.83808251814952,0.01756863,LOW,21.656640625000023,0.8246,2026-09-29 02:33
GRID_006087,11.922893244804367,75.84808251814952,0.017487524,LOW,21.656640625000023,0.8570000000000001,2026-09-29 02:33
GRID_006088,11.922893244804367,75.85808251814953,0.017455643,LOW,21.656640625000023,0.8678,2026-09-29 02:33
GRID_006089,11.922893244804367,75.91808251814956,0.0017728863,LOW,18.456658935546898,0.8685,2026-09-29 02:33
GRID_006090,11.922893244804367,76.0080825181496,0.24608427,LOW,18.456658935546898,0.7819,2026-09-29 02:33
GRID_006091,11.922893244804367,76.01808251814961,0.0017693886,LOW,18.456658935546898,0.8673000000000001,2026-09-29 02:33
GRID_006092,11.922893244804367,76.02808251814962,0.0018224157,LOW,18.456658935546898,0.8584,2026-09-29 02:33
GRID_006093,11.932893244804369,75.65808251814943,0.017568413,LOW,21.656640625000023,0.8255,2026-09-29 02:33
GRID_006094,11.932893244804369,75.72808251814946,0.01751023,LOW,21.656640625000023,0.8497,2026-09-29 02:33
GRID_006095,11.932893244804369,75.73808251814947,0.01751048,LOW,21.656640625000023,0.8486,2026-09-29 02:33
GRID_006096,11.932893244804369,75.74808251814947,0.01756873,LOW,21.656640625000023,0.8249000000000001,2026-09-29 02:33
GRID_006097,11.932893244804369,75.75808251814948,0.017591337,LOW,21.656640625000023,0.8167000000000001,2026-09-29 02:33
GRID_006098,11.932893244804369,75.7980825181495,0.017447425,LOW,21.656640625000023,0.8779,2026-09-29 02:33
GRID_006099,11.932893244804369,75.81808251814951,0.017444197,LOW,21.656640625000023,0.8789,2026-09-29 02:33
GRID_006100,11.932893244804369,75.82808251814951,0.017406484,LOW,21.656640625000023,0.8958,2026-09-29 02:33
GRID_006101,11.932893244804369,75.83808251814952,0.017432427,LOW,21.656640625000023,0.8824000000000001,2026-09-29 02:33
GRID_006102,11.932893244804369,75.84808251814952,0.01740903,LOW,21.656640625000023,0.8913000000000001,2026-09-29 02:33
GRID_006103,11.932893244804369,75.89808251814955,0.0017898527,LOW,18.456658935546898,0.8657,2026-09-29 02:33
GRID_006104,11.932893244804369,75.90808251814956,0.0017503202,LOW,18.456658935546898,0.8775000000000001,2026-09-29 02:33
GRID_006105,11.932893244804369,75.93808251814957,0.0017285104,LOW,18.456658935546898,0.8845000000000001,2026-09-29 02:33
GRID_006106,11.932893244804369,75.95808251814958,0.001750303,LOW,18.456658935546898,0.8753000000000001,2026-09-29 02:33
GRID_006107,11.932893244804369,76.0080825181496,0.0017903416,LOW,18.456658935546898,0.8566,2026-09-29 02:33
GRID_006108,11.932893244804369,76.01808251814961,0.0017800349,LOW,18.456658935546898,0.868,2026-09-29 02:33
GRID_006109,11.932893244804369,76.02808251814962,0.0018384443,LOW,18.456658935546898,0.8523000000000001,2026-09-29 02:33
GRID_006110,11.942893244804369,75.73808251814947,0.017468996,LOW,21.656640625000023,0.8681000000000001,2026-09-29 02:33
GRID_006111,11.942893244804369,75.7980825181495,0.017491277,LOW,21.656640625000023,0.8564,2026-09-29 02:33
GRID_006112,11.942893244804369,75.8080825181495,0.017518222,LOW,21.656640625000023,0.8434,2026-09-29 02:33
GRID_006113,11.942893244804369,75.81808251814951,0.017425632,LOW,21.656640625000023,0.8863000000000001,2026-09-29 02:33
GRID_006114,11.942893244804369,75.82808251814951,0.017439041,LOW,21.656640625000023,0.876,2026-09-29 02:33
GRID_006115,11.942893244804369,75.83808251814952,0.01740783,LOW,21.656640625000023,0.8954000000000001,2026-09-29 02:33
GRID_006116,11.942893244804369,75.84808251814952,0.017433142,LOW,21.656640625000023,0.8817,2026-09-29 02:33
GRID_006117,11.942893244804369,75.85808251814953,0.017438123,LOW,21.656640625000023,0.8673000000000001,2026-09-29 02:33
GRID_006118,11.942893244804369,75.86808251814954,0.017437974,LOW,21.656640625000023,0.8742000000000001,2026-09-29 02:33
GRID_006119,11.942893244804369,75.88808251814955,0.0016880736,LOW,18.456658935546898,0.9036,2026-09-29 02:33
GRID_006120,11.942893244804369,75.89808251814955,0.0016692874,LOW,18.456658935546898,0.9113,2026-09-29 02:33
GRID_006121,11.942893244804369,75.90808251814956,0.0017706201,LOW,18.456658935546898,0.8752000000000001,2026-09-29 02:33
GRID_006122,11.942893244804369,75.91808251814956,0.0017414881,LOW,18.456658935546898,0.8822000000000001,2026-09-29 02:33
GRID_006123,11.942893244804369,75.92808251814957,0.001760317,LOW,18.456658935546898,0.8729,2026-09-29 02:33
GRID_006124,11.942893244804369,75.93808251814957,0.0016588604,LOW,18.456658935546898,0.9124,2026-09-29 02:33
GRID_006125,11.942893244804369,75.94808251814958,0.001706449,LOW,18.456658935546898,0.8994000000000001,2026-09-29 02:33
GRID_006126,11.942893244804369,75.95808251814958,0.0017970023,LOW,18.456658935546898,0.8632000000000001,2026-09-29 02:33
GRID_006127,11.942893244804369,75.96808251814959,0.0017986866,LOW,18.456658935546898,0.8649,2026-09-29 02:33
GRID_006128,11.942893244804369,75.97808251814959,0.0019145176,LOW,18.456658935546898,0.8263,2026-09-29 02:33
GRID_006129,11.942893244804369,75.9880825181496,0.0017276673,LOW,18.456658935546898,0.883,2026-09-29 02:33
GRID_006130,11.942893244804369,75.9980825181496,0.0018041845,LOW,18.456658935546898,0.8572000000000001,2026-09-29 02:33
GRID_006131,11.942893244804369,76.0080825181496,0.0016719577,LOW,18.456658935546898,0.9085,2026-09-29 02:33
GRID_006132,11.942893244804369,76.01808251814961,0.0017678388,LOW,18.456658935546898,0.8696,2026-09-29 02:33
GRID_006133,11.942893244804369,76.02808251814962,0.0017098162,LOW,18.456658935546898,0.8971,2026-09-29 02:33
GRID_006134,11.952893244804368,75.7980825181495,0.017486246,LOW,21.656640625000023,0.8556,2026-09-29 02:33
GRID_006135,11.952893244804368,75.8080825181495,0.017437328,LOW,21.656640625000023,0.8764000000000001,2026-09-29 02:33
GRID_006136,11.952893244804368,75.81808251814951,0.017466752,LOW,21.656640625000023,0.861,2026-09-29 02:33
GRID_006137,11.952893244804368,75.82808251814951,0.017472196,LOW,21.656640625000023,0.8619,2026-09-29 02:33
GRID_006138,11.952893244804368,75.83808251814952,0.017456066,LOW,21.656640625000023,0.8666,2026-09-29 02:33
GRID_006139,11.952893244804368,75.84808251814952,0.01744236,LOW,21.656640625000023,0.872,2026-09-29 02:33
GRID_006140,11.952893244804368,75.86808251814954,0.48726186,MODERATE,21.656640625000023,0.7056,2026-09-29 02:33
GRID_006141,11.952893244804368,75.87808251814954,0.0015617873,LOW,18.456658935546898,0.9777,2026-09-29 02:33
GRID_006142,11.952893244804368,75.88808251814955,0.0016998639,LOW,18.456658935546898,0.9041,2026-09-29 02:33
GRID_006143,11.952893244804368,75.89808251814955,0.0017942573,LOW,18.456658935546898,0.8689,2026-09-29 02:33
GRID_006144,11.952893244804368,75.90808251814956,0.0017777946,LOW,18.456658935546898,0.8756,2026-09-29 02:33
GRID_006145,11.952893244804368,75.91808251814956,0.0017577326,LOW,18.456658935546898,0.8821,2026-09-29 02:33
GRID_006146,11.952893244804368,75.92808251814957,0.0017667235,LOW,18.456658935546898,0.8751,2026-09-29 02:33
GRID_006147,11.952893244804368,75.96808251814959,0.001920323,LOW,18.456658935546898,0.8249000000000001,2026-09-29 02:33
GRID_006148,11.952893244804368,75.97808251814959,0.0019698725,LOW,18.456658935546898,0.8057000000000001,2026-09-29 02:33
GRID_006149,11.952893244804368,75.9880825181496,0.0016890522,LOW,18.456658935546898,0.9071,2026-09-29 02:33
GRID_006150,11.952893244804368,75.9980825181496,0.0017123776,LOW,18.456658935546898,0.8928,2026-09-29 02:33
GRID_006151,11.952893244804368,76.0080825181496,0.0019900298,LOW,18.456658935546898,0.809,2026-09-29 02:33
GRID_006152,11.952893244804368,76.01808251814961,0.0017370897,LOW,18.456658935546898,0.8836,2026-09-29 02:33
GRID_006153,11.952893244804368,76.02808251814962,0.001715957,LOW,18.456658935546898,0.898,2026-09-29 02:33
GRID_006154,11.962893244804366,75.77808251814949,0.025429113,LOW,21.156640625000023,0.8142,2026-09-29 02:33
GRID_006155,11.962893244804366,75.7880825181495,0.025313452,LOW,21.156640625000023,0.8605,2026-09-29 02:33
GRID_006156,11.962893244804366,75.8080825181495,0.02534363,LOW,21.156640625000023,0.8471000000000001,2026-09-29 02:33
GRID_006157,11.962893244804366,75.81808251814951,0.025282616,LOW,21.156640625000023,0.8739,2026-09-29 02:33
GRID_006158,11.962893244804366,75.82808251814951,0.025250234,LOW,21.156640625000023,0.8889,2026-09-29 02:33
GRID_006159,11.962893244804366,75.83808251814952,0.025227247,LOW,21.156640625000023,0.8829,2026-09-29 02:33
GRID_006160,11.962893244804366,75.84808251814952,0.025274972,LOW,21.156640625000023,0.8576,2026-09-29 02:33
GRID_006161,11.962893244804366,75.85808251814953,0.025225798,LOW,21.156640625000023,0.8842000000000001,2026-09-29 02:33
GRID_006162,11.962893244804366,75.86808251814954,0.025266873,LOW,21.156640625000023,0.8801,2026-09-29 02:33
GRID_006163,11.962893244804366,75.87808251814954,0.002201358,LOW,18.256646728515648,0.8623000000000001,2026-09-29 02:33
GRID_006164,11.962893244804366,75.88808251814955,0.0023323572,LOW,18.256646728515648,0.8234,2026-09-29 02:33
GRID_006165,11.962893244804366,75.89808251814955,0.002149029,LOW,18.256646728515648,0.8743000000000001,2026-09-29 02:33
GRID_006166,11.962893244804366,75.90808251814956,0.0022348347,LOW,18.256646728515648,0.8464,2026-09-29 02:33
GRID_006167,11.962893244804366,75.91808251814956,0.0022958317,LOW,18.256646728515648,0.8321000000000001,2026-09-29 02:33
GRID_006168,11.962893244804366,75.95808251814958,0.002185925,LOW,18.256646728515648,0.8534,2026-09-29 02:33
GRID_006169,11.962893244804366,75.96808251814959,0.0023006182,LOW,18.256646728515648,0.8301000000000001,2026-09-29 02:33
GRID_006170,11.962893244804366,75.9880825181496,0.002113185,LOW,18.256646728515648,0.894,2026-09-29 02:33
GRID_006171,11.962893244804366,75.9980825181496,0.0020914702,LOW,18.256646728515648,0.9041,2026-09-29 02:33
GRID_006172,11.962893244804366,76.0080825181496,0.0021670465,LOW,18.256646728515648,0.8763000000000001,2026-09-29 02:33
GRID_006173,11.962893244804366,76.01808251814961,0.0023577367,LOW,18.256646728515648,0.8174,2026-09-29 02:33
GRID_006174,11.962893244804366,76.02808251814962,0.002207351,LOW,18.256646728515648,0.8613000000000001,2026-09-29 02:33
GRID_006175,11.972893244804366,75.6080825181494,0.025507197,LOW,22.656640625000023,0.8233,2026-09-29 02:33
GRID_006176,11.972893244804366,75.77808251814949,0.025376275,LOW,21.156640625000023,0.8339000000000001,2026-09-29 02:33
GRID_006177,11.972893244804366,75.7880825181495,0.025401372,LOW,21.156640625000023,0.8233,2026-09-29 02:33
GRID_006178,11.972893244804366,75.7980825181495,0.02532689,LOW,21.156640625000023,0.8554,2026-09-29 02:33
GRID_006179,11.972893244804366,75.8080825181495,0.025332097,LOW,21.156640625000023,0.8526,2026-09-29 02:33
GRID_006180,11.972893244804366,75.81808251814951,0.025302202,LOW,21.156640625000023,0.8657,2026-09-29 02:33
GRID_006181,11.972893244804366,75.82808251814951,0.025258018,LOW,21.156640625000023,0.8753000000000001,2026-09-29 02:33
GRID_006182,11.972893244804366,75.83808251814952,0.025254771,LOW,21.156640625000023,0.8728,2026-09-29 02:33
GRID_006183,11.972893244804366,75.84808251814952,0.025294432,LOW,21.156640625000023,0.867,2026-09-29 02:33
GRID_006184,11.972893244804366,75.85808251814953,0.025231918,LOW,21.156640625000023,0.8811,2026-09-29 02:33
GRID_006185,11.972893244804366,75.86808251814954,0.025242778,LOW,21.156640625000023,0.8927,2026-09-29 02:33
GRID_006186,11.972893244804366,75.87808251814954,0.0021299748,LOW,18.256646728515648,0.8827,2026-09-29 02:33
GRID_006187,11.972893244804366,75.88808251814955,0.0023029884,LOW,18.256646728515648,0.8291000000000001,2026-09-29 02:33
GRID_006188,11.972893244804366,75.89808251814955,0.002393057,LOW,18.256646728515648,0.8002,2026-09-29 02:33
GRID_006189,11.972893244804366,75.90808251814956,0.0022165368,LOW,18.256646728515648,0.8459,2026-09-29 02:33
GRID_006190,11.972893244804366,75.9880825181496,0.0023186733,LOW,18.256646728515648,0.8271000000000001,2026-09-29 02:33
GRID_006191,11.972893244804366,75.9980825181496,0.0021499363,LOW,18.256646728515648,0.8828,2026-09-29 02:33
GRID_006192,11.972893244804366,76.0080825181496,0.0021726773,LOW,18.256646728515648,0.8742000000000001,2026-09-29 02:33
GRID_006193,11.972893244804366,76.01808251814961,0.0024356109,LOW,18.256646728515648,0.8003,2026-09-29 02:33
GRID_006194,11.972893244804366,76.02808251814962,0.15816946,LOW,18.256646728515648,0.77,2026-09-29 02:33
GRID_006195,11.982893244804366,75.8080825181495,0.02530324,LOW,21.156640625000023,0.8657,2026-09-29 02:33
GRID_006196,11.982893244804366,75.81808251814951,0.025268503,LOW,21.156640625000023,0.8792000000000001,2026-09-29 02:33
GRID_006197,11.982893244804366,75.82808251814951,0.02529187,LOW,21.156640625000023,0.8663000000000001,2026-09-29 02:33
GRID_006198,11.982893244804366,75.83808251814952,0.025316104,LOW,21.156640625000023,0.8536,2026-09-29 02:33
GRID_006199,11.982893244804366,75.84808251814952,0.02528501,LOW,21.156640625000023,0.8645,2026-09-29 02:33
GRID_006200,11.982893244804366,75.85808251814953,0.02529214,LOW,21.156640625000023,0.8679,2026-09-29 02:33
GRID_006201,11.982893244804366,75.86808251814954,0.02527305,LOW,21.156640625000023,0.8779,2026-09-29 02:33
GRID_006202,11.982893244804366,75.87808251814954,0.0022088375,LOW,18.256646728515648,0.8601000000000001,2026-09-29 02:33
GRID_006203,11.982893244804366,75.88808251814955,0.002194708,LOW,18.256646728515648,0.8624,2026-09-29 02:33
GRID_006204,11.982893244804366,75.89808251814955,0.0021822131,LOW,18.256646728515648,0.8622000000000001,2026-09-29 02:33
GRID_006205,11.982893244804366,75.90808251814956,0.0021345788,LOW,18.256646728515648,0.8841,2026-09-29 02:33
GRID_006206,11.982893244804366,75.91808251814956,0.0021729372,LOW,18.256646728515648,0.8729,2026-09-29 02:33
GRID_006207,11.982893244804366,75.92808251814957,0.0022089183,LOW,18.256646728515648,0.8560000000000001,2026-09-29 02:33
GRID_006208,11.982893244804366,75.9980825181496,0.002136793,LOW,18.256646728515648,0.8883000000000001,2026-09-29 02:33
GRID_006209,11.982893244804366,76.0080825181496,0.0022732501,LOW,18.256646728515648,0.8418,2026-09-29 02:33
GRID_006210,11.982893244804366,76.01808251814961,0.0021646775,LOW,18.256646728515648,0.8779,2026-09-29 02:33
GRID_006211,11.982893244804366,76.02808251814962,0.0022454911,LOW,18.256646728515648,0.8489,2026-09-29 02:33
GRID_006212,11.992893244804366,75.71808251814946,0.02540637,LOW,21.156640625000023,0.8219000000000001,2026-09-29 02:33
GRID_006213,11.992893244804366,75.7880825181495,0.025351664,LOW,21.156640625000023,0.8393,2026-09-29 02:33
GRID_006214,11.992893244804366,75.7980825181495,0.025364887,LOW,21.156640625000023,0.8356,2026-09-29 02:33
GRID_006215,11.992893244804366,75.8080825181495,0.025327563,LOW,21.156640625000023,0.8464,2026-09-29 02:33
GRID_006216,11.992893244804366,75.81808251814951,0.025323814,LOW,21.156640625000023,0.8458,2026-09-29 02:33
GRID_006217,11.992893244804366,75.82808251814951,0.025298243,LOW,21.156640625000023,0.8577,2026-09-29 02:33
GRID_006218,11.992893244804366,75.83808251814952,0.025278252,LOW,21.156640625000023,0.863,2026-09-29 02:33
GRID_006219,11.992893244804366,75.84808251814952,0.025213888,LOW,21.156640625000023,0.9073,2026-09-29 02:33
GRID_006220,11.992893244804366,75.85808251814953,0.025319494,LOW,21.156640625000023,0.8517,2026-09-29 02:33
GRID_006221,11.992893244804366,75.86808251814954,0.025333868,LOW,21.156640625000023,0.8475,2026-09-29 02:33
GRID_006222,11.992893244804366,75.87808251814954,0.002296187,LOW,18.256646728515648,0.8353,2026-09-29 02:33
GRID_006223,11.992893244804366,75.88808251814955,0.0022232546,LOW,18.256646728515648,0.8583000000000001,2026-09-29 02:33
GRID_006224,11.992893244804366,75.93808251814957,0.0023032343,LOW,18.256646728515648,0.8309000000000001,2026-09-29 02:33
GRID_006225,11.992893244804366,75.95808251814958,0.0021669695,LOW,18.256646728515648,0.8728,2026-09-29 02:33
GRID_006226,11.992893244804366,75.96808251814959,0.0021867414,LOW,18.256646728515648,0.8686,2026-09-29 02:33
GRID_006227,11.992893244804366,75.9880825181496,0.0022099803,LOW,18.256646728515648,0.8609,2026-09-29 02:33
GRID_006228,11.992893244804366,75.9980825181496,0.0021546632,LOW,18.256646728515648,0.8812000000000001,2026-09-29 02:33
GRID_006229,11.992893244804366,76.0080825181496,0.0022152606,LOW,18.256646728515648,0.8597,2026-09-29 02:33
GRID_006230,11.992893244804366,76.01808251814961,0.0022307532,LOW,18.256646728515648,0.8536,2026-09-29 02:33
GRID_006231,11.992893244804366,76.02808251814962,0.0023456137,LOW,18.256646728515648,0.8210000000000001,2026-09-29 02:33
GRID_006232,12.002893244804364,75.72808251814946,0.02541255,LOW,21.156640625000023,0.8196,2026-09-29 02:33
GRID_006233,12.002893244804364,75.73808251814947,0.025335439,LOW,21.156640625000023,0.8502000000000001,2026-09-29 02:33
GRID_006234,12.002893244804364,75.74808251814947,0.025438715,LOW,21.156640625000023,0.8103,2026-09-29 02:33
GRID_006235,12.002893244804364,75.75808251814948,0.025382923,LOW,21.156640625000023,0.8296,2026-09-29 02:33
GRID_006236,12.002893244804364,75.76808251814948,0.025377497,LOW,21.156640625000023,0.8325,2026-09-29 02:33
GRID_006237,12.002893244804364,75.77808251814949,0.025337426,LOW,21.156640625000023,0.8482000000000001,2026-09-29 02:33
GRID_006238,12.002893244804364,75.7880825181495,0.02535109,LOW,21.156640625000023,0.8421000000000001,2026-09-29 02:33
GRID_006239,12.002893244804364,75.7980825181495,0.025310613,LOW,21.156640625000023,0.8553000000000001,2026-09-29 02:33
GRID_006240,12.002893244804364,75.8080825181495,0.025276853,LOW,21.156640625000023,0.8683000000000001,2026-09-29 02:33
GRID_006241,12.002893244804364,75.81808251814951,0.025352597,LOW,21.156640625000023,0.8281000000000001,2026-09-29 02:33
GRID_006242,12.002893244804364,75.84808251814952,0.41459686,MODERATE,21.156640625000023,0.737,2026-09-29 02:33
GRID_006243,12.002893244804364,75.93808251814957,0.0022206595,LOW,18.256646728515648,0.8560000000000001,2026-09-29 02:33
GRID_006244,12.002893244804364,75.95808251814958,0.0022744928,LOW,18.256646728515648,0.8415,2026-09-29 02:33
GRID_006245,12.002893244804364,75.9880825181496,0.0021371725,LOW,18.256646728515648,0.8894000000000001,2026-09-29 02:33
GRID_006246,12.002893244804364,75.9980825181496,0.0023751948,LOW,18.256646728515648,0.8150000000000001,2026-09-29 02:33
GRID_006247,12.002893244804364,76.0080825181496,0.0023765499,LOW,18.256646728515648,0.8141,2026-09-29 02:33
GRID_006248,12.002893244804364,76.01808251814961,0.0022799633,LOW,18.256646728515648,0.8400000000000001,2026-09-29 02:33
GRID_006249,12.002893244804364,76.02808251814962,0.002132751,LOW,18.256646728515648,0.8906000000000001,2026-09-29 02:33
GRID_006250,12.012893244804363,75.73808251814947,0.025449531,LOW,21.156640625000023,0.8063,2026-09-29 02:33
GRID_006251,12.012893244804363,75.74808251814947,0.025379743,LOW,21.156640625000023,0.8313,2026-09-29 02:33
GRID_006252,12.012893244804363,75.75808251814948,0.025353339,LOW,21.156640625000023,0.8401000000000001,2026-09-29 02:33
GRID_006253,12.012893244804363,75.76808251814948,0.025294906,LOW,21.156640625000023,0.8606,2026-09-29 02:33
GRID_006254,12.012893244804363,75.77808251814949,0.02528183,LOW,21.156640625000023,0.866,2026-09-29 02:33
GRID_006255,12.012893244804363,75.7880825181495,0.025246741,LOW,21.156640625000023,0.8846,2026-09-29 02:33
GRID_006256,12.012893244804363,75.96808251814959,0.002195939,LOW,18.256646728515648,0.8676,2026-09-29 02:33
GRID_006257,12.012893244804363,75.9980825181496,0.00222586,LOW,18.256646728515648,0.8567,2026-09-29 02:33
GRID_006258,12.012893244804363,76.0080825181496,0.0021830546,LOW,18.256646728515648,0.87,2026-09-29 02:33
GRID_006259,12.012893244804363,76.01808251814961,0.0023619216,LOW,18.256646728515648,0.8183,2026-09-29 02:33
GRID_006260,12.012893244804363,76.02808251814962,0.15815848,LOW,18.256646728515648,0.7717,2026-09-29 02:33
GRID_006261,12.022893244804363,75.67808251814944,0.02537149,LOW,21.156640625000023,0.8347,2026-09-29 02:33
GRID_006262,12.022893244804363,75.74808251814947,0.025358412,LOW,21.156640625000023,0.8395,2026-09-29 02:33
GRID_006263,12.022893244804363,75.75808251814948,0.025297666,LOW,21.156640625000023,0.8615,2026-09-29 02:33
GRID_006264,12.022893244804363,75.76808251814948,0.025265733,LOW,21.156640625000023,0.873,2026-09-29 02:33
GRID_006265,12.022893244804363,75.9980825181496,0.33612502,LOW,18.256646728515648,0.7798,2026-09-29 02:33
GRID_006266,12.022893244804363,76.0080825181496,0.0022607492,LOW,18.256646728515648,0.8451000000000001,2026-09-29 02:33
GRID_006267,12.022893244804363,76.01808251814961,0.0022302126,LOW,18.256646728515648,0.8543000000000001,2026-09-29 02:33
GRID_006268,12.022893244804363,76.02808251814962,0.002276232,LOW,18.256646728515648,0.8410000000000001,2026-09-29 02:33
GRID_006269,12.032893244804365,75.74808251814947,0.025401792,LOW,21.156640625000023,0.8239000000000001,2026-09-29 02:33
GRID_006270,12.032893244804365,75.75808251814948,0.025355197,LOW,21.156640625000023,0.8384,2026-09-29 02:33
GRID_006271,12.032893244804365,75.76808251814948,0.0252656,LOW,21.156640625000023,0.8733000000000001,2026-09-29 02:33
GRID_006272,12.032893244804365,76.02808251814962,0.0022967681,LOW,18.256646728515648,0.8346,2026-09-29 02:33
GRID_006273,12.042893244804365,75.75808251814948,0.02538449,LOW,21.156640625000023,0.8285,2026-09-29 02:33
GRID_006274,12.052893244804364,75.72808251814946,0.24884285,LOW,21.156640625000023,0.7955,2026-09-29 02:33
GRID_006275,12.052893244804364,75.73808251814947,0.025423191,LOW,21.156640625000023,0.8153,2026-09-29 02:33
GRID_006276,12.052893244804364,75.74808251814947,0.025394091,LOW,21.156640625000023,0.8244,2026-09-29 02:33
GRID_006277,12.062893244804364,75.72808251814946,0.025340874,LOW,21.156640625000023,0.8437,2026-09-29 02:33
GRID_006278,12.062893244804364,75.73808251814947,0.025390638,LOW,21.156640625000023,0.8256,2026-09-29 02:33
GRID_006279,12.072893244804364,75.73808251814947,0.025361223,LOW,21.156640625000023,0.8369000000000001,2026-09-29 02:33
GRID_006280,12.072893244804364,75.74808251814947,0.025360294,LOW,21.156640625000023,0.8350000000000001,2026-09-29 02:33
GRID_006281,12.082893244804364,75.70808251814945,0.025346937,LOW,21.156640625000023,0.8425,2026-09-29 02:33
GRID_006282,12.082893244804364,75.71808251814946,0.025343,LOW,21.156640625000023,0.8470000000000001,2026-09-29 02:33
GRID_006283,12.082893244804364,75.72808251814946,0.025287434,LOW,21.156640625000023,0.8711000000000001,2026-09-29 02:33
GRID_006284,12.092893244804364,75.12808251814916,0.0725494,LOW,23.956658935546898,0.825538478093774,2026-09-29 02:33
GRID_006285,12.092893244804364,75.70808251814945,0.025284618,LOW,21.156640625000023,0.8675,2026-09-29 02:33
GRID_006286,12.092893244804364,75.71808251814946,0.025369363,LOW,21.156640625000023,0.8363,2026-09-29 02:33
GRID_006287,12.092893244804364,75.72808251814946,0.02530293,LOW,21.156640625000023,0.8653000000000001,2026-09-29 02:33
GRID_006288,12.112893244804363,75.71808251814946,0.025279094,LOW,21.156640625000023,0.8714000000000001,2026-09-29 02:33
GRID_006289,12.122893244804365,75.70808251814945,0.025339205,LOW,21.156640625000023,0.8401000000000001,2026-09-29 02:33
GRID_006290,12.122893244804365,75.71808251814946,0.025300292,LOW,21.156640625000023,0.8608,2026-09-29 02:33
GRID_006291,12.132893244804364,75.71808251814946,0.025334029,LOW,21.156640625000023,0.8425,2026-09-29 02:33
GRID_006292,12.142893244804362,75.63808251814942,0.025309894,LOW,21.156640625000023,0.8624,2026-09-29 02:33
GRID_006293,12.142893244804362,75.68808251814944,0.02532867,LOW,21.156640625000023,0.8450000000000001,2026-09-29 02:33
GRID_006294,12.142893244804362,75.69808251814945,0.025430638,LOW,21.156640625000023,0.8065,2026-09-29 02:33
GRID_006295,12.162893244804362,75.54808251814937,0.02538614,LOW,22.656640625000023,0.8682000000000001,2026-09-29 02:33
GRID_006296,12.172893244804362,75.53808251814937,0.02543412,LOW,22.656640625000023,0.8401000000000001,2026-09-29 02:33
GRID_006297,12.172893244804362,75.54808251814937,0.053881567,LOW,22.656640625000023,0.7723,2026-09-29 02:33
GRID_006298,12.20289324480436,75.53808251814937,0.025433121,LOW,22.656640625000023,0.8542000000000001,2026-09-29 02:33
GRID_006299,12.20289324480436,75.54808251814937,0.025390554,LOW,22.656640625000023,0.8693000000000001,2026-09-29 02:33
GRID_006300,12.21289324480436,75.3980825181493,0.006733745,LOW,19.956658935546898,0.8565,2026-09-29 02:33
GRID_006301,12.21289324480436,75.53808251814937,0.0066613285,LOW,19.956658935546898,0.882,2026-09-29 02:33
GRID_006302,12.22289324480436,75.4180825181493,0.0066788956,LOW,19.956658935546898,0.8762000000000001,2026-09-29 02:33
GRID_006303,12.23289324480436,75.36808251814928,0.009524098,LOW,22.656640625000023,0.8529,2026-09-29 02:33
GRID_006304,12.23289324480436,75.4180825181493,0.0066502905,LOW,19.956658935546898,0.888,2026-09-29 02:33
GRID_006305,12.23289324480436,75.49808251814935,0.006714457,LOW,19.956658935546898,0.8605,2026-09-29 02:33
GRID_006306,12.24289324480436,75.4180825181493,0.0066403192,LOW,19.956658935546898,0.8897,2026-09-29 02:33
GRID_006307,12.24289324480436,75.44808251814932,0.0066580875,LOW,19.956658935546898,0.8804000000000001,2026-09-29 02:33
GRID_006308,12.24289324480436,75.47808251814934,0.0067463415,LOW,19.956658935546898,0.8488,2026-09-29 02:33
GRID_006309,12.25289324480436,75.3980825181493,0.006777917,LOW,19.956658935546898,0.8341000000000001,2026-09-29 02:33
GRID_006310,12.25289324480436,75.4080825181493,0.0067225355,LOW,19.956658935546898,0.8550000000000001,2026-09-29 02:33
GRID_006311,12.25289324480436,75.4180825181493,0.006726457,LOW,19.956658935546898,0.8579,2026-09-29 02:33
GRID_006312,12.25289324480436,75.42808251814931,0.0067022294,LOW,19.956658935546898,0.8704000000000001,2026-09-29 02:33
GRID_006313,12.25289324480436,75.43808251814932,0.006653653,LOW,19.956658935546898,0.8926000000000001,2026-09-29 02:33
GRID_006314,12.25289324480436,75.45808251814933,0.0066960575,LOW,19.956658935546898,0.8656,2026-09-29 02:33
GRID_006315,12.25289324480436,75.46808251814933,0.006704946,LOW,19.956658935546898,0.8677,2026-09-29 02:33
GRID_006316,12.26289324480436,75.44808251814932,0.0067249443,LOW,19.956658935546898,0.8557,2026-09-29 02:33
GRID_006317,12.26289324480436,75.45808251814933,0.0066601075,LOW,19.956658935546898,0.8804000000000001,2026-09-29 02:33
GRID_006318,12.27289324480436,75.38808251814929,0.0066896495,LOW,19.956658935546898,0.874,2026-09-29 02:33
GRID_006319,12.27289324480436,75.3980825181493,0.0067042364,LOW,19.956658935546898,0.8647,2026-09-29 02:33
GRID_006320,12.28289324480436,75.38808251814929,0.0067213126,LOW,19.956658935546898,0.8602000000000001,2026-09-29 02:33
GRID_006321,12.28289324480436,75.3980825181493,0.006728716,LOW,19.956658935546898,0.8560000000000001,2026-09-29 02:33
GRID_006322,12.28289324480436,75.4080825181493,0.0066898884,LOW,19.956658935546898,0.8724000000000001,2026-09-29 02:33
GRID_006323,12.28289324480436,75.4180825181493,0.0067094504,LOW,19.956658935546898,0.8661000000000001,2026-09-29 02:33
GRID_006324,12.28289324480436,75.42808251814931,0.006701011,LOW,19.956658935546898,0.8686,2026-09-29 02:33
GRID_006325,12.28289324480436,75.43808251814932,0.006690525,LOW,19.956658935546898,0.8721,2026-09-29 02:33
GRID_006326,12.29289324480436,75.36808251814928,0.009563174,LOW,22.656640625000023,0.8357,2026-09-29 02:33
GRID_006327,12.29289324480436,75.38808251814929,0.006809729,LOW,19.956658935546898,0.8266,2026-09-29 02:33
GRID_006328,12.29289324480436,75.3980825181493,0.0067354976,LOW,19.956658935546898,0.8566,2026-09-29 02:33
GRID_006329,12.29289324480436,75.4080825181493,0.4808223,MODERATE,19.956658935546898,0.7153,2026-09-29 02:33
GRID_006330,12.29289324480436,75.44808251814932,0.0067655193,LOW,19.956658935546898,0.8416,2026-09-29 02:33
GRID_006331,12.30289324480436,75.32808251814926,0.009519413,LOW,22.656640625000023,0.8569,2026-09-29 02:33
GRID_006332,12.30289324480436,75.33808251814926,0.009513449,LOW,22.656640625000023,0.8609,2026-09-29 02:33
GRID_006333,12.30289324480436,75.36808251814928,0.009590374,LOW,22.656640625000023,0.8242,2026-09-29 02:33
GRID_006334,12.30289324480436,75.3980825181493,0.006754143,LOW,19.956658935546898,0.8485,2026-09-29 02:33
GRID_006335,12.30289324480436,75.42808251814931,0.006710737,LOW,19.956658935546898,0.8641000000000001,2026-09-29 02:33
GRID_006336,12.30289324480436,75.43808251814932,0.0066691614,LOW,19.956658935546898,0.8861,2026-09-29 02:33
GRID_006337,12.31289324480436,75.30808251814925,0.009487806,LOW,22.656640625000023,0.8709,2026-09-29 02:33
GRID_006338,12.31289324480436,75.31808251814925,0.009480625,LOW,22.656640625000023,0.8776,2026-09-29 02:33
GRID_006339,12.31289324480436,75.35808251814927,0.009508657,LOW,22.656640625000023,0.8625,2026-09-29 02:33
GRID_006340,12.31289324480436,75.36808251814928,0.009501069,LOW,22.656640625000023,0.8654000000000001,2026-09-29 02:33
GRID_006341,12.31289324480436,75.4180825181493,0.0066835983,LOW,19.956658935546898,0.8744000000000001,2026-09-29 02:33
GRID_006342,12.31289324480436,75.43808251814932,0.0066368463,LOW,19.956658935546898,0.8984000000000001,2026-09-29 02:33
GRID_006343,12.32289324480436,75.36808251814928,0.009468258,LOW,22.656640625000023,0.8773000000000001,2026-09-29 02:33
GRID_006344,12.32289324480436,75.38808251814929,0.00672123,LOW,19.956658935546898,0.8584,2026-09-29 02:33
GRID_006345,12.32289324480436,75.4180825181493,0.006658969,LOW,19.956658935546898,0.8862,2026-09-29 02:33
GRID_006346,12.332893244804358,75.34808251814927,0.009511096,LOW,22.656640625000023,0.8612000000000001,2026-09-29 02:33
GRID_006347,12.342893244804358,75.30808251814925,0.0070507666,LOW,22.656640625000023,0.8754000000000001,2026-09-29 02:33
GRID_006348,12.342893244804358,75.31808251814925,0.0094840145,LOW,22.656640625000023,0.8728,2026-09-29 02:33
GRID_006349,12.342893244804358,75.32808251814926,0.009482438,LOW,22.656640625000023,0.873,2026-09-29 02:33
GRID_006350,12.342893244804358,75.33808251814926,0.009447798,LOW,22.656640625000023,0.8902,2026-09-29 02:33
GRID_006351,12.342893244804358,75.34808251814927,0.009474913,LOW,22.656640625000023,0.8782000000000001,2026-09-29 02:33
GRID_006352,12.342893244804358,75.35808251814927,0.009438439,LOW,22.656640625000023,0.8905000000000001,2026-09-29 02:33
GRID_006353,12.342893244804358,75.36808251814928,0.009472483,LOW,22.656640625000023,0.8792000000000001,2026-09-29 02:33
GRID_006354,12.342893244804358,75.37808251814928,0.0066830353,LOW,19.956658935546898,0.8787,2026-09-29 02:33
GRID_006355,12.342893244804358,75.38808251814929,0.006697897,LOW,19.956658935546898,0.8662000000000001,2026-09-29 02:33
GRID_006356,12.352893244804358,75.23808251814921,0.00957802,LOW,22.656640625000023,0.8290000000000001,2026-09-29 02:33
GRID_006357,12.352893244804358,75.35808251814927,0.009574684,LOW,22.656640625000023,0.8310000000000001,2026-09-29 02:33
GRID_006358,12.352893244804358,75.36808251814928,0.009459557,LOW,22.656640625000023,0.8787,2026-09-29 02:33
GRID_006359,12.352893244804358,75.37808251814928,0.0066726827,LOW,19.956658935546898,0.873,2026-09-29 02:33
GRID_006360,12.352893244804358,75.38808251814929,0.006636511,LOW,19.956658935546898,0.8957,2026-09-29 02:33
GRID_006361,12.352893244804358,75.3980825181493,0.006661051,LOW,19.956658935546898,0.8806,2026-09-29 02:33
GRID_006362,12.352893244804358,75.4080825181493,0.0066848276,LOW,19.956658935546898,0.8764000000000001,2026-09-29 02:33
GRID_006363,12.362893244804358,75.34808251814927,0.009469923,LOW,22.656640625000023,0.8802000000000001,2026-09-29 02:33
GRID_006364,12.372893244804358,75.27808251814923,0.009518361,LOW,22.656640625000023,0.8546,2026-09-29 02:33
GRID_006365,12.382893244804356,75.27808251814923,0.009562791,LOW,22.656640625000023,0.8362,2026-09-29 02:33
GRID_006366,12.392893244804355,75.19808251814919,0.009482915,LOW,22.656640625000023,0.8729,2026-09-29 02:33
GRID_006367,12.392893244804355,75.29808251814924,0.009495358,LOW,22.656640625000023,0.8677,2026-09-29 02:33
GRID_006368,12.402893244804355,75.28808251814924,0.009495266,LOW,22.656640625000023,0.8642000000000001,2026-09-29 02:33
GRID_006369,12.412893244804357,75.24808251814922,0.009586738,LOW,22.656640625000023,0.8242,2026-09-29 02:33
GRID_006370,12.412893244804357,75.26808251814923,0.00945148,LOW,22.656640625000023,0.8873000000000001,2026-09-29 02:33
GRID_006371,12.412893244804357,75.27808251814923,0.0094679855,LOW,22.656640625000023,0.8792000000000001,2026-09-29 02:33
GRID_006372,12.412893244804357,75.28808251814924,0.009462883,LOW,22.656640625000023,0.8832000000000001,2026-09-29 02:33
GRID_006373,12.412893244804357,75.29808251814924,0.0095060365,LOW,22.656640625000023,0.8614,2026-09-29 02:33
GRID_006374,12.412893244804357,75.32808251814926,0.009434112,LOW,22.656640625000023,0.8944000000000001,2026-09-29 02:33
GRID_006375,12.412893244804357,75.33808251814926,0.009544386,LOW,22.656640625000023,0.8394,2026-09-29 02:33
GRID_006376,12.422893244804357,75.22808251814921,0.009514037,LOW,22.656640625000023,0.8609,2026-09-29 02:33
GRID_006377,12.422893244804357,75.26808251814923,0.009508693,LOW,22.656640625000023,0.8568,2026-09-29 02:33
GRID_006378,12.422893244804357,75.28808251814924,0.009491185,LOW,22.656640625000023,0.8679,2026-09-29 02:33
GRID_006379,12.422893244804357,75.29808251814924,0.009505944,LOW,22.656640625000023,0.8547,2026-09-29 02:33
GRID_006380,12.422893244804357,75.33808251814926,0.009490158,LOW,22.656640625000023,0.8638,2026-09-29 02:33
GRID_006381,12.432893244804356,75.23808251814921,0.009444327,LOW,22.656640625000023,0.8956000000000001,2026-09-29 02:33
GRID_006382,12.432893244804356,75.25808251814922,0.009513872,LOW,22.656640625000023,0.8587,2026-09-29 02:33
GRID_006383,12.432893244804356,75.30808251814925,0.009482471,LOW,22.656640625000023,0.8709,2026-09-29 02:33
GRID_006384,12.432893244804356,75.31808251814925,0.009475878,LOW,22.656640625000023,0.8707,2026-09-29 02:33
GRID_006385,12.432893244804356,75.32808251814926,0.009472648,LOW,22.656640625000023,0.8749,2026-09-29 02:33
GRID_006386,12.432893244804356,75.33808251814926,0.009504568,LOW,22.656640625000023,0.8628,2026-09-29 02:33
GRID_006387,12.442893244804356,75.2180825181492,0.009542193,LOW,22.656640625000023,0.8470000000000001,2026-09-29 02:33
GRID_006388,12.442893244804356,75.23808251814921,0.009546399,LOW,22.656640625000023,0.8390000000000001,2026-09-29 02:33
GRID_006389,12.442893244804356,75.32808251814926,0.009444663,LOW,22.656640625000023,0.8903000000000001,2026-09-29 02:33
GRID_006390,12.442893244804356,75.33808251814926,0.009423545,LOW,22.656640625000023,0.8981,2026-09-29 02:33
GRID_006391,12.452893244804356,75.17808251814918,0.00947726,LOW,22.656640625000023,0.8737,2026-09-29 02:33
GRID_006392,12.452893244804356,75.22808251814921,0.009516247,LOW,22.656640625000023,0.8523000000000001,2026-09-29 02:33
GRID_006393,12.452893244804356,75.23808251814921,0.00947732,LOW,22.656640625000023,0.8743000000000001,2026-09-29 02:33
GRID_006394,12.452893244804356,75.28808251814924,0.00959812,LOW,22.656640625000023,0.8205,2026-09-29 02:33
GRID_006395,12.452893244804356,75.29808251814924,0.009485673,LOW,22.656640625000023,0.8758,2026-09-29 02:33
GRID_006396,12.462893244804356,75.14808251814917,0.025476111,LOW,22.256646728515648,0.8232,2026-09-29 02:33
GRID_006397,12.462893244804356,75.15808251814917,0.025372192,LOW,22.256646728515648,0.8713000000000001,2026-09-29 02:33
GRID_006398,12.462893244804356,75.16808251814918,0.02540108,LOW,22.256646728515648,0.8551000000000001,2026-09-29 02:33
GRID_006399,12.462893244804356,75.17808251814918,0.025346583,LOW,22.256646728515648,0.8819,2026-09-29 02:33
GRID_006400,12.462893244804356,75.25808251814922,0.025319604,LOW,22.256646728515648,0.8919,2026-09-29 02:33
GRID_006401,12.462893244804356,75.28808251814924,0.025367375,LOW,22.256646728515648,0.8693000000000001,2026-09-29 02:33
GRID_006402,12.462893244804356,75.29808251814924,0.025368445,LOW,22.256646728515648,0.8693000000000001,2026-09-29 02:33
GRID_006403,12.472893244804355,75.14808251814917,0.02535203,LOW,22.256646728515648,0.881,2026-09-29 02:33
GRID_006404,12.472893244804355,75.15808251814917,0.46090406,MODERATE,22.256646728515648,0.7169,2026-09-29 02:33
GRID_006405,12.472893244804355,75.16808251814918,0.025446696,LOW,22.256646728515648,0.8356,2026-09-29 02:33
GRID_006406,12.472893244804355,75.17808251814918,0.025351238,LOW,22.256646728515648,0.8784000000000001,2026-09-29 02:33
GRID_006407,12.472893244804355,75.18808251814919,0.025467452,LOW,22.256646728515648,0.8254,2026-09-29 02:33
GRID_006408,12.472893244804355,75.22808251814921,0.025353642,LOW,22.256646728515648,0.8778,2026-09-29 02:33
GRID_006409,12.472893244804355,75.23808251814921,0.025423327,LOW,22.256646728515648,0.8422000000000001,2026-09-29 02:33
GRID_006410,12.472893244804355,75.24808251814922,0.025356583,LOW,22.256646728515648,0.8751,2026-09-29 02:33
GRID_006411,12.472893244804355,75.26808251814923,0.0253877,LOW,22.256646728515648,0.8596,2026-09-29 02:33
GRID_006412,12.472893244804355,75.27808251814923,0.025349889,LOW,22.256646728515648,0.879,2026-09-29 02:33
GRID_006413,12.472893244804355,75.28808251814924,0.02548936,LOW,22.256646728515648,0.8186,2026-09-29 02:33
GRID_006414,12.482893244804355,75.13808251814916,0.025362069,LOW,22.256646728515648,0.8715,2026-09-29 02:33
GRID_006415,12.482893244804355,75.19808251814919,0.025386943,LOW,22.256646728515648,0.8623000000000001,2026-09-29 02:33
GRID_006416,12.482893244804355,75.2080825181492,0.17545642,LOW,22.256646728515648,0.7643000000000001,2026-09-29 02:33
GRID_006417,12.482893244804355,75.2180825181492,0.02544863,LOW,22.256646728515648,0.8346,2026-09-29 02:33
GRID_006418,12.482893244804355,75.22808251814921,0.025330001,LOW,22.256646728515648,0.89,2026-09-29 02:33
GRID_006419,12.482893244804355,75.23808251814921,0.025380956,LOW,22.256646728515648,0.8663000000000001,2026-09-29 02:33
GRID_006420,12.482893244804355,75.24808251814922,0.02542736,LOW,22.256646728515648,0.8453,2026-09-29 02:33
GRID_006421,12.482893244804355,75.25808251814922,0.025393903,LOW,22.256646728515648,0.8587,2026-09-29 02:33
GRID_006422,12.482893244804355,75.26808251814923,0.025357865,LOW,22.256646728515648,0.8758,2026-09-29 02:33
GRID_006423,12.492893244804357,75.13808251814916,0.025387121,LOW,22.256646728515648,0.8623000000000001,2026-09-29 02:33
GRID_006424,12.492893244804357,75.2080825181492,0.025361937,LOW,22.256646728515648,0.8736,2026-09-29 02:33
GRID_006425,12.492893244804357,75.2180825181492,0.025382774,LOW,22.256646728515648,0.866,2026-09-29 02:33
GRID_006426,12.492893244804357,75.22808251814921,0.02536982,LOW,22.256646728515648,0.8724000000000001,2026-09-29 02:33
GRID_006427,12.492893244804357,75.23808251814921,0.025396554,LOW,22.256646728515648,0.86,2026-09-29 02:33
GRID_006428,12.492893244804357,75.24808251814922,0.025455061,LOW,22.256646728515648,0.8332,2026-09-29 02:33
GRID_006429,12.492893244804357,75.26808251814923,0.025443928,LOW,22.256646728515648,0.8365,2026-09-29 02:33
GRID_006430,12.492893244804357,75.27808251814923,0.025430454,LOW,22.256646728515648,0.8433,2026-09-29 02:33
GRID_006431,12.492893244804357,75.28808251814924,0.025374796,LOW,22.256646728515648,0.8675,2026-09-29 02:33
GRID_006432,12.502893244804357,75.15808251814917,0.025339467,LOW,22.256646728515648,0.8876000000000001,2026-09-29 02:33
GRID_006433,12.502893244804357,75.2080825181492,0.02535199,LOW,22.256646728515648,0.8816,2026-09-29 02:33
GRID_006434,12.502893244804357,75.23808251814921,0.025413014,LOW,22.256646728515648,0.8518,2026-09-29 02:33
GRID_006435,12.502893244804357,75.24808251814922,0.02544347,LOW,22.256646728515648,0.8371000000000001,2026-09-29 02:33
GRID_006436,12.502893244804357,75.25808251814922,0.025491675,LOW,22.256646728515648,0.8173,2026-09-29 02:33
GRID_006437,12.502893244804357,75.26808251814923,0.2470132,LOW,22.256646728515648,0.7807000000000001,2026-09-29 02:33
GRID_006438,12.502893244804357,75.27808251814923,0.025388848,LOW,22.256646728515648,0.8614,2026-09-29 02:33
GRID_006439,12.502893244804357,75.28808251814924,0.025423637,LOW,22.256646728515648,0.8470000000000001,2026-09-29 02:33
GRID_006440,12.512893244804356,75.24808251814922,0.025359945,LOW,22.256646728515648,0.8712000000000001,2026-09-29 02:33
GRID_006441,12.512893244804356,75.25808251814922,0.025324583,LOW,22.256646728515648,0.8911,2026-09-29 02:33
GRID_006442,12.512893244804356,75.26808251814923,0.025379365,LOW,22.256646728515648,0.8671000000000001,2026-09-29 02:33
GRID_006443,12.512893244804356,75.27808251814923,0.025380466,LOW,22.256646728515648,0.8681000000000001,2026-09-29 02:33
GRID_006444,12.512893244804356,75.28808251814924,0.025407134,LOW,22.256646728515648,0.8542000000000001,2026-09-29 02:33
GRID_006445,12.512893244804356,75.31808251814925,0.025347086,LOW,22.256646728515648,0.8826,2026-09-29 02:33
GRID_006446,12.522893244804354,75.17808251814918,0.025350902,LOW,22.256646728515648,0.8776,2026-09-29 02:33
GRID_006447,12.522893244804354,75.24808251814922,0.025376588,LOW,22.256646728515648,0.8701000000000001,2026-09-29 02:33
GRID_006448,12.522893244804354,75.25808251814922,0.025339378,LOW,22.256646728515648,0.8857,2026-09-29 02:33
GRID_006449,12.522893244804354,75.26808251814923,0.025362063,LOW,22.256646728515648,0.8736,2026-09-29 02:33
GRID_006450,12.522893244804354,75.28808251814924,0.025370574,LOW,22.256646728515648,0.8694000000000001,2026-09-29 02:33
GRID_006451,12.522893244804354,75.31808251814925,0.025313497,LOW,22.256646728515648,0.8993,2026-09-29 02:33
GRID_006452,12.522893244804354,75.32808251814926,0.025364885,LOW,22.256646728515648,0.872,2026-09-29 02:33
GRID_006453,12.522893244804354,75.33808251814926,0.025382314,LOW,22.256646728515648,0.866,2026-09-29 02:33
GRID_006454,12.532893244804354,75.24808251814922,0.025368867,LOW,22.256646728515648,0.8727,2026-09-29 02:33
GRID_006455,12.532893244804354,75.25808251814922,0.025317848,LOW,22.256646728515648,0.8978,2026-09-29 02:33
GRID_006456,12.532893244804354,75.32808251814926,0.02538237,LOW,22.256646728515648,0.8666,2026-09-29 02:33
GRID_006457,12.532893244804354,75.33808251814926,0.025386145,LOW,22.256646728515648,0.8646,2026-09-29 02:33
GRID_006458,12.532893244804354,75.34808251814927,0.02536235,LOW,22.256646728515648,0.8748,2026-09-29 02:33
GRID_006459,12.542893244804354,75.25808251814922,0.02530367,LOW,22.256646728515648,0.8985000000000001,2026-09-29 02:33
GRID_006460,12.542893244804354,75.29808251814924,0.025371682,LOW,22.256646728515648,0.8692000000000001,2026-09-29 02:33
GRID_006461,12.542893244804354,75.30808251814925,0.025350973,LOW,22.256646728515648,0.883,2026-09-29 02:33
GRID_006462,12.542893244804354,75.31808251814925,0.025344461,LOW,22.256646728515648,0.8812000000000001,2026-09-29 02:33
GRID_006463,12.542893244804354,75.32808251814926,0.025350396,LOW,22.256646728515648,0.8823000000000001,2026-09-29 02:33
GRID_006464,12.542893244804354,75.33808251814926,0.025355037,LOW,22.256646728515648,0.8771,2026-09-29 02:33
GRID_006465,12.552893244804354,75.05808251814912,0.04893937,LOW,23.656640625000023,0.8535,2026-09-29 02:33
GRID_006466,12.552893244804354,75.06808251814913,0.115078285,LOW,23.656640625000023,0.7881,2026-09-29 02:33
GRID_006467,12.552893244804354,75.25808251814922,0.025402375,LOW,22.256646728515648,0.8550000000000001,2026-09-29 02:33
GRID_006468,12.552893244804354,75.29808251814924,0.02541433,LOW,22.256646728515648,0.8515,2026-09-29 02:33
GRID_006469,12.552893244804354,75.30808251814925,0.025429238,LOW,22.256646728515648,0.8451000000000001,2026-09-29 02:33
GRID_006470,12.552893244804354,75.31808251814925,0.02534887,LOW,22.256646728515648,0.8826,2026-09-29 02:33
GRID_006471,12.552893244804354,75.32808251814926,0.02546225,LOW,22.256646728515648,0.8309000000000001,2026-09-29 02:33
GRID_006472,12.552893244804354,75.34808251814927,0.02535414,LOW,22.256646728515648,0.882,2026-09-29 02:33
GRID_006473,12.572893244804352,75.22808251814921,0.46952212,MODERATE,22.256646728515648,0.7361000000000001,2026-09-29 02:33
GRID_006474,12.582893244804351,75.06808251814913,0.04890862,LOW,23.656640625000023,0.8695,2026-09-29 02:33
GRID_006475,12.582893244804351,75.08808251814914,0.048887625,LOW,23.656640625000023,0.8821,2026-09-29 02:33
GRID_006476,12.582893244804351,75.09808251814914,0.04894885,LOW,23.656640625000023,0.8481000000000001,2026-09-29 02:33
GRID_006477,12.582893244804351,75.10808251814915,0.020220498,LOW,23.656640625000023,0.7674000000000001,2026-09-29 02:33
GRID_006478,12.582893244804351,75.11808251814915,0.048917376,LOW,23.656640625000023,0.8653000000000001,2026-09-29 02:33
GRID_006479,12.582893244804351,75.15808251814917,0.025490848,LOW,22.256646728515648,0.8169000000000001,2026-09-29 02:33
GRID_006480,12.582893244804351,75.16808251814918,0.025498072,LOW,22.256646728515648,0.8144,2026-09-29 02:33
GRID_006481,12.582893244804351,75.17808251814918,0.025379557,LOW,22.256646728515648,0.8682000000000001,2026-09-29 02:33
GRID_006482,12.582893244804351,75.18808251814919,0.025364269,LOW,22.256646728515648,0.8713000000000001,2026-09-29 02:33
GRID_006483,12.582893244804351,75.19808251814919,0.025504874,LOW,22.256646728515648,0.8127000000000001,2026-09-29 02:33
GRID_006484,12.582893244804351,75.22808251814921,0.025469216,LOW,22.256646728515648,0.8269000000000001,2026-09-29 02:33
GRID_006485,12.592893244804351,75.08808251814914,0.0489311,LOW,23.656640625000023,0.8571000000000001,2026-09-29 02:33
GRID_006486,12.592893244804351,75.10808251814915,0.048959583,LOW,23.656640625000023,0.8427,2026-09-29 02:33
GRID_006487,12.592893244804351,75.11808251814915,0.04904619,LOW,23.656640625000023,0.7995,2026-09-29 02:33
GRID_006488,12.592893244804351,75.13808251814916,0.025393974,LOW,22.256646728515648,0.8617,2026-09-29 02:33
GRID_006489,12.592893244804351,75.14808251814917,0.025394432,LOW,22.256646728515648,0.8604,2026-09-29 02:33
GRID_006490,12.592893244804351,75.15808251814917,0.025374789,LOW,22.256646728515648,0.8706,2026-09-29 02:33
GRID_006491,12.592893244804351,75.16808251814918,0.025385486,LOW,22.256646728515648,0.8643000000000001,2026-09-29 02:33
GRID_006492,12.592893244804351,75.17808251814918,0.05390327,LOW,22.256646728515648,0.7701,2026-09-29 02:33
GRID_006493,12.592893244804351,75.18808251814919,0.025392722,LOW,22.256646728515648,0.8612000000000001,2026-09-29 02:33
GRID_006494,12.592893244804351,75.19808251814919,0.025386423,LOW,22.256646728515648,0.8637,2026-09-29 02:33
GRID_006495,12.602893244804353,75.09808251814914,0.048893362,LOW,23.656640625000023,0.8781,2026-09-29 02:33
GRID_006496,12.602893244804353,75.10808251814915,0.04896275,LOW,23.656640625000023,0.8408,2026-09-29 02:33
GRID_006497,12.602893244804353,75.11808251814915,0.048920944,LOW,23.656640625000023,0.863,2026-09-29 02:33
GRID_006498,12.602893244804353,75.14808251814917,0.025334142,LOW,22.256646728515648,0.8898,2026-09-29 02:33
GRID_006499,12.602893244804353,75.15808251814917,0.025393581,LOW,22.256646728515648,0.8598,2026-09-29 02:33
GRID_006500,12.602893244804353,75.16808251814918,0.025354907,LOW,22.256646728515648,0.8801,2026-09-29 02:33
GRID_006501,12.602893244804353,75.17808251814918,0.2470122,LOW,22.256646728515648,0.7816000000000001,2026-09-29 02:33
GRID_006502,12.602893244804353,75.18808251814919,0.02540596,LOW,22.256646728515648,0.8554,2026-09-29 02:33
GRID_006503,12.602893244804353,75.19808251814919,0.02537367,LOW,22.256646728515648,0.8694000000000001,2026-09-29 02:33
GRID_006504,12.612893244804352,75.11808251814915,0.048906576,LOW,23.656640625000023,0.8696,2026-09-29 02:33
GRID_006505,12.612893244804352,75.18808251814919,0.025374802,LOW,22.256646728515648,0.87,2026-09-29 02:33
GRID_006506,12.612893244804352,75.19808251814919,0.02540488,LOW,22.256646728515648,0.8559,2026-09-29 02:33
GRID_006507,12.622893244804352,75.09808251814914,0.048897013,LOW,23.656640625000023,0.8753000000000001,2026-09-29 02:33
GRID_006508,12.622893244804352,75.19808251814919,0.02538505,LOW,22.256646728515648,0.8644000000000001,2026-09-29 02:33
GRID_006509,12.632893244804352,75.2080825181492,0.025361344,LOW,22.256646728515648,0.8698,2026-09-29 02:33
GRID_006510,12.642893244804352,75.19808251814919,0.025370594,LOW,22.256646728515648,0.872,2026-09-29 02:33
GRID_006511,12.642893244804352,75.2080825181492,0.025356965,LOW,22.256646728515648,0.875,2026-09-29 02:33
GRID_006512,12.642893244804352,75.2180825181492,0.025387827,LOW,22.256646728515648,0.8624,2026-09-29 02:33
GRID_006513,12.642893244804352,75.22808251814921,0.025530692,LOW,22.256646728515648,0.8024,2026-09-29 02:33
GRID_006514,12.642893244804352,75.23808251814921,0.025394933,LOW,22.256646728515648,0.8602000000000001,2026-09-29 02:33
GRID_006515,12.642893244804352,75.24808251814922,0.025400719,LOW,22.256646728515648,0.8569,2026-09-29 02:33
GRID_006516,12.652893244804352,75.18808251814919,0.025432378,LOW,22.256646728515648,0.8432000000000001,2026-09-29 02:33
GRID_006517,12.652893244804352,75.19808251814919,0.025409713,LOW,22.256646728515648,0.8537,2026-09-29 02:33
GRID_006518,12.652893244804352,75.2080825181492,0.025432188,LOW,22.256646728515648,0.8443,2026-09-29 02:33
GRID_006519,12.652893244804352,75.22808251814921,0.025479976,LOW,22.256646728515648,0.8232,2026-09-29 02:33
GRID_006520,12.652893244804352,75.23808251814921,0.025425093,LOW,22.256646728515648,0.8461000000000001,2026-09-29 02:33
GRID_006521,12.652893244804352,75.24808251814922,0.02541866,LOW,22.256646728515648,0.8476,2026-09-29 02:33
GRID_006522,12.662893244804351,75.22808251814921,0.025432972,LOW,22.256646728515648,0.8435,2026-09-29 02:33
